[801989E0] BackupNameAttachment=" Build(0) Date(05 October 2025) Time(13 57 38)"  -- used by backup system
[00000020]  
[38F38F32] Log Started at #c
[0232BD25] Running 32 bit version
[7AB6F5FE] Executable: C:\Games\AAClassic\bin32\archeage.exe
[E5C771AC] FileVersion: 3.5.0.0
[F799D55F] ProductVersion: 3.5.3.0
[1F1D6B13] Using Microsoft (tm) C++ Standard Library implementation
[00000020]  
[C7D96C80] Revision: 350000
[00000020]  
[64533E3E] this is the first client
<13:57:44> [B9197FD5][Error] ConsoleVariableGroup[option_effect] key[e_particles_lod_onoff] has no default
<13:57:44> [76666E6D] 
--- CPU detection ---
<13:57:44> [F4D992D8] CPU: AMD AMD Ryzen 7 7800X3D 8-Core Processor           
<13:57:44> [3F649B02] Family: 15, Model: 1, Stepping: 2
<13:57:44> [83D12E0B] FPU: On-Chip
<13:57:44> [50919DA0] CPU Speed (estimated): 4191.996256 MHz
<13:57:44> [C73FD83A] MMX: not present
<13:57:44> [89D1077A] SSE: present
<13:57:44> [64E2B6F1] 3DNow!: present
<13:57:44> [27B7AC6E] Serial number not present or disabled
<13:57:44> [1D2D8E5B] Number of logical processors: 16
<13:57:44> [FA658084] Number of available logical processors: 16
<13:57:44> [A1F061C2] Invariant Time Stamp Counter : yes
<13:57:44> [FA0251ED] ---------------------

<13:57:44> [03E7D838] Device Info
<13:57:44> [9F603516] Device Info - 1
<13:57:44> [9F603517] Device Info - 2
<13:57:44> [9F603518] Device Info - 3
<13:57:44> [9F603519] Device Info - 4
<13:57:44> [9F60351A] Device Info - 5
<13:57:44> [9F60351B] Device Info - 6
<13:57:44> [9F60351C] Device Info - 7
<13:57:44> [E98ECC28] Video Memory Info
<13:57:44> [D5FBE664] Video Memory - 1
<13:57:44> [D5FBE665] Video Memory - 2
<13:57:44> [D5FBE666] Video Memory - 3
<13:57:44> [D5FBE667] Video Memory - 4
<13:57:44> [D5FBE668] Video Memory - 5
<13:57:44> [D5FBE669] Video Memory - 6
<13:57:44> [D5FBE66A] Video Memory - 7
<13:57:44> [D5FBE66B] Video Memory - 8
<13:57:44> [3A4D54A2][Warning] config/gpu/amd.txt line 55 contains a multiple defined GPU rating!
<13:57:44> [D20872C0] InitThreadAffinities
<13:57:44> [2F28A434] UpdateMainThreadAffinity
<13:57:44> [16962512] Windows 8 64 bit (build 6.2.9200)
<13:57:44> [38DFF081] System language: English
<13:57:44> [861A0178] Windows Directory: "C:\windows"
<13:57:44> [341B54F1] Prerequisites...
<13:57:44> [5D1B3C9C] * Installation of KB940105 hotfix required: no! (either not needed or already installed)
<13:57:44> [3A11C14F] Local time is 13:57:44 10/05/25, system running for 5379 minutes
<13:57:44> [1F3C2DDF] 63426MB physical memory installed, 17462MB available, 4095MB virtual memory installed, 72 percent of memory in use
<13:57:44> [31259232] PageFile usage: 
<13:57:44> [453F0D1B] Current display mode is 2560x1440x32
<13:57:44> [8A64FCCC] IBM enhanced (101/102-key) keyboard and 3+ button mouse installed
<13:57:44> [CE30556B] ----- GPU Detection -----------------
<13:57:44> [03E7D838] Device Info
<13:57:44> [9F603516] Device Info - 1
<13:57:44> [9F603517] Device Info - 2
<13:57:44> [9F603518] Device Info - 3
<13:57:44> [9F603519] Device Info - 4
<13:57:44> [9F60351A] Device Info - 5
<13:57:44> [9F60351B] Device Info - 6
<13:57:44> [9F60351C] Device Info - 7
<13:57:44> [E98ECC28] Video Memory Info
<13:57:44> [D5FBE664] Video Memory - 1
<13:57:44> [D5FBE665] Video Memory - 2
<13:57:44> [D5FBE666] Video Memory - 3
<13:57:44> [D5FBE667] Video Memory - 4
<13:57:44> [D5FBE668] Video Memory - 5
<13:57:44> [D5FBE669] Video Memory - 6
<13:57:44> [D5FBE66A] Video Memory - 7
<13:57:44> [D5FBE66B] Video Memory - 8
<13:57:45> [99EA404A]  AMD Radeon RX 7800 XT (RADV NAVI32) (vendor = 0x1002, device = 0x747e, subSys = 0x00000000)
<13:57:45> [77718B6A] -- Video memory: 4081 MB
<13:57:45> [30DF1863] -- Minimum SM 2.0 support: yes
<13:57:45> [13E11956] -- DX11 supported: yes
<13:57:45> [50B60100] --------------------------------------------------------------------------------
<13:57:45> [5921EDBE] Stream Engine Initialization
<13:57:45> [BA0D559B] Splash: Initializing Stream Engine...
<13:57:45> [939F6EBB] Enable Resolutions : 0
<13:57:45> [A30A84B6] can't enum display resolution modes
<13:57:45> [B324CD25] Screen Resolution - 1024x768
<13:57:45> [3778EA0B] Screen Resolution - 0 (2560x1440)
<13:57:45> [A1B107F0] Screen Resolution - Test OK (2560x1440)
<13:57:45> [A9E4B0F2] Network initialization
<13:57:45> [BA0D559B] Splash: Initializing Network System...
<13:57:45> [14FAD233] Socket I/O by iocp
<13:57:45> [E36A4FB9] Physics initialization
<13:57:45> [BA0D559B] Splash: Initializing Physics...
<13:57:45> [2462D581] MovieSystem initialization
<13:57:45> [BA0D559B] Splash: Initializing Movie System...
<13:57:45> [93287AEC] Renderer initialization - Start
<13:57:45> [BA0D559B] Splash: Initializing Renderer...
<13:57:45> [91207680] Renderer initialization - Open
<13:57:45> [4377E7CB] Renderer initialization - DLL Load(CryRenderD3D9.dll)
<13:57:45> [71203A94] Renderer initialization - DLL Done
<13:57:45> [71227C22] Renderer initialization - DLL Init
<13:57:45> [C653D9CB] Renderer initialization - Instance
<13:57:45> [44D9754D] D3D Adapter: Driver name: aticfx32.dll
<13:57:45> [82BE8322] D3D Adapter: Driver description: AMD Radeon RX 7800 XT (RADV NAVI32)
<13:57:45> [2224501A] D3D Adapter: Driver version: 32767.65535.65535.65535
<13:57:45> [E8D1E30D] D3D Adapter: Driver GUID: 00000000-0003-0000-0000000000000000
<13:57:45> [BC8C1ACB] D3D Adapter: VendorId = 0x1002
<13:57:45> [B6A10CFD] D3D Adapter: DeviceId = 0x747E
<13:57:45> [0678E702] D3D Adapter: SubSysId = 0x00000000
<13:57:45> [F2243F0E] D3D Adapter: Revision = 0
<13:57:45> [E571CFEE] Shader manager initialization
<13:57:46> [05BAAEF6] CResFile allocations incurred by user cache preload: (25462.31k)
<13:57:46> [911B73B8] Renderer initialization - Done
<13:57:46> [8E444EA9] Console initialization
<13:57:46> [2904A233] Time initialization
<13:57:46> [3650CFD6] Input initialization
<13:57:46> [BA0D559B] Splash: Initializing Input System...
<13:57:46> Initializing Keyboard
<13:57:46> [99640BF1] Sound initialization
<13:57:46> [BA0D559B] Splash: Initializing Sound System...
<13:57:46> [2C33885C] Sound - Initializing AudioDevice now!
<13:57:46> [E46760A9] <Sound> Initialize FMOD with dynamic memory callbacks
<13:57:48> [D6755BFD] <Sound> Starting to initialize Windows Audio Session API output! 
<13:57:48> [F7E8E3CD] <Sound> Drivers found: 4
<13:57:48> [150963EB] <Sound> Available drivers:
	1.	PulseAudio Output (PulseAudio Output)
	2.	Blue Microphones Analog Stereo (Blue Microphones Analog Stereo)
	3.	Navi 31 HDMI/DP Audio Digital Stereo (HDMI) (Navi 31 HDMI/DP Audio Digital Stereo (HDMI))
	4.	Family 17h/19h/1ah HD Audio Controller Analog Stereo (Family 17h/19h/1ah HD Audio Controller Analog Stereo)
<13:57:48> [A0BBF7E1] <Sound> FmodEx-AudioDevice: Now running on driver: PulseAudio Output (PulseAudio Output)
<13:57:48> [14D8EFE1] <Sound> Using speaker mode: FMOD_SPEAKERMODE_STEREO
<13:57:48> [E79C27E5] <Sound> Initializing FMOD-EX now!
<13:57:48> [E2A9FE08] <Sound> Available record drivers: 0 PulseAudio Input (PulseAudio Input) !
<13:57:48> [E2A9FE08] <Sound> Available record drivers: 1 Family 17h/19h/1ah HD Audio Controller Analog Stereo (Family 17h/19h/1ah HD Audio Controller Analog Stereo) !
<13:57:48> [E2A9FE08] <Sound> Available record drivers: 2 Blue Microphones Analog Stereo (Blue Microphones Analog Stereo) !
<13:57:48> [E2A9FE08] <Sound> Available record drivers: 3 Monitor of Family 17h/19h/1ah HD Audio Controller (Monitor of Family 17h/19h/1ah HD Audio Controller) !
<13:57:48> [E2A9FE08] <Sound> Available record drivers: 4 Monitor of Blue Microphones Analog Stereo (Monitor of Blue Microphones Analog Stereo) !
<13:57:48> [E2A9FE08] <Sound> Available record drivers: 5 Monitor of Navi 31 HDMI/DP Audio Digital Stereo (HDMI) (Monitor of Navi 31 HDMI/DP Audio Digital Stereo (HDMI)) !
<13:57:48> [6841BE38] <Sound> Record config is set to autodetect using record driver 0
<13:57:48> [7808B4C4] <Sound> Using FMOD version: 00044414 and internal 00044414!
<13:57:48> [2A2815C7] <Sound> Initialized FMOD-EX
<13:57:48> [BE4EF52E] Sound - Initializing SoundSystem now!
<13:57:48> [0D547471] Font initialization
<13:57:48> [BA0D559B] Splash: Initializing Fonts...
<13:57:48> [C194F7C8][Warning] Cannot load texture textures/defaults/replacemecm.tif, file missing [File=textures/defaults/replacemecm.dds]
<13:57:48> [84206398] AI initialization
<13:57:48> [1BC221DE] Initializing Animation System
<13:57:48> [BA0D559B] Splash: Initializing Animation System...
<13:57:48> [9E592EFE] Initializing 3D Engine
<13:57:48> [BA0D559B] Splash: Initializing 3D Engine...
<13:57:49> [637AF710][Warning] missing chr material : game/objects/characters/ferre/female/nude/Standard_22.mtl (chr: game/objects/characters/ferre/female/nude/fe_f_base.chr)
<13:57:49> [91F5AEEC][Warning] number of bones mismatch! game/objects/characters/ferre/female/nude/fe_f_base.chr=195 game/objects/characters/ferre/female/nude/fe_f_base_lod1.chr=185
<13:57:50> [7415A452] CHR PreCaching 25 Done
<13:57:50> [E7AD4E53] AddSharedMorphTargets - Failed to load objects/characters/dwarf/male/face/dw_m_face00.chr
<13:57:50> [61AD1790] MorphTargetPreCaching - objects/characters/dwarf/male/face/dw_m_face00.chr Add Failed
<13:57:50> [A4A6E4C6] MorphTarget PreCaching 11 Done
<13:57:50> [5ACB40E2] Init Face Makers
<13:57:50> [56B5985B] X2FaceMaker - game/objects/characters/nuian/male/face/nu_m_face01_mid.chr : mouth_UnderbiteOverbite target not exist
<13:57:50> [56B5985B] X2FaceMaker - game/objects/characters/nuian/male/face/nu_m_face01_mid.chr : mouth_UnderbiteOverbite target not exist
<13:57:50> [56B5985B] X2FaceMaker - game/objects/characters/nuian/male/face/nu_m_face01_mid.chr : mouth_UnderbiteOverbite target not exist
<13:57:50> [4ABB03EB] game/objects/characters/ferre/female/face/fe_f_face01_low.chr(303) - objects/characters/ferre/female/face/fe_f_face00.chr(3063) SharedMorph is not matched
<13:57:50> [56B5985B] X2FaceMaker - game/objects/characters/nuian/male/face/nu_m_face01_mid.chr : mouth_UnderbiteOverbite target not exist
<13:57:50> [56B5985B] X2FaceMaker - game/objects/characters/nuian/male/face/nu_m_face01_mid.chr : nose_dw_SeptumVol target not exist
<13:57:50> [56B5985B] X2FaceMaker - game/objects/characters/nuian/male/face/nu_m_face01_mid.chr : nose_dw_NasalZposition target not exist
<13:57:50> [56B5985B] X2FaceMaker - game/objects/characters/nuian/male/face/nu_m_face01_mid.chr : FS_dwEarSize target not exist
<13:57:50> [56B5985B] X2FaceMaker - game/objects/characters/nuian/male/face/nu_m_face01_mid.chr : dwarf_Morph target not exist
<13:57:50> [56B5985B] X2FaceMaker - game/objects/characters/nuian/male/face/nu_m_face01_mid.chr : FS_dw_CheekMeat_min target not exist
<13:57:50> [1191A6A8] X2FaceMaker - game/objects/characters/nuian/male/face/nu_m_face01_mid.chr : FS_dw_CheekMeat_max ex target not exist
<13:57:50> [56B5985B] X2FaceMaker - game/objects/characters/warborn/male/face/wa_m_face01_mid.chr : eye_Forehead target not exist
<13:57:50> [56B5985B] X2FaceMaker - game/objects/characters/warborn/male/face/wa_m_face01_mid.chr : eye_Tail_min target not exist
<13:57:50> [1191A6A8] X2FaceMaker - game/objects/characters/warborn/male/face/wa_m_face01_mid.chr : eye_Tail_max ex target not exist
<13:57:50> [56B5985B] X2FaceMaker - game/objects/characters/warborn/male/face/wa_m_face01_mid.chr : eye_WidthLength_min target not exist
<13:57:50> [1191A6A8] X2FaceMaker - game/objects/characters/warborn/male/face/wa_m_face01_mid.chr : eye_WidthLength_max ex target not exist
<13:57:50> [56B5985B] X2FaceMaker - game/objects/characters/warborn/male/face/wa_m_face01_mid.chr : eye_DoubleEyelidShape target not exist
<13:57:50> [56B5985B] X2FaceMaker - game/objects/characters/warborn/male/face/wa_m_face01_mid.chr : eye_BrowXposition target not exist
<13:57:50> [56B5985B] X2FaceMaker - game/objects/characters/warborn/male/face/wa_m_face01_mid.chr : eye_BrowZposition target not exist
<13:57:50> [56B5985B] X2FaceMaker - game/objects/characters/warborn/male/face/wa_m_face01_mid.chr : nose_Nostril target not exist
<13:57:50> [56B5985B] X2FaceMaker - game/objects/characters/warborn/male/face/wa_m_face01_mid.chr : nose_Size target not exist
<13:57:50> [56B5985B] X2FaceMaker - game/objects/characters/warborn/male/face/wa_m_face01_mid.chr : nose_SeptumZposition target not exist
<13:57:50> [56B5985B] X2FaceMaker - game/objects/characters/warborn/male/face/wa_m_face01_mid.chr : nose_End target not exist
<13:57:50> [56B5985B] X2FaceMaker - game/objects/characters/warborn/male/face/wa_m_face01_mid.chr : nose_Size target not exist
<13:57:50> [56B5985B] X2FaceMaker - game/objects/characters/warborn/male/face/wa_m_face01_mid.chr : mouth_UpperLipVolume target not exist
<13:57:50> [56B5985B] X2FaceMaker - game/objects/characters/warborn/male/face/wa_m_face01_mid.chr : mouth_LowerLipVolume target not exist
<13:57:50> [56B5985B] X2FaceMaker - game/objects/characters/warborn/male/face/wa_m_face01_mid.chr : mouth_UpperLipOpen target not exist
<13:57:50> [56B5985B] X2FaceMaker - game/objects/characters/warborn/male/face/wa_m_face01_mid.chr : mouth_LowerLipOpen target not exist
<13:57:50> [56B5985B] X2FaceMaker - game/objects/characters/warborn/male/face/wa_m_face01_mid.chr : mouth_MouthOpen target not exist
<13:57:50> [56B5985B] X2FaceMaker - game/objects/characters/warborn/male/face/wa_m_face01_mid.chr : mouth_Size target not exist
<13:57:50> [56B5985B] X2FaceMaker - game/objects/characters/warborn/male/face/wa_m_face01_mid.chr : mouth_Shape_min target not exist
<13:57:50> [1191A6A8] X2FaceMaker - game/objects/characters/warborn/male/face/wa_m_face01_mid.chr : mouth_Shape_max ex target not exist
<13:57:50> [56B5985B] X2FaceMaker - game/objects/characters/warborn/male/face/wa_m_face01_mid.chr : mouth_TeethZposition target not exist
<13:57:50> [56B5985B] X2FaceMaker - game/objects/characters/warborn/male/face/wa_m_face01_mid.chr : FS_JawHigh_min target not exist
<13:57:50> [1191A6A8] X2FaceMaker - game/objects/characters/warborn/male/face/wa_m_face01_mid.chr : FS_JawHigh_max ex target not exist
<13:57:50> [56B5985B] X2FaceMaker - game/objects/characters/warborn/male/face/wa_m_face01_mid.chr : FS_EarRotate_min target not exist
<13:57:50> [1191A6A8] X2FaceMaker - game/objects/characters/warborn/male/face/wa_m_face01_mid.chr : FS_EarRotate_max ex target not exist
<13:57:50> [56B5985B] X2FaceMaker - game/objects/characters/warborn/male/face/wa_m_face01_mid.chr : FS_Beard1 target not exist
<13:57:50> [56B5985B] X2FaceMaker - game/objects/characters/warborn/male/face/wa_m_face01_mid.chr : FS_Beard2 target not exist
<13:57:50> [56B5985B] X2FaceMaker - game/objects/characters/warborn/male/face/wa_m_face01_mid.chr : FS_Beard3 target not exist
<13:57:50> [56B5985B] X2FaceMaker - game/objects/characters/warborn/female/face/wa_f_face01_mid.chr : eye_Yposition_min target not exist
<13:57:50> [1191A6A8] X2FaceMaker - game/objects/characters/warborn/female/face/wa_f_face01_mid.chr : eye_Yposition_max ex target not exist
<13:57:50> [56B5985B] X2FaceMaker - game/objects/characters/warborn/female/face/wa_f_face01_mid.chr : FS_AllLowerY target not exist
<13:57:50> [56B5985B] X2FaceMaker - game/objects/characters/warborn/female/face/wa_f_face01_mid.chr : FS_AllRotate target not exist
<13:57:50> [56B5985B] X2FaceMaker - game/objects/characters/warborn/female/face/wa_f_face01_mid.chr : FS_AllY target not exist
<13:57:50> [56B5985B] X2FaceMaker - game/objects/characters/warborn/female/face/wa_f_face01_mid.chr : mouth_Open_min target not exist
<13:57:50> [1191A6A8] X2FaceMaker - game/objects/characters/warborn/female/face/wa_f_face01_mid.chr : mouth_Open_max ex target not exist
<13:57:50> [E320B5CE] Init Face Makers - Done!
<13:57:50> [581CA53C] Script System Initialization
<13:57:50> [BA0D559B] Splash: Initializing Script System...
<13:57:50> [000004EE][Warning] [Lua Error] 1_3_0/scripts/common.lua:276: attempt to index global 'Script' (a nil value)
<13:57:50> [58F3F7FF][Warning] <null>:0: [Lua Error] Failed to execute file @game/scriptsbin/common.alb
<13:57:50> [D8B2BA54] Entity system initialization
<13:57:50> [BA0D559B] Splash: Initializing Entity System...
<13:57:50> [D55F91B2][Warning] [CEntityClassRegistry] LoadClassDescription failed, Entity Class name Chick already registered
<13:57:50> [BA0D559B] Splash: Initializing AI System...
<13:57:50> [DA019954] Initializing AI System
<13:57:50> [2546BCC5] Initializing Budgeting System
<13:57:50> [C0E19025] Initializing Seamless System
<13:57:51> [BA0D559B] Splash: Loading Game Data...
<13:57:52> [90B8EC50][Warning] too many ranges: aoe_shapes descs 10156(10156) threshold 100 ranges 12
<13:57:53> [BA4AD6CE] Loading portal list
<13:57:53> [92597454] Portal added, enter: 3891, exit: 6629
<13:57:53> [92597454] Portal added, enter: 21448, exit: 21449
<13:57:53> [92597454] Portal added, enter: 21450, exit: 21451
<13:57:53> [92597454] Portal added, enter: 21452, exit: 21453
<13:57:53> [92597454] Portal added, enter: 21698, exit: 21699
<13:57:53> [92597454] Portal added, enter: 22023, exit: 22024
<13:57:53> [92597454] Portal added, enter: 22042, exit: 22066
<13:57:53> [92597454] Portal added, enter: 22136, exit: 22137
<13:57:53> [92597454] Portal added, enter: 22163, exit: 22164
<13:57:53> [92597454] Portal added, enter: 22184, exit: 22185
<13:57:53> [92597454] Portal added, enter: 22336, exit: 22337
<13:57:53> [92597454] Portal added, enter: 9000063, exit: 9000064
<13:57:53> [1C664009] End loading portal list
<13:57:53> [937812F7] loaded DDCMS (1396990 descs, 719174 links (17 page 16.95MB size) string) from game\db\compact.sqlite3 in 1117 ms
<13:57:53> [BA0D559B] Splash: Initializing Game System...
<13:57:53> [000004EE][Warning] [Lua Error] no localized ui text for 18 always_refund
<13:57:54> [0ADE3294][Warning] [MFX] Effect 'collisions:grenade' already present. Overriding.
<13:57:54> [311630D1][Warning] MFX WARNING: Material not found: mat_ice_breakable
<13:57:54>  
<13:57:54>    sys_spec = Custom (assuming 4)
<13:57:54>      option_view_dist_ratio = 2 expected:4
<13:57:54>  
<13:57:54> [BA0D559B] Splash: Preparing Screen...
<13:57:54> [963385F6] Level System - Loading Start
<13:57:54> [806B6F8D] precaching world entities ..
<13:57:54> [7E39E0DE] precaching world entities .. done!  total (0) objects
<13:57:54> [D2B280D6] Vegetation Manager : Loading World(login2)
<13:57:54> [075AB92F] Vegetation Manager : Loading World - Done (total 36 vegetations)
<13:57:54> [B9410AA1] total 20 terrain world surfaces loaded
<13:57:54> Loading Particle Library: collisions
<13:57:54> Loading Particle Library: water
<13:57:54> Loading Particle Library: misc
<13:57:54> Loading Particle Library: ability_skill_table
<13:57:54> Loading Particle Library: ability_skill_table_k
<13:57:54> Loading Particle Library: abillity_skill_table_m
<13:57:54> Loading Particle Library: machinima
<13:57:55> Loading Particle Library: x2_effects
<13:57:55> Loading Particle Library: x2_effects_k
<13:57:55> [280A47E3] Precached total 2 materials
<13:57:55> [7B1A973B] seamless loading cell terrain(W0, 1), (L0, 0)
<13:57:55> [3EF08C47] seamless loading cell object(W0, 1), (L0, 0)
<13:57:55> [584C4FFD] [net 17:57:45.226]  dns ip:192.168.1.202
<13:57:55> [584C4FFD] [net 17:57:45.226]  dns ip:172.17.0.1
<13:57:55> [584C4FFD] [net 17:57:45.226]  dns ip:172.19.0.1
<13:57:55> [584C4FFD] [net 17:57:45.226]  dns ip:172.18.0.1
<13:57:55> [0DE3FA89][Error] CryAnimation: character-definition creation failed: game/objects/characters/elf/female/nude/el_f_kyprosa.cdf
<13:57:55> [13A58BA0][Error] CryAnimation: character-definition not found: game/objects/characters/elf/female/nude/el_f_kyprosa.cdf
<13:57:55> [4DD44108] Start DaruCommon Extension
<13:57:55> [1B425DA5] Duplicated post effect param! pszName = FilterMaskedBlurring_Amount
<13:57:55> [1B425DA5] Duplicated post effect param! pszName = FilterMaskedBlurring_MaskTexName
<13:57:55> [1B425DA5] Duplicated post effect param! pszName = FilterChromaShift_User_Amount
<13:57:55> [1B425DA5] Duplicated post effect param! pszName = FilterGrain_Amount
<13:57:55> [8F6BAA6C][Warning] Couldn't find console variable 'e_water_ocean_fft'
<13:57:55> Loading Particle Library: wind
<13:57:55> Loading Particle Library: X2_EFFECT_O
<13:57:56> [000004EE][Warning] Particle effect not found: '                                                                ', from ParticleEffect fx_land_green
<13:57:56> [12409CCC] Load Zone Finished
<13:57:56> [A39C1725] Level System - Loading Complete
<13:57:56> [27293DED] -----------------------------------------------------
<13:57:56> [120C18F5] * LOADING: 'loginbg4' loading time: 1.59 seconds
<13:57:56> [27293DED] -----------------------------------------------------
<13:57:56> [000004EE][Warning] [Lua Error] no client player exists
<13:57:56> [A13C772D][Warning] Cannot load texture ui/font_color.g, Image file format is invalid [File=ui/font_color.g]
<13:57:56> [000FABC5][Warning] CAreaGrid::BeginAreas() called before being initialized.
<13:57:56> [000004EE][Warning] I3DEngine::RegisterEntity: entity reports invalid position: Name: LightEntityName (), Class: LightEntityClass, Pos=(515.8,6996.2,587.4), aabb center=(0.0,40.0,0.0)
<13:57:57> [11E02DA3][Warning] Cannot load texture textures/defaults/16_12.dds, file missing [File=textures/defaults/16_12.dds]
<13:57:58> [1D01FDCA] Auth: client connected to server
<13:57:58> [584C4FFD] [net 17:57:58.916]  socket ip:192.168.1.202
<13:57:58> [4C920A71] mac address : 74-56-3c-fe-52-f3
<13:58:02> [584C4FFD] [net 17:58:02.271] connection requested to: 192.95.21.64:1239
<13:58:02> [4ABA7BDB] Auth: client disconnected (reason=0)
<13:58:02> [0F08E548] [NetConnection] connect completed (succeeded:true)
<13:58:02> [48F7BDF2] invalid world id in world queue packet
<13:58:02> [26623ECA] ucc info.. 0 0
<13:58:02> [B71BF2A9] remove ucc data.. version
<13:58:02> [4516816D] pay method: person
<13:58:02> [4AA30841] pay location: person
<13:58:02> [ADF1C07E] pay start: 1900-1-1 00:00:00
<13:58:02> [6486A277] pay end: 1900-1-1 00:00:00
<13:58:02> [FFF6198C] premium point: 0
<13:58:02> [481C0862] premium grade: premium_0
<13:58:02> [88D9AB0C] real pay time: 0
<13:58:02> [9FC303B8][Error] [CVARS]: [DUPLICATE] CXConsole::RegisterFloat(): variable [camera_max_dist] is already registered
<13:58:02> [34CCC219] stream: connected to world server
<13:58:02> [06A46B5B] stream: authorized by world server
<13:58:03> [4516816D] pay method: person
<13:58:03> [4AA30841] pay location: person
<13:58:03> [ADF1C07E] pay start: 1900-1-1 00:00:00
<13:58:03> [6486A277] pay end: 2037-12-31 16:00:00
<13:58:03> [FFF6198C] premium point: 0
<13:58:03> [481C0862] premium grade: premium_0
<13:58:03> [88D9AB0C] real pay time: -1
<13:58:03> [82321C2B][Warning] [net 17:58:03.237] [time] remote time estimation restarted; estimate accumulator age was 322813.187500
<13:58:05> [000004EE][Warning] [Lua Error] no localized ui text for 18 always_refund
<13:58:05> [09F46B9D]     cl_fov = 90 []
<13:58:05> [09F46B9D]     camera_max_dist = 180 []
<13:58:05> [09F46B9D]     name_tag_hp_width_on_bgmode = 80 []
<13:58:05> [09F46B9D]     name_tag_hp_height_on_bgmode = 30 []
<13:58:05> [A13C772D][Warning] Cannot load texture ui/font_color.g, Image file format is invalid [File=ui/font_color.g]
<13:58:05> [06E6A3E9][Warning] Cannot load texture ui/login_stage/queue.dds, file missing [File=ui/login_stage/queue.dds]
<13:58:05> [000004EE][Warning] RenderMesh not assigned game/objects/box_nodraw.cgf
<13:58:06> [DA579B6C][Error] can't load client driven connect info.. Kompy
<13:58:11> [9FC303B8][Error] [CVARS]: [DUPLICATE] CXConsole::RegisterFloat(): variable [ui_double_click_interval] is already registered
<13:58:11> [0DE3FA89][Error] CryAnimation: character-definition creation failed: game/objects/characters/returned/female/nude/re_f.cdf
<13:58:11> [82321C2B][Warning] [net 17:58:11.954] [time] remote time estimation restarted; estimate accumulator age was 2.882701
<13:58:11> [6FF68EA5] SetInstantTime: type 0 time 0
<13:58:11> [6FF68EA5] SetInstantTime: type 1 time 1758904169
<13:58:11> [6FF68EA5] SetInstantTime: type 2 time 1759688904
<13:58:11> [6FF68EA5] SetInstantTime: type 3 time 0
<13:58:11> [6FF68EA5] SetInstantTime: type 4 time 0
<13:58:11> [6FF68EA5] SetInstantTime: type 5 time 0
<13:58:11> [6FF68EA5] SetInstantTime: type 6 time 0
<13:58:11> [6FF68EA5] SetInstantTime: type 7 time 1759673584
<13:58:11> [0E61BD35] ExpeditionMember 20 added
<13:58:11> [0E61BD35] ExpeditionMember 20 added
<13:58:11> [0E61BD35] ExpeditionMember 20 added
<13:58:11> [0E61BD35] ExpeditionMember 20 added
<13:58:11> [0E61BD35] ExpeditionMember 19 added
<13:58:11> [51CFCC4C] ExpeditionMember count matched. total 99
<13:58:12> [7AB931CE] seamless unloading cell object(W0, 0), (L0, 0)
<13:58:12> [4B1E8B22] unload cell object count : 1511
<13:58:12> [B866A294] seamless unloading cell terrain(W0, 0), (L0, 0)
<13:58:12> [963385F6] Level System - Loading Start
<13:58:12> [E0E0EDAE][Warning] failed to load zone time of day from game/worlds/main_world/zone/225//time_of_day.xml
<13:58:12> [AB17243B][Warning] failed to load zone environment from game/worlds/main_world/zone/309//env.xml
<13:58:12> [35D4413E][Warning] failed to load zone clouds from game/worlds/main_world/zone/309//clouds.xml
<13:58:12> [806B6F8D] precaching world entities ..
<13:58:12> [7E39E0DE] precaching world entities .. done!  total (1778) objects
<13:58:12> [D2B280D6] Vegetation Manager : Loading World(main_world)
<13:58:13> [075AB92F] Vegetation Manager : Loading World - Done (total 3055 vegetations)
<13:58:13> [000004EE][Error] CTerrain::LoadWorldSurfaces: Error loading material: materials/Terrain/gweonidforest/w_forest_road_a1
<13:58:13> [751FFB9E][Warning] Error: CShaderMan::mfCreateShaderResources: Couldn't find detail texture
'game/textures/aa_terrain/canyon/tr_canyon_rock_616a_ddn.tga' in path '' [File=game/textures/aa_terrain/canyon/tr_canyon_rock_616a_ddn.tga]
<13:58:13> [B9410AA1] total 600 terrain world surfaces loaded
<13:58:13> [280A47E3] Precached total 4 materials
<13:58:13> [7B1A973B] seamless loading cell terrain(W12, 14), (L4, 4)
<13:58:13> [7B1A973B] seamless loading cell terrain(W12, 15), (L4, 5)
<13:58:13> [7B1A973B] seamless loading cell terrain(W11, 14), (L3, 4)
<13:58:13> [7B1A973B] seamless loading cell terrain(W11, 15), (L3, 5)
<13:58:13> [7B1A973B] seamless loading cell terrain(W13, 14), (L5, 4)
<13:58:13> [7B1A973B] seamless loading cell terrain(W13, 15), (L5, 5)
<13:58:13> [7B1A973B] seamless loading cell terrain(W12, 13), (L4, 3)
<13:58:13> [7B1A973B] seamless loading cell terrain(W12, 16), (L4, 6)
<13:58:13> [7B1A973B] seamless loading cell terrain(W11, 13), (L3, 3)
<13:58:13> [7B1A973B] seamless loading cell terrain(W11, 16), (L3, 6)
<13:58:13> [7B1A973B] seamless loading cell terrain(W10, 14), (L2, 4)
<13:58:13> [7B1A973B] seamless loading cell terrain(W10, 15), (L2, 5)
<13:58:13> [7B1A973B] seamless loading cell terrain(W13, 13), (L5, 3)
<13:58:13> [7B1A973B] seamless loading cell terrain(W13, 16), (L5, 6)
<13:58:13> [7B1A973B] seamless loading cell terrain(W14, 14), (L6, 4)
<13:58:13> [7B1A973B] seamless loading cell terrain(W14, 15), (L6, 5)
<13:58:13> [7B1A973B] seamless loading cell terrain(W10, 13), (L2, 3)
<13:58:13> [7B1A973B] seamless loading cell terrain(W10, 16), (L2, 6)
<13:58:13> [7B1A973B] seamless loading cell terrain(W12, 12), (L4, 2)
<13:58:13> [7B1A973B] seamless loading cell terrain(W12, 17), (L4, 7)
<13:58:13> [7B1A973B] seamless loading cell terrain(W11, 12), (L3, 2)
<13:58:13> [7B1A973B] seamless loading cell terrain(W11, 17), (L3, 7)
<13:58:13> [7B1A973B] seamless loading cell terrain(W14, 13), (L6, 3)
<13:58:13> [7B1A973B] seamless loading cell terrain(W14, 16), (L6, 6)
<13:58:13> [7B1A973B] seamless loading cell terrain(W13, 12), (L5, 2)
<13:58:13> [7B1A973B] seamless loading cell terrain(W13, 17), (L5, 7)
<13:58:13> [7B1A973B] seamless loading cell terrain(W9, 14), (L1, 4)
<13:58:13> [7B1A973B] seamless loading cell terrain(W9, 15), (L1, 5)
<13:58:13> [7B1A973B] seamless loading cell terrain(W10, 12), (L2, 2)
<13:58:13> [7B1A973B] seamless loading cell terrain(W10, 17), (L2, 7)
<13:58:13> [7B1A973B] seamless loading cell terrain(W9, 13), (L1, 3)
<13:58:13> [7B1A973B] seamless loading cell terrain(W9, 16), (L1, 6)
<13:58:13> [7B1A973B] seamless loading cell terrain(W15, 14), (L7, 4)
<13:58:13> [7B1A973B] seamless loading cell terrain(W15, 15), (L7, 5)
<13:58:13> [7B1A973B] seamless loading cell terrain(W14, 12), (L6, 2)
<13:58:13> [7B1A973B] seamless loading cell terrain(W14, 17), (L6, 7)
<13:58:13> [7B1A973B] seamless loading cell terrain(W12, 11), (L4, 1)
<13:58:13> [7B1A973B] seamless loading cell terrain(W15, 13), (L7, 3)
<13:58:13> [7B1A973B] seamless loading cell terrain(W15, 16), (L7, 6)
<13:58:13> [7B1A973B] seamless loading cell terrain(W11, 11), (L3, 1)
<13:58:13> [7B1A973B] seamless loading cell terrain(W13, 11), (L5, 1)
<13:58:13> [7B1A973B] seamless loading cell terrain(W9, 12), (L1, 2)
<13:58:13> [7B1A973B] seamless loading cell terrain(W9, 17), (L1, 7)
<13:58:13> [7B1A973B] seamless loading cell terrain(W8, 14), (L0, 4)
<13:58:13> [7B1A973B] seamless loading cell terrain(W8, 15), (L0, 5)
<13:58:13> [7B1A973B] seamless loading cell terrain(W10, 11), (L2, 1)
<13:58:13> [3EF08C47] seamless loading cell object(W12, 14), (L4, 4)
<13:58:14> Loading Particle Library: X2_EFFECTS_P
<13:58:14> Loading Particle Library: x2_sounds
<13:58:14> Loading Particle Library: siegefield
<13:58:14> [188BF914][Warning] [EntityLoader] invalid entity pos(0.298, -2.719, 0.001) name(B_gear_light)
<13:58:14> [3EF08C47] seamless loading cell object(W12, 15), (L4, 5)
<13:58:14> [000004EE][Warning] [CGF Error] game/objects/env/01_nuia/001_housing/housing_people/hs_people_roof_a.cgf [:] Duplicate LOD helper $lod2 hs_people_roof_a
<13:58:14> [A5DDEC33][Warning] Warning: CShaderMan::mfForName: NULL name
<13:58:14> [000004EE][Warning] [CGF Error] game/objects/env/02_harihara/001_hdeco/quest/hdeco_qust_cocoon01.cgf [:] non-uniform scale(0.87, 0.87, 1.00) at node(hdeco_qust_cocoon01_proxy)
<13:58:14> [3EF08C47] seamless loading cell object(W11, 14), (L3, 4)
<13:58:15> [3EF08C47] seamless loading cell object(W11, 15), (L3, 5)
<13:58:15> [3EF08C47] seamless loading cell object(W13, 14), (L5, 4)
<13:58:15> [3EF08C47] seamless loading cell object(W13, 15), (L5, 5)
<13:58:15> [3EF08C47] seamless loading cell object(W12, 13), (L4, 3)
<13:58:15> [D7C2E65B][Warning] Error: CShaderMan::mfCreateShaderResources: Couldn't find custom texture 'game/textures/p_effects/armourdslime_ironpiece_body_ddn4.dds' in path '' [File=game/textures/p_effects/armourdslime_ironpiece_body_ddn4.dds]
<13:58:15> [3EF08C47] seamless loading cell object(W12, 16), (L4, 6)
<13:58:15> [3EF08C47] seamless loading cell object(W11, 13), (L3, 3)
<13:58:15> [3EF08C47] seamless loading cell object(W11, 16), (L3, 6)
<13:58:15> [3EF08C47] seamless loading cell object(W10, 14), (L2, 4)
<13:58:15> [000004EE][Warning] [CGF Error] game/objects/env/01_nuia/04_gw/gw_memo_etc_a01.cgf [:] LOD1 of geometry gw_memo_etc_a01 contains too many polygons comparing to the LOD0 [450 against 628] :
<13:58:16> [3EF08C47] seamless loading cell object(W10, 15), (L2, 5)
<13:58:16> [3EF08C47] seamless loading cell object(W13, 13), (L5, 3)
<13:58:16> [9684057F][Warning] Cannot load texture game/objects/env/01_nuia/001_ndeco/old/rope_a_ddn.dds, file missing [File=game/objects/env/01_nuia/001_ndeco/old/rope_a_ddn.dds]
<13:58:16> [3EF08C47] seamless loading cell object(W13, 16), (L5, 6)
<13:58:16> [3EF08C47] seamless loading cell object(W14, 14), (L6, 4)
<13:58:16> [3EF08C47] seamless loading cell object(W14, 15), (L6, 5)
<13:58:16> [3EF08C47] seamless loading cell object(W10, 13), (L2, 3)
<13:58:16> [3EF08C47] seamless loading cell object(W10, 16), (L2, 6)
<13:58:16> [3EF08C47] seamless loading cell object(W12, 12), (L4, 2)
<13:58:16> [12409CCC] Load Zone Finished
<13:58:16> [000004EE][Warning] I3DEngine::RegisterEntity: entity reports invalid position: Name: LightEntityName (), Class: LightEntityClass, Pos=(657.4,7976.0,585.4), aabb center=(142.0,1019.8,-2.3)
<13:58:17> [BCCDC555][Warning] MakeSprite - too many sprite update (10). dropping.. (sprites : 68)
<13:58:17> [2363981C][Warning] chr material is not precached : game/objects/characters/hariharan/male/face/face02/ha_m_face02.mtl (chr: game/objects/characters/hariharan/male/face/face02/ha_m_face02.chr)
<13:58:17> [CE2F4035][Warning] chr physical geom is not precached. (game/objects/characters/animals/chick/chick.chr)
<13:58:17> [A369EADC][Warning] failed to register sound listener. no actor. lets wait more...
<13:58:17> [5CE4EF2C][Warning] failed to load particle lib from (Libs/Particles/game/abillity_skill_table_m.xml)
<13:58:17> [000004EE][Warning] Particle effect not found: 'game/abillity_skill_table_m.wild.shock_form2', from unknown 
<13:58:17> [2BFDEC33][Error] realstep 11, not match unit req
<13:58:17> [A39C1725] Level System - Loading Complete
<13:58:17> [9BE3F673] total 0 CGF files are precached
<13:58:17> [27293DED] -----------------------------------------------------
<13:58:17> [120C18F5] * LOADING: 'w_lilyut_meadow_2' loading time: 5.61 seconds
<13:58:17> [27293DED] -----------------------------------------------------
<13:58:18> [745BAE2F][Warning] failed to stream material xml(game/objects/env/01_nuia/01_sol/sol_crescent_house02_dark.mtl)
<13:58:18> [62232BEA][Warning] deferred xml stream error - game/animations/animals/owl_postman/lmg_files/normal_run.lmg : f0000003
<13:58:20> [CE0EF930][Warning] failed to stream cgf : default
<13:58:21> [B95EE41B][Error] invalid parent unit id(105150)
<13:58:22> [A4D70365][Warning] rigid-body own-entity; prefab=prefabs/interaction_c.xml/house.door_a node=AnimObject_1
<13:58:22> [09F46B9D]     cl_fov = 90 []
<13:58:22> [09F46B9D]     camera_max_dist = 180 []
<13:58:22> [09F46B9D]     name_tag_hp_width_on_bgmode = 80 []
<13:58:22> [09F46B9D]     name_tag_hp_height_on_bgmode = 30 []
<13:58:22> [000004EE][Warning] [Lua Error] Failed to load script file scriptsbin/x2ui/assignment/form.alb
<13:58:22> [A13C772D][Warning] Cannot load texture ui/font_color.g, Image file format is invalid [File=ui/font_color.g]
<13:58:22> [B5A61D8F] Chat Channel(0) Color is not found.
<13:58:22> [000004EE][Warning] [Lua Error] ...ts/x2ui/loginstage/character_create/locale/en_us.lua:524: attempt to index a nil value
<13:58:22> [58F3F7FF][Warning] <null>:0: [Lua Error] Failed to execute file @game/scriptsbin/x2ui/loginstage/character_create/locale/en_us.alb
<13:58:22> [73AFCD09][Warning] Cannot load texture ui/map/frame_map_2.dds, file missing [File=ui/map/frame_map_2.dds]
<13:58:23> [000004EE][Warning] [Lua] invalid style type...  / brown
<13:58:23> [01D0005E][Warning] Not a normal map texture tried to be used as a normal map: Game\ui\icon\aac/icon_item_daru_coin.dds [File=Game\ui\icon\aac/icon_item_daru_coin.dds]
<13:58:23> [82321C2B][Warning] [net 17:58:23.530] [time] remote time estimation restarted; estimate accumulator age was 1.299354
<13:58:23> [BCCDC555][Warning] MakeSprite - too many sprite update (10). dropping.. (sprites : 191)
<13:58:24> [637AF710][Warning] missing chr material : game/objects/characters/nuian/female/parts/ar/obj/nu_f_ar_cloth022.mtl (chr: game/objects/characters/nuian/female/parts/ar/obj/nu_f_1ar106_1arm005.chr)
<13:58:24> [745BAE2F][Warning] failed to stream material xml(game/objects/characters/nuian/female/parts/bo/obj/nu_f_bo_cloth200.mtl)
<13:58:24> [5243B464][Warning] Error: CShaderMan::mfCreateShaderResources: Couldn't find subsurface texture 'objects/characters/ferre/female/face/face01/fe_f_face01_fur_sss.dds' in path '' [File=objects/characters/ferre/female/face/face01/fe_f_face01_fur_sss.dds]
<13:58:25> [CA175C82][Warning] non-stream IO. system(Material), filePath(game/objects/effects/keffect/m_enchant2_yellow_l.mtl)
<13:58:26> [BB790A81] origin change campos : 4400.58, 5120.088867
<13:58:26> [00000020]  
<13:58:26> [00000020]  
<13:58:26> [A581FA6D] -----------------------------------------------------------------------------
<13:58:26> [1DAA5677] SeamlessSystem::ChangeOrigin() : Here we go. Old(8,10) -> New(8,11)
<13:58:26> [A581FA6D] -----------------------------------------------------------------------------
<13:58:26> [00000020]  
<13:58:26> [00000020]  
<13:58:26> [7B1A973B] seamless loading cell terrain(W12, 18), (L4, 7)
<13:58:26> [3EF08C47] seamless loading cell object(W12, 17), (L4, 6)
<13:58:26> [7B1A973B] seamless loading cell terrain(W11, 18), (L3, 7)
<13:58:26> [7B1A973B] seamless loading cell terrain(W13, 18), (L5, 7)
<13:58:26> [7B1A973B] seamless loading cell terrain(W10, 18), (L2, 7)
<13:58:26> [62232BEA][Warning] deferred xml stream error - game/animations/animals/crow_lucius/lmg_files/normal_run.lmg : f0000003
<13:58:26> [000004EE][Warning] [CGF Error] game/objects/env/01_nuia/001_ndeco/making/ndeco_powerfulmaking.cga [:] LOD1 of geometry parts01 contains too many polygons comparing to the LOD0 [1592 against 1130] :
<13:58:27> [5F89E60D][Warning] non cached CDF(game/objects/characters/nuian/female/costume/nu_f_sk_musa001/nu_f_sk_musa001_v0102_h.cdf)
<13:58:27> [000004EE][Warning] Independent immortal particle effect spawned: X2_EFFECT_O.Interaction.enchant_wpn_range_honor_3g
<13:58:27> [58F3F7FF][Warning] @c:/aaclassic/documents//Addon/CooldawnBuffTracker/util/color_picker.lua:23: [Script Error] Wrong parameter type. Function .SetAlign(align) expect parameter 1 of type Number (Provided type Null)
<13:58:27> [CE0EF930][Warning] failed to stream cgf : objects/effects/portal_gate.cgf
<13:58:29> [A4D70365][Warning] rigid-body own-entity; prefab=prefabs/interaction_c.xml/house.door_a node=AnimObject_1
<13:58:29> [000004EE][Warning] Particle effect not found: 'game/abillity_skill_table_m.death.hell_spears_hit', from unknown 
<13:58:30> [745BAE2F][Warning] failed to stream material xml(game/objects/characters/ferre/male/hair/fe_m_hair011/fe_m_hair011_whin01.mtl)
<13:58:30> [5243B464][Warning] Error: CShaderMan::mfCreateShaderResources: Couldn't find subsurface texture 'objects/characters/ferre/female/face/face01/fe_f_face01_fur_sss.dds' in path '' [File=objects/characters/ferre/female/face/face01/fe_f_face01_fur_sss.dds]
<13:58:30> [637AF710][Warning] missing chr material : game/objects/characters/ferre/male/parts/cp/obj/fe_m_1cp101.mtl (chr: game/objects/characters/ferre/male/parts/cp/obj/fe_m_1cp101.chr)
<13:58:30> [CA175C82][Warning] non-stream IO. system(Material), filePath(game/objects/characters/warborn/female/horns/wa_f_horns012/wa_f_horns012_hc03.mtl)
<13:58:30> [B95EE41B][Error] invalid parent unit id(105150)
<13:58:31> Loading Particle Library: ljs_particle_fx
<13:58:31> [42424527][Warning] Failed to stream CAF-file [File=animations/item/effect_bone/spear_2h/spear_2h_darkmoon001/default.caf]
<13:58:31> [BCCDC555][Warning] MakeSprite - too many sprite update (10). dropping.. (sprites : 68)
<13:58:31> [000004EE][Warning] [CGF Error] game/objects/env/06_unit/06_glider/glider_wing_crystal/glider_wing_crystal_back.cgf [:] LOD1 of geometry  contains too many polygons comparing to the LOD0 [2720 against 4064] :
<13:58:31> [F03A9928] CharacterManager::ReleaseCustomizedMesh - NOT EXIST!!
<13:58:32> [000004EE][Warning] Independent immortal particle effect spawned: X2_EFFECT_O.Interaction.enchant_wpn_range_honor_3g
<13:58:32> [7B1A973B] seamless loading cell terrain(W15, 12), (L7, 1)
<13:58:32> [437E3168][Warning] Cannot load texture game/objects/characters/monster/phoenix_white/phoenix_white2_df.dds, file missing [File=game/objects/characters/monster/phoenix_white/phoenix_white2_df.dds]
<13:58:32> [62232BEA][Warning] deferred xml stream error - game/animations/animals/calf/lmg_files/normal_run.lmg : f0000003
<13:58:33> [CE0EF930][Warning] failed to stream cgf : default
<13:58:34> [3EF08C47] seamless loading cell object(W14, 13), (L6, 2)
<13:58:35> [188BF914][Warning] [EntityLoader] invalid entity pos(0.298, -2.719, 0.001) name(B_gear_light)
<13:58:35> [DE20B351][Warning] Flow Graph Node targets unknown entity guid: 40b4eb27c568ca43
<13:58:37> [3EF08C47] seamless loading cell object(W11, 12), (L3, 1)
<13:58:37> [745BAE2F][Warning] failed to stream material xml(Default.mtl)
<13:58:38> [000004EE][Warning] [CGF Error] game/objects/env/02_harihara/001_hcom/hcom_cart_b.cgf [:] LOD1 of geometry hcom_cart_b contains too many polygons comparing to the LOD0 [770 against 1114] :
<13:58:39> [7B1A973B] seamless loading cell terrain(W14, 11), (L6, 0)
<13:58:39> [CE0EF930][Warning] failed to stream cgf : objects/effects/portal_gate.cgf
<13:58:40> [000004EE][Warning] Particle effect not found: 'game/x2_effect_o.mon_effects.mon_strike_hit', from unknown 
<13:58:41> [637AF710][Warning] missing chr material : game/objects/characters/elf/female/parts/ar/obj/el_f_ar_leather493.mtl (chr: game/objects/characters/elf/female/parts/ar/obj/el_f_1ar301_1arm010_3ar101.chr)
<13:58:42> [745BAE2F][Warning] failed to stream material xml(game/objects/characters/elf/male/parts/ar/obj/el_m_ar_cloth231.mtl)
<13:58:43> [A4D70365][Warning] rigid-body own-entity; prefab=prefabs/interaction_e.xml/tools.big_lever_right node=AnimObject_1
<13:58:46> [CE0EF930][Warning] failed to stream cgf : default
<13:58:56> Loading Particle Library: X2_EFFECT_KSW
<13:58:56> [745BAE2F][Warning] failed to stream material xml(game/objects/effects/ksw_effect/qilin.mtl)
<13:58:57> [B95EE41B][Error] invalid parent unit id(68275)
<13:59:01> [A4D70365][Warning] rigid-body own-entity; prefab=prefabs/interaction_b.xml/door.garangdol_door1 node=AnimObject_29
<13:59:01> [CE0EF930][Warning] failed to stream cgf : default
<13:59:02> [B95EE41B][Error] invalid parent unit id(68275)
<13:59:05> [63ABB424][Warning] Facial sequence "fist_ac_whistle" not listed in CAL file for character "game/objects/characters/ferre/male/nude/fe_m_base.chr".
<13:59:07> [CE0EF930][Warning] failed to stream cgf : default
<13:59:08> [B95EE41B][Error] invalid parent unit id(92918)
<13:59:09> [A4D70365][Warning] rigid-body own-entity; prefab=prefabs/carriage.xml/carriage.carriageb node=AnimObject_55
<13:59:13> [CE0EF930][Warning] failed to stream cgf : default
<13:59:16> [BCCDC555][Warning] MakeSprite - too many sprite update (10). dropping.. (sprites : 96)
<13:59:17> [B95EE41B][Error] invalid parent unit id(92918)
<13:59:20> [CA175C82][Warning] non-stream IO. system(Material), filePath(game/materials/decals/footstep_sand.mtl)
<13:59:21> [BCCDC555][Warning] MakeSprite - too many sprite update (10). dropping.. (sprites : 94)
<13:59:27> [58F3F7FF][Warning] @1_3_5o/scripts/x2ui/addons/api.lua:488: [Script Error] Wrong parameter type. Function .GetItemInfoByType(type) expect parameter 1 of type Number (Provided type Null)
<13:59:28> [CE0EF930][Warning] failed to stream cgf : default
<13:59:36> [CE0EF930][Warning] failed to stream cgf : default
<13:59:37> [3EF08C47] seamless loading cell object(W13, 12), (L5, 1)
<13:59:43> [A4D70365][Warning] rigid-body own-entity; prefab=prefabs/interaction_c.xml/house.door_a node=AnimObject_1
<13:59:44> [CE0EF930][Warning] failed to stream cgf : default
<13:59:45> [BCCDC555][Warning] MakeSprite - too many sprite update (10). dropping.. (sprites : 219)
<14:00:07> [A4D70365][Warning] rigid-body own-entity; prefab=prefabs/carriage.xml/carriage.carriageb node=AnimObject_55
<14:00:24> [745BAE2F][Warning] failed to stream material xml(game/objects/characters/hariharan/female/parts/gv/obj/ha_f_gv_cloth037.mtl)
<14:00:24> [637AF710][Warning] missing chr material : game/objects/characters/hariharan/female/parts/gv/obj/ha_f_gv_cloth037.mtl (chr: game/objects/characters/hariharan/female/parts/gv/obj/ha_f_1gv102.chr)
<14:00:27> [58F3F7FF][Warning] @1_3_5o/scripts/x2ui/addons/api.lua:488: [Script Error] Wrong parameter type. Function .GetItemInfoByType(type) expect parameter 1 of type Number (Provided type Null)
<14:00:31> [A4D70365][Warning] rigid-body own-entity; prefab=Prefabs/airship.xml/airship.normal node=wing
<14:01:27> [58F3F7FF][Warning] @1_3_5o/scripts/x2ui/addons/api.lua:488: [Script Error] Wrong parameter type. Function .GetItemInfoByType(type) expect parameter 1 of type Number (Provided type Null)
<14:02:12> [BD8C448A][Warning] Cannot load texture game/objects/characters/warborn/male/nude/wa_m_nude_ddn.dds, file missing [File=game/objects/characters/warborn/male/nude/wa_m_nude_ddn.dds]
<14:02:12> [000004EE][Warning] [CGF Error] game/objects/item/sword_2h/sword_2h_55_6/sword_2h_55_6.cgf [:] LOD1 of geometry  contains too many polygons comparing to the LOD0 [934 against 1320] :
<14:02:12> [2363981C][Warning] chr material is not precached : game/objects/characters/warborn/male/costume/wa_m_sk_metalpriest001/wa_m_sk_metalpriest001_h.mtl (chr: game/objects/characters/warborn/male/costume/wa_m_sk_metalpriest001/wa_m_sk_metalpriest001_h.chr)
<14:02:12> [CA175C82][Warning] non-stream IO. system(Material), filePath(game/objects/characters/warborn/male/costume/wa_m_sk_metalpriest001/wa_m_sk_metalpriest001_h.mtl)
<14:02:27> [58F3F7FF][Warning] @1_3_5o/scripts/x2ui/addons/api.lua:488: [Script Error] Wrong parameter type. Function .GetItemInfoByType(type) expect parameter 1 of type Number (Provided type Null)
<14:02:36> [B95EE41B][Error] invalid parent unit id(31685)
<14:02:36> [745BAE2F][Warning] failed to stream material xml(game/objects/characters/dwarf/female/nude/Material #114.mtl)
<14:02:43> [B95EE41B][Error] invalid parent unit id(31685)
<14:03:04> [000004EE][Warning] Particle effect not found: 'game/x2_effects_k.j_pc_effects.skill_hatred_dt_cursethorns_cast', from unknown 
<14:03:04> [745BAE2F][Warning] failed to stream material xml(game/objects/characters/hariharan/male/parts/pt/obj/ha_m_pt_cloth159.mtl)
<14:03:04> [BCCDC555][Warning] MakeSprite - too many sprite update (10). dropping.. (sprites : 115)
<14:03:04> [637AF710][Warning] missing chr material : game/objects/characters/hariharan/male/parts/pt/obj/ha_m_pt_cloth159.mtl (chr: game/objects/characters/hariharan/male/parts/pt/obj/ha_m_1pt901.chr)
<14:03:06> [6DC6303B][Warning] Cannot load texture game/objects/characters/animals/horse/horse_armor_03/horse_armor04_ddn.dds, file missing [File=game/objects/characters/animals/horse/horse_armor_03/horse_armor04_ddn.dds]
<14:03:10> [B95EE41B][Error] invalid parent unit id(77743)
<14:03:10> [745BAE2F][Warning] failed to stream material xml(game/objects/characters/hariharan/female/parts/pt/obj/ha_f_pt_cloth001.mtl)
<14:03:10> [637AF710][Warning] missing chr material : game/objects/characters/hariharan/female/parts/pt/obj/ha_f_pt_cloth001.mtl (chr: game/objects/characters/hariharan/female/parts/pt/obj/ha_f_1pt902.chr)
<14:03:11> [000004EE][Warning] Independent immortal particle effect spawned: X2_EFFECT_O.Interaction.enchant_wpn_range_honor_3g
<14:03:18> [B95EE41B][Error] invalid parent unit id(77743)
<14:03:21> [745BAE2F][Warning] failed to stream material xml(game/materials/effects/fume_h_ssd.mtl)
<14:03:27> [58F3F7FF][Warning] @1_3_5o/scripts/x2ui/addons/api.lua:488: [Script Error] Wrong parameter type. Function .GetItemInfoByType(type) expect parameter 1 of type Number (Provided type Null)
<14:04:27> [58F3F7FF][Warning] @1_3_5o/scripts/x2ui/addons/api.lua:488: [Script Error] Wrong parameter type. Function .GetItemInfoByType(type) expect parameter 1 of type Number (Provided type Null)
<14:04:36> [B95EE41B][Error] invalid parent unit id(81070)
<14:04:36> [000004EE][Warning] Particle effect not found: 'game/abillity_skill_table_m.illusion.fear_form', from unknown 
<14:04:36> [745BAE2F][Warning] failed to stream material xml(game/objects/effects/ksw_effect/qilin.mtl)
<14:04:42> [B95EE41B][Error] invalid parent unit id(92356)
<14:04:43> [745BAE2F][Warning] failed to stream material xml(game/objects/characters/nuian/male/parts/bo/obj/nu_m_bo_cloth140.mtl)
<14:04:43> [637AF710][Warning] missing chr material : game/objects/characters/nuian/male/parts/bo/obj/nu_m_bo_cloth140.mtl (chr: game/objects/characters/nuian/male/parts/bo/obj/nu_m_1bo201.chr)
<14:04:43> [000004EE][Warning] Independent immortal particle effect spawned: X2_EFFECT_O.Interaction.enchant_wpn_range_honor_3g
<14:04:50> [B95EE41B][Error] invalid parent unit id(92356)
<14:05:27> [58F3F7FF][Warning] @1_3_5o/scripts/x2ui/addons/api.lua:488: [Script Error] Wrong parameter type. Function .GetItemInfoByType(type) expect parameter 1 of type Number (Provided type Null)
<14:05:31> [745BAE2F][Warning] failed to stream material xml(game/materials/effects/fume_h_ssd.mtl)
<14:05:37> [63ABB424][Warning] Facial sequence "fist_ac_whistle" not listed in CAL file for character "game/objects/characters/dwarf/female/nude/dw_f_base.chr".
<14:05:38> [B95EE41B][Error] invalid parent unit id(50217)
<14:05:51> [B95EE41B][Error] invalid parent unit id(50217)
<14:06:13> [745BAE2F][Warning] failed to stream material xml(game/objects/effects/ksw_effect/qilin.mtl)
<14:06:14> [B95EE41B][Error] invalid parent unit id(122622)
<14:06:27> [58F3F7FF][Warning] @1_3_5o/scripts/x2ui/addons/api.lua:488: [Script Error] Wrong parameter type. Function .GetItemInfoByType(type) expect parameter 1 of type Number (Provided type Null)
<14:06:29> [A4D70365][Warning] rigid-body own-entity; prefab=prefabs/carriage.xml/carriage.carriageb node=AnimObject_55
<14:06:51> [CE0EF930][Warning] failed to stream cgf : objects/effects/portal_gate.cgf
<14:07:05> [745BAE2F][Warning] failed to stream material xml(game/objects/effects/ksw_effect/qilin.mtl)
<14:07:08> [B95EE41B][Error] invalid parent unit id(87868)
<14:07:15> [000004EE][Warning] Particle effect not found: 'game/ability_skill_table_k.p_skill_adament.deffence_hit', from unknown 
<14:07:16> [CA175C82][Warning] non-stream IO. system(Material), filePath(game/objects/effects/keffect/m_enchant3_silver_s.mtl)
<14:07:23> [000004EE][Warning] Independent immortal particle effect spawned: X2_EFFECT_O.Interaction.enchant_wpn_range_honor_2g
<14:07:27> [58F3F7FF][Warning] @1_3_5o/scripts/x2ui/addons/api.lua:488: [Script Error] Wrong parameter type. Function .GetItemInfoByType(type) expect parameter 1 of type Number (Provided type Null)
<14:07:29> [A4D70365][Warning] rigid-body own-entity; prefab=prefabs/carriage.xml/carriage.carriageb node=AnimObject_55
<14:07:39> [B95EE41B][Error] invalid parent unit id(87868)
<14:07:45> [CE0EF930][Warning] failed to stream cgf : objects/effects/portal_gate.cgf
<14:07:49> [B95EE41B][Error] invalid parent unit id(87868)
<14:08:27> [58F3F7FF][Warning] @1_3_5o/scripts/x2ui/addons/api.lua:488: [Script Error] Wrong parameter type. Function .GetItemInfoByType(type) expect parameter 1 of type Number (Provided type Null)
<14:08:52> Loading Particle Library: X2_EFFECTS_C1
<14:08:52> [000004EE][Warning] Particle effect not found: 'X2_EFFECTS_C1.Glider.Crystal_Wing.wing_start1', from unknown 
<14:08:52> [A181AEBC][Warning] Anim events cannot find effect "X2_EFFECTS_C1.Glider.Crystal_Wing.wing_start1", requested by animation "animations/env/glider_wing_crystal/fist_ac_gliding_start.caf".
<14:08:58> [A181AEBC][Warning] Anim events cannot find effect "X2_EFFECTS_C1.Glider.Crystal_Wing.front_trail1", requested by animation "animations/env/glider_wing_crystal/fist_ac_gliding_front.caf".
<14:09:12> [745BAE2F][Warning] failed to stream material xml(game/materials/effects/fume_h_ssd.mtl)
<14:09:20> [B95EE41B][Error] invalid parent unit id(120803)
<14:09:20> [745BAE2F][Warning] failed to stream material xml(game/objects/characters/ferre/female/parts/bo/leather/bo_leather167/fe_f_bo_leather167_yeln01.mtl)
<14:09:20> [637AF710][Warning] missing chr material : game/objects/characters/ferre/female/parts/ar/obj/fe_f_ar_leather181.mtl (chr: game/objects/characters/ferre/female/parts/ar/obj/fe_f_1ac014_1ar117_2ar602_2arm004_2bt005_2pv002.chr)
<14:09:21> [186EDA89][Warning] Cannot load texture game/objects/characters/ferre/female/face/fe_f_face_yel_df.dds, file missing [File=game/objects/characters/ferre/female/face/fe_f_face_yel_df.dds]
<14:09:22> [CE0EF930][Warning] failed to stream cgf : objects/effects/portal_gate.cgf
<14:09:27> [58F3F7FF][Warning] @1_3_5o/scripts/x2ui/addons/api.lua:488: [Script Error] Wrong parameter type. Function .GetItemInfoByType(type) expect parameter 1 of type Number (Provided type Null)
<14:09:28> [B95EE41B][Error] invalid parent unit id(120803)
<14:09:43> [745BAE2F][Warning] failed to stream material xml(game/materials/effects/fume_h_ssd.mtl)
<14:09:50> [BCCDC555][Warning] MakeSprite - too many sprite update (10). dropping.. (sprites : 51)
<14:09:55> [000004EE][Warning] Particle effect not found: 'game/ability_skill_table_k.p_skill_adament.provoke_launch', from unknown 
<14:09:55> [745BAE2F][Warning] failed to stream material xml(game/objects/characters/warborn/female/parts/pt/obj/wa_f_pt_cloth170.mtl)
<14:09:55> [637AF710][Warning] missing chr material : game/objects/characters/warborn/female/parts/bo/obj/wa_f_bo_cloth168.mtl (chr: game/objects/characters/warborn/female/parts/bo/obj/wa_f_1bo703.chr)
<14:09:55> [CA175C82][Warning] non-stream IO. system(Material), filePath(game/objects/characters/warborn/female/horns/wa_f_horns011/wa_f_horns011_hc07.mtl)
<14:10:17> [B95EE41B][Error] invalid parent unit id(97778)
<14:10:17> [C45FAC6E][Warning] Cannot load texture game/objects/characters/test/glider_squirrel/glider_squirrel_df.dds, file missing [File=game/objects/characters/test/glider_squirrel/glider_squirrel_df.dds]
<14:10:17> [CD8829BA][Warning] Error: CShaderMan::mfCreateShaderResources: Couldn't find subsurface texture 'game/objects/characters/test/glider_squirrel/glider_squirrel_df.dds' in path '' [File=game/objects/characters/test/glider_squirrel/glider_squirrel_df.dds]
<14:10:17> [000004EE][Warning] [CGF Error] game/objects/item/bow/bow_cathero/bow_cathero.cgf [:] LOD1 of geometry  contains too many polygons comparing to the LOD0 [4425 against 6582] :
<14:10:17> Loading Particle Library: X2_EFFECT_SYH
<14:10:17> [2363981C][Warning] chr material is not precached : game/objects/characters/nuian/female/hair/nu_f_hair012/nu_f_hair012.mtl (chr: game/objects/characters/nuian/female/hair/nu_f_hair012/nu_f_hair012.chr)
<14:10:17> [CA175C82][Warning] non-stream IO. system(Material), filePath(game/objects/characters/nuian/female/hair/nu_f_hair012/nu_f_hair012.mtl)
<14:10:17> [000004EE][Warning] Independent immortal particle effect spawned: X2_EFFECT_O.Interaction.enchant_wpn_range_honor_3g
<14:10:22> [B95EE41B][Error] invalid parent unit id(97778)
<14:10:24> [CE0EF930][Warning] failed to stream cgf : objects/effects/portal_gate.cgf
<14:10:27> [58F3F7FF][Warning] @1_3_5o/scripts/x2ui/addons/api.lua:488: [Script Error] Wrong parameter type. Function .GetItemInfoByType(type) expect parameter 1 of type Number (Provided type Null)
<14:10:41> [CE0EF930][Warning] failed to stream cgf : objects/effects/portal_gate.cgf
<14:10:42> [B95EE41B][Error] invalid parent unit id(33814)
<14:10:46> [BCCDC555][Warning] MakeSprite - too many sprite update (10). dropping.. (sprites : 129)
<14:10:52> [B95EE41B][Error] invalid parent unit id(33814)
<14:10:52> [5F2B49C4][Warning] cell get sector zone : invalid sector pos (7, -1)
<14:10:52> [BB790A81] origin change campos : 7667.64, -3185.023193
<14:10:52> [00000020]  
<14:10:52> [00000020]  
<14:10:52> [A581FA6D] -----------------------------------------------------------------------------
<14:10:52> [1DAA5677] SeamlessSystem::ChangeOrigin() : Here we go. Old(8,11) -> New(11,5)
<14:10:52> [A581FA6D] -----------------------------------------------------------------------------
<14:10:52> [00000020]  
<14:10:52> [00000020]  
<14:10:52> [B866A294] seamless unloading cell terrain(W8, 12), (L0, 4)
<14:10:52> [B866A294] seamless unloading cell terrain(W8, 11), (L0, 3)
<14:10:52> [B866A294] seamless unloading cell terrain(W9, 14), (L1, 6)
<14:10:52> [B866A294] seamless unloading cell terrain(W9, 13), (L1, 5)
<14:10:52> [B866A294] seamless unloading cell terrain(W9, 12), (L1, 4)
<14:10:52> [B866A294] seamless unloading cell terrain(W9, 11), (L1, 3)
<14:10:52> [B866A294] seamless unloading cell terrain(W9, 10), (L1, 2)
<14:10:52> [B866A294] seamless unloading cell terrain(W9, 9), (L1, 1)
<14:10:52> [B866A294] seamless unloading cell terrain(W10, 15), (L2, 7)
<14:10:52> [B866A294] seamless unloading cell terrain(W10, 14), (L2, 6)
<14:10:52> [B866A294] seamless unloading cell terrain(W10, 13), (L2, 5)
<14:10:52> [7AB931CE] seamless unloading cell object(W10, 13), (L2, 5)
<14:10:52> [4B1E8B22] unload cell object count : 3653
<14:10:52> [B866A294] seamless unloading cell terrain(W10, 12), (L2, 4)
<14:10:52> [7AB931CE] seamless unloading cell object(W10, 12), (L2, 4)
<14:10:52> [4B1E8B22] unload cell object count : 22109
<14:10:52> [B866A294] seamless unloading cell terrain(W10, 11), (L2, 3)
<14:10:52> [7AB931CE] seamless unloading cell object(W10, 11), (L2, 3)
<14:10:52> [4B1E8B22] unload cell object count : 37684
<14:10:52> [B866A294] seamless unloading cell terrain(W10, 10), (L2, 2)
<14:10:52> [7AB931CE] seamless unloading cell object(W10, 10), (L2, 2)
<14:10:52> [4B1E8B22] unload cell object count : 358
<14:10:52> [B866A294] seamless unloading cell terrain(W10, 9), (L2, 1)
<14:10:52> [B866A294] seamless unloading cell terrain(W10, 8), (L2, 0)
<14:10:52> [B866A294] seamless unloading cell terrain(W11, 15), (L3, 7)
<14:10:52> [B866A294] seamless unloading cell terrain(W11, 14), (L3, 6)
<14:10:52> [B866A294] seamless unloading cell terrain(W11, 13), (L3, 5)
<14:10:52> [7AB931CE] seamless unloading cell object(W11, 13), (L3, 5)
<14:10:52> [4B1E8B22] unload cell object count : 264
<14:10:52> [B866A294] seamless unloading cell terrain(W11, 12), (L3, 4)
<14:10:52> [7AB931CE] seamless unloading cell object(W11, 12), (L3, 4)
<14:10:52> [4B1E8B22] unload cell object count : 6832
<14:10:52> [B866A294] seamless unloading cell terrain(W11, 11), (L3, 3)
<14:10:52> [7AB931CE] seamless unloading cell object(W11, 11), (L3, 3)
<14:10:52> [4B1E8B22] unload cell object count : 26497
<14:10:52> [B866A294] seamless unloading cell terrain(W11, 10), (L3, 2)
<14:10:52> [7AB931CE] seamless unloading cell object(W11, 10), (L3, 2)
<14:10:52> [4B1E8B22] unload cell object count : 2086
<14:10:52> [B866A294] seamless unloading cell terrain(W12, 15), (L4, 7)
<14:10:52> [B866A294] seamless unloading cell terrain(W12, 14), (L4, 6)
<14:10:52> [7AB931CE] seamless unloading cell object(W12, 14), (L4, 6)
<14:10:52> [4B1E8B22] unload cell object count : 0
<14:10:52> [B866A294] seamless unloading cell terrain(W12, 13), (L4, 5)
<14:10:52> [7AB931CE] seamless unloading cell object(W12, 13), (L4, 5)
<14:10:52> [4B1E8B22] unload cell object count : 12
<14:10:52> [B866A294] seamless unloading cell terrain(W12, 12), (L4, 4)
<14:10:52> [7AB931CE] seamless unloading cell object(W12, 12), (L4, 4)
<14:10:52> [4B1E8B22] unload cell object count : 7639
<14:10:52> [B866A294] seamless unloading cell terrain(W12, 11), (L4, 3)
<14:10:52> [7AB931CE] seamless unloading cell object(W12, 11), (L4, 3)
<14:10:52> [4B1E8B22] unload cell object count : 20900
<14:10:52> [B866A294] seamless unloading cell terrain(W12, 10), (L4, 2)
<14:10:52> [7AB931CE] seamless unloading cell object(W12, 10), (L4, 2)
<14:10:52> [4B1E8B22] unload cell object count : 11008
<14:10:52> [B866A294] seamless unloading cell terrain(W13, 15), (L5, 7)
<14:10:52> [B866A294] seamless unloading cell terrain(W13, 14), (L5, 6)
<14:10:52> [B866A294] seamless unloading cell terrain(W13, 13), (L5, 5)
<14:10:52> [7AB931CE] seamless unloading cell object(W13, 13), (L5, 5)
<14:10:52> [4B1E8B22] unload cell object count : 0
<14:10:52> [B866A294] seamless unloading cell terrain(W13, 12), (L5, 4)
<14:10:52> [7AB931CE] seamless unloading cell object(W13, 12), (L5, 4)
<14:10:52> [4B1E8B22] unload cell object count : 7929
<14:10:52> [B866A294] seamless unloading cell terrain(W13, 11), (L5, 3)
<14:10:52> [7AB931CE] seamless unloading cell object(W13, 11), (L5, 3)
<14:10:52> [4B1E8B22] unload cell object count : 44003
<14:10:52> [B866A294] seamless unloading cell terrain(W13, 10), (L5, 2)
<14:10:52> [7AB931CE] seamless unloading cell object(W13, 10), (L5, 2)
<14:10:52> [4B1E8B22] unload cell object count : 18866
<14:10:52> [B866A294] seamless unloading cell terrain(W14, 14), (L6, 6)
<14:10:52> [B866A294] seamless unloading cell terrain(W14, 13), (L6, 5)
<14:10:52> [B866A294] seamless unloading cell terrain(W14, 12), (L6, 4)
<14:10:52> [7AB931CE] seamless unloading cell object(W14, 12), (L6, 4)
<14:10:52> [4B1E8B22] unload cell object count : 3023
<14:10:52> [B866A294] seamless unloading cell terrain(W14, 11), (L6, 3)
<14:10:52> [7AB931CE] seamless unloading cell object(W14, 11), (L6, 3)
<14:10:52> [4B1E8B22] unload cell object count : 45247
<14:10:52> [B866A294] seamless unloading cell terrain(W14, 10), (L6, 2)
<14:10:52> [7AB931CE] seamless unloading cell object(W14, 10), (L6, 2)
<14:10:52> [4B1E8B22] unload cell object count : 23924
<14:10:52> [B866A294] seamless unloading cell terrain(W15, 13), (L7, 5)
<14:10:52> [B866A294] seamless unloading cell terrain(W15, 12), (L7, 4)
<14:10:52> [B866A294] seamless unloading cell terrain(W15, 11), (L7, 3)
<14:10:52> [B866A294] seamless unloading cell terrain(W15, 10), (L7, 2)
<14:10:52> [3623F74F] [Seamless] camera has been warped
<14:10:52> [9CAE9693] Starting In World Loading
<14:10:52> [7B1A973B] seamless loading cell terrain(W15, 7), (L4, 2)
<14:10:52> [7B1A973B] seamless loading cell terrain(W15, 8), (L4, 3)
<14:10:52> [7B1A973B] seamless loading cell terrain(W14, 7), (L3, 2)
<14:10:52> [7B1A973B] seamless loading cell terrain(W16, 7), (L5, 2)
<14:10:52> [7B1A973B] seamless loading cell terrain(W14, 8), (L3, 3)
<14:10:52> [7B1A973B] seamless loading cell terrain(W16, 8), (L5, 3)
<14:10:52> [7B1A973B] seamless loading cell terrain(W15, 6), (L4, 1)
<14:10:52> [7B1A973B] seamless loading cell terrain(W15, 9), (L4, 4)
<14:10:52> [7B1A973B] seamless loading cell terrain(W14, 6), (L3, 1)
<14:10:52> [7B1A973B] seamless loading cell terrain(W16, 6), (L5, 1)
<14:10:52> [7B1A973B] seamless loading cell terrain(W14, 9), (L3, 4)
<14:10:52> [7B1A973B] seamless loading cell terrain(W16, 9), (L5, 4)
<14:10:52> [7B1A973B] seamless loading cell terrain(W13, 7), (L2, 2)
<14:10:52> [7B1A973B] seamless loading cell terrain(W17, 7), (L6, 2)
<14:10:52> [7B1A973B] seamless loading cell terrain(W13, 8), (L2, 3)
<14:10:52> [7B1A973B] seamless loading cell terrain(W17, 8), (L6, 3)
<14:10:52> [7B1A973B] seamless loading cell terrain(W15, 5), (L4, 0)
<14:10:52> [7B1A973B] seamless loading cell terrain(W13, 6), (L2, 1)
<14:10:52> [7B1A973B] seamless loading cell terrain(W17, 6), (L6, 1)
<14:10:52> [7B1A973B] seamless loading cell terrain(W13, 9), (L2, 4)
<14:10:52> [7B1A973B] seamless loading cell terrain(W17, 9), (L6, 4)
<14:10:52> [7B1A973B] seamless loading cell terrain(W14, 5), (L3, 0)
<14:10:52> [7B1A973B] seamless loading cell terrain(W16, 5), (L5, 0)
<14:10:52> [7B1A973B] seamless loading cell terrain(W15, 10), (L4, 5)
<14:10:52> [7B1A973B] seamless loading cell terrain(W14, 10), (L3, 5)
<14:10:52> [7B1A973B] seamless loading cell terrain(W16, 10), (L5, 5)
<14:10:52> [7B1A973B] seamless loading cell terrain(W12, 7), (L1, 2)
<14:10:52> [7B1A973B] seamless loading cell terrain(W18, 7), (L7, 2)
<14:10:52> [7B1A973B] seamless loading cell terrain(W12, 8), (L1, 3)
<14:10:52> [7B1A973B] seamless loading cell terrain(W18, 8), (L7, 3)
<14:10:52> [7B1A973B] seamless loading cell terrain(W13, 5), (L2, 0)
<14:10:52> [7B1A973B] seamless loading cell terrain(W17, 5), (L6, 0)
<14:10:52> [7B1A973B] seamless loading cell terrain(W13, 10), (L2, 5)
<14:10:52> [7B1A973B] seamless loading cell terrain(W12, 6), (L1, 1)
<14:10:52> [7B1A973B] seamless loading cell terrain(W17, 10), (L6, 5)
<14:10:52> [7B1A973B] seamless loading cell terrain(W18, 6), (L7, 1)
<14:10:52> [7B1A973B] seamless loading cell terrain(W12, 9), (L1, 4)
<14:10:52> [7B1A973B] seamless loading cell terrain(W18, 9), (L7, 4)
<14:10:52> [7B1A973B] seamless loading cell terrain(W15, 11), (L4, 6)
<14:10:52> [7B1A973B] seamless loading cell terrain(W16, 11), (L5, 6)
<14:10:52> [7B1A973B] seamless loading cell terrain(W12, 5), (L1, 0)
<14:10:52> [7B1A973B] seamless loading cell terrain(W18, 5), (L7, 0)
<14:10:52> [7B1A973B] seamless loading cell terrain(W12, 10), (L1, 5)
<14:10:52> [7B1A973B] seamless loading cell terrain(W18, 10), (L7, 5)
<14:10:52> [7B1A973B] seamless loading cell terrain(W11, 7), (L0, 2)
<14:10:52> [B866A294] seamless unloading cell terrain(W11, 18), (L0, 7)
<14:10:52> [B866A294] seamless unloading cell terrain(W12, 18), (L1, 7)
<14:10:52> [B866A294] seamless unloading cell terrain(W11, 17), (L0, 6)
<14:10:52> [B866A294] seamless unloading cell terrain(W13, 18), (L2, 7)
<14:10:52> [B866A294] seamless unloading cell terrain(W14, 18), (L3, 7)
<14:10:52> [B866A294] seamless unloading cell terrain(W12, 17), (L1, 6)
<14:10:52> [B866A294] seamless unloading cell terrain(W15, 18), (L4, 7)
<14:10:52> [3EF08C47] seamless loading cell object(W15, 7), (L4, 2)
<14:10:52> [3EF08C47] seamless loading cell object(W15, 8), (L4, 3)
<14:10:52> [3EF08C47] seamless loading cell object(W14, 7), (L3, 2)
<14:10:52> [3EF08C47] seamless loading cell object(W16, 7), (L5, 2)
<14:10:52> [3EF08C47] seamless loading cell object(W14, 8), (L3, 3)
<14:10:52> [3EF08C47] seamless loading cell object(W16, 8), (L5, 3)
<14:10:52> [3EF08C47] seamless loading cell object(W15, 6), (L4, 1)
<14:10:52> [3EF08C47] seamless loading cell object(W15, 9), (L4, 4)
<14:10:52> [3EF08C47] seamless loading cell object(W14, 6), (L3, 1)
<14:10:52> [3EF08C47] seamless loading cell object(W16, 6), (L5, 1)
<14:10:52> [3EF08C47] seamless loading cell object(W14, 9), (L3, 4)
<14:10:52> [3EF08C47] seamless loading cell object(W16, 9), (L5, 4)
<14:10:52> [3EF08C47] seamless loading cell object(W13, 7), (L2, 2)
<14:10:52> [3EF08C47] seamless loading cell object(W17, 7), (L6, 2)
<14:10:52> [3EF08C47] seamless loading cell object(W13, 8), (L2, 3)
<14:10:52> [3EF08C47] seamless loading cell object(W17, 8), (L6, 3)
<14:10:52> [3EF08C47] seamless loading cell object(W13, 6), (L2, 1)
<14:10:52> [3EF08C47] seamless loading cell object(W17, 6), (L6, 1)
<14:10:52> [3EF08C47] seamless loading cell object(W13, 9), (L2, 4)
<14:10:52> [3EF08C47] seamless loading cell object(W17, 9), (L6, 4)
<14:10:52> [7AB931CE] seamless unloading cell object(W11, 18), (L0, 7)
<14:10:52> [7AB931CE] seamless unloading cell object(W12, 18), (L1, 7)
<14:10:52> [7AB931CE] seamless unloading cell object(W13, 18), (L2, 7)
<14:10:52> [04F52114][Warning] Cannot load texture game/objects/env/02_harihara/01_ma/ma_top_mhouse12_sp.dds, file missing [File=game/objects/env/02_harihara/01_ma/ma_top_mhouse12_sp.dds]
<14:10:53> [000004EE][Warning] [CGF Error] game/objects/env/02_harihara/01_ma/ma_top05.cgf [:] non-uniform scale(0.70, 1.00, 0.70) at node(Box11)
<14:10:53> [BB790A81] origin change campos : 4595.64, 2958.976807
<14:10:53> [00000020]  
<14:10:53> [00000020]  
<14:10:53> [A581FA6D] -----------------------------------------------------------------------------
<14:10:53> [1DAA5677] SeamlessSystem::ChangeOrigin() : Here we go. Old(11,5) -> New(11,4)
<14:10:53> [A581FA6D] -----------------------------------------------------------------------------
<14:10:53> [00000020]  
<14:10:53> [00000020]  
<14:10:53> [7B1A973B] seamless loading cell terrain(W15, 4), (L4, 0)
<14:10:53> [3EF08C47] seamless loading cell object(W15, 5), (L4, 1)
<14:10:53> [7B1A973B] seamless loading cell terrain(W14, 4), (L3, 0)
<14:10:53> [3EF08C47] seamless loading cell object(W14, 5), (L3, 1)
<14:10:53> [7B1A973B] seamless loading cell terrain(W16, 4), (L5, 0)
<14:10:53> [188BF914][Warning] [EntityLoader] invalid entity pos(653.073, 1421.338, 0.000) name(AAC_Solis_Ext_1)
<14:10:53> [7B1A973B] seamless loading cell terrain(W13, 4), (L2, 0)
<14:10:53> [7B1A973B] seamless loading cell terrain(W17, 4), (L6, 0)
<14:10:54> [B42C333F] In World Loading Finished
<14:10:55> [82321C2B][Warning] [net 18:10:55.091] [time] remote time estimation restarted; estimate accumulator age was 2.936549
<14:10:55> [CA175C82][Warning] non-stream IO. system(CGF), filePath(Objects\env\01_nuia\001_housing\housing_house\housing_s_floor01.cgf)
<14:10:55> [EFC67A6D][Warning] Error: CShaderMan::mfCreateShaderResources: Couldn't find detail texture
'game/objects/env/01_nuia/001_housing/housing_house/nuia_housing_tree07_ddn.dds' in path '' [File=game/objects/env/01_nuia/001_housing/housing_house/nuia_housing_tree07_ddn.dds]
<14:10:55> [000004EE][Warning] I3DEngine::RegisterEntity: entity reports invalid position: Name: LightEntityName (), Class: LightEntityClass, Pos=(-1801.7,6740.4,1443.8), aabb center=(4519.7,4025.1,152.6)
<14:10:55> [DE20B351][Warning] Flow Graph Node targets unknown entity guid: 4ed327f02cd3624a
<14:10:55> [A4D70365][Warning] rigid-body own-entity; prefab=prefabs/making_bee.xml/making_bee.bee02 node=AnimObject_2
<14:10:56> [000004EE][Warning] [CGF Error] game/objects/env/01_nuia/001_housing/housing_house/housing_addon_roof_a.cgf [:] LOD1 of geometry  contains too many polygons comparing to the LOD0 [2104 against 3035] :
<14:10:56> [BF0124EC][Warning] Error: CShaderMan::mfCreateShaderResources: Couldn't find decal texture 'game/objects/Env/01_nuia/001_housing/housing_house/housing_house_equipment_glow.dds' in path '' [File=game/objects/Env/01_nuia/001_housing/housing_house/housing_house_equipment_glow.dds]
<14:10:56> [CE2F4035][Warning] chr physical geom is not precached. (game/objects/env/01_nuia/001_housing/housing_house/housing_house_equipment.chr)
<14:10:56> [62232BEA][Warning] deferred xml stream error - game/animations/animals/calf/lmg_files/normal_run.lmg : f0000003
<14:10:56> [000004EE][Warning] Particle effect not found: 'game/x2_effects_k.j_pc_effects.skill_hatred_ft_breketooth_cs8m', from unknown 
<14:10:56> [745BAE2F][Warning] failed to stream material xml(game/objects/characters/animals/cow/cow_black.mtl)
<14:10:57> [637AF710][Warning] missing chr material : game/objects/characters/nuian/male/parts/hm/obj/nu_m_hm_cloth999.mtl (chr: game/objects/characters/nuian/male/parts/hm/obj/nu_m_1hm187.chr)
<14:10:59> [B95EE41B][Error] invalid parent unit id(104959)
<14:11:00> [4ABF8F2E][Warning] Cannot load texture game/objects/env/02_harihara/001_hdeco/quest/hdeco_quest_book_a_ddn.dds, file missing [File=game/objects/env/02_harihara/001_hdeco/quest/hdeco_quest_book_a_ddn.dds]
<14:11:00> [000004EE][Warning] [CGF Error] game/objects/env/01_nuia/001_housing/housing_furniture/hs_f_safe_d.cgf [:] LOD1 of geometry hs_f_safe_d contains too many polygons comparing to the LOD0 [1606 against 2318] :
<14:11:01> [3EF08C47] seamless loading cell object(W16, 5), (L5, 1)
<14:11:01> [BCCDC555][Warning] MakeSprite - too many sprite update (10). dropping.. (sprites : 71)
<14:11:01> [CFFE1C46][Error] Error streaming texture: Error 'Offset out of range', Texture: game/objects/characters/animals/cat_baby_pet/cat_baby_pet_df.dds
<14:11:02> [000004EE][Warning] [CGF Error] game/objects/item/interaction/dragon_statue/dragon_tree_statue.cgf [:] LOD1 of geometry  contains too many polygons comparing to the LOD0 [1622 against 2418] :
<14:11:02> [745BAE2F][Warning] failed to stream material xml(game/objects/env/01_nuia/001_ndeco/ndeco_herotrophy_df.mtl)
<14:11:02> [000004EE][Warning] [CGF Error] game/objects/env/01_nuia/001_housing/housing_furniture/hs_f_safe_e.cgf [:] non-uniform scale(1.00, 1.03, 1.00) at node($lod1 hs_f_safe_e)
<14:11:03> [CA175C82][Warning] non-stream IO. system(Material), filePath(game/objects/characters/ferre/male/hair/fe_m_hair003/fe_m_hair003_hc05.mtl)
<14:11:03> [000004EE][Warning] Independent immortal particle effect spawned: X2_EFFECT_O.Interaction.enchant_wpn_range_honor_3g
<14:11:03> [637AF710][Warning] missing chr material : game/objects/characters/hariharan/female/parts/bo/obj/ha_f_bo_cloth486.mtl (chr: game/objects/characters/hariharan/female/parts/bo/obj/ha_f_1bf004_1bo201.chr)
<14:11:03> [000004EE][Warning] [CGF Error] game/objects/env/01_nuia/001_ncom/ncom_xmas_musicbox.cga [:] Duplicate LOD helper $lod1 ncom_xmas_musicbox_top
<14:11:03> [CE0EF930][Warning] failed to stream cgf : default
<14:11:05> [B95EE41B][Error] invalid parent unit id(71405)
<14:11:06> [CFFE1C46][Error] Error streaming texture: Error 'Offset out of range', Texture: game/objects/characters/animals/cat_baby_pet/cat_baby_pet_df.dds
<14:11:07> [A4D70365][Warning] rigid-body own-entity; prefab=prefabs/interaction_b.xml/quest.ferre_flag node=AnimObject17
<14:11:10> [A5DDEC33][Warning] Warning: CShaderMan::mfForName: NULL name
<14:11:10> [000004EE][Warning] [CGF Error] game/objects/env/02_harihara/001_hcom/hcom_cart_b.cgf [:] LOD1 of geometry hcom_cart_b contains too many polygons comparing to the LOD0 [770 against 1114] :
<14:11:10> [000004EE][Warning] Particle effect not found: 'game/x2_effect_o.mon_effects.mon_scratch_hit', from unknown 
<14:11:10> [B866A294] seamless unloading cell terrain(W13, 18), (L2, 7)
<14:11:11> [CFFE1C46][Error] Error streaming texture: Error 'Offset out of range', Texture: game/objects/characters/animals/cat_baby_pet/cat_baby_pet_df.dds
<14:11:12> [B95EE41B][Error] invalid parent unit id(71405)
<14:11:13> [745BAE2F][Warning] failed to stream material xml(game/objects/characters/hariharan/female/parts/bo/obj/ha_f_bo_cloth168.mtl)
<14:11:13> [637AF710][Warning] missing chr material : game/objects/characters/hariharan/female/parts/pt/obj/ha_f_pt_cloth168.mtl (chr: game/objects/characters/hariharan/female/parts/pt/obj/ha_f_1pt606.chr)
<14:11:14> [CE0EF930][Warning] failed to stream cgf : default
<14:11:16> [A4D70365][Warning] rigid-body own-entity; prefab=Prefabs/interaction.xml/toy.crane node=AnimObject_1
<14:11:16> [E126B923][Warning] Cannot load texture game/objects/env/01_nuia/001_housing/housing_furniture/hs_f_drums_ddn, file missing [File=game/objects/env/01_nuia/001_housing/housing_furniture/hs_f_drums_ddn]
<14:11:16> [CFFE1C46][Error] Error streaming texture: Error 'Offset out of range', Texture: game/objects/characters/animals/cat_baby_pet/cat_baby_pet_df.dds
<14:11:16> [A5DDEC33][Warning] Warning: CShaderMan::mfForName: NULL name
<14:11:20> [0D01BD65] start to parse systm mail
<14:11:20> [BFBA8B5E] end to parse systm mail
<14:11:20> [0D01BD65] start to parse systm mail
<14:11:20> [BFBA8B5E] end to parse systm mail
<14:11:20> [0D01BD65] start to parse systm mail
<14:11:20> [BFBA8B5E] end to parse systm mail
<14:11:20> [0D01BD65] start to parse systm mail
<14:11:20> [BFBA8B5E] end to parse systm mail
<14:11:20> [0D01BD65] start to parse systm mail
<14:11:20> [BFBA8B5E] end to parse systm mail
<14:11:20> [0D01BD65] start to parse systm mail
<14:11:20> [BFBA8B5E] end to parse systm mail
<14:11:20> [0D01BD65] start to parse systm mail
<14:11:20> [BFBA8B5E] end to parse systm mail
<14:11:20> [0D01BD65] start to parse systm mail
<14:11:20> [BFBA8B5E] end to parse systm mail
<14:11:20> [0D01BD65] start to parse systm mail
<14:11:20> [BFBA8B5E] end to parse systm mail
<14:11:20> [0D01BD65] start to parse systm mail
<14:11:20> [BFBA8B5E] end to parse systm mail
<14:11:20> [CE0EF930][Warning] failed to stream cgf : default
<14:11:20> [0D01BD65] start to parse systm mail
<14:11:20> [BFBA8B5E] end to parse systm mail
<14:11:20> [0D01BD65] start to parse systm mail
<14:11:20> [BFBA8B5E] end to parse systm mail
<14:11:20> [0D01BD65] start to parse systm mail
<14:11:20> [BFBA8B5E] end to parse systm mail
<14:11:20> [0D01BD65] start to parse systm mail
<14:11:20> [BFBA8B5E] end to parse systm mail
<14:11:23> [0D01BD65] start to parse systm mail
<14:11:23> [BFBA8B5E] end to parse systm mail
<14:11:23> [0D01BD65] start to parse systm mail
<14:11:23> [BFBA8B5E] end to parse systm mail
<14:11:23> [0D01BD65] start to parse systm mail
<14:11:23> [BFBA8B5E] end to parse systm mail
<14:11:23> [0D01BD65] start to parse systm mail
<14:11:23> [BFBA8B5E] end to parse systm mail
<14:11:23> [000004EE][Warning] [Lua Error] 1_3_0/scripts/x2ui/mailbox/mail/read_mail.lua:197: attempt to index local 'bodyInfo' (a nil value)
<14:11:23> [0D01BD65] start to parse systm mail
<14:11:23> [BFBA8B5E] end to parse systm mail
<14:11:23> [0D01BD65] start to parse systm mail
<14:11:23> [BFBA8B5E] end to parse systm mail
<14:11:23> [0D01BD65] start to parse systm mail
<14:11:23> [BFBA8B5E] end to parse systm mail
<14:11:23> [0D01BD65] start to parse systm mail
<14:11:23> [BFBA8B5E] end to parse systm mail
<14:11:24> [0D01BD65] start to parse systm mail
<14:11:24> [BFBA8B5E] end to parse systm mail
<14:11:24> [0D01BD65] start to parse systm mail
<14:11:24> [BFBA8B5E] end to parse systm mail
<14:11:24> [0D01BD65] start to parse systm mail
<14:11:24> [BFBA8B5E] end to parse systm mail
<14:11:24> [0D01BD65] start to parse systm mail
<14:11:24> [BFBA8B5E] end to parse systm mail
<14:11:24> [0D01BD65] start to parse systm mail
<14:11:24> [BFBA8B5E] end to parse systm mail
<14:11:24> [0D01BD65] start to parse systm mail
<14:11:24> [BFBA8B5E] end to parse systm mail
<14:11:24> [0D01BD65] start to parse systm mail
<14:11:24> [BFBA8B5E] end to parse systm mail
<14:11:24> [0D01BD65] start to parse systm mail
<14:11:24> [BFBA8B5E] end to parse systm mail
<14:11:24> [0D01BD65] start to parse systm mail
<14:11:24> [BFBA8B5E] end to parse systm mail
<14:11:24> [0D01BD65] start to parse systm mail
<14:11:24> [BFBA8B5E] end to parse systm mail
<14:11:24> [0D01BD65] start to parse systm mail
<14:11:24> [BFBA8B5E] end to parse systm mail
<14:11:24> [0D01BD65] start to parse systm mail
<14:11:24> [BFBA8B5E] end to parse systm mail
<14:11:25> [A4D70365][Warning] rigid-body own-entity; prefab=Prefabs/interaction.xml/toy.crane node=AnimObject_1
<14:11:26> [0D01BD65] start to parse systm mail
<14:11:26> [BFBA8B5E] end to parse systm mail
<14:11:26> [0D01BD65] start to parse systm mail
<14:11:26> [BFBA8B5E] end to parse systm mail
<14:11:26> [0D01BD65] start to parse systm mail
<14:11:26> [BFBA8B5E] end to parse systm mail
<14:11:26> [0D01BD65] start to parse systm mail
<14:11:26> [BFBA8B5E] end to parse systm mail
<14:11:27> [0D01BD65] start to parse systm mail
<14:11:27> [BFBA8B5E] end to parse systm mail
<14:11:27> [0D01BD65] start to parse systm mail
<14:11:27> [BFBA8B5E] end to parse systm mail
<14:11:27> [0D01BD65] start to parse systm mail
<14:11:27> [BFBA8B5E] end to parse systm mail
<14:11:27> [0D01BD65] start to parse systm mail
<14:11:27> [BFBA8B5E] end to parse systm mail
<14:11:27> [0D01BD65] start to parse systm mail
<14:11:27> [BFBA8B5E] end to parse systm mail
<14:11:27> [0D01BD65] start to parse systm mail
<14:11:27> [BFBA8B5E] end to parse systm mail
<14:11:29> [B95EE41B][Error] invalid parent unit id(81669)
<14:11:34> [58F3F7FF][Warning] @1_3_5o/scripts/x2ui/addons/api.lua:488: [Script Error] Wrong parameter type. Function .GetItemInfoByType(type) expect parameter 1 of type Number (Provided type Null)
<14:11:34> [B95EE41B][Error] invalid parent unit id(81669)
<14:11:37> [745BAE2F][Warning] failed to stream material xml(game/materials/effects/fume_h_ssd.mtl)
<14:12:15> [B95EE41B][Error] invalid parent unit id(82102)
<14:12:16> [745BAE2F][Warning] failed to stream material xml(game/objects/effects/ksw_effect/qilin.mtl)
<14:12:16> [000004EE][Warning] Independent immortal particle effect spawned: X2_EFFECT_O.Interaction.enchant_wpn_range_honor_3g
<14:12:32> [B95EE41B][Error] invalid parent unit id(64931)
<14:12:34> [58F3F7FF][Warning] @1_3_5o/scripts/x2ui/addons/api.lua:488: [Script Error] Wrong parameter type. Function .GetItemInfoByType(type) expect parameter 1 of type Number (Provided type Null)
<14:12:38> [B95EE41B][Error] invalid parent unit id(64931)
<14:13:34> [58F3F7FF][Warning] @1_3_5o/scripts/x2ui/addons/api.lua:488: [Script Error] Wrong parameter type. Function .GetItemInfoByType(type) expect parameter 1 of type Number (Provided type Null)
<14:13:40> [745BAE2F][Warning] failed to stream material xml(game/objects/effects/ksw_effect/qilin.mtl)
<14:13:41> [000004EE][Warning] Independent immortal particle effect spawned: X2_EFFECT_O.Interaction.enchant_wpn_range_honor_3g
<14:13:41> [A181AEBC][Warning] Anim events cannot find effect "X2_EFFECTS_C1.Glider.Crystal_Wing.front_trail1", requested by animation "animations/env/glider_wing_crystal/fist_ac_gliding_front.caf".
<14:13:51> [745BAE2F][Warning] failed to stream material xml(game/objects/characters/hariharan/female/parts/bo/obj/ha_f_bo_cloth486.mtl)
<14:13:51> [637AF710][Warning] missing chr material : game/objects/characters/hariharan/female/parts/gv/obj/ha_f_gv_cloth037.mtl (chr: game/objects/characters/hariharan/female/parts/gv/obj/ha_f_1gv102.chr)
<14:13:51> [A181AEBC][Warning] Anim events cannot find effect "X2_EFFECTS_C1.Glider.Crystal_Wing.front_trail1", requested by animation "animations/env/glider_wing_crystal/fist_ac_gliding_front.caf".
<14:13:55> [000004EE][Warning] Particle effect not found: 'X2_EFFECTS_C1.Glider.Crystal_Wing.wing_end1', from unknown 
<14:14:17> [CE0EF930][Warning] failed to stream cgf : objects/effects/portal_gate.cgf
<14:14:17> [000004EE][Warning] [Lua Error] 1_3_0/scripts/x2ui/characterinfo/character_info.lua:520: attempt to call method 'AnimForEquipped' (a nil value)
<14:14:20> [BB790A81] origin change campos : 5983.14, 23411.593750
<14:14:20> [00000020]  
<14:14:20> [00000020]  
<14:14:20> [A581FA6D] -----------------------------------------------------------------------------
<14:14:20> [1DAA5677] SeamlessSystem::ChangeOrigin() : Here we go. Old(11,4) -> New(13,23)
<14:14:20> [A581FA6D] -----------------------------------------------------------------------------
<14:14:20> [00000020]  
<14:14:20> [00000020]  
<14:14:20> [B866A294] seamless unloading cell terrain(W11, 14), (L0, 3)
<14:14:20> [B866A294] seamless unloading cell terrain(W12, 12), (L1, 1)
<14:14:20> [B866A294] seamless unloading cell terrain(W12, 13), (L1, 2)
<14:14:20> [B866A294] seamless unloading cell terrain(W12, 14), (L1, 3)
<14:14:20> [B866A294] seamless unloading cell terrain(W12, 15), (L1, 4)
<14:14:20> [B866A294] seamless unloading cell terrain(W12, 16), (L1, 5)
<14:14:20> [B866A294] seamless unloading cell terrain(W12, 17), (L1, 6)
<14:14:20> [B866A294] seamless unloading cell terrain(W13, 11), (L2, 0)
<14:14:20> [B866A294] seamless unloading cell terrain(W13, 12), (L2, 1)
<14:14:20> [B866A294] seamless unloading cell terrain(W13, 13), (L2, 2)
<14:14:20> [7AB931CE] seamless unloading cell object(W13, 13), (L2, 2)
<14:14:20> [4B1E8B22] unload cell object count : 0
<14:14:20> [B866A294] seamless unloading cell terrain(W13, 14), (L2, 3)
<14:14:20> [7AB931CE] seamless unloading cell object(W13, 14), (L2, 3)
<14:14:20> [4B1E8B22] unload cell object count : 0
<14:14:20> [B866A294] seamless unloading cell terrain(W13, 15), (L2, 4)
<14:14:20> [7AB931CE] seamless unloading cell object(W13, 15), (L2, 4)
<14:14:20> [4B1E8B22] unload cell object count : 3087
<14:14:20> [B866A294] seamless unloading cell terrain(W13, 16), (L2, 5)
<14:14:20> [7AB931CE] seamless unloading cell object(W13, 16), (L2, 5)
<14:14:20> [4B1E8B22] unload cell object count : 6
<14:14:20> [B866A294] seamless unloading cell terrain(W13, 17), (L2, 6)
<14:14:20> [B866A294] seamless unloading cell terrain(W14, 11), (L3, 0)
<14:14:20> [B866A294] seamless unloading cell terrain(W14, 12), (L3, 1)
<14:14:20> [7AB931CE] seamless unloading cell object(W14, 12), (L3, 1)
<14:14:20> [4B1E8B22] unload cell object count : 0
<14:14:20> [B866A294] seamless unloading cell terrain(W14, 13), (L3, 2)
<14:14:20> [7AB931CE] seamless unloading cell object(W14, 13), (L3, 2)
<14:14:20> [4B1E8B22] unload cell object count : 0
<14:14:20> [B866A294] seamless unloading cell terrain(W14, 14), (L3, 3)
<14:14:20> [7AB931CE] seamless unloading cell object(W14, 14), (L3, 3)
<14:14:20> [4B1E8B22] unload cell object count : 181
<14:14:20> [B866A294] seamless unloading cell terrain(W14, 15), (L3, 4)
<14:14:20> [7AB931CE] seamless unloading cell object(W14, 15), (L3, 4)
<14:14:20> [4B1E8B22] unload cell object count : 788
<14:14:20> [B866A294] seamless unloading cell terrain(W14, 16), (L3, 5)
<14:14:20> [7AB931CE] seamless unloading cell object(W14, 16), (L3, 5)
<14:14:20> [4B1E8B22] unload cell object count : 295
<14:14:20> [B866A294] seamless unloading cell terrain(W14, 17), (L3, 6)
<14:14:20> [B866A294] seamless unloading cell terrain(W14, 18), (L3, 7)
<14:14:20> [B866A294] seamless unloading cell terrain(W15, 11), (L4, 0)
<14:14:20> [B866A294] seamless unloading cell terrain(W15, 12), (L4, 1)
<14:14:20> [7AB931CE] seamless unloading cell object(W15, 12), (L4, 1)
<14:14:20> [4B1E8B22] unload cell object count : 0
<14:14:20> [B866A294] seamless unloading cell terrain(W15, 13), (L4, 2)
<14:14:20> [7AB931CE] seamless unloading cell object(W15, 13), (L4, 2)
<14:14:20> [4B1E8B22] unload cell object count : 0
<14:14:20> [B866A294] seamless unloading cell terrain(W15, 14), (L4, 3)
<14:14:20> [7AB931CE] seamless unloading cell object(W15, 14), (L4, 3)
<14:14:20> [4B1E8B22] unload cell object count : 12919
<14:14:20> [B866A294] seamless unloading cell terrain(W15, 15), (L4, 4)
<14:14:20> [7AB931CE] seamless unloading cell object(W15, 15), (L4, 4)
<14:14:20> [4B1E8B22] unload cell object count : 1533
<14:14:20> [B866A294] seamless unloading cell terrain(W15, 16), (L4, 5)
<14:14:20> [7AB931CE] seamless unloading cell object(W15, 16), (L4, 5)
<14:14:20> [4B1E8B22] unload cell object count : 5508
<14:14:20> [B866A294] seamless unloading cell terrain(W15, 17), (L4, 6)
<14:14:20> [B866A294] seamless unloading cell terrain(W15, 18), (L4, 7)
<14:14:20> [B866A294] seamless unloading cell terrain(W16, 11), (L5, 0)
<14:14:20> [B866A294] seamless unloading cell terrain(W16, 12), (L5, 1)
<14:14:20> [7AB931CE] seamless unloading cell object(W16, 12), (L5, 1)
<14:14:20> [4B1E8B22] unload cell object count : 0
<14:14:20> [B866A294] seamless unloading cell terrain(W16, 13), (L5, 2)
<14:14:20> [7AB931CE] seamless unloading cell object(W16, 13), (L5, 2)
<14:14:20> [4B1E8B22] unload cell object count : 0
<14:14:20> [B866A294] seamless unloading cell terrain(W16, 14), (L5, 3)
<14:14:20> [7AB931CE] seamless unloading cell object(W16, 14), (L5, 3)
<14:14:20> [4B1E8B22] unload cell object count : 3457
<14:14:20> [B866A294] seamless unloading cell terrain(W16, 15), (L5, 4)
<14:14:20> [7AB931CE] seamless unloading cell object(W16, 15), (L5, 4)
<14:14:20> [4B1E8B22] unload cell object count : 2664
<14:14:20> [B866A294] seamless unloading cell terrain(W16, 16), (L5, 5)
<14:14:20> [7AB931CE] seamless unloading cell object(W16, 16), (L5, 5)
<14:14:20> [4B1E8B22] unload cell object count : 677
<14:14:20> [B866A294] seamless unloading cell terrain(W16, 17), (L5, 6)
<14:14:20> [B866A294] seamless unloading cell terrain(W16, 18), (L5, 7)
<14:14:20> [B866A294] seamless unloading cell terrain(W17, 11), (L6, 0)
<14:14:20> [B866A294] seamless unloading cell terrain(W17, 12), (L6, 1)
<14:14:20> [B866A294] seamless unloading cell terrain(W17, 13), (L6, 2)
<14:14:20> [7AB931CE] seamless unloading cell object(W17, 13), (L6, 2)
<14:14:20> [4B1E8B22] unload cell object count : 0
<14:14:20> [B866A294] seamless unloading cell terrain(W17, 14), (L6, 3)
<14:14:20> [7AB931CE] seamless unloading cell object(W17, 14), (L6, 3)
<14:14:20> [4B1E8B22] unload cell object count : 5749
<14:14:20> [B866A294] seamless unloading cell terrain(W17, 15), (L6, 4)
<14:14:20> [7AB931CE] seamless unloading cell object(W17, 15), (L6, 4)
<14:14:20> [4B1E8B22] unload cell object count : 3391
<14:14:20> [B866A294] seamless unloading cell terrain(W17, 16), (L6, 5)
<14:14:20> [7AB931CE] seamless unloading cell object(W17, 16), (L6, 5)
<14:14:20> [4B1E8B22] unload cell object count : 4090
<14:14:20> [B866A294] seamless unloading cell terrain(W17, 17), (L6, 6)
<14:14:20> [B866A294] seamless unloading cell terrain(W18, 12), (L7, 1)
<14:14:20> [B866A294] seamless unloading cell terrain(W18, 13), (L7, 2)
<14:14:20> [B866A294] seamless unloading cell terrain(W18, 14), (L7, 3)
<14:14:20> [B866A294] seamless unloading cell terrain(W18, 15), (L7, 4)
<14:14:20> [B866A294] seamless unloading cell terrain(W18, 16), (L7, 5)
<14:14:20> [B866A294] seamless unloading cell terrain(W18, 17), (L7, 6)
<14:14:20> [3623F74F] [Seamless] camera has been warped
<14:14:20> [9CAE9693] Starting In World Loading
<14:14:20> [7B1A973B] seamless loading cell terrain(W16, 26), (L3, 3)
<14:14:20> [7B1A973B] seamless loading cell terrain(W16, 27), (L3, 4)
<14:14:20> [7B1A973B] seamless loading cell terrain(W17, 26), (L4, 3)
<14:14:20> [7B1A973B] seamless loading cell terrain(W17, 27), (L4, 4)
<14:14:20> [7B1A973B] seamless loading cell terrain(W15, 26), (L2, 3)
<14:14:20> [7B1A973B] seamless loading cell terrain(W16, 25), (L3, 2)
<14:14:20> [7B1A973B] seamless loading cell terrain(W15, 27), (L2, 4)
<14:14:20> [7B1A973B] seamless loading cell terrain(W17, 25), (L4, 2)
<14:14:20> [7B1A973B] seamless loading cell terrain(W16, 28), (L3, 5)
<14:14:20> [7B1A973B] seamless loading cell terrain(W18, 26), (L5, 3)
<14:14:20> [7B1A973B] seamless loading cell terrain(W17, 28), (L4, 5)
<14:14:20> [7B1A973B] seamless loading cell terrain(W18, 27), (L5, 4)
<14:14:20> [7B1A973B] seamless loading cell terrain(W15, 25), (L2, 2)
<14:14:20> [7B1A973B] seamless loading cell terrain(W15, 28), (L2, 5)
<14:14:20> [7B1A973B] seamless loading cell terrain(W18, 25), (L5, 2)
<14:14:20> [7B1A973B] seamless loading cell terrain(W18, 28), (L5, 5)
<14:14:20> [7B1A973B] seamless loading cell terrain(W14, 26), (L1, 3)
<14:14:20> [7B1A973B] seamless loading cell terrain(W16, 24), (L3, 1)
<14:14:20> [7B1A973B] seamless loading cell terrain(W14, 27), (L1, 4)
<14:14:20> [7B1A973B] seamless loading cell terrain(W17, 24), (L4, 1)
<14:14:20> [7B1A973B] seamless loading cell terrain(W16, 29), (L3, 6)
<14:14:20> [7B1A973B] seamless loading cell terrain(W19, 26), (L6, 3)
<14:14:20> [7B1A973B] seamless loading cell terrain(W14, 25), (L1, 2)
<14:14:20> [7B1A973B] seamless loading cell terrain(W17, 29), (L4, 6)
<14:14:20> [7B1A973B] seamless loading cell terrain(W15, 24), (L2, 1)
<14:14:20> [7B1A973B] seamless loading cell terrain(W19, 27), (L6, 4)
<14:14:20> [7B1A973B] seamless loading cell terrain(W14, 28), (L1, 5)
<14:14:20> [7B1A973B] seamless loading cell terrain(W18, 24), (L5, 1)
<14:14:20> [7B1A973B] seamless loading cell terrain(W15, 29), (L2, 6)
<14:14:20> [7B1A973B] seamless loading cell terrain(W19, 25), (L6, 2)
<14:14:20> [7B1A973B] seamless loading cell terrain(W18, 29), (L5, 6)
<14:14:20> [7B1A973B] seamless loading cell terrain(W19, 28), (L6, 5)
<14:14:20> [7B1A973B] seamless loading cell terrain(W14, 24), (L1, 1)
<14:14:20> [7B1A973B] seamless loading cell terrain(W13, 26), (L0, 3)
<14:14:20> [7B1A973B] seamless loading cell terrain(W16, 23), (L3, 0)
<14:14:20> [7B1A973B] seamless loading cell terrain(W13, 27), (L0, 4)
<14:14:20> [7B1A973B] seamless loading cell terrain(W17, 23), (L4, 0)
<14:14:20> [7B1A973B] seamless loading cell terrain(W14, 29), (L1, 6)
<14:14:20> [7B1A973B] seamless loading cell terrain(W19, 24), (L6, 1)
<14:14:20> [7B1A973B] seamless loading cell terrain(W13, 25), (L0, 2)
<14:14:20> [7B1A973B] seamless loading cell terrain(W15, 23), (L2, 0)
<14:14:20> [7B1A973B] seamless loading cell terrain(W16, 30), (L3, 7)
<14:14:20> [7B1A973B] seamless loading cell terrain(W20, 26), (L7, 3)
<14:14:20> [7B1A973B] seamless loading cell terrain(W17, 30), (L4, 7)
<14:14:20> [7B1A973B] seamless loading cell terrain(W20, 27), (L7, 4)
<14:14:20> [7B1A973B] seamless loading cell terrain(W19, 29), (L6, 6)
<14:14:20> [7B1A973B] seamless loading cell terrain(W18, 23), (L5, 0)
<14:14:20> [7B1A973B] seamless loading cell terrain(W15, 30), (L2, 7)
<14:14:20> [7B1A973B] seamless loading cell terrain(W20, 25), (L7, 2)
<14:14:20> [7B1A973B] seamless loading cell terrain(W18, 30), (L5, 7)
<14:14:20> [7B1A973B] seamless loading cell terrain(W20, 28), (L7, 5)
<14:14:20> [3EF08C47] seamless loading cell object(W16, 26), (L3, 3)
<14:14:20> [3EF08C47] seamless loading cell object(W16, 27), (L3, 4)
<14:14:20> [3EF08C47] seamless loading cell object(W17, 26), (L4, 3)
<14:14:20> [3EF08C47] seamless loading cell object(W17, 27), (L4, 4)
<14:14:20> [3EF08C47] seamless loading cell object(W15, 26), (L2, 3)
<14:14:20> [3EF08C47] seamless loading cell object(W16, 25), (L3, 2)
<14:14:20> [3EF08C47] seamless loading cell object(W15, 27), (L2, 4)
<14:14:20> [3EF08C47] seamless loading cell object(W17, 25), (L4, 2)
<14:14:20> [3EF08C47] seamless loading cell object(W16, 28), (L3, 5)
<14:14:20> [3EF08C47] seamless loading cell object(W18, 26), (L5, 3)
<14:14:20> [3EF08C47] seamless loading cell object(W17, 28), (L4, 5)
<14:14:20> [3EF08C47] seamless loading cell object(W18, 27), (L5, 4)
<14:14:20> [3EF08C47] seamless loading cell object(W15, 25), (L2, 2)
<14:14:20> [3EF08C47] seamless loading cell object(W15, 28), (L2, 5)
<14:14:20> [3EF08C47] seamless loading cell object(W18, 25), (L5, 2)
<14:14:20> [3EF08C47] seamless loading cell object(W18, 28), (L5, 5)
<14:14:20> [3EF08C47] seamless loading cell object(W14, 26), (L1, 3)
<14:14:20> [3EF08C47] seamless loading cell object(W16, 24), (L3, 1)
<14:14:20> [3EF08C47] seamless loading cell object(W14, 27), (L1, 4)
<14:14:20> [3EF08C47] seamless loading cell object(W17, 24), (L4, 1)
<14:14:20> [BB897B6D][Warning] Cannot load texture 0, file missing [File=0]
<14:14:20> [B82785BF][Warning] Error: CShaderMan::mfCreateShaderResources: Couldn't find detail texture
'0' in path '' [File=0]
<14:14:20> [000004EE][Warning] [CGF Error] game/objects/env/03_origin_continent/25_shining_shore/o_shining_ostcamp_column_b.cgf [:] LOD1 of geometry  contains too many polygons comparing to the LOD0 [488 against 684] :
<14:14:20> [FCC3CF4D][Warning] Error: CShaderMan::mfCreateShaderResources: Couldn't find subsurface texture 'game/objects/Env/01_nuia/001_ncom/ncom_city_old_multi_in_prison_cave_rock_aa_df.dds' in path '' [File=game/objects/Env/01_nuia/001_ncom/ncom_city_old_multi_in_prison_cave_rock_aa_df.dds]
<14:14:21> [B42C333F] In World Loading Finished
<14:14:21> [82321C2B][Warning] [net 18:14:21.618] [time] remote time estimation restarted; estimate accumulator age was 1.612539
<14:14:22> [A4D70365][Warning] rigid-body own-entity; prefab=prefabs/interaction_c.xml/furniture.baby_cat_e node=AnimObject_144
<14:14:22> [F724A392][Error] CryAnimation:: Trying to load animation with alias "fist_ba_relaxed_idle_rand_2" from file "animations/animals/welsh_corgi_baby/fist/fist_ba_relaxed_idle_rand.caf" into the animation container. Such animation alias already exists and uses file "animations/animals/welsh_corgi_baby/fist/fist_ba_relaxed_idle_rand_2.caf". Please use another animation alias.
<14:14:22> [CA175C82][Warning] non-stream IO. system(CGF), filePath(Objects\env\01_nuia\001_housing\housing_house\housing_s_floor01.cgf)
<14:14:22> [755A3546][Warning] Error: CShaderMan::mfCreateShaderResources: Couldn't find custom secondary texture 'game/objects/env/01_nuia/001_housing/housing_house/nuia_housing_treemossy03_ddn.dds' in path '' [File=game/objects/env/01_nuia/001_housing/housing_house/nuia_housing_treemossy03_ddn.dds]
<14:14:23> [CE0EF930][Warning] failed to stream cgf : default
<14:14:23> [5132FEDE][Warning] invalid attached position(20.96, -18.58, 0.00)
<14:14:23> [745BAE2F][Warning] failed to stream material xml(game/$picking.mtl)
<14:14:25> [000004EE][Warning] [CGF Error] game/objects/env/01_nuia/001_housing/housing_furniture/hs_f_safe_e.cgf [:] non-uniform scale(1.00, 1.03, 1.00) at node($lod1 hs_f_safe_e)
<14:14:25> [000004EE][Warning] [CGF Error] game/objects/env/01_nuia/001_ndeco/ndeco_dboss.cgf [:] LOD1 of geometry  contains too many polygons comparing to the LOD0 [2373 against 3082] :
<14:14:26> [000004EE][Warning] [CGF Error] game/objects/env/01_nuia/001_housing/housing_furniture/hs_f_safe_d.cgf [:] LOD1 of geometry hs_f_safe_d contains too many polygons comparing to the LOD0 [1606 against 2318] :
<14:14:27> [A4D70365][Warning] rigid-body own-entity; prefab=prefabs/interaction_c.xml/furniture.kraken_prop_am node=AnimObject_144
<14:14:27> [1D603D28][Warning] Failed to stream CAF-file [File=animations/env/01_nuia/001_housing/rava_chair_b/fist_ba_combat_idle.caf]
<14:14:27> [13B09A43][Warning] Cannot load texture game/textures/cubemaps/cxpgame/objects/env/01_nuia/001_housing/housing_furniture/hs_f_cookie_chair_df.dds_river.dds, file missing [File=game/textures/cubemaps/cxpgame/objects/env/01_nuia/001_housing/housing_furniture/hs_f_cookie_chair_df.dds_river.dds]
<14:14:27> [C4901C15][Warning] Error: CShaderMan::mfCreateShaderResources: Couldn't find detail texture
'game/textures/cubemaps/cxpgame/objects/env/01_nuia/001_housing/housing_furniture/hs_f_cookie_chair_df.dds_river.dds' in path '' [File=game/textures/cubemaps/cxpgame/objects/env/01_nuia/001_housing/housing_furniture/hs_f_cookie_chair_df.dds_river.dds]
<14:14:27> [637AF710][Warning] missing chr material : game/objects/characters/nuian/male/parts/hm/obj/nu_m_hm_cloth999.mtl (chr: game/objects/characters/nuian/male/parts/hm/obj/nu_m_4hm109.chr)
<14:14:28> [CE0EF930][Warning] failed to stream cgf : default
<14:14:28> [CA175C82][Warning] non-stream IO. system(Material), filePath(game/objects/env/01_nuia/001_housing/housing_farm/housing_farm_pumpkin_a.mtl)
<14:14:28> [745BAE2F][Warning] failed to stream material xml(game/objects/characters/ferre/male/parts/pt/metal/pt_metal213/fe_m_pt_metal213_grap03.mtl)
<14:14:31> [82321C2B][Warning] [net 18:14:31.880] [time] remote time estimation restarted; estimate accumulator age was 1.110773
<14:14:31> [BCCDC555][Warning] MakeSprite - too many sprite update (10). dropping.. (sprites : 188)
<14:14:34> [745BAE2F][Warning] failed to stream material xml(game/objects/env/03_origin_continent/25_shining_shore/o_shining_archeum_making_a.mtl)
<14:14:34> [CE0EF930][Warning] failed to stream cgf : default
<14:14:38> [C53E6FFE][Warning] non cached CDF material(objects/Characters/monster/snowlion/snowlion_blue/snowlion_blue.mtl, game/objects/characters/monster/snowlion/snowlion_blue/snowlion_blue.cdf)
<14:14:38> [CA175C82][Warning] non-stream IO. system(Material), filePath(game/objects/characters/monster/snowlion/snowlion_blue/snowlion_blue.mtl)
<14:14:39> [63ABB424][Warning] Facial sequence "fist_ac_whistle" not listed in CAL file for character "game/objects/characters/warborn/female/nude/wa_f_base.chr".
<14:14:39> [B95EE41B][Error] invalid parent unit id(98019)
<14:14:43> [BCCDC555][Warning] MakeSprite - too many sprite update (10). dropping.. (sprites : 67)
<14:14:44> [CE0EF930][Warning] failed to stream cgf : default
<14:14:45> [58F3F7FF][Warning] @1_3_5o/scripts/x2ui/addons/api.lua:488: [Script Error] Wrong parameter type. Function .GetItemInfoByType(type) expect parameter 1 of type Number (Provided type Null)
<14:14:48> [745BAE2F][Warning] failed to stream material xml(game/$picking.mtl)
<14:14:48> [A4D70365][Warning] rigid-body own-entity; prefab=prefabs/interaction_c.xml/furniture.kraken_prop_am node=AnimObject_144
<14:14:51> [DE20B351][Warning] Flow Graph Node targets unknown entity guid: 45671b71c0b06ecd
<14:14:54> [F9376E0D][Warning] [flow] FG-0x67CFAA94-Entity 'AnimObject_19' was destroyed with pending updates/activations. Report follows...
<14:14:54> [A8F1529E][Warning] [flow] Pending nodes:
<14:14:56> [745BAE2F][Warning] failed to stream material xml(game/$picking.mtl)
<14:15:02> [3EF08C47] seamless loading cell object(W19, 26), (L6, 3)
<14:15:03> [000004EE][Warning] Particle effect not found: 'game/x2_effect_o.mon_effects.mon_throw_thorn_hit', from unknown 
<14:15:03> [745BAE2F][Warning] failed to stream material xml(game/objects/characters/monster/sunflower/Material #51.mtl)
<14:15:03> [637AF710][Warning] missing chr material : game/objects/characters/monster/sunflower/Material #51.mtl (chr: game/objects/characters/monster/sunflower/sunflower.chr)
<14:15:04> [3EF08C47] seamless loading cell object(W19, 27), (L6, 4)
<14:15:04> [61435D92][Warning] Cannot load texture game/objects/env/03_origin_continent/16_great_reed/gr_ivy_df.dds, file missing [File=game/objects/env/03_origin_continent/16_great_reed/gr_ivy_df.dds]
<14:15:06> [3EF08C47] seamless loading cell object(W16, 29), (L3, 6)
<14:15:07> [3EF08C47] seamless loading cell object(W17, 29), (L4, 6)
<14:15:13> [000004EE][Warning] Particle effect not found: 'game/x2_effect_o.mon_effects.mon_strong_attack_hit', from unknown 
<14:15:14> [745BAE2F][Warning] failed to stream material xml(game/objects/characters/monster/starfish/starfish_yellow/picking.mtl)
<14:15:16> [B95EE41B][Error] invalid parent unit id(98019)
<14:15:18> [BCCDC555][Warning] MakeSprite - too many sprite update (10). dropping.. (sprites : 47)
<14:15:21> [7AB931CE] seamless unloading cell object(W16, 19), (L3, 6)
<14:15:22> [7AB931CE] seamless unloading cell object(W14, 17), (L1, 4)
<14:15:25> [22545D91][Warning] Cannot load texture game/objects/env/03_origin_continent/22_dew_plains/dummy_middletree_df.dds, file missing [File=game/objects/env/03_origin_continent/22_dew_plains/dummy_middletree_df.dds]
<14:15:25> [CE0EF930][Warning] failed to stream cgf : default
<14:15:27> [000004EE][Warning] Independent immortal particle effect spawned: X2_EFFECT_O.Interaction.enchant_wpn_range_honor_3g
<14:15:30> [745BAE2F][Warning] failed to stream material xml(game/objects/effects/ksw_effect/pc_hit/01 - Default.mtl)
<14:15:34> [CE0EF930][Warning] failed to stream cgf : default
<14:15:38> [000004EE][Warning] [Lua Error] 1_3_0/scripts/x2ui/characterinfo/character_info.lua:520: attempt to call method 'AnimForEquipped' (a nil value)
<14:15:42> [7AB931CE] seamless unloading cell object(W17, 19), (L4, 6)
<14:15:45> [000004EE][Warning] Particle effect not found: 'game/x2_effect_o.mon_effects.mon_wail_launch', from unknown 
<14:15:45> [58F3F7FF][Warning] @1_3_5o/scripts/x2ui/addons/api.lua:488: [Script Error] Wrong parameter type. Function .GetItemInfoByType(type) expect parameter 1 of type Number (Provided type Null)
<14:15:45> [000004EE][Warning] Independent immortal particle effect spawned: X2_EFFECT_O.Interaction.enchant_wpn_range_honor_3g
<14:16:02> [000004EE][Warning] Independent immortal particle effect spawned: X2_EFFECT_O.Interaction.enchant_wpn_range_honor_3g
<14:16:13> [000004EE][Warning] Independent immortal particle effect spawned: X2_EFFECT_O.Interaction.enchant_wpn_range_honor_3g
<14:16:24> [000004EE][Warning] Independent immortal particle effect spawned: X2_EFFECT_O.Interaction.enchant_wpn_range_honor_3g
<14:16:42> [000004EE][Warning] Independent immortal particle effect spawned: X2_EFFECT_O.Interaction.enchant_wpn_range_honor_3g
<14:16:45> [58F3F7FF][Warning] @1_3_5o/scripts/x2ui/addons/api.lua:488: [Script Error] Wrong parameter type. Function .GetItemInfoByType(type) expect parameter 1 of type Number (Provided type Null)
<14:16:52> [7AB931CE] seamless unloading cell object(W14, 16), (L1, 3)
<14:16:53> [000004EE][Warning] Independent immortal particle effect spawned: X2_EFFECT_O.Interaction.enchant_wpn_range_honor_3g
<14:17:12> [000004EE][Warning] Independent immortal particle effect spawned: X2_EFFECT_O.Interaction.enchant_wpn_range_honor_3g
<14:17:43> [CA175C82][Warning] non-stream IO. system(CGF), filePath(Objects/Env/01_nuia/001_housing/housing_house/housing_tree_spider.cgf)
<14:17:43> [95829CAD][Warning] Cannot load texture game/objects/env/01_nuia/001_housing/housing_house/housing_tree_bodywood_sp.dds, file missing [File=game/objects/env/01_nuia/001_housing/housing_house/housing_tree_bodywood_sp.dds]
<14:17:43> [755A3546][Warning] Error: CShaderMan::mfCreateShaderResources: Couldn't find custom secondary texture 'game/objects/env/01_nuia/001_housing/housing_house/nuia_housing_treemossy03_ddn.dds' in path '' [File=game/objects/env/01_nuia/001_housing/housing_house/nuia_housing_treemossy03_ddn.dds]
<14:17:44> [745BAE2F][Warning] failed to stream material xml(game/objects/env/01_nuia/001_housing/housing_house/gw_elfremain_b.mtl)
<14:17:45> [58F3F7FF][Warning] @1_3_5o/scripts/x2ui/addons/api.lua:488: [Script Error] Wrong parameter type. Function .GetItemInfoByType(type) expect parameter 1 of type Number (Provided type Null)
<14:18:02> [BB790A81] origin change campos : 8413.71, 198.543610
<14:18:02> [00000020]  
<14:18:02> [00000020]  
<14:18:02> [A581FA6D] -----------------------------------------------------------------------------
<14:18:02> [1DAA5677] SeamlessSystem::ChangeOrigin() : Here we go. Old(13,23) -> New(17,19)
<14:18:02> [A581FA6D] -----------------------------------------------------------------------------
<14:18:02> [00000020]  
<14:18:02> [00000020]  
<14:18:02> [B866A294] seamless unloading cell terrain(W13, 17), (L0, 4)
<14:18:02> [B866A294] seamless unloading cell terrain(W13, 16), (L0, 3)
<14:18:02> [B866A294] seamless unloading cell terrain(W13, 15), (L0, 2)
<14:18:02> [B866A294] seamless unloading cell terrain(W14, 19), (L1, 6)
<14:18:02> [B866A294] seamless unloading cell terrain(W14, 18), (L1, 5)
<14:18:02> [B866A294] seamless unloading cell terrain(W14, 17), (L1, 4)
<14:18:02> [B866A294] seamless unloading cell terrain(W14, 16), (L1, 3)
<14:18:02> [B866A294] seamless unloading cell terrain(W14, 15), (L1, 2)
<14:18:02> [B866A294] seamless unloading cell terrain(W14, 14), (L1, 1)
<14:18:02> [B866A294] seamless unloading cell terrain(W15, 20), (L2, 7)
<14:18:02> [B866A294] seamless unloading cell terrain(W15, 19), (L2, 6)
<14:18:02> [B866A294] seamless unloading cell terrain(W15, 18), (L2, 5)
<14:18:02> [7AB931CE] seamless unloading cell object(W15, 18), (L2, 5)
<14:18:02> [4B1E8B22] unload cell object count : 7101
<14:18:02> [B866A294] seamless unloading cell terrain(W15, 17), (L2, 4)
<14:18:02> [7AB931CE] seamless unloading cell object(W15, 17), (L2, 4)
<14:18:02> [4B1E8B22] unload cell object count : 4561
<14:18:02> [B866A294] seamless unloading cell terrain(W15, 16), (L2, 3)
<14:18:02> [7AB931CE] seamless unloading cell object(W15, 16), (L2, 3)
<14:18:02> [4B1E8B22] unload cell object count : 0
<14:18:02> [B866A294] seamless unloading cell terrain(W15, 15), (L2, 2)
<14:18:02> [7AB931CE] seamless unloading cell object(W15, 15), (L2, 2)
<14:18:02> [4B1E8B22] unload cell object count : 0
<14:18:02> [B866A294] seamless unloading cell terrain(W15, 14), (L2, 1)
<14:18:02> [B866A294] seamless unloading cell terrain(W15, 13), (L2, 0)
<14:18:02> [B866A294] seamless unloading cell terrain(W16, 20), (L3, 7)
<14:18:02> [B866A294] seamless unloading cell terrain(W16, 19), (L3, 6)
<14:18:02> [B866A294] seamless unloading cell terrain(W16, 18), (L3, 5)
<14:18:02> [7AB931CE] seamless unloading cell object(W16, 18), (L3, 5)
<14:18:02> [4B1E8B22] unload cell object count : 9920
<14:18:02> [B866A294] seamless unloading cell terrain(W16, 17), (L3, 4)
<14:18:02> [7AB931CE] seamless unloading cell object(W16, 17), (L3, 4)
<14:18:02> [4B1E8B22] unload cell object count : 15406
<14:18:02> [B866A294] seamless unloading cell terrain(W16, 16), (L3, 3)
<14:18:02> [7AB931CE] seamless unloading cell object(W16, 16), (L3, 3)
<14:18:02> [4B1E8B22] unload cell object count : 12597
<14:18:02> [B866A294] seamless unloading cell terrain(W16, 15), (L3, 2)
<14:18:02> [7AB931CE] seamless unloading cell object(W16, 15), (L3, 2)
<14:18:02> [4B1E8B22] unload cell object count : 0
<14:18:02> [B866A294] seamless unloading cell terrain(W16, 14), (L3, 1)
<14:18:02> [7AB931CE] seamless unloading cell object(W16, 14), (L3, 1)
<14:18:02> [4B1E8B22] unload cell object count : 0
<14:18:02> [B866A294] seamless unloading cell terrain(W16, 13), (L3, 0)
<14:18:02> [B866A294] seamless unloading cell terrain(W17, 20), (L4, 7)
<14:18:02> [B866A294] seamless unloading cell terrain(W17, 19), (L4, 6)
<14:18:02> [B866A294] seamless unloading cell terrain(W17, 18), (L4, 5)
<14:18:02> [7AB931CE] seamless unloading cell object(W17, 18), (L4, 5)
<14:18:02> [4B1E8B22] unload cell object count : 647
<14:18:02> [B866A294] seamless unloading cell terrain(W17, 17), (L4, 4)
<14:18:02> [7AB931CE] seamless unloading cell object(W17, 17), (L4, 4)
<14:18:02> [4B1E8B22] unload cell object count : 6274
<14:18:02> [B866A294] seamless unloading cell terrain(W18, 20), (L5, 7)
<14:18:02> [B866A294] seamless unloading cell terrain(W18, 19), (L5, 6)
<14:18:02> [B866A294] seamless unloading cell terrain(W18, 18), (L5, 5)
<14:18:02> [7AB931CE] seamless unloading cell object(W18, 18), (L5, 5)
<14:18:02> [4B1E8B22] unload cell object count : 4459
<14:18:02> [B866A294] seamless unloading cell terrain(W18, 17), (L5, 4)
<14:18:02> [7AB931CE] seamless unloading cell object(W18, 17), (L5, 4)
<14:18:02> [4B1E8B22] unload cell object count : 4007
<14:18:02> [B866A294] seamless unloading cell terrain(W19, 19), (L6, 6)
<14:18:02> [B866A294] seamless unloading cell terrain(W19, 18), (L6, 5)
<14:18:02> [B866A294] seamless unloading cell terrain(W19, 17), (L6, 4)
<14:18:02> [7AB931CE] seamless unloading cell object(W19, 17), (L6, 4)
<14:18:02> [4B1E8B22] unload cell object count : 6385
<14:18:02> [B866A294] seamless unloading cell terrain(W20, 18), (L7, 5)
<14:18:02> [B866A294] seamless unloading cell terrain(W20, 17), (L7, 4)
<14:18:02> [3623F74F] [Seamless] camera has been warped
<14:18:02> [9CAE9693] Starting In World Loading
<14:18:02> [7B1A973B] seamless loading cell terrain(W21, 23), (L4, 4)
<14:18:02> [7B1A973B] seamless loading cell terrain(W21, 22), (L4, 3)
<14:18:02> [7B1A973B] seamless loading cell terrain(W20, 23), (L3, 4)
<14:18:02> [7B1A973B] seamless loading cell terrain(W20, 22), (L3, 3)
<14:18:02> [7B1A973B] seamless loading cell terrain(W22, 23), (L5, 4)
<14:18:02> [7B1A973B] seamless loading cell terrain(W21, 24), (L4, 5)
<14:18:02> [7B1A973B] seamless loading cell terrain(W22, 22), (L5, 3)
<14:18:02> [7B1A973B] seamless loading cell terrain(W20, 24), (L3, 5)
<14:18:02> [7B1A973B] seamless loading cell terrain(W21, 21), (L4, 2)
<14:18:03> [7B1A973B] seamless loading cell terrain(W19, 23), (L2, 4)
<14:18:03> [7B1A973B] seamless loading cell terrain(W22, 24), (L5, 5)
<14:18:03> [7B1A973B] seamless loading cell terrain(W20, 21), (L3, 2)
<14:18:03> [7B1A973B] seamless loading cell terrain(W19, 22), (L2, 3)
<14:18:03> [7B1A973B] seamless loading cell terrain(W22, 21), (L5, 2)
<14:18:03> [7B1A973B] seamless loading cell terrain(W23, 23), (L6, 4)
<14:18:03> [7B1A973B] seamless loading cell terrain(W21, 25), (L4, 6)
<14:18:03> [7B1A973B] seamless loading cell terrain(W23, 22), (L6, 3)
<14:18:03> [7B1A973B] seamless loading cell terrain(W19, 21), (L2, 2)
<14:18:03> [7B1A973B] seamless loading cell terrain(W23, 24), (L6, 5)
<14:18:03> [7B1A973B] seamless loading cell terrain(W22, 25), (L5, 6)
<14:18:03> [7B1A973B] seamless loading cell terrain(W21, 20), (L4, 1)
<14:18:03> [7B1A973B] seamless loading cell terrain(W20, 20), (L3, 1)
<14:18:03> [7B1A973B] seamless loading cell terrain(W18, 22), (L1, 3)
<14:18:03> [7B1A973B] seamless loading cell terrain(W23, 21), (L6, 2)
<14:18:03> [7B1A973B] seamless loading cell terrain(W22, 20), (L5, 1)
<14:18:03> [7B1A973B] seamless loading cell terrain(W19, 20), (L2, 1)
<14:18:03> [7B1A973B] seamless loading cell terrain(W18, 21), (L1, 2)
<14:18:03> [7B1A973B] seamless loading cell terrain(W23, 25), (L6, 6)
<14:18:03> [7B1A973B] seamless loading cell terrain(W24, 23), (L7, 4)
<14:18:03> [7B1A973B] seamless loading cell terrain(W21, 26), (L4, 7)
<14:18:03> [7B1A973B] seamless loading cell terrain(W24, 22), (L7, 3)
<14:18:03> [7B1A973B] seamless loading cell terrain(W23, 20), (L6, 1)
<14:18:03> [7B1A973B] seamless loading cell terrain(W24, 24), (L7, 5)
<14:18:03> [7B1A973B] seamless loading cell terrain(W22, 26), (L5, 7)
<14:18:03> [7B1A973B] seamless loading cell terrain(W24, 21), (L7, 2)
<14:18:03> [7B1A973B] seamless loading cell terrain(W21, 19), (L4, 0)
<14:18:03> [7B1A973B] seamless loading cell terrain(W20, 19), (L3, 0)
<14:18:03> [7B1A973B] seamless loading cell terrain(W17, 22), (L0, 3)
<14:18:03> [7B1A973B] seamless loading cell terrain(W18, 20), (L1, 1)
<14:18:03> [7B1A973B] seamless loading cell terrain(W22, 19), (L5, 0)
<14:18:03> [7B1A973B] seamless loading cell terrain(W24, 25), (L7, 6)
<14:18:03> [B866A294] seamless unloading cell terrain(W17, 24), (L0, 7)
<14:18:03> [B866A294] seamless unloading cell terrain(W17, 23), (L0, 6)
<14:18:03> [B866A294] seamless unloading cell terrain(W18, 24), (L1, 7)
<14:18:03> [3EF08C47] seamless loading cell object(W21, 23), (L4, 4)
<14:18:03> [3EF08C47] seamless loading cell object(W21, 22), (L4, 3)
<14:18:03> [3EF08C47] seamless loading cell object(W20, 23), (L3, 4)
<14:18:03> [3EF08C47] seamless loading cell object(W20, 22), (L3, 3)
<14:18:03> [3EF08C47] seamless loading cell object(W22, 23), (L5, 4)
<14:18:03> [3EF08C47] seamless loading cell object(W21, 24), (L4, 5)
<14:18:03> [3EF08C47] seamless loading cell object(W22, 22), (L5, 3)
<14:18:03> [3EF08C47] seamless loading cell object(W20, 24), (L3, 5)
<14:18:03> [3EF08C47] seamless loading cell object(W21, 21), (L4, 2)
<14:18:03> [3EF08C47] seamless loading cell object(W19, 23), (L2, 4)
<14:18:03> [3EF08C47] seamless loading cell object(W22, 24), (L5, 5)
<14:18:03> [3EF08C47] seamless loading cell object(W20, 21), (L3, 2)
<14:18:03> [3EF08C47] seamless loading cell object(W19, 22), (L2, 3)
<14:18:03> [3EF08C47] seamless loading cell object(W22, 21), (L5, 2)
<14:18:03> [3EF08C47] seamless loading cell object(W19, 24), (L2, 5)
<14:18:03> [3EF08C47] seamless loading cell object(W23, 23), (L6, 4)
<14:18:03> [3EF08C47] seamless loading cell object(W21, 25), (L4, 6)
<14:18:03> [3EF08C47] seamless loading cell object(W23, 22), (L6, 3)
<14:18:03> [3EF08C47] seamless loading cell object(W19, 21), (L2, 2)
<14:18:03> [3EF08C47] seamless loading cell object(W20, 25), (L3, 6)
<14:18:03> [7AB931CE] seamless unloading cell object(W17, 24), (L0, 7)
<14:18:03> [7AB931CE] seamless unloading cell object(W17, 23), (L0, 6)
<14:18:03> [7AB931CE] seamless unloading cell object(W18, 24), (L1, 7)
<14:18:03> [7AB931CE] seamless unloading cell object(W17, 22), (L0, 5)
<14:18:03> [7AB931CE] seamless unloading cell object(W19, 24), (L2, 7)
<14:18:03> [7AB931CE] seamless unloading cell object(W18, 23), (L1, 6)
<14:18:03> [27C0D384][Warning] Cannot load texture sr_secret_shipyard03_dark_df.dds, file missing [File=sr_secret_shipyard03_dark_df.dds]
<14:18:03> [637AF710][Warning] missing chr material : game/objects/env/06_unit/01_ship/w_middleship/galleon_01.mtl (chr: game/objects/env/06_unit/01_ship/w_middleship/w_middleship_sail_a.chr)
<14:18:04> [B42C333F] In World Loading Finished
<14:18:04> [82321C2B][Warning] [net 18:18:04.542] [time] remote time estimation restarted; estimate accumulator age was 1.691392
<14:18:04> [CE0EF930][Warning] failed to stream cgf : default
<14:18:04> [745BAE2F][Warning] failed to stream material xml(game/objects/env/05_nature/10_origin/gw_elfremain_b.mtl)
<14:18:04> [62232BEA][Warning] deferred xml stream error - game/animations/env/03_origin_continent/25_shining_shore/o_shining_purification_tower_big/lmg_files/normal_run.lmg : f0000003
<14:18:05> [000004EE][Warning] Particle effect not found: 'game/abillity_skill_table_m.illusion.poison_exp_launch', from unknown 
<14:18:07> [5243B464][Warning] Error: CShaderMan::mfCreateShaderResources: Couldn't find subsurface texture 'objects/characters/ferre/female/face/face01/fe_f_face01_fur_sss.dds' in path '' [File=objects/characters/ferre/female/face/face01/fe_f_face01_fur_sss.dds]
<14:18:07> [A4D70365][Warning] rigid-body own-entity; prefab=prefabs/origin_continent.xml/tower.safezone_down node=AnimObject_51
<14:18:07> [63ABB424][Warning] Facial sequence "closed_eyes_01" not listed in CAL file for character "game/objects/characters/ferre/male/nude/fe_m_base.chr".
<14:18:07> [000004EE][Warning] Independent immortal particle effect spawned: X2_EFFECT_O.Interaction.enchant_wpn_range_honor_3g
<14:18:09> [7B1A973B] seamless loading cell terrain(W23, 26), (L6, 7)
<14:18:10> [CE0EF930][Warning] failed to stream cgf : objects/env/05_nature/08_cry_source/rocks/road_rocks/road_rocks_flat_grey_a.cgf
<14:18:11> [C53E6FFE][Warning] non cached CDF material(objects/Characters/monster/snowlion/snowlion_blue/snowlion_blue.mtl, game/objects/characters/monster/snowlion/snowlion_blue/snowlion_blue.cdf)
<14:18:11> [CA175C82][Warning] non-stream IO. system(Material), filePath(game/objects/characters/monster/snowlion/snowlion_blue/snowlion_blue.mtl)
<14:18:12> [B95EE41B][Error] invalid parent unit id(98737)
<14:18:14> [A4D70365][Warning] rigid-body own-entity; prefab=prefabs/origin_continent.xml/tower.safezone_down node=AnimObject_51
<14:18:15> [9DC28BAD][Warning] Cannot load texture game/objects/env/05_nature/10_origin/origin_nation_tree_a01_sp.dds, file missing [File=game/objects/env/05_nature/10_origin/origin_nation_tree_a01_sp.dds]
<14:18:15> [745BAE2F][Warning] failed to stream material xml(game/objects/characters/people/girl03/girl01_cloth004.mtl)
<14:18:16> [637AF710][Warning] missing chr material : game/objects/characters/people/girl03/girl01_cloth004.mtl (chr: game/objects/characters/people/girl03/girl03.chr)
<14:18:17> [CE0EF930][Warning] failed to stream cgf : objects/env/05_nature/08_cry_source/rocks/road_rocks/road_rocks_flat_grey_a.cgf
<14:18:20> [A4D70365][Warning] rigid-body own-entity; prefab=prefabs/origin_continent.xml/tower.safezone_down node=AnimObject_51
<14:18:22> [CE0EF930][Warning] failed to stream cgf : objects/env/05_nature/08_cry_source/rocks/road_rocks/road_rocks_flat_grey_a.cgf
<14:18:25> [000004EE][Warning] Particle effect not found: 'game/abillity_skill_table_m.fight.full_dot_end', from unknown 
<14:18:25> [3EF08C47] seamless loading cell object(W18, 23), (L1, 4)
<14:18:25> [7B1A973B] seamless loading cell terrain(W17, 21), (L0, 2)
<14:18:26> [A4D70365][Warning] rigid-body own-entity; prefab=prefabs/origin_continent.xml/tower.safezone_down node=AnimObject_51
<14:18:26> [CA175C82][Warning] non-stream IO. system(CGF), filePath(Objects/Env/01_nuia/001_housing/housing_house/housing_tree_spider.cgf)
<14:18:26> [BF8BE32F][Warning] Cannot load texture game/objects/env/01_nuia/001_housing/housing_house/housing_tree_base_sp.dds, file missing [File=game/objects/env/01_nuia/001_housing/housing_house/housing_tree_base_sp.dds]
<14:18:26> [755A3546][Warning] Error: CShaderMan::mfCreateShaderResources: Couldn't find custom secondary texture 'game/objects/env/01_nuia/001_housing/housing_house/nuia_housing_treemossy03_ddn.dds' in path '' [File=game/objects/env/01_nuia/001_housing/housing_house/nuia_housing_treemossy03_ddn.dds]
<14:18:27> [745BAE2F][Warning] failed to stream material xml(game/objects/env/01_nuia/001_housing/housing_house/gw_elfremain_b.mtl)
<14:18:27> [CE0EF930][Warning] failed to stream cgf : default
<14:18:30> [DE20B351][Warning] Flow Graph Node targets unknown entity guid: 49f4f73d578ac428
<14:18:31> [000004EE][Warning] Particle effect not found: 'game/ability_skill_table_k.p_skill_adament.p_skill_p_deffence', from unknown 
<14:18:32> [B866A294] seamless unloading cell terrain(W22, 17), (L5, 0)
<14:18:32> [7B1A973B] seamless loading cell terrain(W18, 26), (L1, 7)
<14:18:34> [5132FEDE][Warning] invalid attached position(19.87, 20.96, -0.32)
<14:18:34> [745BAE2F][Warning] failed to stream material xml(game/$picking.mtl)
<14:18:34> [83CB8AF3][Warning] Cannot load texture game/objects/env/01_nuia/001_housing/housing_house/jack_house_low_wallout_sp.dds, file missing [File=game/objects/env/01_nuia/001_housing/housing_house/jack_house_low_wallout_sp.dds]
<14:18:35> [3EF08C47] seamless loading cell object(W19, 25), (L2, 6)
<14:18:36> [A4D70365][Warning] rigid-body own-entity; prefab=prefabs/origin_continent.xml/tower.origin_tower_base node=AnimObject_62
<14:18:37> [EFC67A6D][Warning] Error: CShaderMan::mfCreateShaderResources: Couldn't find detail texture
'game/objects/env/01_nuia/001_housing/housing_house/nuia_housing_tree07_ddn.dds' in path '' [File=game/objects/env/01_nuia/001_housing/housing_house/nuia_housing_tree07_ddn.dds]
<14:18:37> [000004EE][Warning] I3DEngine::RegisterEntity: entity reports invalid position: Name: LightEntityName (), Class: LightEntityClass, Pos=(-1820.7,8296.2,964.6), aabb center=(4019.6,4523.9,151.2)
<14:18:38> [F724A392][Error] CryAnimation:: Trying to load animation with alias "fist_ba_relaxed_idle_rand_2" from file "animations/animals/welsh_corgi_baby/fist/fist_ba_relaxed_idle_rand.caf" into the animation container. Such animation alias already exists and uses file "animations/animals/welsh_corgi_baby/fist/fist_ba_relaxed_idle_rand_2.caf". Please use another animation alias.
<14:18:38> [000004EE][Warning] Particle effect not found: 'X2_EFFECTS_K.J_Inter_effects.water_flow_collision_dot', from unknown 
<14:18:38> [7AB931CE] seamless unloading cell object(W23, 20), (L6, 3)
<14:18:38> [B866A294] seamless unloading cell terrain(W24, 23), (L7, 6)
<14:18:39> [000004EE][Warning] [CGF Error] game/objects/item/interaction/dragon_statue/dragon_tree_statue.cgf [:] LOD1 of geometry  contains too many polygons comparing to the LOD0 [1622 against 2418] :
<14:18:39> [3EF08C47] seamless loading cell object(W18, 22), (L1, 3)
<14:18:39> [745BAE2F][Warning] failed to stream material xml(game/objects/env/01_nuia/001_ndeco/02 - Default.mtl)
<14:18:40> [7B1A973B] seamless loading cell terrain(W17, 25), (L0, 6)
<14:18:40> [000004EE][Warning] [CGF Error] game/objects/env/01_nuia/001_housing/housing_furniture/hs_f_safe_e.cgf [:] non-uniform scale(1.00, 1.03, 1.00) at node($lod1 hs_f_safe_e)
<14:18:40> [C01F6080][Warning] Cannot load texture game/objects/characters/animals/cat_baby_cat/cat_baby_siamese_pet_df.dds, file missing [File=game/objects/characters/animals/cat_baby_cat/cat_baby_siamese_pet_df.dds]
<14:18:40> [5132FEDE][Warning] invalid attached position(-28.89, 0.81, -1.69)
<14:18:44> [A4D70365][Warning] rigid-body own-entity; prefab=prefabs/origin_continent.xml/tower.origin_tower_base node=AnimObject_62
<14:18:45> [745BAE2F][Warning] failed to stream material xml(game/objects/env/01_nuia/001_housing/housing_farm/ncom_pumpkin_streetlamp.mtl)
<14:18:45> [3EF08C47] seamless loading cell object(W18, 24), (L1, 5)
<14:18:46> [B95EE41B][Error] invalid parent unit id(87693)
<14:18:46> [000004EE][Warning] Particle effect not found: 'game/abillity_skill_table_m.fight.roaring_launch', from unknown 
<14:18:46> [637AF710][Warning] missing chr material : game/objects/characters/hariharan/female/parts/pt/obj/ha_f_pt_metal159.mtl (chr: game/objects/characters/hariharan/female/parts/pt/obj/ha_f_4pt202.chr)
<14:18:46> [B866A294] seamless unloading cell terrain(W24, 19), (L7, 2)
<14:18:46> [000004EE][Warning] [CGF Error] game/objects/env/06_unit/06_glider/glider_wing_crystal/glider_wing_crystal_back.cgf [:] LOD1 of geometry  contains too many polygons comparing to the LOD0 [2720 against 4064] :
<14:18:49> [5CE4EF2C][Warning] failed to load particle lib from (Libs/Particles/game/pino_effect.xml)
<14:18:50> [58F3F7FF][Warning] @1_3_5o/scripts/x2ui/addons/api.lua:488: [Script Error] Wrong parameter type. Function .GetItemInfoByType(type) expect parameter 1 of type Number (Provided type Null)
<14:18:53> [7AB931CE] seamless unloading cell object(W23, 21), (L6, 4)
<14:19:02> [7AB931CE] seamless unloading cell object(W22, 19), (L5, 2)
<14:19:03> [B866A294] seamless unloading cell terrain(W23, 18), (L6, 1)
<14:19:04> [B866A294] seamless unloading cell terrain(W21, 17), (L4, 0)
<14:19:13> [B95EE41B][Error] invalid parent unit id(92934)
<14:19:14> [7705AB91][Warning] Cannot load texture game/objects/characters/nuian/female/hair/nu_f_hair031/nu_f_hair031_ddn.dds, file missing [File=game/objects/characters/nuian/female/hair/nu_f_hair031/nu_f_hair031_ddn.dds]
<14:19:14> [745BAE2F][Warning] failed to stream material xml(game/objects/characters/hariharan/female/parts/gv/obj/ha_f_gv_metal177.mtl)
<14:19:14> [637AF710][Warning] missing chr material : game/objects/characters/hariharan/female/parts/gv/obj/ha_f_gv_metal177.mtl (chr: game/objects/characters/hariharan/female/parts/gv/obj/ha_f_4gv106.chr)
<14:19:14> [CA175C82][Warning] non-stream IO. system(Material), filePath(game/objects/effects/keffect/m_enchant2_yellow_s.mtl)
<14:19:14> [000004EE][Warning] Independent immortal particle effect spawned: X2_EFFECT_O.Interaction.enchant_wpn_range_honor_3g
<14:19:26> [B866A294] seamless unloading cell terrain(W20, 17), (L3, 0)
<14:19:29> [C53E6FFE][Warning] non cached CDF material(objects/Characters/monster/snowlion/snowlion_blue/snowlion_blue.mtl, game/objects/characters/monster/snowlion/snowlion_blue/snowlion_blue.cdf)
<14:19:29> [CA175C82][Warning] non-stream IO. system(Material), filePath(game/objects/characters/monster/snowlion/snowlion_blue/snowlion_blue.mtl)
<14:19:29> [63ABB424][Warning] Facial sequence "fist_ac_whistle" not listed in CAL file for character "game/objects/characters/warborn/female/nude/wa_f_base.chr".
<14:19:31> [B95EE41B][Error] invalid parent unit id(119827)
<14:19:33> [F9376E0D][Warning] [flow] FG-0x91D439D4-Entity 'AnimObject_119' was destroyed with pending updates/activations. Report follows...
<14:19:33> [A8F1529E][Warning] [flow] Pending nodes:
<14:19:35> [3EF08C47] seamless loading cell object(W22, 25), (L5, 6)
<14:19:36> [A4D70365][Warning] rigid-body own-entity; prefab=prefabs/nachashgar_into.xml/nachashgar_into.into_machine_on node=AnimObject_1
<14:19:36> [B95EE41B][Error] invalid parent unit id(92934)
<14:19:37> [CE0EF930][Warning] failed to stream cgf : default
<14:19:50> [58F3F7FF][Warning] @1_3_5o/scripts/x2ui/addons/api.lua:488: [Script Error] Wrong parameter type. Function .GetItemInfoByType(type) expect parameter 1 of type Number (Provided type Null)
<14:20:09> [7AB931CE] seamless unloading cell object(W19, 19), (L2, 2)
<14:20:12> [BB790A81] origin change campos : 3777.77, 5120.097168
<14:20:12> [00000020]  
<14:20:12> [00000020]  
<14:20:12> [A581FA6D] -----------------------------------------------------------------------------
<14:20:12> [1DAA5677] SeamlessSystem::ChangeOrigin() : Here we go. Old(17,19) -> New(17,20)
<14:20:12> [A581FA6D] -----------------------------------------------------------------------------
<14:20:12> [00000020]  
<14:20:12> [00000020]  
<14:20:12> [7B1A973B] seamless loading cell terrain(W20, 27), (L3, 7)
<14:20:12> [3EF08C47] seamless loading cell object(W20, 26), (L3, 6)
<14:20:12> [413C2765][Warning] [particle] invalid positon history
<14:20:12> [7B1A973B] seamless loading cell terrain(W21, 27), (L4, 7)
<14:20:12> [7B1A973B] seamless loading cell terrain(W19, 27), (L2, 7)
<14:20:12> [7B1A973B] seamless loading cell terrain(W22, 27), (L5, 7)
<14:20:13> [B866A294] seamless unloading cell terrain(W18, 17), (L1, 0)
<14:20:14> [745BAE2F][Warning] failed to stream material xml(game/objects/characters/ferre/male/parts/pt/metal/pt_metal213/fe_m_pt_metal213_brop02.mtl)
<14:20:14> [637AF710][Warning] missing chr material : game/objects/characters/ferre/male/parts/bo/obj/fe_m_bo_metal205.mtl (chr: game/objects/characters/ferre/male/parts/bo/obj/fe_m_4bo101.chr)
<14:20:14> [491B3718][Warning] Cannot load texture objects/characters/ferre/female/face/face01/fe_f_face01_fur_sss.dds, file missing [File=objects/characters/ferre/female/face/face01/fe_f_face01_fur_sss.dds]
<14:20:14> [5243B464][Warning] Error: CShaderMan::mfCreateShaderResources: Couldn't find subsurface texture 'objects/characters/ferre/female/face/face01/fe_f_face01_fur_sss.dds' in path '' [File=objects/characters/ferre/female/face/face01/fe_f_face01_fur_sss.dds]
<14:20:14> [3EF08C47] seamless loading cell object(W21, 26), (L4, 6)
<14:20:16> [7B1A973B] seamless loading cell terrain(W17, 26), (L0, 6)
<14:20:16> [CE0EF930][Warning] failed to stream cgf : default
<14:20:16> [A4D70365][Warning] rigid-body own-entity; prefab=prefabs/origin_continent.xml/tower.safezone_down node=AnimObject_51
<14:20:16> [CA175C82][Warning] non-stream IO. system(Material), filePath(game/objects/effects/keffect/m_enchant3_silver_m.mtl)
<14:20:16> [000004EE][Warning] Independent immortal particle effect spawned: X2_EFFECT_O.Interaction.enchant_wpn_range_honor_3g
<14:20:17> [7AB931CE] seamless unloading cell object(W21, 18), (L4, 1)
<14:20:18> [B866A294] seamless unloading cell terrain(W24, 19), (L7, 2)
<14:20:19> [3EF08C47] seamless loading cell object(W18, 25), (L1, 5)
<14:20:19> [7AB931CE] seamless unloading cell object(W18, 19), (L1, 2)
<14:20:20> [7B1A973B] seamless loading cell terrain(W18, 27), (L1, 7)
<14:20:34> [3EF08C47] seamless loading cell object(W19, 26), (L2, 6)
<14:20:34> [C53DD221][Warning] Cannot load texture game/objects/env/01_nuia/001_ncom/ncom_city_old_multi_in_prison_cave_rock_aa_df.dds, file missing [File=game/objects/env/01_nuia/001_ncom/ncom_city_old_multi_in_prison_cave_rock_aa_df.dds]
<14:20:34> [FCC3CF4D][Warning] Error: CShaderMan::mfCreateShaderResources: Couldn't find subsurface texture 'game/objects/Env/01_nuia/001_ncom/ncom_city_old_multi_in_prison_cave_rock_aa_df.dds' in path '' [File=game/objects/Env/01_nuia/001_ncom/ncom_city_old_multi_in_prison_cave_rock_aa_df.dds]
<14:20:35> [000004EE][Warning] [CGF Error] game/objects/env/03_origin_continent/25_shining_shore/o_shining_ostcamp_column_b.cgf [:] LOD1 of geometry  contains too many polygons comparing to the LOD0 [488 against 684] :
<14:20:36> [B866A294] seamless unloading cell terrain(W22, 17), (L5, 0)
<14:20:38> [7AB931CE] seamless unloading cell object(W20, 18), (L3, 1)
<14:20:40> [62232BEA][Warning] deferred xml stream error - game/animations/env/03_origin_continent/25_shining_shore/o_shining_purification_tower_big/lmg_files/normal_run.lmg : f0000003
<14:20:50> [58F3F7FF][Warning] @1_3_5o/scripts/x2ui/addons/api.lua:488: [Script Error] Wrong parameter type. Function .GetItemInfoByType(type) expect parameter 1 of type Number (Provided type Null)
<14:20:59> [000004EE][Warning] Independent immortal particle effect spawned: X2_EFFECT_O.Interaction.enchant_wpn_range_honor_3g
<14:21:09> [B95EE41B][Error] invalid parent unit id(119827)
<14:21:14> [B866A294] seamless unloading cell terrain(W17, 18), (L0, 1)
<14:21:14> [000004EE][Warning] Particle effect not found: 'game/abillity_skill_table_m.fight.hitup_level2', from unknown 
<14:21:19> [000004EE][Warning] I3DEngine::RegisterEntity: entity reports invalid position: Name: LightEntityName (), Class: LightEntityClass, Pos=(-2045.9,8604.4,907.4), aabb center=(3561.7,4465.7,255.2)
<14:21:19> [7AB931CE] seamless unloading cell object(W22, 19), (L5, 2)
<14:21:19> [62232BEA][Warning] deferred xml stream error - game/animations/animals/piggy/lmg_files/normal_walk.lmg : f0000003
<14:21:19> [745BAE2F][Warning] failed to stream material xml(game/objects/env/01_nuia/001_housing/housing_dominion/streetlight.mtl)
<14:21:19> [637AF710][Warning] missing chr material : game/objects/characters/hariharan/female/parts/hm/obj/ha_f_hm_cloth028.mtl (chr: game/objects/characters/hariharan/female/parts/hm/obj/ha_f_1hm129.chr)
<14:21:20> [B866A294] seamless unloading cell terrain(W23, 18), (L6, 1)
<14:21:23> [00DCF04C][Warning] Cannot load texture game/objects/characters/ferre/female/test/fe_f_nude_fur_df.dds, file missing [File=game/objects/characters/ferre/female/test/fe_f_nude_fur_df.dds]
<14:21:23> [000004EE][Warning] [CGF Error] game/objects/env/01_nuia/001_housing/housing_furniture/dominion_making_table.cgf [:] LOD1 of geometry  contains too many polygons comparing to the LOD0 [1760 against 2493] :
<14:21:23> [CA175C82][Warning] non-stream IO. system(CGF), filePath(objects/Env/01_nuia/001_housing/housing_dominion/housing_dominion_castle_b_window_on.cgf)
<14:21:23> [5132FEDE][Warning] invalid attached position(6.13, 19.04, 0.23)
<14:21:23> [CE0EF930][Warning] failed to stream cgf : game/objects/env/01_nuia/001_housing/housing_dominion/housing_dominion_market_dead.cgf
<14:21:23> [F96F63EE][Warning] locomotion group '_FIST_MO_RIDER_ROBOT_IDLETORUN' is invalid!
<14:21:23> [000004EE][Warning] [CGF Error] game/objects/env/01_nuia/001_ndeco/making/ndeco_powerfulmaking.cga [:] LOD1 of geometry parts01 contains too many polygons comparing to the LOD0 [1592 against 1130] :
<14:21:24> [B866A294] seamless unloading cell terrain(W24, 20), (L7, 3)
<14:21:24> [745BAE2F][Warning] failed to stream material xml(game/objects/characters/nuian/female/parts/gv/obj/nu_f_gv_cloth142.mtl)
<14:21:24> [637AF710][Warning] missing chr material : game/objects/characters/nuian/female/parts/gv/obj/nu_f_gv_cloth142.mtl (chr: game/objects/characters/nuian/female/parts/gv/obj/nu_f_2gv301.chr)
<14:21:31> [745BAE2F][Warning] failed to stream material xml(game/objects/characters/monster/daru/daru_trader/Material #367.mtl)
<14:21:31> [84229360][Warning] Cannot load texture game/objects/characters/monster/daru/daru_pilot/daru_pilot_ddn.dd, file missing [File=game/objects/characters/monster/daru/daru_pilot/daru_pilot_ddn.dd]
<14:21:33> [B866A294] seamless unloading cell terrain(W24, 21), (L7, 4)
<14:21:39> [62232BEA][Warning] deferred xml stream error - game/animations/env/03_origin_continent/25_shining_shore/o_shining_purification_tower/lmg_files/normal_run.lmg : f0000003
<14:21:39> [7B1A973B] seamless loading cell terrain(W17, 21), (L0, 1)
<14:21:40> [3EF08C47] seamless loading cell object(W18, 22), (L1, 2)
<14:21:47> [62AE7A26][Warning] Cannot load texture objects/characters/monster/brokencorpse/test01.dds, file missing [File=objects/characters/monster/brokencorpse/test01.dds]
<14:21:47> [A894C680][Warning] Error: CShaderMan::mfCreateShaderResources: Couldn't find custom texture 'objects/characters/monster/brokencorpse/test01.tif' in path '' [File=objects/characters/monster/brokencorpse/test01.tif]
<14:21:49> [000004EE][Warning] Particle effect not found: 'game/x2_effect_o.mon_effects.mon_scream_hit', from unknown 
<14:21:50> [58F3F7FF][Warning] @1_3_5o/scripts/x2ui/addons/api.lua:488: [Script Error] Wrong parameter type. Function .GetItemInfoByType(type) expect parameter 1 of type Number (Provided type Null)
<14:21:58> [62232BEA][Warning] deferred xml stream error - game/animations/env/03_origin_continent/25_shining_shore/o_shining_purification_tower_big/lmg_files/normal_run.lmg : f0000003
<14:22:00> [745BAE2F][Warning] failed to stream material xml(game/objects/effects/ksw_effect/qilin.mtl)
<14:22:01> [B95EE41B][Error] invalid parent unit id(123750)
<14:22:01> [9BE68962][Warning] Not a normal map texture tried to be used as a normal map: game/objects/item/aac/all/aa_summer/dagger/ZsasZ/aa_summer_popsicle_df.dds [File=game/objects/item/aac/all/aa_summer/dagger/ZsasZ/aa_summer_popsicle_df.dds]
<14:22:01> [95BBB286][Warning] Non 3dc normal map used (wrong on DX10): game/objects/item/aac/all/aa_summer/dagger/ZsasZ/aa_summer_popsicle_ddn.dds [File=game/objects/item/aac/all/aa_summer/dagger/ZsasZ/aa_summer_popsicle_ddn.dds]
<14:22:01> [000004EE][Warning] [CGF Error] game/objects/item/bow/bow_sea_1/bow_sea_1.cgf [:] LOD1 of geometry  contains too many polygons comparing to the LOD0 [4127 against 5997] :
<14:22:01> [CA175C82][Warning] non-stream IO. system(Material), filePath(game/objects/characters/warborn/female/horns/wa_f_horns010/wa_f_horns010_hc01.mtl)
<14:22:01> [000004EE][Warning] Independent immortal particle effect spawned: X2_EFFECT_O.Interaction.enchant_wpn_range_honor_3g
<14:22:02> [7AB931CE] seamless unloading cell object(W22, 22), (L5, 5)
<14:22:03> [637AF710][Warning] missing chr material : game/objects/characters/hariharan/male/parts/pt/obj/ha_m_pt_cloth250.mtl (chr: game/objects/characters/hariharan/male/parts/pt/obj/ha_m_1pt900.chr)
<14:22:06> [745BAE2F][Warning] failed to stream material xml(game/objects/characters/hariharan/female/parts/hm/obj/ha_f_hm_cloth028.mtl)
<14:22:09> [000004EE][Warning] Independent immortal particle effect spawned: X2_EFFECT_O.Interaction.enchant_wpn_range_honor_3g
<14:22:10> [B95EE41B][Error] invalid parent unit id(123750)
<14:22:49> [58F3F7FF][Warning] @1_3_5o/scripts/x2ui/addons/api.lua:488: [Script Error] Wrong parameter type. Function .GetItemInfoByType(type) expect parameter 1 of type Number (Provided type Null)
<14:23:00> [000004EE][Warning] Independent immortal particle effect spawned: X2_EFFECT_O.Interaction.enchant_wpn_range_honor_3g
<14:23:03> [745BAE2F][Warning] failed to stream material xml(game/objects/effects/ksw_effect/pc_hit/01 - Default.mtl)
<14:23:12> [CA175C82][Warning] non-stream IO. system(CGF), filePath(Objects/Env/01_nuia/001_housing/housing_house/housing_tree_spider.cgf)
<14:23:12> [BF8BE32F][Warning] Cannot load texture game/objects/env/01_nuia/001_housing/housing_house/housing_tree_base_sp.dds, file missing [File=game/objects/env/01_nuia/001_housing/housing_house/housing_tree_base_sp.dds]
<14:23:12> [755A3546][Warning] Error: CShaderMan::mfCreateShaderResources: Couldn't find custom secondary texture 'game/objects/env/01_nuia/001_housing/housing_house/nuia_housing_treemossy03_ddn.dds' in path '' [File=game/objects/env/01_nuia/001_housing/housing_house/nuia_housing_treemossy03_ddn.dds]
<14:23:12> [745BAE2F][Warning] failed to stream material xml(game/objects/env/01_nuia/001_housing/housing_house/gw_elfremain_b.mtl)
<14:23:12> [000004EE][Warning] I3DEngine::RegisterEntity: entity reports invalid position: Name: LightEntityName (), Class: LightEntityClass, Pos=(-2313.9,8904.8,723.5), aabb center=(3112.7,4516.6,179.6)
<14:23:12> [B866A294] seamless unloading cell terrain(W21, 17), (L4, 0)
<14:23:15> [7B1A973B] seamless loading cell terrain(W17, 27), (L0, 7)
<14:23:16> [000004EE][Warning] [CGF Error] game/objects/env/01_nuia/001_housing/housing_furniture/dominion_making_table.cgf [:] LOD1 of geometry  contains too many polygons comparing to the LOD0 [1760 against 2493] :
<14:23:16> [637AF710][Warning] missing chr material : game/objects/characters/ferre/female/parts/hm/obj/fe_f_hm_cloth038.mtl (chr: game/objects/characters/ferre/female/parts/hm/obj/fe_f_1hm122.chr)
<14:23:17> [CE0EF930][Warning] failed to stream cgf : game/objects/env/01_nuia/001_housing/housing_dominion/housing_dominion_market_dead.cgf
<14:23:17> [000004EE][Warning] [CGF Error] game/objects/env/01_nuia/001_ndeco/making/ndeco_powerfulmaking.cga [:] LOD1 of geometry parts01 contains too many polygons comparing to the LOD0 [1592 against 1130] :
<14:23:17> [F9A4BDC6][Warning] Cannot load texture game/objects/env/01_nuia/001_housing/housing_furniture/hf_aliceset_light_a_ddn2.dds, file missing [File=game/objects/env/01_nuia/001_housing/housing_furniture/hf_aliceset_light_a_ddn2.dds]
<14:23:17> [745BAE2F][Warning] failed to stream material xml(game/objects/characters/nuian/female/parts/bo/obj/nu_f_bo_leather041.mtl)
<14:23:18> [5243B464][Warning] Error: CShaderMan::mfCreateShaderResources: Couldn't find subsurface texture 'objects/characters/ferre/female/face/face01/fe_f_face01_fur_sss.dds' in path '' [File=objects/characters/ferre/female/face/face01/fe_f_face01_fur_sss.dds]
<14:23:50> [58F3F7FF][Warning] @1_3_5o/scripts/x2ui/addons/api.lua:488: [Script Error] Wrong parameter type. Function .GetItemInfoByType(type) expect parameter 1 of type Number (Provided type Null)
<14:24:01> [000004EE][Warning] Independent immortal particle effect spawned: X2_EFFECT_O.Interaction.enchant_wpn_range_honor_3g
<14:24:05> [745BAE2F][Warning] failed to stream material xml(game/objects/effects/ksw_effect/pc_hit/01 - Default.mtl)
<14:24:20> [3EF08C47] seamless loading cell object(W18, 26), (L1, 6)
<14:24:20> [000004EE][Warning] [CGF Error] game/objects/env/03_origin_continent/25_shining_shore/o_shining_ostcamp_column_b.cgf [:] LOD1 of geometry  contains too many polygons comparing to the LOD0 [488 against 684] :
<14:24:23> [000004EE][Warning] Independent immortal particle effect spawned: X2_EFFECT_O.Interaction.enchant_wpn_range_honor_3g
<14:24:49> [000004EE][Warning] Independent immortal particle effect spawned: X2_EFFECT_O.Interaction.enchant_wpn_range_honor_3g
<14:24:50> [58F3F7FF][Warning] @1_3_5o/scripts/x2ui/addons/api.lua:488: [Script Error] Wrong parameter type. Function .GetItemInfoByType(type) expect parameter 1 of type Number (Provided type Null)
<14:25:00> [000004EE][Warning] Independent immortal particle effect spawned: X2_EFFECT_O.Interaction.enchant_wpn_range_honor_3g
<14:25:12> [000004EE][Warning] Independent immortal particle effect spawned: X2_EFFECT_O.Interaction.enchant_wpn_range_honor_3g
<14:25:18> [CA175C82][Warning] non-stream IO. system(Material), filePath(game/materials/decals/default.mtl)
<14:25:31> [CA175C82][Warning] non-stream IO. system(CGF), filePath(Objects/Env/01_nuia/001_housing/housing_house/housing_tree_spider.cgf)
<14:25:31> [BF8BE32F][Warning] Cannot load texture game/objects/env/01_nuia/001_housing/housing_house/housing_tree_base_sp.dds, file missing [File=game/objects/env/01_nuia/001_housing/housing_house/housing_tree_base_sp.dds]
<14:25:32> [755A3546][Warning] Error: CShaderMan::mfCreateShaderResources: Couldn't find custom secondary texture 'game/objects/env/01_nuia/001_housing/housing_house/nuia_housing_treemossy03_ddn.dds' in path '' [File=game/objects/env/01_nuia/001_housing/housing_house/nuia_housing_treemossy03_ddn.dds]
<14:25:32> [745BAE2F][Warning] failed to stream material xml(game/objects/env/01_nuia/001_housing/housing_house/gw_elfremain_b.mtl)
<14:25:33> [000004EE][Warning] Independent immortal particle effect spawned: X2_EFFECT_O.Interaction.enchant_wpn_range_honor_3g
<14:25:37> [745BAE2F][Warning] failed to stream material xml(game/$picking.mtl)
<14:25:45> [F9A4BDC6][Warning] Cannot load texture game/objects/env/01_nuia/001_housing/housing_furniture/hf_aliceset_light_a_ddn2.dds, file missing [File=game/objects/env/01_nuia/001_housing/housing_furniture/hf_aliceset_light_a_ddn2.dds]
<14:25:48> [000004EE][Warning] Independent immortal particle effect spawned: X2_EFFECT_O.Interaction.enchant_wpn_range_honor_3g
<14:25:50> [58F3F7FF][Warning] @1_3_5o/scripts/x2ui/addons/api.lua:488: [Script Error] Wrong parameter type. Function .GetItemInfoByType(type) expect parameter 1 of type Number (Provided type Null)
<14:25:50> [CA175C82][Warning] non-stream IO. system(CGF), filePath(objects/Env/01_nuia/001_housing/housing_dominion/housing_dominion_castle_b_window_on.cgf)
<14:25:50> [5132FEDE][Warning] invalid attached position(6.13, 19.04, 0.23)
<14:25:50> [745BAE2F][Warning] failed to stream material xml(game/objects/env/01_nuia/001_housing/housing_dominion/ndeco_house_ladder.mtl)
<14:25:50> [637AF710][Warning] missing chr material : game/objects/characters/dwarf/male/parts/bo/obj/dw_m_bo_cloth106.mtl (chr: game/objects/characters/dwarf/male/parts/bo/obj/dw_m_1bf001_1bo201.chr)
<14:25:50> [F96F63EE][Warning] locomotion group '_FIST_MO_RIDER_ROBOT_IDLETORUN' is invalid!
<14:25:53> [A4D70365][Warning] rigid-body own-entity; prefab=prefabs/origin_continent.xml/tower.origin_tower_hp50 node=AnimObject_5
<14:25:59> [745BAE2F][Warning] failed to stream material xml(game/$picking.mtl)
<14:26:08> [745BAE2F][Warning] failed to stream material xml(game/materials/effects/fume_h_ssd.mtl)
<14:26:21> [000004EE][Warning] Independent immortal particle effect spawned: X2_EFFECT_O.Interaction.enchant_wpn_range_honor_3g
<14:26:33> [000004EE][Warning] Independent immortal particle effect spawned: X2_EFFECT_O.Interaction.enchant_wpn_range_honor_3g
<14:26:49> [000004EE][Warning] Independent immortal particle effect spawned: X2_EFFECT_O.Interaction.enchant_wpn_range_honor_3g
<14:26:50> [58F3F7FF][Warning] @1_3_5o/scripts/x2ui/addons/api.lua:488: [Script Error] Wrong parameter type. Function .GetItemInfoByType(type) expect parameter 1 of type Number (Provided type Null)
<14:26:58> [000004EE][Warning] Independent immortal particle effect spawned: X2_EFFECT_O.Interaction.enchant_wpn_range_honor_3g
<14:27:14> [000004EE][Warning] Independent immortal particle effect spawned: X2_EFFECT_O.Interaction.enchant_wpn_range_honor_3g
<14:27:21> [000004EE][Warning] Independent immortal particle effect spawned: X2_EFFECT_O.Interaction.enchant_wpn_range_honor_3g
<14:27:50> [58F3F7FF][Warning] @1_3_5o/scripts/x2ui/addons/api.lua:488: [Script Error] Wrong parameter type. Function .GetItemInfoByType(type) expect parameter 1 of type Number (Provided type Null)
<14:28:01> [745BAE2F][Warning] failed to stream material xml(game/materials/effects/fume_h_ssd.mtl)
<14:28:11> [000004EE][Warning] Independent immortal particle effect spawned: X2_EFFECT_O.Interaction.enchant_wpn_range_honor_3g
<14:28:24> [000004EE][Warning] Independent immortal particle effect spawned: X2_EFFECT_O.Interaction.enchant_wpn_range_honor_3g
<14:28:27> [6FF68EA5] SetInstantTime: type 0 time 1759689057
<14:28:31> [CA175C82][Warning] non-stream IO. system(CGF), filePath(Objects/Env/01_nuia/001_housing/housing_house/housing_tree_spider.cgf)
<14:28:31> [BF8BE32F][Warning] Cannot load texture game/objects/env/01_nuia/001_housing/housing_house/housing_tree_base_sp.dds, file missing [File=game/objects/env/01_nuia/001_housing/housing_house/housing_tree_base_sp.dds]
<14:28:31> [755A3546][Warning] Error: CShaderMan::mfCreateShaderResources: Couldn't find custom secondary texture 'game/objects/env/01_nuia/001_housing/housing_house/nuia_housing_treemossy03_ddn.dds' in path '' [File=game/objects/env/01_nuia/001_housing/housing_house/nuia_housing_treemossy03_ddn.dds]
<14:28:31> [745BAE2F][Warning] failed to stream material xml(game/objects/env/01_nuia/001_housing/housing_house/gw_elfremain_b.mtl)
<14:28:34> [6FF68EA5] SetInstantTime: type 0 time 0
<14:28:50> [58F3F7FF][Warning] @1_3_5o/scripts/x2ui/addons/api.lua:488: [Script Error] Wrong parameter type. Function .GetItemInfoByType(type) expect parameter 1 of type Number (Provided type Null)
<14:28:56> [000004EE][Warning] Independent immortal particle effect spawned: X2_EFFECT_O.Interaction.enchant_wpn_range_honor_3g
<14:29:06> [745BAE2F][Warning] failed to stream material xml(game/materials/effects/fume_h_ssd.mtl)
<14:29:12> [000004EE][Warning] Independent immortal particle effect spawned: X2_EFFECT_O.Interaction.enchant_wpn_range_honor_3g
<14:29:29> [000004EE][Warning] Independent immortal particle effect spawned: X2_EFFECT_O.Interaction.enchant_wpn_range_honor_3g
<14:29:38> [6FF68EA5] SetInstantTime: type 0 time 1759689128
<14:29:40> [6FF68EA5] SetInstantTime: type 0 time 0
<14:29:49> [58F3F7FF][Warning] @1_3_5o/scripts/x2ui/addons/api.lua:488: [Script Error] Wrong parameter type. Function .GetItemInfoByType(type) expect parameter 1 of type Number (Provided type Null)
<14:29:54> [000004EE][Warning] Independent immortal particle effect spawned: X2_EFFECT_O.Interaction.enchant_wpn_range_honor_3g
<14:30:17> [000004EE][Warning] Independent immortal particle effect spawned: X2_EFFECT_O.Interaction.enchant_wpn_range_honor_3g
<14:30:24> [CA175C82][Warning] non-stream IO. system(CGF), filePath(Objects/Env/01_nuia/001_housing/housing_house/housing_tree_spider.cgf)
<14:30:24> [BF8BE32F][Warning] Cannot load texture game/objects/env/01_nuia/001_housing/housing_house/housing_tree_base_sp.dds, file missing [File=game/objects/env/01_nuia/001_housing/housing_house/housing_tree_base_sp.dds]
<14:30:25> [755A3546][Warning] Error: CShaderMan::mfCreateShaderResources: Couldn't find custom secondary texture 'game/objects/env/01_nuia/001_housing/housing_house/nuia_housing_treemossy03_ddn.dds' in path '' [File=game/objects/env/01_nuia/001_housing/housing_house/nuia_housing_treemossy03_ddn.dds]
<14:30:25> [745BAE2F][Warning] failed to stream material xml(game/objects/env/01_nuia/001_housing/housing_house/gw_elfremain_b.mtl)
<14:30:29> [000004EE][Warning] Independent immortal particle effect spawned: X2_EFFECT_O.Interaction.enchant_wpn_range_honor_3g
<14:30:32> [F9A4BDC6][Warning] Cannot load texture game/objects/env/01_nuia/001_housing/housing_furniture/hf_aliceset_light_a_ddn2.dds, file missing [File=game/objects/env/01_nuia/001_housing/housing_furniture/hf_aliceset_light_a_ddn2.dds]
<14:30:32> [745BAE2F][Warning] failed to stream material xml(game/$picking.mtl)
<14:30:38> [62232BEA][Warning] deferred xml stream error - game/animations/env/03_origin_continent/25_shining_shore/o_shining_purification_tower_big/lmg_files/normal_run.lmg : f0000003
<14:30:50> [58F3F7FF][Warning] @1_3_5o/scripts/x2ui/addons/api.lua:488: [Script Error] Wrong parameter type. Function .GetItemInfoByType(type) expect parameter 1 of type Number (Provided type Null)
<14:30:50> [000004EE][Warning] Independent immortal particle effect spawned: X2_EFFECT_O.Interaction.enchant_wpn_range_honor_3g
<14:30:54> [745BAE2F][Warning] failed to stream material xml(game/materials/effects/fume_h_ssd.mtl)
<14:31:06> [000004EE][Warning] Independent immortal particle effect spawned: X2_EFFECT_O.Interaction.enchant_wpn_range_honor_3g
<14:31:25> [000004EE][Warning] Independent immortal particle effect spawned: X2_EFFECT_O.Interaction.enchant_wpn_range_honor_3g
<14:31:29> [745BAE2F][Warning] failed to stream material xml(game/$picking.mtl)
<14:31:33> [F9A4BDC6][Warning] Cannot load texture game/objects/env/01_nuia/001_housing/housing_furniture/hf_aliceset_light_a_ddn2.dds, file missing [File=game/objects/env/01_nuia/001_housing/housing_furniture/hf_aliceset_light_a_ddn2.dds]
<14:31:38> [000004EE][Warning] Independent immortal particle effect spawned: X2_EFFECT_O.Interaction.enchant_wpn_range_honor_3g
<14:31:50> [58F3F7FF][Warning] @1_3_5o/scripts/x2ui/addons/api.lua:488: [Script Error] Wrong parameter type. Function .GetItemInfoByType(type) expect parameter 1 of type Number (Provided type Null)
<14:31:53> [745BAE2F][Warning] failed to stream material xml(game/objects/effects/ksw_effect/qilin.mtl)
<14:31:53> [B95EE41B][Error] invalid parent unit id(70635)
<14:32:03> [B95EE41B][Error] invalid parent unit id(70635)
<14:32:20> [CE0EF930][Warning] failed to stream cgf : objects/effects/portal_gate.cgf
<14:32:21> [5F2B49C4][Warning] cell get sector zone : invalid sector pos (-9, 0)
<14:32:21> [BB790A81] origin change campos : -601.33, -11334.891602
<14:32:21> [00000020]  
<14:32:21> [00000020]  
<14:32:21> [A581FA6D] -----------------------------------------------------------------------------
<14:32:21> [1DAA5677] SeamlessSystem::ChangeOrigin() : Here we go. Old(17,20) -> New(13,6)
<14:32:21> [A581FA6D] -----------------------------------------------------------------------------
<14:32:21> [00000020]  
<14:32:21> [00000020]  
<14:32:21> [B866A294] seamless unloading cell terrain(W23, 23), (L6, 6)
<14:32:21> [B866A294] seamless unloading cell terrain(W23, 22), (L6, 5)
<14:32:21> [B866A294] seamless unloading cell terrain(W23, 21), (L6, 4)
<14:32:21> [B866A294] seamless unloading cell terrain(W23, 20), (L6, 3)
<14:32:21> [B866A294] seamless unloading cell terrain(W23, 19), (L6, 2)
<14:32:21> [B866A294] seamless unloading cell terrain(W22, 24), (L5, 7)
<14:32:21> [B866A294] seamless unloading cell terrain(W22, 23), (L5, 6)
<14:32:21> [B866A294] seamless unloading cell terrain(W22, 22), (L5, 5)
<14:32:21> [B866A294] seamless unloading cell terrain(W22, 21), (L5, 4)
<14:32:21> [7AB931CE] seamless unloading cell object(W22, 21), (L5, 4)
<14:32:21> [4B1E8B22] unload cell object count : 19753
<14:32:21> [B866A294] seamless unloading cell terrain(W22, 20), (L5, 3)
<14:32:21> [7AB931CE] seamless unloading cell object(W22, 20), (L5, 3)
<14:32:21> [4B1E8B22] unload cell object count : 1470
<14:32:21> [B866A294] seamless unloading cell terrain(W22, 19), (L5, 2)
<14:32:21> [B866A294] seamless unloading cell terrain(W22, 18), (L5, 1)
<14:32:21> [B866A294] seamless unloading cell terrain(W21, 24), (L4, 7)
<14:32:21> [B866A294] seamless unloading cell terrain(W21, 23), (L4, 6)
<14:32:21> [7AB931CE] seamless unloading cell object(W21, 23), (L4, 6)
<14:32:21> [4B1E8B22] unload cell object count : 4408
<14:32:21> [B866A294] seamless unloading cell terrain(W21, 22), (L4, 5)
<14:32:21> [7AB931CE] seamless unloading cell object(W21, 22), (L4, 5)
<14:32:21> [4B1E8B22] unload cell object count : 2549
<14:32:21> [B866A294] seamless unloading cell terrain(W21, 21), (L4, 4)
<14:32:21> [7AB931CE] seamless unloading cell object(W21, 21), (L4, 4)
<14:32:21> [4B1E8B22] unload cell object count : 15328
<14:32:21> [B866A294] seamless unloading cell terrain(W21, 20), (L4, 3)
<14:32:21> [7AB931CE] seamless unloading cell object(W21, 20), (L4, 3)
<14:32:21> [4B1E8B22] unload cell object count : 16745
<14:32:21> [B866A294] seamless unloading cell terrain(W21, 19), (L4, 2)
<14:32:21> [7AB931CE] seamless unloading cell object(W21, 19), (L4, 2)
<14:32:21> [4B1E8B22] unload cell object count : 0
<14:32:21> [B866A294] seamless unloading cell terrain(W21, 18), (L4, 1)
<14:32:21> [B866A294] seamless unloading cell terrain(W20, 24), (L3, 7)
<14:32:21> [B866A294] seamless unloading cell terrain(W20, 23), (L3, 6)
<14:32:21> [7AB931CE] seamless unloading cell object(W20, 23), (L3, 6)
<14:32:21> [4B1E8B22] unload cell object count : 1057
<14:32:21> [B866A294] seamless unloading cell terrain(W20, 22), (L3, 5)
<14:32:21> [7AB931CE] seamless unloading cell object(W20, 22), (L3, 5)
<14:32:21> [4B1E8B22] unload cell object count : 4945
<14:32:21> [B866A294] seamless unloading cell terrain(W20, 21), (L3, 4)
<14:32:21> [7AB931CE] seamless unloading cell object(W20, 21), (L3, 4)
<14:32:21> [4B1E8B22] unload cell object count : 31789
<14:32:21> [B866A294] seamless unloading cell terrain(W20, 20), (L3, 3)
<14:32:21> [7AB931CE] seamless unloading cell object(W20, 20), (L3, 3)
<14:32:21> [4B1E8B22] unload cell object count : 14585
<14:32:21> [B866A294] seamless unloading cell terrain(W20, 19), (L3, 2)
<14:32:21> [7AB931CE] seamless unloading cell object(W20, 19), (L3, 2)
<14:32:21> [4B1E8B22] unload cell object count : 0
<14:32:21> [B866A294] seamless unloading cell terrain(W20, 18), (L3, 1)
<14:32:21> [B866A294] seamless unloading cell terrain(W20, 17), (L3, 0)
<14:32:21> [B866A294] seamless unloading cell terrain(W19, 24), (L2, 7)
<14:32:21> [B866A294] seamless unloading cell terrain(W19, 23), (L2, 6)
<14:32:21> [7AB931CE] seamless unloading cell object(W19, 23), (L2, 6)
<14:32:21> [4B1E8B22] unload cell object count : 2510
<14:32:21> [B866A294] seamless unloading cell terrain(W19, 22), (L2, 5)
<14:32:21> [7AB931CE] seamless unloading cell object(W19, 22), (L2, 5)
<14:32:21> [4B1E8B22] unload cell object count : 0
<14:32:21> [B866A294] seamless unloading cell terrain(W19, 21), (L2, 4)
<14:32:21> [7AB931CE] seamless unloading cell object(W19, 21), (L2, 4)
<14:32:21> [4B1E8B22] unload cell object count : 32645
<14:32:21> [B866A294] seamless unloading cell terrain(W19, 20), (L2, 3)
<14:32:21> [7AB931CE] seamless unloading cell object(W19, 20), (L2, 3)
<14:32:21> [4B1E8B22] unload cell object count : 18944
<14:32:21> [B866A294] seamless unloading cell terrain(W19, 19), (L2, 2)
<14:32:21> [7AB931CE] seamless unloading cell object(W19, 19), (L2, 2)
<14:32:21> [4B1E8B22] unload cell object count : 0
<14:32:21> [B866A294] seamless unloading cell terrain(W19, 18), (L2, 1)
<14:32:21> [B866A294] seamless unloading cell terrain(W19, 17), (L2, 0)
<14:32:21> [B866A294] seamless unloading cell terrain(W18, 24), (L1, 7)
<14:32:21> [B866A294] seamless unloading cell terrain(W18, 23), (L1, 6)
<14:32:21> [7AB931CE] seamless unloading cell object(W18, 23), (L1, 6)
<14:32:21> [4B1E8B22] unload cell object count : 3256
<14:32:21> [B866A294] seamless unloading cell terrain(W18, 22), (L1, 5)
<14:32:21> [7AB931CE] seamless unloading cell object(W18, 22), (L1, 5)
<14:32:21> [4B1E8B22] unload cell object count : 0
<14:32:21> [B866A294] seamless unloading cell terrain(W18, 21), (L1, 4)
<14:32:21> [7AB931CE] seamless unloading cell object(W18, 21), (L1, 4)
<14:32:21> [4B1E8B22] unload cell object count : 2538
<14:32:21> [B866A294] seamless unloading cell terrain(W18, 20), (L1, 3)
<14:32:21> [7AB931CE] seamless unloading cell object(W18, 20), (L1, 3)
<14:32:21> [4B1E8B22] unload cell object count : 740
<14:32:21> [B866A294] seamless unloading cell terrain(W18, 19), (L1, 2)
<14:32:21> [7AB931CE] seamless unloading cell object(W18, 19), (L1, 2)
<14:32:21> [4B1E8B22] unload cell object count : 0
<14:32:21> [B866A294] seamless unloading cell terrain(W18, 18), (L1, 1)
<14:32:21> [B866A294] seamless unloading cell terrain(W17, 24), (L0, 7)
<14:32:21> [B866A294] seamless unloading cell terrain(W17, 23), (L0, 6)
<14:32:21> [B866A294] seamless unloading cell terrain(W17, 22), (L0, 5)
<14:32:21> [B866A294] seamless unloading cell terrain(W17, 21), (L0, 4)
<14:32:21> [B866A294] seamless unloading cell terrain(W17, 20), (L0, 3)
<14:32:21> [B866A294] seamless unloading cell terrain(W17, 19), (L0, 2)
<14:32:21> [B866A294] seamless unloading cell terrain(W17, 18), (L0, 1)
<14:32:21> [3623F74F] [Seamless] camera has been warped
<14:32:21> [9CAE9693] Starting In World Loading
<14:32:21> [7B1A973B] seamless loading cell terrain(W16, 8), (L3, 2)
<14:32:21> [7B1A973B] seamless loading cell terrain(W16, 9), (L3, 3)
<14:32:22> [7B1A973B] seamless loading cell terrain(W15, 8), (L2, 2)
<14:32:22> [7B1A973B] seamless loading cell terrain(W15, 9), (L2, 3)
<14:32:22> [7B1A973B] seamless loading cell terrain(W17, 8), (L4, 2)
<14:32:22> [7B1A973B] seamless loading cell terrain(W17, 9), (L4, 3)
<14:32:22> [7B1A973B] seamless loading cell terrain(W16, 7), (L3, 1)
<14:32:22> [7B1A973B] seamless loading cell terrain(W16, 10), (L3, 4)
<14:32:22> [7B1A973B] seamless loading cell terrain(W15, 7), (L2, 1)
<14:32:22> [7B1A973B] seamless loading cell terrain(W17, 7), (L4, 1)
<14:32:22> [7B1A973B] seamless loading cell terrain(W15, 10), (L2, 4)
<14:32:22> [7B1A973B] seamless loading cell terrain(W17, 10), (L4, 4)
<14:32:22> [7B1A973B] seamless loading cell terrain(W14, 8), (L1, 2)
<14:32:22> [7B1A973B] seamless loading cell terrain(W14, 9), (L1, 3)
<14:32:22> [7B1A973B] seamless loading cell terrain(W18, 8), (L5, 2)
<14:32:22> [7B1A973B] seamless loading cell terrain(W18, 9), (L5, 3)
<14:32:22> [7B1A973B] seamless loading cell terrain(W14, 7), (L1, 1)
<14:32:22> [7B1A973B] seamless loading cell terrain(W16, 6), (L3, 0)
<14:32:22> [7B1A973B] seamless loading cell terrain(W14, 10), (L1, 4)
<14:32:22> [7B1A973B] seamless loading cell terrain(W18, 7), (L5, 1)
<14:32:22> [7B1A973B] seamless loading cell terrain(W16, 11), (L3, 5)
<14:32:22> [7B1A973B] seamless loading cell terrain(W15, 6), (L2, 0)
<14:32:22> [7B1A973B] seamless loading cell terrain(W18, 10), (L5, 4)
<14:32:22> [7B1A973B] seamless loading cell terrain(W17, 6), (L4, 0)
<14:32:22> [7B1A973B] seamless loading cell terrain(W15, 11), (L2, 5)
<14:32:22> [7B1A973B] seamless loading cell terrain(W17, 11), (L4, 5)
<14:32:22> [7B1A973B] seamless loading cell terrain(W13, 8), (L0, 2)
<14:32:22> [7B1A973B] seamless loading cell terrain(W13, 9), (L0, 3)
<14:32:22> [7B1A973B] seamless loading cell terrain(W14, 6), (L1, 0)
<14:32:22> [7B1A973B] seamless loading cell terrain(W19, 8), (L6, 2)
<14:32:22> [7B1A973B] seamless loading cell terrain(W19, 9), (L6, 3)
<14:32:22> [7B1A973B] seamless loading cell terrain(W14, 11), (L1, 5)
<14:32:22> [7B1A973B] seamless loading cell terrain(W18, 6), (L5, 0)
<14:32:22> [7B1A973B] seamless loading cell terrain(W13, 7), (L0, 1)
<14:32:22> [7B1A973B] seamless loading cell terrain(W13, 10), (L0, 4)
<14:32:22> [7B1A973B] seamless loading cell terrain(W18, 11), (L5, 5)
<14:32:22> [7B1A973B] seamless loading cell terrain(W19, 7), (L6, 1)
<14:32:22> [7B1A973B] seamless loading cell terrain(W19, 10), (L6, 4)
<14:32:22> [7B1A973B] seamless loading cell terrain(W16, 12), (L3, 6)
<14:32:22> [7B1A973B] seamless loading cell terrain(W15, 12), (L2, 6)
<14:32:22> [7B1A973B] seamless loading cell terrain(W17, 12), (L4, 6)
<14:32:22> [7B1A973B] seamless loading cell terrain(W13, 6), (L0, 0)
<14:32:22> [7B1A973B] seamless loading cell terrain(W13, 11), (L0, 5)
<14:32:22> [7B1A973B] seamless loading cell terrain(W19, 6), (L6, 0)
<14:32:22> [3EF08C47] seamless loading cell object(W16, 8), (L3, 2)
<14:32:22> [3EF08C47] seamless loading cell object(W16, 9), (L3, 3)
<14:32:22> [3EF08C47] seamless loading cell object(W15, 8), (L2, 2)
<14:32:22> [3EF08C47] seamless loading cell object(W15, 9), (L2, 3)
<14:32:22> [3EF08C47] seamless loading cell object(W17, 8), (L4, 2)
<14:32:22> [3EF08C47] seamless loading cell object(W17, 9), (L4, 3)
<14:32:22> [3EF08C47] seamless loading cell object(W16, 7), (L3, 1)
<14:32:22> [3EF08C47] seamless loading cell object(W16, 10), (L3, 4)
<14:32:22> [3EF08C47] seamless loading cell object(W15, 7), (L2, 1)
<14:32:22> [3EF08C47] seamless loading cell object(W17, 7), (L4, 1)
<14:32:22> [3EF08C47] seamless loading cell object(W15, 10), (L2, 4)
<14:32:22> [3EF08C47] seamless loading cell object(W17, 10), (L4, 4)
<14:32:22> [3EF08C47] seamless loading cell object(W14, 8), (L1, 2)
<14:32:22> [3EF08C47] seamless loading cell object(W14, 9), (L1, 3)
<14:32:22> [3EF08C47] seamless loading cell object(W18, 8), (L5, 2)
<14:32:22> [3EF08C47] seamless loading cell object(W18, 9), (L5, 3)
<14:32:22> [3EF08C47] seamless loading cell object(W14, 7), (L1, 1)
<14:32:22> [3EF08C47] seamless loading cell object(W14, 10), (L1, 4)
<14:32:22> [3EF08C47] seamless loading cell object(W18, 7), (L5, 1)
<14:32:22> [3EF08C47] seamless loading cell object(W16, 11), (L3, 5)
<14:32:22> [9684057F][Warning] Cannot load texture game/objects/env/01_nuia/001_ndeco/old/rope_a_ddn.dds, file missing [File=game/objects/env/01_nuia/001_ndeco/old/rope_a_ddn.dds]
<14:32:22> [000004EE][Warning] [CGF Error] game/objects/env/01_nuia/001_housing/housing_people/hs_people_roof_a.cgf [:] Duplicate LOD helper $lod2 hs_people_roof_a
<14:32:22> [000004EE][Warning] [CGF Error] game/objects/env/02_harihara/01_ma/ma_top05.cgf [:] non-uniform scale(0.70, 1.00, 0.70) at node(Box11)
<14:32:22> [A5DDEC33][Warning] Warning: CShaderMan::mfForName: NULL name
<14:32:22> [000004EE][Warning] [CGF Error] game/objects/env/02_harihara/001_hdeco/hdeco_workprop_b01.cgf [:] LOD1 of geometry hdeco_workprop_b01 contains too many polygons comparing to the LOD0 [408 against 608] :
<14:32:23> [7F89A202][Warning] AI: Warning: AIPoint is not inside Navigation Modifier. pos(3421.1, 2959.6, 114.4)
<14:32:23> [BB790A81] origin change campos : 3494.67, 3001.108398
<14:32:23> [00000020]  
<14:32:23> [00000020]  
<14:32:23> [A581FA6D] -----------------------------------------------------------------------------
<14:32:23> [1DAA5677] SeamlessSystem::ChangeOrigin() : Here we go. Old(13,6) -> New(12,5)
<14:32:23> [A581FA6D] -----------------------------------------------------------------------------
<14:32:23> [00000020]  
<14:32:23> [00000020]  
<14:32:23> [7B1A973B] seamless loading cell terrain(W16, 5), (L4, 0)
<14:32:23> [3EF08C47] seamless loading cell object(W16, 6), (L4, 1)
<14:32:23> [7B1A973B] seamless loading cell terrain(W15, 5), (L3, 0)
<14:32:23> [7B1A973B] seamless loading cell terrain(W17, 5), (L5, 0)
<14:32:23> [7B1A973B] seamless loading cell terrain(W14, 5), (L2, 0)
<14:32:23> [188BF914][Warning] [EntityLoader] invalid entity pos(1172.249, 2147.883, 0.000) name(AAC_Mahadevi_Ext_1)
<14:32:23> [7B1A973B] seamless loading cell terrain(W12, 8), (L0, 3)
<14:32:23> [7B1A973B] seamless loading cell terrain(W12, 9), (L0, 4)
<14:32:24> [B42C333F] In World Loading Finished
<14:32:24> [82321C2B][Warning] [net 18:32:24.846] [time] remote time estimation restarted; estimate accumulator age was 3.223663
<14:32:24> [5132FEDE][Warning] invalid attached position(0.00, 21.44, 6.09)
<14:32:25> [000004EE][Warning] Particle effect not found: 'game/abillity_skill_table_m.death.final_resistance_launch', from unknown 
<14:32:26> [B95EE41B][Error] invalid parent unit id(103273)
<14:32:26> [745BAE2F][Warning] failed to stream material xml(game/objects/env/01_nuia/001_ncom/01 - Default.mtl)
<14:32:26> [DD6CD685][Warning] grand child physical proxy is not supported. grandpa(Enoan Galleon: Sample), dad(prefab_doodad_model_561279_prefab://Prefabs/galleon.xml/galleon.galleon_helms), child(galleon_helms_1)
<14:32:27> [7B1A973B] seamless loading cell terrain(W19, 11), (L7, 6)
<14:32:28> [41E5F602][Warning] CRigidEntity::AddGeometry: ( at 4674213776635515000000000000000000000000000000000000000000000000000000000000000000000000000000000000000000000000000000000000000000000000000000.0,42115378593996500000000000000000000000000000000000000000000000000000000000000000000000000000000000000000000000000000000000000000000000000000000000000000000000000000000000000000000000000.0,0.0) Trying to add bad geometry
<14:32:28> [7B1A973B] seamless loading cell terrain(W18, 5), (L6, 0)
<14:32:28> [637AF710][Warning] missing chr material : game/objects/characters/hariharan/female/parts/ar/obj/ha_f_ar_cloth168.mtl (chr: game/objects/characters/hariharan/female/parts/ar/obj/ha_f_2sh018_5ar204.chr)
<14:32:29> [491B3718][Warning] Cannot load texture objects/characters/ferre/female/face/face01/fe_f_face01_fur_sss.dds, file missing [File=objects/characters/ferre/female/face/face01/fe_f_face01_fur_sss.dds]
<14:32:29> [5243B464][Warning] Error: CShaderMan::mfCreateShaderResources: Couldn't find subsurface texture 'objects/characters/ferre/female/face/face01/fe_f_face01_fur_sss.dds' in path '' [File=objects/characters/ferre/female/face/face01/fe_f_face01_fur_sss.dds]
<14:32:29> [000004EE][Warning] [CGF Error] game/objects/env/06_unit/06_glider/glider_wing_crystal/glider_wing_crystal_back.cgf [:] LOD1 of geometry  contains too many polygons comparing to the LOD0 [2720 against 4064] :
<14:32:29> [000004EE][Warning] Independent immortal particle effect spawned: X2_EFFECT_O.Interaction.enchant_wpn_range_honor_3g
<14:32:30> [000004EE][Warning] Failed to load shader "Dynamiceffect_pul" in material "game/objects/characters/nuian/female/costume/nu_f_sk_tech001/nu_f_sk_tech_fx1"
<14:32:30> [CA175C82][Warning] non-stream IO. system(Material), filePath(game/objects/effects/keffect/m_enchant4_orange_s.mtl)
<14:32:30> [73C0D09F][Warning] Not a normal map texture tried to be used as a normal map: game/objects/env/99_aac/001_ndeco/ndeco_backpack_kraken_p/primal_tent_df.dds [File=game/objects/env/99_aac/001_ndeco/ndeco_backpack_kraken_p/primal_tent_df.dds]
<14:32:30> [2363981C][Warning] chr material is not precached : game/objects/characters/ferre/female/hair/fe_f_hair035/fe_f_hair035.mtl (chr: game/objects/characters/ferre/female/hair/fe_f_hair035/fe_f_hair035.chr)
<14:32:30> [63ABB424][Warning] Facial sequence "fist_ac_yatadance02" not listed in CAL file for character "game/objects/characters/hariharan/male/nude/ha_m_base.chr".
<14:32:31> [E40A7B30][Warning] Non 3dc normal map used (wrong on DX10): game/objects/item/aac/all/aa_summer/shield/Sunphira/aa_summer_sunflower_ddn.dds [File=game/objects/item/aac/all/aa_summer/shield/Sunphira/aa_summer_sunflower_ddn.dds]
<14:32:32> [745BAE2F][Warning] failed to stream material xml(game/objects/characters/ferre/male/costume/fe_m_sk_prisoner001/fe_m_sk_prisoner001_blan01.mtl)
<14:32:32> [DBDD2DA7][Warning] Failed to stream CAF-file [File=animations/item/effect_bone/sword_2h/sword_2h_darkmoon001/default.caf]
<14:32:33> [CE0EF930][Warning] failed to stream cgf : default
<14:32:34> [637AF710][Warning] missing chr material : game/objects/characters/hariharan/male/parts/hm/obj/ha_m_hm_cloth001.mtl (chr: game/objects/characters/hariharan/male/parts/hm/obj/ha_m_1hm107.chr)
<14:32:35> [04FA8364][Warning] Cannot load texture game/objects/characters/nuian/male/hair/hair_texture/, file missing [File=game/objects/characters/nuian/male/hair/hair_texture/]
<14:32:36> [0D885CE8][Warning] Not a normal map texture tried to be used as a normal map: game/objects/item/aac/all/aa_valentines/1h_scepter/aa_valentines_1h_scepter_fx_02.dds [File=game/objects/item/aac/all/aa_valentines/1h_scepter/aa_valentines_1h_scepter_fx_02.dds]
<14:32:36> [1F198D91][Warning] Non 3dc normal map used (wrong on DX10): game/objects/item/aac/all/aa_valentines/1h_scepter/aa_valentines_1h_scepter_ddn.dds [File=game/objects/item/aac/all/aa_valentines/1h_scepter/aa_valentines_1h_scepter_ddn.dds]
<14:32:36> [B95EE41B][Error] invalid parent unit id(113092)
<14:32:36> [62232BEA][Warning] deferred xml stream error - game/animations/monster/daru_shadow_seller/lmg_files/fist_mo_normal_walk.lmg : f0000003
<14:32:36> [000004EE][Warning] Independent immortal particle effect spawned: X2_EFFECT_O.Interaction.enchant_wpn_range_honor_3g
<14:32:37> [745BAE2F][Warning] failed to stream material xml(game/objects/characters/nuian/male/parts/hm/obj/nu_m_hm_cloth999.mtl)
<14:32:38> [63ABB424][Warning] Facial sequence "fist_ac_whistle" not listed in CAL file for character "game/objects/characters/hariharan/female/nude/ha_f_base.chr".
<14:32:40> [CE0EF930][Warning] failed to stream cgf : objects/effects/portal_gate.cgf
<14:32:41> [637AF710][Warning] missing chr material : game/objects/characters/hariharan/female/parts/bo/obj/ha_f_bo_cloth142.mtl (chr: game/objects/characters/hariharan/female/parts/bo/obj/ha_f_1bo402.chr)
<14:32:41> [65FB52A3][Warning] Entity Mooou:cannot find animation additive_fist_ba_relaxed_idle_rand_7
<14:32:45> [CA175C82][Warning] non-stream IO. system(Material), filePath(game/objects/characters/warborn/female/horns/wa_f_horns005/wa_f_horns005_hc02.mtl)
<14:32:47> [745BAE2F][Warning] failed to stream material xml(game/materials/effects/fume_h_ssd.mtl)
<14:32:50> [65FB52A3][Warning] Entity Mooou:cannot find animation additive_fist_ba_relaxed_idle_rand_1
<14:32:51> [A4D70365][Warning] rigid-body own-entity; prefab=Prefabs/interaction.xml/toy.crane node=AnimObject_1
<14:32:51> [CE0EF930][Warning] failed to stream cgf : default
<14:32:52> [B95EE41B][Error] invalid parent unit id(65373)
<14:32:55> [58F3F7FF][Warning] @1_3_5o/scripts/x2ui/addons/api.lua:488: [Script Error] Wrong parameter type. Function .GetItemInfoByType(type) expect parameter 1 of type Number (Provided type Null)
<14:32:56> [65FB52A3][Warning] Entity Mooou:cannot find animation additive_fist_ba_relaxed_idle_rand_4
<14:32:57> [000004EE][Warning] Independent immortal particle effect spawned: X2_EFFECT_O.Interaction.enchant_wpn_range_honor_3g
<14:32:58> [B95EE41B][Error] invalid parent unit id(55947)
<14:32:58> [745BAE2F][Warning] failed to stream material xml(game/objects/characters/hariharan/male/parts/bo/obj/ha_m_bo_metal216.mtl)
<14:32:58> [637AF710][Warning] missing chr material : game/objects/characters/hariharan/male/parts/hm/obj/ha_m_hm_cloth135.mtl (chr: game/objects/characters/hariharan/male/parts/hm/obj/ha_m_2hm104.chr)
<14:33:00> [A181AEBC][Warning] Anim events cannot find effect "X2_EFFECTS_C1.Glider.Crystal_Wing.wing_start1", requested by animation "animations/env/glider_wing_crystal/fist_ac_gliding_start.caf".
<14:33:00> [4820ACB9][Warning] Cannot load texture game/textures/p_effects/syh_effect/cat_footstrp_01.dds, file missing [File=game/textures/p_effects/syh_effect/cat_footstrp_01.dds]
<14:33:03> [63ABB424][Warning] Facial sequence "fist_ac_whistle" not listed in CAL file for character "game/objects/characters/warborn/female/nude/wa_f_base.chr".
<14:33:03> [B95EE41B][Error] invalid parent unit id(48519)
<14:33:08> [65FB52A3][Warning] Entity Mooou:cannot find animation additive_fist_ba_relaxed_idle_rand_7
<14:33:08> [E570AF1F][Warning] non-slice task(17.85 ms) : LogToFileTask
<14:33:14> [65FB52A3][Warning] Entity Mooou:cannot find animation additive_fist_ba_relaxed_idle_rand_2
<14:33:14> [B95EE41B][Error] invalid parent unit id(103273)
<14:33:20> [65FB52A3][Warning] Entity Mooou:cannot find animation additive_fist_ba_relaxed_idle_rand_3
<14:33:23> [B95EE41B][Error] invalid parent unit id(74107)
<14:33:27> [745BAE2F][Warning] failed to stream material xml(game/objects/env/06_unit/06_glider/glider_c_korea_whin01.mtl)
<14:33:27> [65FB52A3][Warning] Entity Mooou:cannot find animation additive_fist_ba_relaxed_idle_rand_2
<14:33:27> [5243B464][Warning] Error: CShaderMan::mfCreateShaderResources: Couldn't find subsurface texture 'objects/characters/ferre/female/face/face01/fe_f_face01_fur_sss.dds' in path '' [File=objects/characters/ferre/female/face/face01/fe_f_face01_fur_sss.dds]
<14:33:36> [65FB52A3][Warning] Entity Mooou:cannot find animation additive_fist_ba_relaxed_idle_rand_7
<14:33:40> [B95EE41B][Error] invalid parent unit id(65763)
<14:33:41> [99C3DD88][Warning] Not a normal map texture tried to be used as a normal map: game/objects/item/aac/all/aa_valentines/Dagger/aa_valentines_dagger_fx_02.dds [File=game/objects/item/aac/all/aa_valentines/Dagger/aa_valentines_dagger_fx_02.dds]
<14:33:41> [DE801E31][Warning] Non 3dc normal map used (wrong on DX10): game/objects/item/aac/all/aa_valentines/Dagger/aa_valentines_dagger_ddn.dds [File=game/objects/item/aac/all/aa_valentines/Dagger/aa_valentines_dagger_ddn.dds]
<14:33:41> [000004EE][Warning] [CGF Error] game/objects/item/bow/bow_mmorpg_red/bow_mmorpg_red.cgf [:] LOD1 of geometry  contains too many polygons comparing to the LOD0 [680 against 988] :
<14:33:41> [000004EE][Warning] Independent immortal particle effect spawned: X2_EFFECT_O.Interaction.enchant_wpn_range_honor_3g
<14:33:50> [745BAE2F][Warning] failed to stream material xml(game/materials/effects/fume_h_ssd.mtl)
<14:33:51> [62232BEA][Warning] deferred xml stream error - game/animations/animals/owl_postman/lmg_files/normal_run.lmg : f0000003
<14:33:54> [3EF08C47] seamless loading cell object(W18, 10), (L6, 5)
<14:33:54> [BD8C448A][Warning] Cannot load texture game/objects/characters/warborn/male/nude/wa_m_nude_ddn.dds, file missing [File=game/objects/characters/warborn/male/nude/wa_m_nude_ddn.dds]
<14:33:55> [CA175C82][Warning] non-stream IO. system(Material), filePath(game/objects/characters/warborn/male/horns/wa_m_horns012/wa_m_horns012_hc03.mtl)
<14:33:55> [000004EE][Warning] Independent immortal particle effect spawned: X2_EFFECT_O.Interaction.enchant_wpn_range_honor_3g
<14:33:55> [58F3F7FF][Warning] @1_3_5o/scripts/x2ui/addons/api.lua:488: [Script Error] Wrong parameter type. Function .GetItemInfoByType(type) expect parameter 1 of type Number (Provided type Null)
<14:33:59> [562F2D07][Warning] Failed to stream CAF-file [File=animations/item/effect_bone/staff_2h/staff_2h_darkmoon001/default.caf]
<14:33:59> [745BAE2F][Warning] failed to stream material xml(game/objects/effects/keffect/p_fire_blue1a.mtl)
<14:33:59> [65FB52A3][Warning] Entity Mooou:cannot find animation additive_fist_ba_relaxed_idle_rand_7
<14:34:05> [745BAE2F][Warning] failed to stream material xml(game/materials/effects/ljs_effect/nachash_cube_aura_18.mtl)
<14:34:05> [000004EE][Warning] [CGF Error] game/objects/item/sword_2h/sword_2h_christmas03/sword_2h_christmas03.cgf [:] LOD1 of geometry  contains too many polygons comparing to the LOD0 [3796 against 4962] :
<14:34:05> [000004EE][Warning] Independent immortal particle effect spawned: X2_EFFECT_O.Interaction.enchant_wpn_range_honor_3g
<14:34:06> [B95EE41B][Error] invalid parent unit id(36090)
<14:34:10> [65FB52A3][Warning] Entity Mooou:cannot find animation additive_fist_ba_relaxed_idle_rand_1
<14:34:12> [745BAE2F][Warning] failed to stream material xml(game/objects/characters/hariharan/male/parts/hm/obj/ha_m_hm_cloth001.mtl)
<14:34:12> [637AF710][Warning] missing chr material : game/objects/characters/hariharan/male/parts/hm/obj/ha_m_hm_cloth001.mtl (chr: game/objects/characters/hariharan/male/parts/hm/obj/ha_m_1hm170.chr)
<14:34:13> [B95EE41B][Error] invalid parent unit id(56021)
<14:34:14> [A181AEBC][Warning] Anim events cannot find effect "X2_EFFECTS_C1.Glider.Crystal_Wing.wing_start1", requested by animation "animations/env/glider_wing_crystal/fist_ac_gliding_start.caf".
<14:34:15> [65FB52A3][Warning] Entity Mooou:cannot find animation additive_fist_ba_relaxed_idle_rand_1
<14:34:19> [B95EE41B][Error] invalid parent unit id(56021)
<14:34:20> [C45FAC6E][Warning] Cannot load texture game/objects/characters/test/glider_squirrel/glider_squirrel_df.dds, file missing [File=game/objects/characters/test/glider_squirrel/glider_squirrel_df.dds]
<14:34:20> [CD8829BA][Warning] Error: CShaderMan::mfCreateShaderResources: Couldn't find subsurface texture 'game/objects/characters/test/glider_squirrel/glider_squirrel_df.dds' in path '' [File=game/objects/characters/test/glider_squirrel/glider_squirrel_df.dds]
<14:34:20> [745BAE2F][Warning] failed to stream material xml(game/objects/characters/warborn/male/parts/cp/obj/01 - Default.mtl)
<14:34:20> [637AF710][Warning] missing chr material : game/objects/characters/warborn/male/parts/cp/obj/01 - Default.mtl (chr: game/objects/characters/warborn/male/parts/cp/obj/wa_m_1cp101.chr)
<14:34:22> [63ABB424][Warning] Facial sequence "fist_ac_whistle" not listed in CAL file for character "game/objects/characters/hariharan/female/nude/ha_f_base.chr".
<14:34:25> [A4D70365][Warning] rigid-body own-entity; prefab=Prefabs/interaction.xml/toy.crane node=AnimObject_1
<14:34:25> [745BAE2F][Warning] failed to stream material xml(game/objects/characters/warborn/female/parts/cp/obj/03 - Default.mtl)
<14:34:25> [637AF710][Warning] missing chr material : game/objects/characters/warborn/female/parts/cp/obj/03 - Default.mtl (chr: game/objects/characters/warborn/female/parts/cp/obj/wa_f_1cp101.chr)
<14:34:25> [CA175C82][Warning] non-stream IO. system(Material), filePath(game/objects/characters/warborn/female/horns/wa_f_horns011/wa_f_horns011_hc02.mtl)
<14:34:25> [000004EE][Warning] Independent immortal particle effect spawned: X2_EFFECT_O.Interaction.enchant_wpn_range_honor_3g
<14:34:26> [BD8C448A][Warning] Cannot load texture game/objects/characters/warborn/male/nude/wa_m_nude_ddn.dds, file missing [File=game/objects/characters/warborn/male/nude/wa_m_nude_ddn.dds]
<14:34:26> [000004EE][Warning] [CGF Error] game/objects/item/sword_2h/sword_2h_55_6/sword_2h_55_6.cgf [:] LOD1 of geometry  contains too many polygons comparing to the LOD0 [934 against 1320] :
<14:34:26> [2363981C][Warning] chr material is not precached : game/objects/characters/warborn/male/costume/wa_m_sk_metalpriest001/wa_m_sk_metalpriest001_h.mtl (chr: game/objects/characters/warborn/male/costume/wa_m_sk_metalpriest001/wa_m_sk_metalpriest001_h.chr)
<14:34:26> [B95EE41B][Error] invalid parent unit id(123603)
<14:34:28> [DD6CD685][Warning] grand child physical proxy is not supported. grandpa(Pufferfish), dad(prefab_doodad_model_248378_prefab://prefabs/fishboat.xml/fishboat.fishboat_wheel02), child(webbed_feet)
<14:34:32> [B95EE41B][Error] invalid parent unit id(76360)
<14:34:33> [DD6CD685][Warning] grand child physical proxy is not supported. grandpa(Pufferfish), dad(prefab_doodad_model_248378_prefab://prefabs/fishboat.xml/fishboat.fishboat_wheel02), child(webbed_feet)
<14:34:35> [CE0EF930][Warning] failed to stream cgf : objects/effects/portal_gate.cgf
<14:34:36> [63ABB424][Warning] Facial sequence "fist_ba_combat_idle_rand_5" not listed in CAL file for character "game/objects/characters/warborn/female/nude/wa_f_base.chr".
<14:34:37> [000004EE][Warning] Independent immortal particle effect spawned: X2_EFFECT_O.Interaction.enchant_wpn_range_honor_3g
<14:34:38> [DD6CD685][Warning] grand child physical proxy is not supported. grandpa(Konoha), dad(prefab_doodad_model_569559_prefab://Prefabs/galleon.xml/galleon.galleon_helms), child(galleon_helms_1)
<14:34:38> [65FB52A3][Warning] Entity Mooou:cannot find animation additive_fist_ba_relaxed_idle_rand_1
<14:34:41> [B95EE41B][Error] invalid parent unit id(64738)
<14:34:50> [A4D70365][Warning] rigid-body own-entity; prefab=prefabs/fishboat.xml/fishboat.fishboat_body node=stove_0
<14:34:50> [BCCDC555][Warning] MakeSprite - too many sprite update (10). dropping.. (sprites : 22)
<14:34:50> [65FB52A3][Warning] Entity Mooou:cannot find animation additive_fist_ba_relaxed_idle_rand_4
<14:34:55> [DD6CD685][Warning] grand child physical proxy is not supported. grandpa(Themarlin), dad(prefab_doodad_model_73613_prefab://Prefabs/galleon.xml/galleon.galleon_helms), child(galleon_helms_1)
<14:34:56> [58F3F7FF][Warning] @1_3_5o/scripts/x2ui/addons/api.lua:488: [Script Error] Wrong parameter type. Function .GetItemInfoByType(type) expect parameter 1 of type Number (Provided type Null)
<14:34:56> [000004EE][Warning] [CGF Error] game/objects/item/sword_2h/sword_2h_55_6/sword_2h_55_6.cgf [:] LOD1 of geometry  contains too many polygons comparing to the LOD0 [934 against 1320] :
<14:34:56> [CA175C82][Warning] non-stream IO. system(Material), filePath(game/objects/characters/warborn/male/horns/wa_m_horns011/wa_m_horns011_hc06.mtl)
<14:35:05> [65FB52A3][Warning] Entity Mooou:cannot find animation additive_fist_ba_relaxed_idle_rand_7
<14:35:07> [B95EE41B][Error] invalid parent unit id(84685)
<14:35:07> [745BAE2F][Warning] failed to stream material xml(game/objects/effects/jjc_effect/01___Default.mtl)
<14:35:16> [B95EE41B][Error] invalid parent unit id(84685)
<14:35:17> [65FB52A3][Warning] Entity Mooou:cannot find animation additive_fist_ba_relaxed_idle_rand_7
<14:35:18> [000004EE][Warning] Independent immortal particle effect spawned: X2_EFFECT_O.Interaction.enchant_wpn_range_honor_3g
<14:35:25> [65FB52A3][Warning] Entity Mooou:cannot find animation additive_fist_ba_relaxed_idle_rand_4
<14:35:25> [CE0EF930][Warning] failed to stream cgf : objects/effects/portal_gate.cgf
<14:35:35> [65FB52A3][Warning] Entity Mooou:cannot find animation additive_fist_ba_relaxed_idle_rand_5
<14:35:52> [65FB52A3][Warning] Entity Mooou:cannot find animation additive_fist_ba_relaxed_idle_rand_7
<14:35:54> [63ABB424][Warning] Facial sequence "fist_ac_whistle" not listed in CAL file for character "game/objects/characters/hariharan/female/nude/ha_f_base.chr".
<14:35:55> [B95EE41B][Error] invalid parent unit id(1304)
<14:35:55> [58F3F7FF][Warning] @1_3_5o/scripts/x2ui/addons/api.lua:488: [Script Error] Wrong parameter type. Function .GetItemInfoByType(type) expect parameter 1 of type Number (Provided type Null)
<14:36:01> [745BAE2F][Warning] failed to stream material xml(game/objects/characters/ferre/male/parts/gv/cloth/gv_cloth156/fe_m_gv_cloth156_brop01.mtl)
<14:36:01> [637AF710][Warning] missing chr material : game/objects/characters/ferre/male/parts/cp/obj/fe_m_cp_leather002.mtl (chr: game/objects/characters/ferre/male/parts/cp/obj/fe_m_1cp113.chr)
<14:36:05> [65FB52A3][Warning] Entity Mooou:cannot find animation additive_fist_ba_relaxed_idle_rand_7
<14:36:06> [B95EE41B][Error] invalid parent unit id(1304)
<14:36:08> [745BAE2F][Warning] failed to stream material xml(game/objects/characters/hariharan/male/parts/cp/obj/ha_m_1cp101.mtl)
<14:36:08> [4FC35136][Warning] Cannot load texture game/objects/characters/texture/cp/nu_m_cp_cloth044_df.dds, file missing [File=game/objects/characters/texture/cp/nu_m_cp_cloth044_df.dds]
<14:36:08> [637AF710][Warning] missing chr material : game/objects/characters/hariharan/male/parts/bo/obj/ha_m_bo_leather001.mtl (chr: game/objects/characters/hariharan/male/parts/bo/obj/ha_m_2bo502.chr)
<14:36:10> [000004EE][Warning] Independent immortal particle effect spawned: X2_EFFECT_O.Interaction.enchant_wpn_range_honor_3g
<14:36:13> [B95EE41B][Error] invalid parent unit id(95667)
<14:36:16> [745BAE2F][Warning] failed to stream material xml(game/objects/characters/ferre/male/parts/all/cloth/cloth184/fe_m_ar_cloth184_brop01.mtl)
<14:36:16> [637AF710][Warning] missing chr material : game/objects/characters/ferre/male/hair/fe_m_hair010/fe_m_hair009.mtl (chr: game/objects/characters/ferre/male/hair/fe_m_hair010/fe_m_hair010.chr)
<14:36:17> [000004EE][Warning] Independent immortal particle effect spawned: X2_EFFECT_O.Interaction.enchant_wpn_range_honor_3g
<14:36:20> [B95EE41B][Error] invalid parent unit id(46455)
<14:36:25> [B95EE41B][Error] invalid parent unit id(110078)
<14:36:28> [65FB52A3][Warning] Entity Mooou:cannot find animation additive_fist_ba_relaxed_idle_rand_1
<14:36:29> [BD8C448A][Warning] Cannot load texture game/objects/characters/warborn/male/nude/wa_m_nude_ddn.dds, file missing [File=game/objects/characters/warborn/male/nude/wa_m_nude_ddn.dds]
<14:36:29> [000004EE][Warning] [CGF Error] game/objects/item/sword_2h/sword_2h_55_6/sword_2h_55_6.cgf [:] LOD1 of geometry  contains too many polygons comparing to the LOD0 [934 against 1320] :
<14:36:30> [2363981C][Warning] chr material is not precached : game/objects/characters/warborn/male/costume/wa_m_sk_metalpriest001/wa_m_sk_metalpriest001_h.mtl (chr: game/objects/characters/warborn/male/costume/wa_m_sk_metalpriest001/wa_m_sk_metalpriest001_h.chr)
<14:36:30> [CA175C82][Warning] non-stream IO. system(Material), filePath(game/objects/characters/warborn/male/costume/wa_m_sk_metalpriest001/wa_m_sk_metalpriest001_h.mtl)
<14:36:32> [B95EE41B][Error] invalid parent unit id(46455)
<14:36:35> [65FB52A3][Warning] Entity Mooou:cannot find animation additive_fist_ba_relaxed_idle_rand_7
<14:36:41> [000004EE][Warning] [CGF Error] game/objects/item/staff_2h/staff_2h_cathero/staff_2h_cathero.cgf [:] LOD1 of geometry  contains too many polygons comparing to the LOD0 [2051 against 2608] :
<14:36:41> [745BAE2F][Warning] failed to stream material xml(objects/effects/peffect/magic_sphere_mesh_a.mtl)
<14:36:50> [B95EE41B][Error] invalid parent unit id(26446)
<14:36:50> [745BAE2F][Warning] failed to stream material xml(game/objects/characters/hariharan/female/parts/pt/obj/ha_f_pt_cloth168.mtl)
<14:36:50> [637AF710][Warning] missing chr material : game/objects/characters/hariharan/female/parts/pt/obj/ha_f_pt_cloth168.mtl (chr: game/objects/characters/hariharan/female/parts/pt/obj/ha_f_1pt606.chr)
<14:36:56> [58F3F7FF][Warning] @1_3_5o/scripts/x2ui/addons/api.lua:488: [Script Error] Wrong parameter type. Function .GetItemInfoByType(type) expect parameter 1 of type Number (Provided type Null)
<14:37:00> [65FB52A3][Warning] Entity Mooou:cannot find animation additive_fist_ba_relaxed_idle_rand_2
<14:37:02> [B95EE41B][Error] invalid parent unit id(26446)
<14:37:02> [745BAE2F][Warning] failed to stream material xml(game/objects/item/shield/shield_monster/shield_baeksojeong03/shield_baeksojeong03_whtp01.mtl)
<14:37:03> [637AF710][Warning] missing chr material : game/objects/characters/ferre/female/parts/cp/obj/fe_f_1cp101.mtl (chr: game/objects/characters/ferre/female/parts/cp/obj/fe_f_1cp101.chr)
<14:37:06> [CE0EF930][Warning] failed to stream cgf : objects/effects/portal_gate.cgf
<14:37:11> [745BAE2F][Warning] failed to stream material xml(game/objects/characters/ferre/female/face/fe_f_face00_whtp02.mtl)
<14:37:12> [637AF710][Warning] missing chr material : game/objects/characters/ferre/female/parts/gv/obj/fe_f_gv_leather179.mtl (chr: game/objects/characters/ferre/female/parts/gv/obj/fe_f_2gv102.chr)
<14:37:12> [65FB52A3][Warning] Entity Mooou:cannot find animation additive_fist_ba_relaxed_idle_rand_2
<14:37:12> [000004EE][Warning] Independent immortal particle effect spawned: X2_EFFECT_O.Interaction.enchant_wpn_range_honor_3g
<14:37:12> [63ABB424][Warning] Facial sequence "fist_ac_whistle" not listed in CAL file for character "game/objects/characters/hariharan/female/nude/ha_f_base.chr".
<14:37:12> [34837D7E][Warning] Failed to Load Character file. Skeleton-Initial-Positions are missing [File=game/objects/characters/monster/snowman_ride/snowman_ride_armor01/snowman_ride_hm_01/snowman_ride_hm_01.chr]
<14:37:13> [B95EE41B][Error] invalid parent unit id(99476)
<14:37:17> [745BAE2F][Warning] failed to stream material xml(game/objects/characters/hariharan/male/parts/hm/obj/ha_m_hm_cloth135.mtl)
<14:37:17> [637AF710][Warning] missing chr material : game/objects/characters/hariharan/male/parts/bo/obj/ha_m_bo_metal216.mtl (chr: game/objects/characters/hariharan/male/parts/bo/obj/ha_m_4bo902.chr)
<14:37:19> [B95EE41B][Error] invalid parent unit id(99476)
<14:37:20> [65FB52A3][Warning] Entity Mooou:cannot find animation additive_fist_ba_relaxed_idle_rand_6
<14:37:22> [000004EE][Warning] [CGF Error] game/objects/item/bow/bow_mmorpg_red/bow_mmorpg_red.cgf [:] LOD1 of geometry  contains too many polygons comparing to the LOD0 [680 against 988] :
<14:37:22> [CA175C82][Warning] non-stream IO. system(Material), filePath(game/objects/characters/warborn/male/horns/wa_m_horns006/wa_m_horns006_hc02.mtl)
<14:37:23> [BD8C448A][Warning] Cannot load texture game/objects/characters/warborn/male/nude/wa_m_nude_ddn.dds, file missing [File=game/objects/characters/warborn/male/nude/wa_m_nude_ddn.dds]
<14:37:24> [99C3DD88][Warning] Not a normal map texture tried to be used as a normal map: game/objects/item/aac/all/aa_valentines/Dagger/aa_valentines_dagger_fx_02.dds [File=game/objects/item/aac/all/aa_valentines/Dagger/aa_valentines_dagger_fx_02.dds]
<14:37:24> [DE801E31][Warning] Non 3dc normal map used (wrong on DX10): game/objects/item/aac/all/aa_valentines/Dagger/aa_valentines_dagger_ddn.dds [File=game/objects/item/aac/all/aa_valentines/Dagger/aa_valentines_dagger_ddn.dds]
<14:37:24> [000004EE][Warning] Independent immortal particle effect spawned: X2_EFFECT_O.Interaction.enchant_wpn_range_honor_3g
<14:37:28> [65FB52A3][Warning] Entity Mooou:cannot find animation additive_fist_ba_relaxed_idle_rand_4
<14:37:33> [B95EE41B][Error] invalid parent unit id(82232)
<14:37:39> [745BAE2F][Warning] failed to stream material xml(game/materials/effects/fume_h_ssd.mtl)
<14:37:39> [B95EE41B][Error] invalid parent unit id(82232)
<14:37:40> [65FB52A3][Warning] Entity Mooou:cannot find animation additive_fist_ba_relaxed_idle_rand_5
<14:37:44> Loading Particle Library: X2_effect_H
<14:37:45> [745BAE2F][Warning] failed to stream material xml(game/materials/effects/heffect/fx_sandsmoke3.mtl)
<14:37:47> [65FB52A3][Warning] Entity Mooou:cannot find animation additive_fist_ba_relaxed_idle_rand_1
<14:37:47> [CE0EF930][Warning] failed to stream cgf : objects/effects/portal_gate.cgf
<14:37:54> [B95EE41B][Error] invalid parent unit id(86498)
<14:37:56> [65FB52A3][Warning] Entity Mooou:cannot find animation additive_fist_ba_relaxed_idle_rand_7
<14:37:56> [58F3F7FF][Warning] @1_3_5o/scripts/x2ui/addons/api.lua:488: [Script Error] Wrong parameter type. Function .GetItemInfoByType(type) expect parameter 1 of type Number (Provided type Null)
<14:37:57> [000004EE][Warning] Particle effect not found: 'game/abillity_skill_table_m.illusion.tired_curse_form', from unknown 
<14:37:57> [8C3665BE][Warning] Failed to Load Character file. Skeleton-Initial-Positions are missing [File=game/objects/characters/monster/snowman_ride/snowman_ride_armor01/snowman_ride_saddle_01/snowman_ride_saddle_01.chr]
<14:37:59> [B95EE41B][Error] invalid parent unit id(86498)
<14:38:07> [65FB52A3][Warning] Entity Mooou:cannot find animation additive_fist_ba_relaxed_idle_rand_7
<14:38:09> [63ABB424][Warning] Facial sequence "fist_ac_whistle" not listed in CAL file for character "game/objects/characters/hariharan/female/nude/ha_f_base.chr".
<14:38:12> [65FB52A3][Warning] Entity Mooou:cannot find animation additive_fist_ba_relaxed_idle_rand_1
<14:38:13> [B95EE41B][Error] invalid parent unit id(123621)
<14:38:14> [1701B2CC][Warning] Not a normal map texture tried to be used as a normal map: game/objects/item/aac/all/aa_summer/flute/Chenbi/aa_summer_shell_flute_df.dds [File=game/objects/item/aac/all/aa_summer/flute/Chenbi/aa_summer_shell_flute_df.dds]
<14:38:14> [77811B8C][Warning] Non 3dc normal map used (wrong on DX10): game/objects/item/aac/all/aa_summer/flute/Chenbi/aa_summer_shell_flute_ddn.dds [File=game/objects/item/aac/all/aa_summer/flute/Chenbi/aa_summer_shell_flute_ddn.dds]
<14:38:14> [000004EE][Warning] Independent immortal particle effect spawned: X2_EFFECT_O.Interaction.enchant_wpn_range_honor_3g
<14:38:17> [CE0EF930][Warning] failed to stream cgf : objects/effects/portal_gate.cgf
<14:38:19> [63ABB424][Warning] Facial sequence "fist_ac_whistle" not listed in CAL file for character "game/objects/characters/ferre/female/nude/fe_f_base.chr".
<14:38:19> [65FB52A3][Warning] Entity Mooou:cannot find animation additive_fist_ba_relaxed_idle_rand_7
<14:38:22> [B95EE41B][Error] invalid parent unit id(72775)
<14:38:26> [65FB52A3][Warning] Entity Mooou:cannot find animation additive_fist_ba_relaxed_idle_rand_7
<14:38:27> [745BAE2F][Warning] failed to stream material xml(game/objects/characters/monster/tiger_ride/tiger_ride_yellow/Material #0.mtl)
<14:38:28> [B95EE41B][Error] invalid parent unit id(89583)
<14:38:32> [65FB52A3][Warning] Entity Mooou:cannot find animation additive_fist_ba_relaxed_idle_rand_7
<14:38:35> [745BAE2F][Warning] failed to stream material xml(game/materials/effects/fume_h_ssd.mtl)
<14:38:37> [000004EE][Warning] Independent immortal particle effect spawned: X2_EFFECT_O.Interaction.enchant_wpn_range_honor_3g
<14:38:39> [65FB52A3][Warning] Entity Mooou:cannot find animation additive_fist_ba_relaxed_idle_rand_2
<14:38:39> [B95EE41B][Error] invalid parent unit id(89583)
<14:38:45> [A181AEBC][Warning] Anim events cannot find effect "X2_EFFECTS_C1.Glider.Crystal_Wing.wing_start1", requested by animation "animations/env/glider_wing_crystal/fist_ac_gliding_start.caf".
<14:38:45> [E570AF1F][Warning] non-slice task(19.45 ms) : LogToFileTask
<14:38:52> [A181AEBC][Warning] Anim events cannot find effect "X2_EFFECTS_C1.Glider.Crystal_Wing.front_trail1", requested by animation "animations/env/glider_wing_crystal/fist_ac_gliding_front.caf".
<14:38:53> [B95EE41B][Error] invalid parent unit id(88188)
<14:38:53> [745BAE2F][Warning] failed to stream material xml(game/objects/characters/ferre/female/parts/pt/cloth/pt_cloth199/fe_f_pt_cloth199_blan01.mtl)
<14:38:53> [65FB52A3][Warning] Entity Mooou:cannot find animation additive_fist_ba_relaxed_idle_rand_2
<14:38:56> [58F3F7FF][Warning] @1_3_5o/scripts/x2ui/addons/api.lua:488: [Script Error] Wrong parameter type. Function .GetItemInfoByType(type) expect parameter 1 of type Number (Provided type Null)
<14:39:03> [745BAE2F][Warning] failed to stream material xml(game/objects/item/shield/shield_monster/shield_baeksojeong03/shield_baeksojeong03_whtp01.mtl)
<14:39:03> [637AF710][Warning] missing chr material : game/objects/characters/ferre/female/parts/cp/obj/fe_f_1cp101.mtl (chr: game/objects/characters/ferre/female/parts/cp/obj/fe_f_1cp101.chr)
<14:39:06> [65FB52A3][Warning] Entity Mooou:cannot find animation additive_fist_ba_relaxed_idle_rand_6
<14:39:06> [CE0EF930][Warning] failed to stream cgf : objects/effects/portal_gate.cgf
<14:39:11> [B95EE41B][Error] invalid parent unit id(111256)
<14:39:12> [65FB52A3][Warning] Entity Mooou:cannot find animation additive_fist_ba_relaxed_idle_rand_3
<14:39:12> [A4D70365][Warning] rigid-body own-entity; prefab=prefabs/fishboat.xml/fishboat.fishboat_wheel node=webbed_feet
<14:39:12> [745BAE2F][Warning] failed to stream material xml(game/objects/env/06_unit/01_ship/fishboat/fisherbarrel.mtl)
<14:39:12> [DD6CD685][Warning] grand child physical proxy is not supported. grandpa(30-Day Longliner), dad(prefab_doodad_model_675378_prefab://prefabs/fishboat.xml/fishboat.fishboat_wheel), child(webbed_feet)
<14:39:17> [DD6CD685][Warning] grand child physical proxy is not supported. grandpa(30-Day Longliner), dad(prefab_doodad_model_675378_prefab://prefabs/fishboat.xml/fishboat.fishboat_wheel), child(webbed_feet)
<14:39:20> [B95EE41B][Error] invalid parent unit id(111256)
<14:39:22> [745BAE2F][Warning] failed to stream material xml(game/materials/effects/fume_h_ssd.mtl)
<14:39:25> [000004EE][Warning] Independent immortal particle effect spawned: X2_EFFECT_O.Interaction.enchant_wpn_range_honor_3g
<14:39:25> [65FB52A3][Warning] Entity Mooou:cannot find animation additive_fist_ba_relaxed_idle_rand_5
<14:39:26> [CE0EF930][Warning] failed to stream cgf : objects/effects/portal_gate.cgf
<14:39:26> Loading Particle Library: x2_effect_LJS
<14:39:28> [B95EE41B][Error] invalid parent unit id(73874)
<14:39:33> [745BAE2F][Warning] failed to stream material xml(game/objects/characters/ferre/female/nude/fe_f_brop01.mtl)
<14:39:33> [637AF710][Warning] missing chr material : game/objects/characters/ferre/female/parts/ar/obj/fe_f_ar_cloth168.mtl (chr: game/objects/characters/ferre/female/parts/ar/obj/fe_f_2sh018_5ar204.chr)
<14:39:36> [65FB52A3][Warning] Entity Mooou:cannot find animation additive_fist_ba_relaxed_idle_rand_7
<14:39:47> [65FB52A3][Warning] Entity Mooou:cannot find animation additive_fist_ba_relaxed_idle_rand_7
<14:39:50> [745BAE2F][Warning] failed to stream material xml(game/objects/characters/ferre/male/face/fe_m_face00_brop02.mtl)
<14:39:51> [2363981C][Warning] chr material is not precached : game/objects/characters/ferre/male/hair/fe_m_hair014/fe_m_hair014.mtl (chr: game/objects/characters/ferre/male/hair/fe_m_hair014/fe_m_hair014.chr)
<14:39:51> [CA175C82][Warning] non-stream IO. system(Material), filePath(game/objects/characters/ferre/male/hair/fe_m_hair014/fe_m_hair014.mtl)
<14:39:56> [58F3F7FF][Warning] @1_3_5o/scripts/x2ui/addons/api.lua:488: [Script Error] Wrong parameter type. Function .GetItemInfoByType(type) expect parameter 1 of type Number (Provided type Null)
<14:39:59> [A181AEBC][Warning] Anim events cannot find effect "X2_EFFECTS_C1.Glider.Crystal_Wing.wing_start1", requested by animation "animations/env/glider_wing_crystal/fist_ac_gliding_start.caf".
<14:40:01> [65FB52A3][Warning] Entity Mooou:cannot find animation additive_fist_ba_relaxed_idle_rand_4
<14:40:04> [CE0EF930][Warning] failed to stream cgf : objects/effects/portal_gate.cgf
<14:40:07> [B95EE41B][Error] invalid parent unit id(114580)
<14:40:10> [CE0EF930][Warning] failed to stream cgf : objects/effects/portal_gate.cgf
<14:40:10> [745BAE2F][Warning] failed to stream material xml(game/objects/effects/jjc_effect/01 - Default.mtl)
<14:40:14> [B95EE41B][Error] invalid parent unit id(99424)
<14:40:16> [65FB52A3][Warning] Entity Mooou:cannot find animation additive_fist_ba_relaxed_idle_rand_7
<14:40:17> [A4D70365][Warning] rigid-body own-entity; prefab=prefabs/fishboat.xml/fishboat.fishboat_wheel02 node=webbed_feet
<14:40:18> [745BAE2F][Warning] failed to stream material xml(game/objects/env/06_unit/01_ship/fishboat/fisherbarrel.mtl)
<14:40:18> [DD6CD685][Warning] grand child physical proxy is not supported. grandpa(Fish-Find Longliner), dad(prefab_doodad_model_219874_prefab://Prefabs/galleon.xml/galleon.galleon_helms), child(galleon_helms_1)
<14:40:18> [000004EE][Warning] Particle effect not found: 'X2_EFFECTS_K.J_Inter_effects.Glider_rose_back_start', from unknown 
<14:40:18> [A181AEBC][Warning] Anim events cannot find effect "X2_EFFECTS_K.J_Inter_effects.Glider_rose_back_start", requested by animation "animations/env/glider_rose/fist_ac_gliding_start.caf".
<14:40:23> [DD6CD685][Warning] grand child physical proxy is not supported. grandpa(Fish-Find Longliner), dad(prefab_doodad_model_219874_prefab://Prefabs/galleon.xml/galleon.galleon_helms), child(galleon_helms_1)
<14:40:23> [65FB52A3][Warning] Entity Mooou:cannot find animation additive_fist_ba_relaxed_idle_rand_2
<14:40:26> [B95EE41B][Error] invalid parent unit id(103673)
<14:40:29> [65FB52A3][Warning] Entity Mooou:cannot find animation additive_fist_ba_relaxed_idle_rand_3
<14:40:31> [B95EE41B][Error] invalid parent unit id(103673)
<14:40:31> [745BAE2F][Warning] failed to stream material xml(game/materials/effects/fume_h_ssd.mtl)
<14:40:32> [CA175C82][Warning] non-stream IO. system(Material), filePath(game/objects/characters/warborn/female/horns/wa_f_horns002/wa_f_horns002_hc02.mtl)
<14:40:42> [65FB52A3][Warning] Entity Mooou:cannot find animation additive_fist_ba_relaxed_idle_rand_7
<14:40:44> [B95EE41B][Error] invalid parent unit id(48364)
<14:40:45> [000004EE][Warning] Independent immortal particle effect spawned: X2_EFFECT_O.Interaction.enchant_wpn_range_honor_3g
<14:40:45> [745BAE2F][Warning] failed to stream material xml(game/objects/characters/ferre/female/parts/all/cloth/cloth184/fe_f_bo_cloth184_whin01.mtl)
<14:40:51> [B95EE41B][Error] invalid parent unit id(48364)
<14:40:54> [745BAE2F][Warning] failed to stream material xml(game/objects/characters/ferre/female/costume/fe_f_sk_gudetama001/fe_f_sk_gudetama001_whin01.mtl)
<14:40:54> [000004EE][Warning] Particle effect not found: 'game/abillity_skill_table_m.magic.vital_absorb_form', from unknown 
<14:40:55> [637AF710][Warning] missing chr material : game/objects/characters/hariharan/female/hair/ha_f_hair_common/nu_f_hair_common_w.mtl (chr: game/objects/characters/hariharan/female/hair/ha_f_hair_common/ha_f_hair_common0101w_type1.chr)
<14:40:56> [CA175C82][Warning] non-stream IO. system(Material), filePath(game/objects/effects/keffect/m_enchant_red_m.mtl)
<14:40:56> [000004EE][Warning] Independent immortal particle effect spawned: X2_EFFECT_O.Interaction.enchant_wpn_range_honor_3g
<14:40:56> [58F3F7FF][Warning] @1_3_5o/scripts/x2ui/addons/api.lua:488: [Script Error] Wrong parameter type. Function .GetItemInfoByType(type) expect parameter 1 of type Number (Provided type Null)
<14:40:57> [65FB52A3][Warning] Entity Mooou:cannot find animation additive_fist_ba_relaxed_idle_rand_7
<14:40:58> [99C3DD88][Warning] Not a normal map texture tried to be used as a normal map: game/objects/item/aac/all/aa_valentines/Dagger/aa_valentines_dagger_fx_02.dds [File=game/objects/item/aac/all/aa_valentines/Dagger/aa_valentines_dagger_fx_02.dds]
<14:40:59> [DE801E31][Warning] Non 3dc normal map used (wrong on DX10): game/objects/item/aac/all/aa_valentines/Dagger/aa_valentines_dagger_ddn.dds [File=game/objects/item/aac/all/aa_valentines/Dagger/aa_valentines_dagger_ddn.dds]
<14:40:59> [000004EE][Warning] [CGF Error] game/objects/item/bow/bow_mmorpg_red/bow_mmorpg_red.cgf [:] LOD1 of geometry  contains too many polygons comparing to the LOD0 [680 against 988] :
<14:41:03> [65FB52A3][Warning] Entity Mooou:cannot find animation additive_fist_ba_relaxed_idle_rand_6
<14:41:05> [745BAE2F][Warning] failed to stream material xml(game/materials/effects/fume_h_ssd.mtl)
<14:41:05> [B95EE41B][Error] invalid parent unit id(103673)
<14:41:12> [CE0EF930][Warning] failed to stream cgf : objects/effects/portal_gate.cgf
<14:41:14> [65FB52A3][Warning] Entity Mooou:cannot find animation additive_fist_ba_relaxed_idle_rand_7
<14:41:15> [000004EE][Warning] [Lua] invalid style type...  / brown
<14:41:20> [CE0EF930][Warning] failed to stream cgf : objects/effects/portal_gate.cgf
<14:41:20> Loading Particle Library: aac_particles
<14:41:20> [745BAE2F][Warning] failed to stream material xml(game/materials/effects/heffect/fx_flower_leaf2.mtl)
<14:41:20> [6C383F06][Warning] Not a normal map texture tried to be used as a normal map: game/objects/effects/aac/roseboundpassage_df.dds [File=game/objects/effects/aac/roseboundpassage_df.dds]
<14:41:20> [485E8C39][Warning] Cannot load texture game/objects/effects/aac/roseboundpassage_ddn.dds, file missing [File=game/objects/effects/aac/roseboundpassage_ddn.dds]
<14:41:26> [CE0EF930][Warning] failed to stream cgf : objects/effects/portal_gate.cgf
<14:41:27> [BD8C448A][Warning] Cannot load texture game/objects/characters/warborn/male/nude/wa_m_nude_ddn.dds, file missing [File=game/objects/characters/warborn/male/nude/wa_m_nude_ddn.dds]
<14:41:27> [000004EE][Warning] [CGF Error] game/objects/item/axe_2h/axe_2h_mmorpg_red/axe_2h_mmorpg_red.cgf [:] LOD1 of geometry  contains too many polygons comparing to the LOD0 [1472 against 2012] :
<14:41:27> [CA175C82][Warning] non-stream IO. system(Material), filePath(game/objects/characters/warborn/male/horns/wa_m_horns006/wa_m_horns006_hc02.mtl)
<14:41:32> [65FB52A3][Warning] Entity Mooou:cannot find animation additive_fist_ba_relaxed_idle_rand_7
<14:41:33> [745BAE2F][Warning] failed to stream material xml(game/objects/characters/ferre/female/face/fe_f_face00_whtp03.mtl)
<14:41:36> [637AF710][Warning] missing chr material : game/objects/characters/hariharan/male/parts/ar/obj/ha_m_ar_cloth168.mtl (chr: game/objects/characters/hariharan/male/parts/ar/obj/ha_m_2sh018_5ar204.chr)
<14:41:38> [B95EE41B][Error] invalid parent unit id(57312)
<14:41:38> [BD8C448A][Warning] Cannot load texture game/objects/characters/warborn/male/nude/wa_m_nude_ddn.dds, file missing [File=game/objects/characters/warborn/male/nude/wa_m_nude_ddn.dds]
<14:41:38> [CA175C82][Warning] non-stream IO. system(Material), filePath(game/objects/characters/warborn/male/horns/wa_m_horns012/wa_m_horns012_hc03.mtl)
<14:41:38> [000004EE][Warning] Independent immortal particle effect spawned: X2_EFFECT_O.Interaction.enchant_wpn_range_honor_3g
<14:41:46> [65FB52A3][Warning] Entity Mooou:cannot find animation additive_fist_ba_relaxed_idle_rand_6
<14:41:54> [A181AEBC][Warning] Anim events cannot find effect "X2_EFFECTS_C1.Glider.Crystal_Wing.wing_start1", requested by animation "animations/env/glider_wing_crystal/fist_ac_gliding_start.caf".
<14:41:55> [B95EE41B][Error] invalid parent unit id(45532)
<14:41:55> [745BAE2F][Warning] failed to stream material xml(game/objects/characters/warborn/female/parts/bo/obj/wa_f_bo_leather179.mtl)
<14:41:55> [637AF710][Warning] missing chr material : game/objects/characters/warborn/female/parts/gv/obj/wa_f_gv_leather179.mtl (chr: game/objects/characters/warborn/female/parts/gv/obj/wa_f_2gv102.chr)
<14:41:55> [CA175C82][Warning] non-stream IO. system(Material), filePath(game/objects/characters/warborn/female/horns/wa_f_horns006/wa_f_horns006_hc07.mtl)
<14:41:55> [58F3F7FF][Warning] @1_3_5o/scripts/x2ui/addons/api.lua:488: [Script Error] Wrong parameter type. Function .GetItemInfoByType(type) expect parameter 1 of type Number (Provided type Null)
<14:41:59> [4FC35136][Warning] Cannot load texture game/objects/characters/texture/cp/nu_m_cp_cloth044_df.dds, file missing [File=game/objects/characters/texture/cp/nu_m_cp_cloth044_df.dds]
<14:42:00> [CE0EF930][Warning] failed to stream cgf : objects/effects/portal_gate.cgf
<14:42:00> [B95EE41B][Error] invalid parent unit id(102104)
<14:42:04> [1835C67C][Warning] Not a normal map texture tried to be used as a normal map: game/objects/item/aac/all/aa_summer/1h_spear/Sunphira/aa_summer_shish_kebab_df.dds [File=game/objects/item/aac/all/aa_summer/1h_spear/Sunphira/aa_summer_shish_kebab_df.dds]
<14:42:04> [FC50B0AC][Warning] Non 3dc normal map used (wrong on DX10): game/objects/item/aac/all/aa_summer/1h_spear/Sunphira/aa_summer_shish_kebab_ddn.dds [File=game/objects/item/aac/all/aa_summer/1h_spear/Sunphira/aa_summer_shish_kebab_ddn.dds]
<14:42:04> [745BAE2F][Warning] failed to stream material xml(game/objects/effects/keffect/p_fire_blue1a.mtl)
<14:42:07> [B95EE41B][Error] invalid parent unit id(45532)
<14:42:08> [65FB52A3][Warning] Entity Mooou:cannot find animation additive_fist_ba_relaxed_idle_rand_6
<14:42:08> [637AF710][Warning] missing chr material : game/objects/characters/hariharan/male/parts/pt/obj/ha_m_pt_cloth159.mtl (chr: game/objects/characters/hariharan/male/parts/pt/obj/ha_m_1pt901.chr)
<14:42:15> [65FB52A3][Warning] Entity Mooou:cannot find animation additive_fist_ba_relaxed_idle_rand_1
<14:42:18> [745BAE2F][Warning] failed to stream material xml(game/objects/env/06_unit/06_glider/glider_butterfly_whin01.mtl)
<14:42:19> [000004EE][Warning] Independent immortal particle effect spawned: X2_EFFECT_O.Interaction.enchant_wpn_range_honor_3g
<14:42:22> [65FB52A3][Warning] Entity Mooou:cannot find animation additive_fist_ba_relaxed_idle_rand_7
<14:42:24> [B95EE41B][Error] invalid parent unit id(38943)
<14:42:24> [CA175C82][Warning] non-stream IO. system(Material), filePath(game/objects/characters/hariharan/male/hair/ha_m_hair004/ha_m_hair004_hc11.mtl)
<14:42:38> [B95EE41B][Error] invalid parent unit id(38943)
<14:42:39> [65FB52A3][Warning] Entity Mooou:cannot find animation additive_fist_ba_relaxed_idle_rand_1
<14:42:44> [65FB52A3][Warning] Entity Mooou:cannot find animation additive_fist_ba_relaxed_idle_rand_4
<14:42:45> [BB897B6D][Warning] Cannot load texture 0, file missing [File=0]
<14:42:49> [B95EE41B][Error] invalid parent unit id(129778)
<14:42:50> [745BAE2F][Warning] failed to stream material xml(game/objects/characters/ferre/female/parts/ar/leather/ar_leather143/fe_f_ar_leather143_brop01.mtl)
<14:42:50> [637AF710][Warning] missing chr material : game/objects/characters/ferre/female/parts/gv/obj/fe_f_gv_cloth168.mtl (chr: game/objects/characters/ferre/female/parts/gv/obj/fe_f_2gv302.chr)
<14:42:51> [CE0EF930][Warning] failed to stream cgf : objects/effects/portal_gate.cgf
<14:42:52> [65FB52A3][Warning] Entity Mooou:cannot find animation additive_fist_ba_relaxed_idle_rand_3
<14:42:53> [E407C037][Warning] Cannot load texture game/objects/characters/texture/cp/nu_m_cp_cloth045_df.dds, file missing [File=game/objects/characters/texture/cp/nu_m_cp_cloth045_df.dds]
<14:42:55> [A175B737][Warning] Not a normal map texture tried to be used as a normal map: game/objects/item/aac/all/aa_xmas_staff/aa_xmas_staff_df.dds [File=game/objects/item/aac/all/aa_xmas_staff/aa_xmas_staff_df.dds]
<14:42:56> [58F3F7FF][Warning] @1_3_5o/scripts/x2ui/addons/api.lua:488: [Script Error] Wrong parameter type. Function .GetItemInfoByType(type) expect parameter 1 of type Number (Provided type Null)
<14:42:56> [2363981C][Warning] chr material is not precached : game/objects/characters/hariharan/female/costume/ha_f_sk_nurse001/ha_f_sk_nurse001_h.mtl (chr: game/objects/characters/hariharan/female/costume/ha_f_sk_nurse001/ha_f_sk_nurse001_h.chr)
<14:42:56> [CA175C82][Warning] non-stream IO. system(Material), filePath(game/objects/characters/hariharan/female/costume/ha_f_sk_nurse001/ha_f_sk_nurse001_h.mtl)
<14:43:06> [65FB52A3][Warning] Entity Mooou:cannot find animation additive_fist_ba_relaxed_idle_rand_6
<14:43:13> [CE0EF930][Warning] failed to stream cgf : objects/effects/portal_gate.cgf
<14:43:15> [745BAE2F][Warning] failed to stream material xml(game/objects/characters/ferre/female/parts/all/cloth/cloth175/fe_f_gv_cloth175_whtp01.mtl)
<14:43:15> [637AF710][Warning] missing chr material : game/objects/characters/ferre/female/parts/ar/obj/fe_f_ar_cloth486.mtl (chr: game/objects/characters/ferre/female/parts/ar/obj/fe_f_2ac002_5ar101.chr)
<14:43:16> [000004EE][Warning] [CGF Error] game/objects/item/blade_2h/blade_2h_monster/blade_2h_docheol_3/blade_2h_docheol_3.cgf [:] LOD1 of geometry  contains too many polygons comparing to the LOD0 [1900 against 2652] :
<14:43:16> [65FB52A3][Warning] Entity Mooou:cannot find animation additive_fist_ba_relaxed_idle_rand_5
<14:43:17> [CA175C82][Warning] non-stream IO. system(Material), filePath(game/objects/characters/warborn/female/horns/wa_f_horns010/wa_f_horns010_hc02.mtl)
<14:43:18> [000004EE][Warning] Independent immortal particle effect spawned: X2_EFFECT_O.Interaction.enchant_wpn_range_honor_3g
<14:43:19> [B95EE41B][Error] invalid parent unit id(82492)
<14:43:30> [B95EE41B][Error] invalid parent unit id(57312)
<14:43:30> [BD8C448A][Warning] Cannot load texture game/objects/characters/warborn/male/nude/wa_m_nude_ddn.dds, file missing [File=game/objects/characters/warborn/male/nude/wa_m_nude_ddn.dds]
<14:43:30> [CA175C82][Warning] non-stream IO. system(Material), filePath(game/objects/characters/warborn/male/horns/wa_m_horns012/wa_m_horns012_hc03.mtl)
<14:43:30> [000004EE][Warning] Independent immortal particle effect spawned: X2_EFFECT_O.Interaction.enchant_wpn_range_honor_3g
<14:43:30> [65FB52A3][Warning] Entity Mooou:cannot find animation additive_fist_ba_relaxed_idle_rand_7
<14:43:35> [65FB52A3][Warning] Entity Mooou:cannot find animation additive_fist_ba_relaxed_idle_rand_7
<14:43:36> [745BAE2F][Warning] failed to stream material xml(game/objects/effects/jjc_effect/01 - Default.mtl)
<14:43:36> [CE0EF930][Warning] failed to stream cgf : objects/effects/portal_gate.cgf
<14:43:37> [637AF710][Warning] missing chr material : game/objects/characters/hariharan/female/hair/ha_f_hair_common/nu_f_hair_common_w.mtl (chr: game/objects/characters/hariharan/female/hair/ha_f_hair_common/ha_f_hair_common0101w_type1.chr)
<14:43:37> [000004EE][Warning] Independent immortal particle effect spawned: X2_EFFECT_O.Interaction.enchant_wpn_range_honor_3g
<14:43:42> [65FB52A3][Warning] Entity Mooou:cannot find animation additive_fist_ba_relaxed_idle_rand_7
<14:43:43> [745BAE2F][Warning] failed to stream material xml(game/materials/effects/fume_h_ssd.mtl)
<14:43:43> [B95EE41B][Error] invalid parent unit id(81708)
<14:43:45> [000004EE][Warning] Independent immortal particle effect spawned: X2_EFFECT_O.Interaction.enchant_wpn_range_honor_3g
<14:43:54> [CE0EF930][Warning] failed to stream cgf : objects/effects/portal_gate.cgf
<14:43:54> [65FB52A3][Warning] Entity Mooou:cannot find animation additive_fist_ba_relaxed_idle_rand_7
<14:43:55> [58F3F7FF][Warning] @1_3_5o/scripts/x2ui/addons/api.lua:488: [Script Error] Wrong parameter type. Function .GetItemInfoByType(type) expect parameter 1 of type Number (Provided type Null)
<14:43:56> [63ABB424][Warning] Facial sequence "fist_ba_combat_idle_rand_1" not listed in CAL file for character "game/objects/characters/ferre/female/nude/fe_f_base.chr".
<14:44:05> [65FB52A3][Warning] Entity Mooou:cannot find animation additive_fist_ba_relaxed_idle_rand_5
<14:44:05> [745BAE2F][Warning] failed to stream material xml(game/objects/characters/ferre/female/parts/all/cloth/cloth183/fe_f_pt_cloth183_brop01.mtl)
<14:44:11> [745BAE2F][Warning] failed to stream material xml(game/objects/item/shield/shield_darkmoon001/shield_darkmoon001_brop01.mtl)
<14:44:11> [84FC9B7C][Warning] Cannot load texture game/objects/test/wat/mask2.dds, file missing [File=game/objects/test/wat/mask2.dds]
<14:44:12> [23D38107][Warning] Failed to stream CAF-file [File=animations/item/effect_bone/shield/shield_darkmoon001/default.caf]
<14:44:12> [000004EE][Warning] Independent immortal particle effect spawned: X2_EFFECT_O.Interaction.enchant_wpn_range_2g
<14:44:17> [65FB52A3][Warning] Entity Mooou:cannot find animation additive_fist_ba_relaxed_idle_rand_1
<14:44:20> [745BAE2F][Warning] failed to stream material xml(game/objects/characters/hariharan/female/parts/ar/obj/ha_f_ar_leather181.mtl)
<14:44:20> [637AF710][Warning] missing chr material : game/objects/characters/hariharan/female/parts/hm/obj/ha_f_hm_leather179.mtl (chr: game/objects/characters/hariharan/female/parts/hm/obj/ha_f_2hm109.chr)
<14:44:20> [000004EE][Warning] Independent immortal particle effect spawned: X2_EFFECT_O.Interaction.enchant_wpn_range_honor_3g
<14:44:22> [65FB52A3][Warning] Entity Mooou:cannot find animation additive_fist_ba_relaxed_idle_rand_7
<14:44:27> [99C3DD88][Warning] Not a normal map texture tried to be used as a normal map: game/objects/item/aac/all/aa_valentines/Dagger/aa_valentines_dagger_fx_02.dds [File=game/objects/item/aac/all/aa_valentines/Dagger/aa_valentines_dagger_fx_02.dds]
<14:44:27> [DE801E31][Warning] Non 3dc normal map used (wrong on DX10): game/objects/item/aac/all/aa_valentines/Dagger/aa_valentines_dagger_ddn.dds [File=game/objects/item/aac/all/aa_valentines/Dagger/aa_valentines_dagger_ddn.dds]
<14:44:27> [000004EE][Warning] [CGF Error] game/objects/item/bow/bow_mmorpg_red/bow_mmorpg_red.cgf [:] LOD1 of geometry  contains too many polygons comparing to the LOD0 [680 against 988] :
<14:44:27> [000004EE][Warning] Independent immortal particle effect spawned: X2_EFFECT_O.Interaction.enchant_wpn_range_honor_3g
<14:44:29> [B95EE41B][Error] invalid parent unit id(68280)
<14:44:34> [65FB52A3][Warning] Entity Mooou:cannot find animation additive_fist_ba_relaxed_idle_rand_4
<14:44:39> [B95EE41B][Error] invalid parent unit id(68280)
<14:44:41> [65FB52A3][Warning] Entity Mooou:cannot find animation additive_fist_ba_relaxed_idle_rand_3
<14:44:48> [CA175C82][Warning] non-stream IO. system(Material), filePath(game/objects/characters/warborn/female/horns/wa_f_horns006/wa_f_horns006_hc03.mtl)
<14:44:55> [58F3F7FF][Warning] @1_3_5o/scripts/x2ui/addons/api.lua:488: [Script Error] Wrong parameter type. Function .GetItemInfoByType(type) expect parameter 1 of type Number (Provided type Null)
<14:45:00> [65FB52A3][Warning] Entity Mooou:cannot find animation additive_fist_ba_relaxed_idle_rand_4
<14:45:01> [CE0EF930][Warning] failed to stream cgf : objects/effects/portal_gate.cgf
<14:45:02> [745BAE2F][Warning] failed to stream material xml(game/materials/effects/fume_h_ssd.mtl)
<14:45:07> [B95EE41B][Error] invalid parent unit id(100255)
<14:45:11> [65FB52A3][Warning] Entity Mooou:cannot find animation additive_fist_ba_relaxed_idle_rand_2
<14:45:22> [745BAE2F][Warning] failed to stream material xml(game/objects/env/06_unit/06_glider/glider_wing_crystal/glider_wing_crystal_blan01.mtl)
<14:45:22> [000004EE][Warning] [CGF Error] game/objects/item/blade_2h/blade_2h_monster/blade_2h_docheol_4/blade_2h_docheol_4.cgf [:] LOD1 of geometry  contains too many polygons comparing to the LOD0 [2486 against 3554] :
<14:45:22> [5243B464][Warning] Error: CShaderMan::mfCreateShaderResources: Couldn't find subsurface texture 'objects/characters/ferre/female/face/face01/fe_f_face01_fur_sss.dds' in path '' [File=objects/characters/ferre/female/face/face01/fe_f_face01_fur_sss.dds]
<14:45:23> [2363981C][Warning] chr material is not precached : game/objects/characters/ferre/male/costume/fe_m_sk_witcher001/fe_m_sk_witcher001_h.mtl (chr: game/objects/characters/ferre/male/costume/fe_m_sk_witcher001/fe_m_sk_witcher001_h.chr)
<14:45:23> [CA175C82][Warning] non-stream IO. system(Material), filePath(game/objects/characters/ferre/male/costume/fe_m_sk_witcher001/fe_m_sk_witcher001_h.mtl)
<14:45:23> [CE0EF930][Warning] failed to stream cgf : objects/effects/portal_gate.cgf
<14:45:29> [6FF68EA5] SetInstantTime: type 0 time 1759690079
<14:45:33> [745BAE2F][Warning] failed to stream material xml(game/objects/characters/ferre/female/face/fe_f_face00_grap01.mtl)
<14:45:33> [000004EE][Warning] Failed to load shader "Dynamiceffect_pul" in material "game/objects/characters/nuian/female/costume/nu_f_sk_tech001/nu_f_sk_tech_fx1"
<14:45:33> [CA175C82][Warning] non-stream IO. system(Material), filePath(game/objects/effects/keffect/m_enchant_red_l.mtl)
<14:45:33> [B8A20C07][Warning] Failed to stream CAF-file [File=animations/item/effect_bone/blade_2h/blade_2h_darkmoon001/default.caf]
<14:45:33> [000004EE][Warning] Independent immortal particle effect spawned: X2_EFFECT_O.Interaction.enchant_wpn_range_honor_3g
<14:45:33> [637AF710][Warning] missing chr material : game/objects/characters/ferre/female/parts/pt/obj/fe_f_pt_metal212.mtl (chr: game/objects/characters/ferre/female/parts/pt/obj/fe_f_4pt102.chr)
<14:45:36> [04FA8364][Warning] Cannot load texture game/objects/characters/nuian/male/hair/hair_texture/, file missing [File=game/objects/characters/nuian/male/hair/hair_texture/]
<14:45:37> [CE0EF930][Warning] failed to stream cgf : objects/effects/portal_gate.cgf
<14:45:38> [745BAE2F][Warning] failed to stream material xml(game/objects/effects/keffect/p_fire_blue1a.mtl)
<14:45:39> [65FB52A3][Warning] Entity Mooou:cannot find animation additive_fist_ba_relaxed_idle_rand_2
<14:45:40> [000004EE][Warning] Independent immortal particle effect spawned: X2_EFFECT_O.Interaction.enchant_wpn_range_honor_3g
<14:45:40> [637AF710][Warning] missing chr material : game/objects/characters/warborn/female/parts/cp/obj/01 - Default.mtl (chr: game/objects/characters/warborn/female/parts/cp/obj/wa_f_1cp113.chr)
<14:45:40> [CA175C82][Warning] non-stream IO. system(Material), filePath(game/objects/characters/warborn/female/horns/wa_f_horns010/wa_f_horns010_hc03.mtl)
<14:45:44> [745BAE2F][Warning] failed to stream material xml(game/objects/env/06_unit/06_glider/glider_blue2_grap01.mtl)
<14:45:45> [65FB52A3][Warning] Entity Mooou:cannot find animation additive_fist_ba_relaxed_idle_rand_1
<14:45:45> [4FC35136][Warning] Cannot load texture game/objects/characters/texture/cp/nu_m_cp_cloth044_df.dds, file missing [File=game/objects/characters/texture/cp/nu_m_cp_cloth044_df.dds]
<14:45:50> [745BAE2F][Warning] failed to stream material xml(game/objects/characters/hariharan/female/parts/bo/obj/ha_f_bo_cloth142.mtl)
<14:45:50> [637AF710][Warning] missing chr material : game/objects/characters/hariharan/female/parts/bo/obj/ha_f_bo_cloth142.mtl (chr: game/objects/characters/hariharan/female/parts/bo/obj/ha_f_1bo402.chr)
<14:45:50> [000004EE][Warning] [CGF Error] game/objects/item/bow/bow_eph_7/bow_eph_7.cgf [:] LOD1 of geometry  contains too many polygons comparing to the LOD0 [824 against 1214] :
<14:45:50> [000004EE][Warning] Independent immortal particle effect spawned: X2_EFFECT_O.Interaction.enchant_wpn_range_honor_3g
<14:45:50> [65FB52A3][Warning] Entity Mooou:cannot find animation additive_fist_ba_relaxed_idle_rand_7
<14:45:55> [58F3F7FF][Warning] @1_3_5o/scripts/x2ui/addons/api.lua:488: [Script Error] Wrong parameter type. Function .GetItemInfoByType(type) expect parameter 1 of type Number (Provided type Null)
<14:45:57> [000004EE][Warning] Particle effect not found: 'game/abillity_skill_table_m.death.death_trick_launch', from unknown 
<14:45:57> [000004EE][Warning] Independent immortal particle effect spawned: X2_EFFECT_O.Interaction.enchant_wpn_range_honor_3g
<14:45:59> [B95EE41B][Error] invalid parent unit id(100255)
<14:45:59> [CA175C82][Warning] non-stream IO. system(Material), filePath(game/objects/characters/warborn/female/horns/wa_f_horns005/wa_f_horns005_hc02.mtl)
<14:45:59> [65FB52A3][Warning] Entity Mooou:cannot find animation additive_fist_ba_relaxed_idle_rand_7
<14:46:02> [745BAE2F][Warning] failed to stream material xml(game/objects/characters/hariharan/male/parts/ar/obj/ha_m_ar_cloth155.mtl)
<14:46:02> [637AF710][Warning] missing chr material : game/objects/characters/hariharan/male/parts/ar/obj/ha_m_ar_cloth155.mtl (chr: game/objects/characters/hariharan/male/parts/ar/obj/ha_m_1ar905_1arm010_1bt015_1sh021.chr)
<14:46:04> [000004EE][Warning] Independent immortal particle effect spawned: X2_EFFECT_O.Interaction.enchant_wpn_range_honor_3g
<14:46:05> [65FB52A3][Warning] Entity Mooou:cannot find animation additive_fist_ba_relaxed_idle_rand_2
<14:46:11> [CE0EF930][Warning] failed to stream cgf : objects/effects/portal_gate.cgf
<14:46:12> [745BAE2F][Warning] failed to stream material xml(game/objects/item/spear_2h/spear_2h_darkmoon001/spear_2h_darkmoon001_brop01.mtl)
<14:46:13> [000004EE][Warning] Independent immortal particle effect spawned: X2_EFFECT_O.Interaction.enchant_wpn_range_honor_3g
<14:46:13> [65FB52A3][Warning] Entity Mooou:cannot find animation additive_fist_ba_relaxed_idle_rand_4
<14:46:13> [B95EE41B][Error] invalid parent unit id(89758)
<14:46:15> [2363981C][Warning] chr material is not precached : game/objects/characters/warborn/female/costume/wa_f_sk_metalpriest001/wa_f_sk_metalpriest001_h.mtl (chr: game/objects/characters/warborn/female/costume/wa_f_sk_metalpriest001/wa_f_sk_metalpriest001_h.chr)
<14:46:15> [CA175C82][Warning] non-stream IO. system(Material), filePath(game/objects/characters/warborn/female/costume/wa_f_sk_metalpriest001/wa_f_sk_metalpriest001_h.mtl)
<14:46:26> [65FB52A3][Warning] Entity Mooou:cannot find animation additive_fist_ba_relaxed_idle_rand_4
<14:46:31> [CE0EF930][Warning] failed to stream cgf : objects/effects/portal_gate.cgf
<14:46:35> [65FB52A3][Warning] Entity Mooou:cannot find animation additive_fist_ba_relaxed_idle_rand_7
<14:46:38> [CE0EF930][Warning] failed to stream cgf : objects/effects/portal_gate.cgf
<14:46:43> [A181AEBC][Warning] Anim events cannot find effect "X2_EFFECTS_C1.Glider.Crystal_Wing.wing_start1", requested by animation "animations/env/glider_wing_crystal/fist_ac_gliding_start.caf".
<14:46:46> [65FB52A3][Warning] Entity Mooou:cannot find animation additive_fist_ba_relaxed_idle_rand_1
<14:46:47> [745BAE2F][Warning] failed to stream material xml(game/objects/env/06_unit/06_glider/glider_wing_crystal/glider_wing_crystal_blan01.mtl)
<14:46:47> [5243B464][Warning] Error: CShaderMan::mfCreateShaderResources: Couldn't find subsurface texture 'objects/characters/ferre/female/face/face01/fe_f_face01_fur_sss.dds' in path '' [File=objects/characters/ferre/female/face/face01/fe_f_face01_fur_sss.dds]
<14:46:47> [CA175C82][Warning] non-stream IO. system(Material), filePath(game/objects/characters/ferre/male/hair/fe_m_hair030/fe_m_hair030_hc30.mtl)
<14:46:49> [A181AEBC][Warning] Anim events cannot find effect "X2_EFFECTS_C1.Glider.Crystal_Wing.wing_start1", requested by animation "animations/env/glider_wing_crystal/fist_ac_gliding_start.caf".
<14:46:52> [65FB52A3][Warning] Entity Mooou:cannot find animation additive_fist_ba_relaxed_idle_rand_6
<14:46:55> [B95EE41B][Error] invalid parent unit id(57347)
<14:46:55> [58F3F7FF][Warning] @1_3_5o/scripts/x2ui/addons/api.lua:488: [Script Error] Wrong parameter type. Function .GetItemInfoByType(type) expect parameter 1 of type Number (Provided type Null)
<14:46:56> [745BAE2F][Warning] failed to stream material xml(game/objects/effects/jjc_effect/01 - Default.mtl)
<14:46:56> [CE0EF930][Warning] failed to stream cgf : game/objects/effects/eye_Manim/H_eye.chr
<14:46:56> [A181AEBC][Warning] Anim events cannot find effect "X2_EFFECTS_C1.Glider.Crystal_Wing.front_trail1", requested by animation "animations/env/glider_wing_crystal/fist_ac_gliding_front.caf".
<14:46:59> [65FB52A3][Warning] Entity Mooou:cannot find animation additive_fist_ba_relaxed_idle_rand_6
<14:47:00> [637AF710][Warning] missing chr material : game/objects/characters/warborn/female/parts/pt/obj/wa_f_pt_metal170.mtl (chr: game/objects/characters/warborn/female/parts/pt/obj/wa_f_1pt304.chr)
<14:47:00> [CA175C82][Warning] non-stream IO. system(Material), filePath(game/objects/characters/warborn/female/hair/wa_f_hair015/wa_f_hair015.mtl)
<14:47:01> [745BAE2F][Warning] failed to stream material xml(game/objects/characters/ferre/female/parts/hm/obj/fe_f_hm_cloth168.mtl)
<14:47:02> [000004EE][Warning] [CGF Error] game/objects/item/shield/shield_monster/shield_baeksojeong01/shield_baeksojeong01.cgf [:] LOD1 of geometry  contains too many polygons comparing to the LOD0 [872 against 1145] :
<14:47:02> [000004EE][Warning] Independent immortal particle effect spawned: X2_EFFECT_O.Interaction.enchant_wpn_range_1g
<14:47:03> [000004EE][Warning] Particle effect not found: 'X2_EFFECT_KSW.BM_Effects.BM_cheer_stick_fepee', from unknown 
<14:47:06> [65FB52A3][Warning] Entity Mooou:cannot find animation additive_fist_ba_relaxed_idle_rand_2
<14:47:07> [745BAE2F][Warning] failed to stream material xml(game/objects/characters/ferre/female/parts/gv/leather/gv_leather167/fe_f_gv_leather167_blan01.mtl)
<14:47:07> [637AF710][Warning] missing chr material : game/objects/characters/ferre/female/parts/bo/obj/fe_f_bo_leather179.mtl (chr: game/objects/characters/ferre/female/parts/bo/obj/fe_f_2bo502.chr)
<14:47:10> [6FF68EA5] SetInstantTime: type 0 time 0
<14:47:11> [6FF68EA5] SetInstantTime: type 2 time 1759693630
<14:47:11> [B95EE41B][Error] invalid parent unit id(60870)
<14:47:11> [9CAE9693] Starting In World Loading
<14:47:11> [CE0EF930][Warning] failed to stream cgf : objects/effects/portal_gate.cgf
<14:47:11> [B42C333F] In World Loading Finished
<14:47:11> [5132FEDE][Warning] invalid attached position(0.00, 21.44, 6.09)
<14:47:11> [DD6CD685][Warning] grand child physical proxy is not supported. grandpa(Enoan Galleon: Sample), dad(prefab_doodad_model_561279_prefab://Prefabs/galleon.xml/galleon.galleon_helms), child(galleon_helms_1)
<14:47:12> [A4D70365][Warning] rigid-body own-entity; prefab=Prefabs/interaction.xml/toy.crane node=AnimObject_1
<14:47:12> [000004EE][Warning] [CGF Error] game/objects/env/06_unit/06_glider/glider_wing_crystal/glider_wing_crystal_back.cgf [:] LOD1 of geometry  contains too many polygons comparing to the LOD0 [2720 against 4064] :
<14:47:12> [000004EE][Warning] Independent immortal particle effect spawned: X2_EFFECT_O.Interaction.enchant_wpn_range_1g
<14:47:12> [CA175C82][Warning] non-stream IO. system(Material), filePath(game/objects/characters/warborn/female/hair/wa_f_hair015/wa_f_hair015.mtl)
<14:47:12> [745BAE2F][Warning] failed to stream material xml(game/objects/characters/ferre/male/face/fe_m_face00_blan01.mtl)
<14:47:13> [5243B464][Warning] Error: CShaderMan::mfCreateShaderResources: Couldn't find subsurface texture 'objects/characters/ferre/female/face/face01/fe_f_face01_fur_sss.dds' in path '' [File=objects/characters/ferre/female/face/face01/fe_f_face01_fur_sss.dds]
<14:47:14> [82321C2B][Warning] [net 18:47:14.400] [time] remote time estimation restarted; estimate accumulator age was 1.226024
<14:47:15> [63ABB424][Warning] Facial sequence "fist_ac_yatadance02" not listed in CAL file for character "game/objects/characters/hariharan/male/nude/ha_m_base.chr".
<14:47:15> [BD8C448A][Warning] Cannot load texture game/objects/characters/warborn/male/nude/wa_m_nude_ddn.dds, file missing [File=game/objects/characters/warborn/male/nude/wa_m_nude_ddn.dds]
<14:47:16> [637AF710][Warning] missing chr material : game/objects/characters/hariharan/male/parts/ar/obj/ha_m_ar_leather499.mtl (chr: game/objects/characters/hariharan/male/parts/ar/obj/ha_m_1ar603_1arm001_4sh035_r.chr)
<14:47:17> [62232BEA][Warning] deferred xml stream error - game/animations/monster/daru_shadow_seller/lmg_files/fist_mo_normal_walk.lmg : f0000003
<14:47:19> [000004EE][Warning] Independent immortal particle effect spawned: X2_EFFECT_O.Interaction.enchant_wpn_range_honor_3g
<14:47:19> [745BAE2F][Warning] failed to stream material xml(game/objects/characters/hariharan/female/parts/hm/obj/ha_f_hm_leather120.mtl)
<14:47:19> [A4D70365][Warning] rigid-body own-entity; prefab=prefabs/fishboat.xml/fishboat.fishboat_body node=stove_0
<14:47:19> [DD6CD685][Warning] grand child physical proxy is not supported. grandpa(Pufferfish), dad(prefab_doodad_model_274021_prefab://Prefabs/galleon.xml/galleon.galleon_helms), child(galleon_helms_1)
<14:47:24> [DD6CD685][Warning] grand child physical proxy is not supported. grandpa(Pufferfish), dad(prefab_doodad_model_274021_prefab://Prefabs/galleon.xml/galleon.galleon_helms), child(galleon_helms_1)
<14:47:24> [B95EE41B][Error] invalid parent unit id(118322)
<14:47:28> [65FB52A3][Warning] Entity Mooou:cannot find animation additive_fist_ba_relaxed_idle_rand_4
<14:47:33> [CA175C82][Warning] non-stream IO. system(Material), filePath(game/objects/characters/warborn/female/horns/wa_f_horns014/wa_f_horns014_hc05.mtl)
<14:47:37> [745BAE2F][Warning] failed to stream material xml(game/objects/characters/ferre/male/costume/fe_m_sk_tech001/fe_m_sk_tech001_blan01.mtl)
<14:47:37> [000004EE][Warning] Failed to load shader "Dynamiceffect_pul" in material "game/objects/characters/nuian/male/costume/nu_m_sk_tech001/nu_m_sk_tech_fx1"
<14:47:38> [5243B464][Warning] Error: CShaderMan::mfCreateShaderResources: Couldn't find subsurface texture 'objects/characters/ferre/female/face/face01/fe_f_face01_fur_sss.dds' in path '' [File=objects/characters/ferre/female/face/face01/fe_f_face01_fur_sss.dds]
<14:47:38> [2363981C][Warning] chr material is not precached : game/objects/characters/ferre/male/hair/fe_m_hair001/fe_m_hair001.mtl (chr: game/objects/characters/ferre/male/hair/fe_m_hair001/fe_m_hair001.chr)
<14:47:38> [CA175C82][Warning] non-stream IO. system(Material), filePath(game/objects/characters/ferre/male/hair/fe_m_hair001/fe_m_hair001.mtl)
<14:47:38> [63ABB424][Warning] Facial sequence "fist_ba_combat_idle_rand_1" not listed in CAL file for character "game/objects/characters/warborn/female/nude/wa_f_base.chr".
<14:47:42> [65FB52A3][Warning] Entity Mooou:cannot find animation additive_fist_ba_relaxed_idle_rand_5
<14:47:44> [CE0EF930][Warning] failed to stream cgf : objects/effects/portal_gate.cgf
<14:47:46> [B95EE41B][Error] invalid parent unit id(118322)
<14:47:49> [65FB52A3][Warning] Entity Mooou:cannot find animation additive_fist_ba_relaxed_idle_rand_1
<14:47:56> [745BAE2F][Warning] failed to stream material xml(game/materials/effects/heffect/fx_ljs_potal_eyes_6.mtl)
<14:47:56> [CE0EF930][Warning] failed to stream cgf : game/objects/effects/eye_Manim/H_eye.chr
<14:47:56> [A181AEBC][Warning] Anim events cannot find effect "X2_EFFECTS_C1.Glider.Crystal_Wing.wing_start1", requested by animation "animations/env/glider_wing_crystal/fist_ac_gliding_start.caf".
<14:47:57> [637AF710][Warning] missing chr material : game/objects/characters/ferre/male/hair/fe_m_hair040/Material #435.mtl (chr: game/objects/characters/ferre/male/hair/fe_m_hair040/fe_m_hair040.chr)
<14:47:57> [CA175C82][Warning] non-stream IO. system(Material), filePath(game/objects/characters/ferre/male/hair/fe_m_hair040/fe_m_hair040.mtl)
<14:47:58> [58F3F7FF][Warning] @1_3_5o/scripts/x2ui/addons/api.lua:488: [Script Error] Wrong parameter type. Function .GetItemInfoByType(type) expect parameter 1 of type Number (Provided type Null)
<14:47:59> [000004EE][Warning] Particle effect not found: 'X2_EFFECTS_K.J_Inter_effects.Glider_crystal_particles', from unknown 
<14:47:59> [7705AB91][Warning] Cannot load texture game/objects/characters/nuian/female/hair/nu_f_hair031/nu_f_hair031_ddn.dds, file missing [File=game/objects/characters/nuian/female/hair/nu_f_hair031/nu_f_hair031_ddn.dds]
<14:48:00> [000004EE][Warning] Independent immortal particle effect spawned: X2_EFFECT_O.Interaction.enchant_wpn_range_honor_3g
<14:48:03> [A4D70365][Warning] rigid-body own-entity; prefab=prefabs/boardship.xml/boardship.step_10boardship_normal node=AnimObject_28
<14:48:03> [DD6CD685][Warning] grand child physical proxy is not supported. grandpa(Lutesong Junk), dad(prefab_doodad_model_266814_prefab://Prefabs/galleon.xml/galleon.galleon_helms), child(galleon_helms_1)
<14:48:06> [65FB52A3][Warning] Entity Mooou:cannot find animation additive_fist_ba_relaxed_idle_rand_5
<14:48:10> [CE0EF930][Warning] failed to stream cgf : objects/effects/portal_gate.cgf
<14:48:10> [DD6CD685][Warning] grand child physical proxy is not supported. grandpa(Lutesong Junk), dad(prefab_doodad_model_266814_prefab://Prefabs/galleon.xml/galleon.galleon_helms), child(galleon_helms_1)
<14:48:11> [A4D70365][Warning] rigid-body own-entity; prefab=prefabs/fishboat.xml/fishboat.fishboat_wheel node=webbed_feet
<14:48:12> [745BAE2F][Warning] failed to stream material xml(game/objects/env/06_unit/01_ship/fishboat/fisherbarrel.mtl)
<14:48:13> [65FB52A3][Warning] Entity Mooou:cannot find animation additive_fist_ba_relaxed_idle_rand_7
<14:48:17> [DD6CD685][Warning] grand child physical proxy is not supported. grandpa(30-Day Longliner), dad(prefab_doodad_model_595893_prefab://prefabs/fishboat.xml/fishboat.fishboat_wheel), child(webbed_feet)
<14:48:18> [000004EE][Warning] [CGF Error] game/objects/item/bow/bow_eph_7/bow_eph_7.cgf [:] LOD1 of geometry  contains too many polygons comparing to the LOD0 [824 against 1214] :
<14:48:18> [000004EE][Warning] Independent immortal particle effect spawned: X2_EFFECT_O.Interaction.enchant_wpn_range_honor_3g
<14:48:20> [A4D70365][Warning] rigid-body own-entity; prefab=prefabs/fishboat.xml/fishboat.fishboat_body node=stove_0
<14:48:29> [65FB52A3][Warning] Entity Mooou:cannot find animation additive_fist_ba_relaxed_idle_rand_2
<14:48:34> [745BAE2F][Warning] failed to stream material xml(game/materials/effects/fume_h_ssd.mtl)
<14:48:37> [65FB52A3][Warning] Entity Mooou:cannot find animation additive_fist_ba_relaxed_idle_rand_7
<14:48:42> [63ABB424][Warning] Facial sequence "fist_ac_whistle" not listed in CAL file for character "game/objects/characters/warborn/female/nude/wa_f_base.chr".
<14:48:42> [65FB52A3][Warning] Entity Mooou:cannot find animation additive_fist_ba_relaxed_idle_rand_7
<14:48:43> [B95EE41B][Error] invalid parent unit id(86110)
<14:48:44> [2363981C][Warning] chr material is not precached : game/objects/characters/warborn/female/costume/wa_f_sk_lucius001/wa_f_sk_lucius001_h.mtl (chr: game/objects/characters/warborn/female/costume/wa_f_sk_lucius001/wa_f_sk_lucius001_h.chr)
<14:48:44> [CA175C82][Warning] non-stream IO. system(Material), filePath(game/objects/characters/warborn/female/costume/wa_f_sk_lucius001/wa_f_sk_lucius001_h.mtl)
<14:48:45> [CE0EF930][Warning] failed to stream cgf : objects/effects/portal_gate.cgf
<14:48:51> [65FB52A3][Warning] Entity Mooou:cannot find animation additive_fist_ba_relaxed_idle_rand_2
<14:48:55> [A181AEBC][Warning] Anim events cannot find effect "X2_EFFECTS_C1.Glider.Crystal_Wing.wing_start1", requested by animation "animations/env/glider_wing_crystal/fist_ac_gliding_start.caf".
<14:48:59> [58F3F7FF][Warning] @1_3_5o/scripts/x2ui/addons/api.lua:488: [Script Error] Wrong parameter type. Function .GetItemInfoByType(type) expect parameter 1 of type Number (Provided type Null)
<14:49:07> [745BAE2F][Warning] failed to stream material xml(game/materials/effects/fume_h_ssd.mtl)
<14:49:08> [65FB52A3][Warning] Entity Mooou:cannot find animation additive_fist_ba_relaxed_idle_rand_5
<14:49:09> [637AF710][Warning] missing chr material : game/objects/characters/warborn/female/parts/bo/obj/wa_f_bo_metal160.mtl (chr: game/objects/characters/warborn/female/parts/bo/obj/wa_f_4bo302.chr)
<14:49:10> [CA175C82][Warning] non-stream IO. system(Material), filePath(game/objects/characters/warborn/female/hair/wa_f_hair015/wa_f_hair015.mtl)
<14:49:21> [745BAE2F][Warning] failed to stream material xml(game/objects/characters/hariharan/male/parts/gv/obj/ha_m_gv_leather002.mtl)
<14:49:21> [637AF710][Warning] missing chr material : game/objects/characters/hariharan/male/parts/gv/obj/ha_m_gv_leather002.mtl (chr: game/objects/characters/hariharan/male/parts/gv/obj/ha_m_2gv102.chr)
<14:49:29> [745BAE2F][Warning] failed to stream material xml(game/objects/characters/warborn/female/parts/hm/obj/wa_f_hm_cloth170.mtl)
<14:49:29> [637AF710][Warning] missing chr material : game/objects/characters/warborn/female/parts/pt/obj/wa_f_pt_cloth170.mtl (chr: game/objects/characters/warborn/female/parts/pt/obj/wa_f_1pt606.chr)
<14:49:29> [000004EE][Warning] Independent immortal particle effect spawned: X2_EFFECT_O.Interaction.enchant_wpn_range_honor_3g
<14:49:30> [65FB52A3][Warning] Entity Mooou:cannot find animation additive_fist_ba_relaxed_idle_rand_1
<14:49:32> [CE0EF930][Warning] failed to stream cgf : objects/effects/portal_gate.cgf
<14:49:38> [000004EE][Warning] [CGF Error] game/objects/item/bow/bow_eph_7/bow_eph_7.cgf [:] LOD1 of geometry  contains too many polygons comparing to the LOD0 [824 against 1214] :
<14:49:38> [000004EE][Warning] Independent immortal particle effect spawned: X2_EFFECT_O.Interaction.enchant_wpn_range_honor_3g
<14:49:39> [65FB52A3][Warning] Entity Mooou:cannot find animation additive_fist_ba_relaxed_idle_rand_4
<14:49:44> [65FB52A3][Warning] Entity Mooou:cannot find animation additive_fist_ba_relaxed_idle_rand_3
<14:49:47> [CE0EF930][Warning] failed to stream cgf : objects/effects/portal_gate.cgf
<14:49:51> [65FB52A3][Warning] Entity Mooou:cannot find animation additive_fist_ba_relaxed_idle_rand_7
<14:49:54> [000004EE][Warning] Independent immortal particle effect spawned: X2_EFFECT_O.Interaction.enchant_wpn_range_honor_3g
<14:49:54> [745BAE2F][Warning] failed to stream material xml(game/objects/characters/hariharan/female/hair/ha_f_hair_common/nu_f_hair_common_w.mtl)
<14:49:55> [637AF710][Warning] missing chr material : game/objects/characters/hariharan/female/hair/ha_f_hair_common/nu_f_hair_common_w.mtl (chr: game/objects/characters/hariharan/female/hair/ha_f_hair_common/ha_f_hair_common0101w_type1.chr)
<14:49:59> [58F3F7FF][Warning] @1_3_5o/scripts/x2ui/addons/api.lua:488: [Script Error] Wrong parameter type. Function .GetItemInfoByType(type) expect parameter 1 of type Number (Provided type Null)
<14:50:02> [65FB52A3][Warning] Entity Mooou:cannot find animation additive_fist_ba_relaxed_idle_rand_7
<14:50:11> [65FB52A3][Warning] Entity Mooou:cannot find animation additive_fist_ba_relaxed_idle_rand_7
<14:50:16> [745BAE2F][Warning] failed to stream material xml(game/objects/characters/hariharan/female/parts/pt/obj/ha_f_pt_cloth001.mtl)
<14:50:16> [637AF710][Warning] missing chr material : game/objects/characters/hariharan/female/parts/pt/obj/ha_f_pt_cloth001.mtl (chr: game/objects/characters/hariharan/female/parts/pt/obj/ha_f_1pt902.chr)
<14:50:18> [65FB52A3][Warning] Entity Mooou:cannot find animation additive_fist_ba_relaxed_idle_rand_7
<14:50:27> [65FB52A3][Warning] Entity Mooou:cannot find animation additive_fist_ba_relaxed_idle_rand_4
<14:50:34> [65FB52A3][Warning] Entity Mooou:cannot find animation additive_fist_ba_relaxed_idle_rand_7
<14:50:40> [745BAE2F][Warning] failed to stream material xml(game/objects/characters/hariharan/female/parts/pt/obj/ha_f_pt_cloth200.mtl)
<14:50:40> [637AF710][Warning] missing chr material : game/objects/characters/hariharan/female/parts/pt/obj/ha_f_pt_cloth200.mtl (chr: game/objects/characters/hariharan/female/parts/pt/obj/ha_f_1pt601.chr)
<14:50:45> [65FB52A3][Warning] Entity Mooou:cannot find animation additive_fist_ba_relaxed_idle_rand_1
<14:50:48> [B95EE41B][Error] invalid parent unit id(68779)
<14:50:51> [000004EE][Warning] Independent immortal particle effect spawned: X2_EFFECT_O.Interaction.enchant_wpn_range_honor_3g
<14:50:55> [000004EE][Warning] [CGF Error] game/objects/item/bow/bow_eph_7/bow_eph_7.cgf [:] LOD1 of geometry  contains too many polygons comparing to the LOD0 [824 against 1214] :
<14:50:55> [B95EE41B][Error] invalid parent unit id(68779)
<14:50:56> [CE0EF930][Warning] failed to stream cgf : objects/effects/portal_gate.cgf
<14:50:59> [58F3F7FF][Warning] @1_3_5o/scripts/x2ui/addons/api.lua:488: [Script Error] Wrong parameter type. Function .GetItemInfoByType(type) expect parameter 1 of type Number (Provided type Null)
<14:51:00> [65FB52A3][Warning] Entity Mooou:cannot find animation additive_fist_ba_relaxed_idle_rand_7
<14:51:01> [B95EE41B][Error] invalid parent unit id(84046)
<14:51:05> [65FB52A3][Warning] Entity Mooou:cannot find animation additive_fist_ba_relaxed_idle_rand_7
<14:51:07> [745BAE2F][Warning] failed to stream material xml(game/objects/characters/ferre/male/face/fe_m_face00_blup01.mtl)
<14:51:11> [E6E0E18C][Warning] Not a normal map texture tried to be used as a normal map: game/objects/item/aac/staff_2h/staff_comet/aa_meteor_staff_fx.dds [File=game/objects/item/aac/staff_2h/staff_comet/aa_meteor_staff_fx.dds]
<14:51:11> [CA175C82][Warning] non-stream IO. system(Material), filePath(game/objects/characters/warborn/female/horns/wa_f_horns006/wa_f_horns006_hc01.mtl)
<14:51:11> [000004EE][Warning] Independent immortal particle effect spawned: X2_EFFECT_O.Interaction.enchant_wpn_range_honor_3g
<14:51:11> [CE0EF930][Warning] failed to stream cgf : objects/effects/portal_gate.cgf
<14:51:12> [65FB52A3][Warning] Entity Mooou:cannot find animation additive_fist_ba_relaxed_idle_rand_2
<14:51:13> [745BAE2F][Warning] failed to stream material xml(game/objects/characters/ferre/female/hair/fe_f_hair029/fe_f_hair029_whin01.mtl)
<14:51:17> [65FB52A3][Warning] Entity Mooou:cannot find animation additive_fist_ba_relaxed_idle_rand_4
<14:51:25> [65FB52A3][Warning] Entity Mooou:cannot find animation additive_fist_ba_relaxed_idle_rand_4
<14:51:26> [B95EE41B][Error] invalid parent unit id(50301)
<14:51:29> [CE0EF930][Warning] failed to stream cgf : objects/effects/portal_gate.cgf
<14:51:30> [65FB52A3][Warning] Entity Mooou:cannot find animation additive_fist_ba_relaxed_idle_rand_7
<14:51:30> [745BAE2F][Warning] failed to stream material xml(game/materials/effects/fume_h_ssd.mtl)
<14:51:31> [B95EE41B][Error] invalid parent unit id(23051)
<14:51:38> [CA175C82][Warning] non-stream IO. system(Material), filePath(game/objects/characters/warborn/female/horns/wa_f_horns011/wa_f_horns011_hc03.mtl)
<14:51:52> [DD6CD685][Warning] grand child physical proxy is not supported. grandpa(Merit Badge Merchant Schooner), dad(prefab_doodad_model_37198_prefab://Prefabs/galleon.xml/galleon.galleon_helms), child(galleon_helms_1)
<14:51:53> [A181AEBC][Warning] Anim events cannot find effect "X2_EFFECTS_C1.Glider.Crystal_Wing.wing_start1", requested by animation "animations/env/glider_wing_crystal/fist_ac_gliding_start.caf".
<14:51:58> [58F3F7FF][Warning] @1_3_5o/scripts/x2ui/addons/api.lua:488: [Script Error] Wrong parameter type. Function .GetItemInfoByType(type) expect parameter 1 of type Number (Provided type Null)
<14:51:59> [DD6CD685][Warning] grand child physical proxy is not supported. grandpa(Merit Badge Merchant Schooner), dad(prefab_doodad_model_37198_prefab://Prefabs/galleon.xml/galleon.galleon_helms), child(galleon_helms_1)
<14:52:01> [65FB52A3][Warning] Entity Mooou:cannot find animation additive_fist_ba_relaxed_idle_rand_5
<14:52:31> [65FB52A3][Warning] Entity Mooou:cannot find animation additive_fist_ba_relaxed_idle_rand_5
<14:52:39> [65FB52A3][Warning] Entity Mooou:cannot find animation additive_fist_ba_relaxed_idle_rand_7
<14:52:44> [65FB52A3][Warning] Entity Mooou:cannot find animation additive_fist_ba_relaxed_idle_rand_5
<14:52:49> [B95EE41B][Error] invalid parent unit id(57347)
<14:52:49> [745BAE2F][Warning] failed to stream material xml(game/objects/characters/hariharan/male/parts/hm/obj/ha_m_hm_cloth168.mtl)
<14:52:49> [637AF710][Warning] missing chr material : game/objects/characters/hariharan/male/parts/ar/obj/ha_m_ar_cloth168.mtl (chr: game/objects/characters/hariharan/male/parts/ar/obj/ha_m_2sh018_5ar204.chr)
<14:52:51> [CA175C82][Warning] non-stream IO. system(Material), filePath(game/objects/characters/warborn/female/horns/wa_f_horns011/wa_f_horns011_hc03.mtl)
<14:52:58> [65FB52A3][Warning] Entity Mooou:cannot find animation additive_fist_ba_relaxed_idle_rand_7
<14:52:58> [58F3F7FF][Warning] @1_3_5o/scripts/x2ui/addons/api.lua:488: [Script Error] Wrong parameter type. Function .GetItemInfoByType(type) expect parameter 1 of type Number (Provided type Null)
<14:53:03> [65FB52A3][Warning] Entity Mooou:cannot find animation additive_fist_ba_relaxed_idle_rand_7
<14:53:05> [745BAE2F][Warning] failed to stream material xml(game/objects/characters/ferre/female/parts/gv/metal/gv_metal170/fe_f_gv_metal170_yeln01.mtl)
<14:53:05> [637AF710][Warning] missing chr material : game/objects/characters/ferre/female/parts/gv/obj/fe_f_gv_metal166.mtl (chr: game/objects/characters/ferre/female/parts/gv/obj/fe_f_3gv202.chr)
<14:53:06> [186EDA89][Warning] Cannot load texture game/objects/characters/ferre/female/face/fe_f_face_yel_df.dds, file missing [File=game/objects/characters/ferre/female/face/fe_f_face_yel_df.dds]
<14:53:06> [000004EE][Warning] Independent immortal particle effect spawned: X2_EFFECT_O.Interaction.enchant_wpn_range_honor_3g
<14:53:08> [B95EE41B][Error] invalid parent unit id(52221)
<14:53:08> [000004EE][Warning] [CGF Error] game/objects/item/shield/shield_monster/shield_baeksojeong01/shield_baeksojeong01.cgf [:] LOD1 of geometry  contains too many polygons comparing to the LOD0 [872 against 1145] :
<14:53:12> [65FB52A3][Warning] Entity Mooou:cannot find animation additive_fist_ba_relaxed_idle_rand_1
<14:53:18> [65FB52A3][Warning] Entity Mooou:cannot find animation additive_fist_ba_relaxed_idle_rand_6
<14:53:21> [CE0EF930][Warning] failed to stream cgf : objects/effects/portal_gate.cgf
<14:53:25> [B95EE41B][Error] invalid parent unit id(78108)
<14:53:25> [745BAE2F][Warning] failed to stream material xml(game/objects/characters/ferre/female/parts/all/leather/leather182/fe_f_bo_leather182_brop01.mtl)
<14:53:25> [65FB52A3][Warning] Entity Metboll:cannot find animation additive_fist_mo_normal_run_f_rand_3
<14:53:30> [637AF710][Warning] missing chr material : game/objects/characters/hariharan/male/parts/pt/obj/ha_m_pt_cloth230.mtl (chr: game/objects/characters/hariharan/male/parts/pt/obj/ha_m_1pt401.chr)
<14:53:30> [000004EE][Warning] Independent immortal particle effect spawned: X2_EFFECT_O.Interaction.enchant_wpn_range_honor_3g
<14:53:32> [B95EE41B][Error] invalid parent unit id(52221)
<14:53:33> [65FB52A3][Warning] Entity Mooou:cannot find animation additive_fist_ba_relaxed_idle_rand_7
<14:53:36> [A4D70365][Warning] rigid-body own-entity; prefab=prefabs/speedboat_new.xml/speedboat_new.speedboat_ucc_body node=webbed_feet
<14:53:36> [63ABB424][Warning] Facial sequence "fist_ac_whistle" not listed in CAL file for character "game/objects/characters/hariharan/male/nude/ha_m_base.chr".
<14:53:37> [B95EE41B][Error] invalid parent unit id(88939)
<14:53:41> [C45FAC6E][Warning] Cannot load texture game/objects/characters/test/glider_squirrel/glider_squirrel_df.dds, file missing [File=game/objects/characters/test/glider_squirrel/glider_squirrel_df.dds]
<14:53:41> [CD8829BA][Warning] Error: CShaderMan::mfCreateShaderResources: Couldn't find subsurface texture 'game/objects/characters/test/glider_squirrel/glider_squirrel_df.dds' in path '' [File=game/objects/characters/test/glider_squirrel/glider_squirrel_df.dds]
<14:53:41> [745BAE2F][Warning] failed to stream material xml(game/objects/characters/warborn/male/parts/cp/obj/01 - Default.mtl)
<14:53:41> [637AF710][Warning] missing chr material : game/objects/characters/warborn/male/parts/cp/obj/01 - Default.mtl (chr: game/objects/characters/warborn/male/parts/cp/obj/wa_m_1cp101.chr)
<14:53:48> [65FB52A3][Warning] Entity Mooou:cannot find animation additive_fist_ba_relaxed_idle_rand_5
<14:53:53> [000004EE][Warning] [CGF Error] game/objects/item/bow/bow_eph_7/bow_eph_7.cgf [:] LOD1 of geometry  contains too many polygons comparing to the LOD0 [824 against 1214] :
<14:53:53> [000004EE][Warning] Independent immortal particle effect spawned: X2_EFFECT_O.Interaction.enchant_wpn_range_honor_3g
<14:53:55> [65FB52A3][Warning] Entity Mooou:cannot find animation additive_fist_ba_relaxed_idle_rand_4
<14:53:55> [CE0EF930][Warning] failed to stream cgf : objects/effects/portal_gate.cgf
<14:53:58> [58F3F7FF][Warning] @1_3_5o/scripts/x2ui/addons/api.lua:488: [Script Error] Wrong parameter type. Function .GetItemInfoByType(type) expect parameter 1 of type Number (Provided type Null)
<14:54:00> [B95EE41B][Error] invalid parent unit id(101920)
<14:54:06> [65FB52A3][Warning] Entity Mooou:cannot find animation additive_fist_ba_relaxed_idle_rand_7
<14:54:08> [B95EE41B][Error] invalid parent unit id(53766)
<14:54:09> [000004EE][Warning] Independent immortal particle effect spawned: X2_EFFECT_O.Interaction.enchant_wpn_range_honor_3g
<14:54:14> [65FB52A3][Warning] Entity Mooou:cannot find animation additive_fist_ba_relaxed_idle_rand_5
<14:54:14> [B95EE41B][Error] invalid parent unit id(53766)
<14:54:14> [BD8C448A][Warning] Cannot load texture game/objects/characters/warborn/male/nude/wa_m_nude_ddn.dds, file missing [File=game/objects/characters/warborn/male/nude/wa_m_nude_ddn.dds]
<14:54:19> [B95EE41B][Error] invalid parent unit id(53766)
<14:54:28> [65FB52A3][Warning] Entity Mooou:cannot find animation additive_fist_ba_relaxed_idle_rand_4
<14:54:29> [B95EE41B][Error] invalid parent unit id(56215)
<14:54:36> [65FB52A3][Warning] Entity Mooou:cannot find animation additive_fist_ba_relaxed_idle_rand_7
<14:54:41> [B95EE41B][Error] invalid parent unit id(57347)
<14:54:41> [745BAE2F][Warning] failed to stream material xml(game/objects/characters/hariharan/male/parts/hm/obj/ha_m_hm_cloth168.mtl)
<14:54:41> [637AF710][Warning] missing chr material : game/objects/characters/hariharan/male/parts/all/cloth/cloth041/el_m_cp_cloth041.mtl (chr: game/objects/characters/hariharan/male/parts/all/cloth/cloth041/ha_m_cp_cloth041.chr)
<14:54:44> [65FB52A3][Warning] Entity Mooou:cannot find animation additive_fist_ba_relaxed_idle_rand_7
<14:54:49> [65FB52A3][Warning] Entity Mooou:cannot find animation additive_fist_ba_relaxed_idle_rand_4
<14:54:57> [B95EE41B][Error] invalid parent unit id(57347)
<14:54:58> [58F3F7FF][Warning] @1_3_5o/scripts/x2ui/addons/api.lua:488: [Script Error] Wrong parameter type. Function .GetItemInfoByType(type) expect parameter 1 of type Number (Provided type Null)
<14:55:03> [745BAE2F][Warning] failed to stream material xml(game/objects/characters/hariharan/male/parts/ar/obj/ha_m_ar_cloth025.mtl)
<14:55:03> [637AF710][Warning] missing chr material : game/objects/characters/hariharan/male/parts/ar/obj/ha_m_ar_cloth025.mtl (chr: game/objects/characters/hariharan/male/parts/ar/obj/ha_m_1ar303_2arm001.chr)
<14:55:03> [000004EE][Warning] Independent immortal particle effect spawned: X2_EFFECT_O.Interaction.enchant_wpn_range_honor_3g
<14:55:04> [000004EE][Warning] Failed to load shader "Dynamiceffect_pul" in material "game/objects/characters/nuian/male/costume/nu_m_sk_tech001/nu_m_sk_tech_fx1"
<14:55:15> [B95EE41B][Error] invalid parent unit id(39221)
<14:55:17> [65FB52A3][Warning] Entity Mooou:cannot find animation additive_fist_ba_relaxed_idle_rand_3
<14:55:19> [CE0EF930][Warning] failed to stream cgf : objects/effects/portal_gate.cgf
<14:55:24> [745BAE2F][Warning] failed to stream material xml(objects/effects/peffect/magic_sphere_mesh_a.mtl)
<14:55:24> [65FB52A3][Warning] Entity Mooou:cannot find animation additive_fist_ba_relaxed_idle_rand_5
<14:55:25> [B95EE41B][Error] invalid parent unit id(57347)
<14:55:27> [CA175C82][Warning] non-stream IO. system(Material), filePath(game/materials/effects/decal_white_pattern_02.mtl)
<14:55:30> [65FB52A3][Warning] Entity Mooou:cannot find animation additive_fist_ba_relaxed_idle_rand_1
<14:55:31> [B95EE41B][Error] invalid parent unit id(39221)
<14:55:35> [65FB52A3][Warning] Entity Mooou:cannot find animation additive_fist_ba_relaxed_idle_rand_7
<14:55:37> [745BAE2F][Warning] failed to stream material xml(game/materials/effects/fume_h_ssd.mtl)
<14:55:40> [65FB52A3][Warning] Entity Mooou:cannot find animation additive_fist_ba_relaxed_idle_rand_7
<14:55:57> [CE0EF930][Warning] failed to stream cgf : objects/effects/portal_gate.cgf
<14:55:58> [58F3F7FF][Warning] @1_3_5o/scripts/x2ui/addons/api.lua:488: [Script Error] Wrong parameter type. Function .GetItemInfoByType(type) expect parameter 1 of type Number (Provided type Null)
<14:55:59> [B95EE41B][Error] invalid parent unit id(57347)
<14:56:04> [000004EE][Warning] Independent immortal particle effect spawned: X2_EFFECT_O.Interaction.enchant_wpn_range_honor_3g
<14:56:09> [65FB52A3][Warning] Entity Mooou:cannot find animation additive_fist_ba_relaxed_idle_rand_5
<14:56:14> [745BAE2F][Warning] failed to stream material xml(game/objects/characters/warborn/female/parts/hm/obj/wa_f_hm_cloth170.mtl)
<14:56:14> [637AF710][Warning] missing chr material : game/objects/characters/warborn/female/parts/bo/obj/wa_f_bo_cloth168.mtl (chr: game/objects/characters/warborn/female/parts/bo/obj/wa_f_1bo703.chr)
<14:56:14> [CA175C82][Warning] non-stream IO. system(Material), filePath(game/objects/characters/warborn/female/horns/wa_f_horns014/wa_f_horns014_hc03.mtl)
<14:56:17> [65FB52A3][Warning] Entity Mooou:cannot find animation additive_fist_ba_relaxed_idle_rand_7
<14:56:18> [63ABB424][Warning] Facial sequence "fist_ac_whistle" not listed in CAL file for character "game/objects/characters/warborn/female/nude/wa_f_base.chr".
<14:56:19> [B95EE41B][Error] invalid parent unit id(75884)
<14:56:26> [65FB52A3][Warning] Entity Mooou:cannot find animation additive_fist_ba_relaxed_idle_rand_1
<14:56:31> [000004EE][Warning] Independent immortal particle effect spawned: X2_EFFECT_O.Interaction.enchant_wpn_range_honor_3g
<14:56:34> [B95EE41B][Error] invalid parent unit id(75884)
<14:56:36> [745BAE2F][Warning] failed to stream material xml(game/materials/effects/fume_h_ssd.mtl)
<14:56:42> [437E3168][Warning] Cannot load texture game/objects/characters/monster/phoenix_white/phoenix_white2_df.dds, file missing [File=game/objects/characters/monster/phoenix_white/phoenix_white2_df.dds]
<14:56:42> [CA175C82][Warning] non-stream IO. system(Material), filePath(game/objects/characters/warborn/female/horns/wa_f_horns005/wa_f_horns005_hc02.mtl)
<14:56:45> [65FB52A3][Warning] Entity Mooou:cannot find animation additive_fist_ba_relaxed_idle_rand_7
<14:56:46> [B95EE41B][Error] invalid parent unit id(109641)
<14:56:48> [000004EE][Warning] [CGF Error] game/objects/item/bow/bow_55_5/bow_55_5.cgf [:] LOD1 of geometry  contains too many polygons comparing to the LOD0 [480 against 628] :
<14:56:51> [B95EE41B][Error] invalid parent unit id(76247)
<14:56:53> [65FB52A3][Warning] Entity Mooou:cannot find animation additive_fist_ba_relaxed_idle_rand_7
<14:56:58> [58F3F7FF][Warning] @1_3_5o/scripts/x2ui/addons/api.lua:488: [Script Error] Wrong parameter type. Function .GetItemInfoByType(type) expect parameter 1 of type Number (Provided type Null)
<14:57:00> [CE0EF930][Warning] failed to stream cgf : objects/effects/portal_gate.cgf
<14:57:05> [B95EE41B][Error] invalid parent unit id(112335)
<14:57:07> [CE0EF930][Warning] failed to stream cgf : objects/effects/portal_gate.cgf
<14:57:17> [65FB52A3][Warning] Entity Mooou:cannot find animation additive_fist_ba_relaxed_idle_rand_7
<14:57:21> [63ABB424][Warning] Facial sequence "fist_ac_whistle" not listed in CAL file for character "game/objects/characters/hariharan/male/nude/ha_m_base.chr".
<14:57:22> [B95EE41B][Error] invalid parent unit id(78681)
<14:57:22> [65FB52A3][Warning] Entity Mooou:cannot find animation additive_fist_ba_relaxed_idle_rand_4
<14:57:24> [745BAE2F][Warning] failed to stream material xml(game/objects/characters/monster/polarbear/Material #46.mtl)
<14:57:24> [637AF710][Warning] missing chr material : game/objects/characters/monster/polarbear/Material #46.mtl (chr: game/objects/characters/monster/polarbear/polarbear_rider.chr)
<14:57:28> [65FB52A3][Warning] Entity Mooou:cannot find animation additive_fist_ba_relaxed_idle_rand_7
<14:57:32> [B95EE41B][Error] invalid parent unit id(31093)
<14:57:41> [CE0EF930][Warning] failed to stream cgf : objects/effects/portal_gate.cgf
<14:57:44> [65FB52A3][Warning] Entity Mooou:cannot find animation additive_fist_ba_relaxed_idle_rand_7
<14:57:49> [65FB52A3][Warning] Entity Mooou:cannot find animation additive_fist_ba_relaxed_idle_rand_7
<14:57:56> [65FB52A3][Warning] Entity Mooou:cannot find animation additive_fist_ba_relaxed_idle_rand_1
<14:57:58> [58F3F7FF][Warning] @1_3_5o/scripts/x2ui/addons/api.lua:488: [Script Error] Wrong parameter type. Function .GetItemInfoByType(type) expect parameter 1 of type Number (Provided type Null)
<14:57:59> [CA175C82][Warning] non-stream IO. system(Material), filePath(game/objects/characters/warborn/female/horns/wa_f_horns006/wa_f_horns006_hc01.mtl)
<14:57:59> [000004EE][Warning] Independent immortal particle effect spawned: X2_EFFECT_O.Interaction.enchant_wpn_range_honor_3g
<14:58:01> [65FB52A3][Warning] Entity Mooou:cannot find animation additive_fist_ba_relaxed_idle_rand_7
<14:58:08> [65FB52A3][Warning] Entity Mooou:cannot find animation additive_fist_ba_relaxed_idle_rand_1
<14:58:13> [745BAE2F][Warning] failed to stream material xml(game/materials/effects/fume_h_ssd.mtl)
<14:58:14> [65FB52A3][Warning] Entity Mooou:cannot find animation additive_fist_ba_relaxed_idle_rand_7
<14:58:21> [B95EE41B][Error] invalid parent unit id(78681)
<14:58:21> [745BAE2F][Warning] failed to stream material xml(objects/Characters/ferre/male/parts/cp/cloth/cp_cloth049/fe_m_cp_cloth049_brop03.mtl)
<14:58:21> [000004EE][Warning] Independent immortal particle effect spawned: X2_EFFECT_O.Interaction.enchant_wpn_range_honor_3g
<14:58:29> [65FB52A3][Warning] Entity Mooou:cannot find animation additive_fist_ba_relaxed_idle_rand_1
<14:58:29> [745BAE2F][Warning] failed to stream material xml(game/objects/env/06_unit/06_glider/glider_blue2_brop03.mtl)
<14:58:29> [000004EE][Warning] Independent immortal particle effect spawned: X2_EFFECT_O.Interaction.enchant_wpn_range_honor_3g
<14:58:30> [CE0EF930][Warning] failed to stream cgf : objects/effects/portal_gate.cgf
<14:58:34> [65FB52A3][Warning] Entity Mooou:cannot find animation additive_fist_ba_relaxed_idle_rand_3
<14:58:43> [65FB52A3][Warning] Entity Mooou:cannot find animation additive_fist_ba_relaxed_idle_rand_6
<14:58:48> [745BAE2F][Warning] failed to stream material xml(game/objects/characters/ferre/female/parts/all/cloth/cloth041/fe_f_cp_cloth041_brop02.mtl)
<14:58:48> [637AF710][Warning] missing chr material : game/objects/characters/ferre/female/parts/bo/obj/fe_f_bo_cloth168.mtl (chr: game/objects/characters/ferre/female/parts/bo/obj/fe_f_2bo504.chr)
<14:58:48> [CE0EF930][Warning] failed to stream cgf : objects/effects/portal_gate.cgf
<14:58:50> [65FB52A3][Warning] Entity Mooou:cannot find animation additive_fist_ba_relaxed_idle_rand_4
<14:58:51> [000004EE][Warning] [CGF Error] game/objects/item/bow/bow_eph_7/bow_eph_7.cgf [:] LOD1 of geometry  contains too many polygons comparing to the LOD0 [824 against 1214] :
<14:58:51> [000004EE][Warning] Independent immortal particle effect spawned: X2_EFFECT_O.Interaction.enchant_wpn_range_honor_3g
<14:58:53> [A4D70365][Warning] rigid-body own-entity; prefab=prefabs/fishboat.xml/fishboat.fishboat_wheel02 node=webbed_feet
<14:58:53> [745BAE2F][Warning] failed to stream material xml(game/objects/env/06_unit/01_ship/fishboat/fisherbarrel.mtl)
<14:58:53> [DD6CD685][Warning] grand child physical proxy is not supported. grandpa(Rowboat), dad(prefab_doodad_model_620041_prefab://prefabs/fishboat.xml/fishboat.fishboat_wheel02), child(webbed_feet)
<14:58:57> [B95EE41B][Error] invalid parent unit id(121863)
<14:58:57> [637AF710][Warning] missing chr material : game/objects/characters/ferre/male/parts/gv/obj/fe_m_gv_leather001.mtl (chr: game/objects/characters/ferre/male/parts/gv/obj/fe_m_2gv102.chr)
<14:58:57> [000004EE][Warning] Independent immortal particle effect spawned: X2_EFFECT_O.Interaction.enchant_wpn_range_honor_3g
<14:58:58> [58F3F7FF][Warning] @1_3_5o/scripts/x2ui/addons/api.lua:488: [Script Error] Wrong parameter type. Function .GetItemInfoByType(type) expect parameter 1 of type Number (Provided type Null)
<14:59:05> [65FB52A3][Warning] Entity Mooou:cannot find animation additive_fist_ba_relaxed_idle_rand_4
<14:59:35> [B95EE41B][Error] invalid parent unit id(112856)
<14:59:35> [000004EE][Warning] [CGF Error] game/objects/item/bow/bow_eph_7/bow_eph_7.cgf [:] LOD1 of geometry  contains too many polygons comparing to the LOD0 [824 against 1214] :
<14:59:35> [000004EE][Warning] Independent immortal particle effect spawned: X2_EFFECT_O.Interaction.enchant_wpn_range_honor_3g
<14:59:41> [65FB52A3][Warning] Entity Mooou:cannot find animation additive_fist_ba_relaxed_idle_rand_3
<14:59:42> [745BAE2F][Warning] failed to stream material xml(game/materials/effects/fume_h_ssd.mtl)
<14:59:43> [F1F7138F][Warning] Cannot load texture game/objects/item/staff_1h/staff_1h_ean_2/staff_1h_ean_2_ddn.dds, file missing [File=game/objects/item/staff_1h/staff_1h_ean_2/staff_1h_ean_2_ddn.dds]
<14:59:43> [CA175C82][Warning] non-stream IO. system(Material), filePath(game/objects/characters/warborn/female/horns/wa_f_horns014/wa_f_horns014_hc03.mtl)
<14:59:43> [B95EE41B][Error] invalid parent unit id(121863)
<14:59:49> [65FB52A3][Warning] Entity Mooou:cannot find animation additive_fist_ba_relaxed_idle_rand_4
<14:59:50> [CE0EF930][Warning] failed to stream cgf : objects/effects/portal_gate.cgf
<14:59:55> [B95EE41B][Error] invalid parent unit id(47681)
<14:59:58> [745BAE2F][Warning] failed to stream material xml(game/objects/characters/ferre/male/hair/fe_m_hair002/fe_m_hair002_brop01.mtl)
<14:59:58> [65FB52A3][Warning] Entity Mooou:cannot find animation additive_fist_ba_relaxed_idle_rand_6
<14:59:58> [000004EE][Warning] Independent immortal particle effect spawned: X2_EFFECT_O.Interaction.enchant_wpn_range_honor_3g
<14:59:58> [58F3F7FF][Warning] @1_3_5o/scripts/x2ui/addons/api.lua:488: [Script Error] Wrong parameter type. Function .GetItemInfoByType(type) expect parameter 1 of type Number (Provided type Null)
<14:59:59> [CE0EF930][Warning] failed to stream cgf : objects/effects/portal_gate.cgf
<15:00:05> [B95EE41B][Error] invalid parent unit id(96126)
<15:00:05> [65FB52A3][Warning] Entity Mooou:cannot find animation additive_fist_ba_relaxed_idle_rand_2
<15:00:13> [65FB52A3][Warning] Entity Mooou:cannot find animation additive_fist_ba_relaxed_idle_rand_6
<15:00:17> [745BAE2F][Warning] failed to stream material xml(game/objects/characters/ferre/female/face/fe_f_face00_grap02.mtl)
<15:00:17> [637AF710][Warning] missing chr material : game/objects/characters/ferre/female/parts/pt/obj/fe_f_pt_cloth490.mtl (chr: game/objects/characters/ferre/female/parts/pt/obj/fe_f_1pt201.chr)
<15:00:17> [000004EE][Warning] [CGF Error] game/objects/item/staff_2h/staff_2h_55_7/staff_2h_55_7.cgf [:] LOD1 of geometry  contains too many polygons comparing to the LOD0 [1462 against 2050] :
<15:00:23> [65FB52A3][Warning] Entity Mooou:cannot find animation additive_fist_ba_relaxed_idle_rand_1
<15:00:27> [B95EE41B][Error] invalid parent unit id(84319)
<15:00:28> [CA175C82][Warning] non-stream IO. system(Material), filePath(game/objects/characters/warborn/female/horns/wa_f_horns006/wa_f_horns006_hc01.mtl)
<15:00:28> [000004EE][Warning] Independent immortal particle effect spawned: X2_EFFECT_O.Interaction.enchant_wpn_range_honor_3g
<15:00:30> [65FB52A3][Warning] Entity Mooou:cannot find animation additive_fist_ba_relaxed_idle_rand_7
<15:00:32> [745BAE2F][Warning] failed to stream material xml(game/materials/effects/fume_h_ssd.mtl)
<15:00:36> [000004EE][Warning] Particle effect not found: 'ability_skill_table_k.p_skill_adament.p_skill_bear_takes_blow', from unknown 
<15:00:39> [000004EE][Warning] [CGF Error] game/objects/item/staff_2h/staff_2h_cathero/staff_2h_cathero.cgf [:] LOD1 of geometry  contains too many polygons comparing to the LOD0 [2051 against 2608] :
<15:00:39> [000004EE][Warning] Independent immortal particle effect spawned: X2_EFFECT_O.Interaction.enchant_wpn_range_honor_3g
<15:00:39> [B95EE41B][Error] invalid parent unit id(86698)
<15:00:39> [745BAE2F][Warning] failed to stream material xml(game/objects/characters/ferre/male/parts/all/cloth/cloth487/fe_m_ar_cloth487_brop03.mtl)
<15:00:40> [65FB52A3][Warning] Entity Mooou:cannot find animation additive_fist_ba_relaxed_idle_rand_5
<15:00:44> [186EDA89][Warning] Cannot load texture game/objects/characters/ferre/female/face/fe_f_face_yel_df.dds, file missing [File=game/objects/characters/ferre/female/face/fe_f_face_yel_df.dds]
<15:00:44> [000004EE][Warning] Independent immortal particle effect spawned: X2_EFFECT_O.Interaction.enchant_wpn_range_honor_3g
<15:00:45> [745BAE2F][Warning] failed to stream material xml(game/materials/effects/fume_h_ssd.mtl)
<15:00:47> [B95EE41B][Error] invalid parent unit id(86698)
<15:00:53> [745BAE2F][Warning] failed to stream material xml(game/objects/effects/keffect/p_fire_blue1a.mtl)
<15:00:53> [000004EE][Warning] Independent immortal particle effect spawned: X2_EFFECT_O.Interaction.enchant_wpn_range_honor_3g
<15:00:55> [65FB52A3][Warning] Entity Mooou:cannot find animation additive_fist_ba_relaxed_idle_rand_3
<15:00:57> [63ABB424][Warning] Facial sequence "fist_ac_whistle" not listed in CAL file for character "game/objects/characters/hariharan/female/nude/ha_f_base.chr".
<15:00:57> [B95EE41B][Error] invalid parent unit id(80646)
<15:00:58> [58F3F7FF][Warning] @1_3_5o/scripts/x2ui/addons/api.lua:488: [Script Error] Wrong parameter type. Function .GetItemInfoByType(type) expect parameter 1 of type Number (Provided type Null)
<15:01:02> [65FB52A3][Warning] Entity Mooou:cannot find animation additive_fist_ba_relaxed_idle_rand_5
<15:01:06> [1835C67C][Warning] Not a normal map texture tried to be used as a normal map: game/objects/item/aac/all/aa_summer/1h_spear/Sunphira/aa_summer_shish_kebab_df.dds [File=game/objects/item/aac/all/aa_summer/1h_spear/Sunphira/aa_summer_shish_kebab_df.dds]
<15:01:06> [FC50B0AC][Warning] Non 3dc normal map used (wrong on DX10): game/objects/item/aac/all/aa_summer/1h_spear/Sunphira/aa_summer_shish_kebab_ddn.dds [File=game/objects/item/aac/all/aa_summer/1h_spear/Sunphira/aa_summer_shish_kebab_ddn.dds]
<15:01:06> [745BAE2F][Warning] failed to stream material xml(game/objects/effects/keffect/p_fire_blue1a.mtl)
<15:01:06> [CA175C82][Warning] non-stream IO. system(Material), filePath(game/objects/characters/warborn/male/horns/wa_m_horns011/wa_m_horns011_hc03.mtl)
<15:01:12> [745BAE2F][Warning] failed to stream material xml(game/objects/characters/ferre/female/parts/ar/cloth/ar_cloth170/fe_f_ar_cloth170_brop01.mtl)
<15:01:12> [637AF710][Warning] missing chr material : game/objects/characters/ferre/female/parts/gv/obj/fe_f_gv_cloth168.mtl (chr: game/objects/characters/ferre/female/parts/gv/obj/fe_f_2gv302.chr)
<15:01:15> [65FB52A3][Warning] Entity Mooou:cannot find animation additive_fist_ba_relaxed_idle_rand_7
<15:01:21> [65FB52A3][Warning] Entity Mooou:cannot find animation additive_fist_ba_relaxed_idle_rand_3
<15:01:22> [000004EE][Warning] Independent immortal particle effect spawned: X2_EFFECT_O.Interaction.enchant_wpn_range_honor_3g
<15:01:25> [7332F456][Warning] Not a normal map texture tried to be used as a normal map: game/objects/item/aac/all/aa_summer/1h_mace/kimchi/aa_summer_shell_club_df.dds [File=game/objects/item/aac/all/aa_summer/1h_mace/kimchi/aa_summer_shell_club_df.dds]
<15:01:25> [013DF212][Warning] Non 3dc normal map used (wrong on DX10): game/objects/item/aac/all/aa_summer/1h_mace/kimchi/aa_summer_shell_club_ddn.dds [File=game/objects/item/aac/all/aa_summer/1h_mace/kimchi/aa_summer_shell_club_ddn.dds]
<15:01:27> [745BAE2F][Warning] failed to stream material xml(game/materials/effects/fume_h_ssd.mtl)
<15:01:27> [392AF52E][Error] *** Memory allocation for 2097172 bytes failed ****
