[801989E0] BackupNameAttachment=" Build(0) Date(17 October 2025) Time(22 11 59)"  -- used by backup system
[00000020]  
[38F38F32] Log Started at #c
[0232BD25] Running 32 bit version
[7AB6F5FE] Executable: C:\Games\AAClassic\bin32\archeage.exe
[E5C771AC] FileVersion: 3.5.0.0
[F799D55F] ProductVersion: 3.5.3.0
[1F1D6B13] Using Microsoft (tm) C++ Standard Library implementation
[00000020]  
[C7D96C80] Revision: 350000
[00000020]  
[64533E3E] this is the first client
<22:12:05> [B9197FD5][Error] ConsoleVariableGroup[option_effect] key[e_particles_lod_onoff] has no default
<22:12:05> [76666E6D] 
--- CPU detection ---
<22:12:05> [F4D992D8] CPU: AMD AMD Ryzen 7 7800X3D 8-Core Processor           
<22:12:05> [3F649B02] Family: 15, Model: 1, Stepping: 2
<22:12:05> [83D12E0B] FPU: On-Chip
<22:12:05> [50919DA0] CPU Speed (estimated): 4192.092420 MHz
<22:12:05> [C73FD83A] MMX: not present
<22:12:05> [89D1077A] SSE: present
<22:12:05> [64E2B6F1] 3DNow!: present
<22:12:05> [27B7AC6E] Serial number not present or disabled
<22:12:05> [1D2D8E5B] Number of logical processors: 16
<22:12:05> [FA658084] Number of available logical processors: 16
<22:12:05> [A1F061C2] Invariant Time Stamp Counter : yes
<22:12:05> [FA0251ED] ---------------------

<22:12:05> [03E7D838] Device Info
<22:12:05> [9F603516] Device Info - 1
<22:12:05> [9F603517] Device Info - 2
<22:12:05> [9F603518] Device Info - 3
<22:12:05> [9F603519] Device Info - 4
<22:12:05> [9F60351A] Device Info - 5
<22:12:05> [9F60351B] Device Info - 6
<22:12:05> [9F60351C] Device Info - 7
<22:12:05> [E98ECC28] Video Memory Info
<22:12:05> [D5FBE664] Video Memory - 1
<22:12:05> [D5FBE665] Video Memory - 2
<22:12:05> [D5FBE666] Video Memory - 3
<22:12:05> [D5FBE667] Video Memory - 4
<22:12:05> [D5FBE668] Video Memory - 5
<22:12:05> [D5FBE669] Video Memory - 6
<22:12:05> [D5FBE66A] Video Memory - 7
<22:12:05> [D5FBE66B] Video Memory - 8
<22:12:05> [3A4D54A2][Warning] config/gpu/amd.txt line 55 contains a multiple defined GPU rating!
<22:12:05> [D20872C0] InitThreadAffinities
<22:12:05> [2F28A434] UpdateMainThreadAffinity
<22:12:05> [16962512] Windows 8 64 bit (build 6.2.9200)
<22:12:05> [38DFF081] System language: English
<22:12:05> [861A0178] Windows Directory: "C:\windows"
<22:12:05> [341B54F1] Prerequisites...
<22:12:05> [5D1B3C9C] * Installation of KB940105 hotfix required: no! (either not needed or already installed)
<22:12:05> [F874401F] Local time is 22:12:05 10/17/25, system running for 786 minutes
<22:12:05> [AB9404BE] 63426MB physical memory installed, 29421MB available, 4095MB virtual memory installed, 53 percent of memory in use
<22:12:05> [31259232] PageFile usage: 
<22:12:05> [453F0D1B] Current display mode is 2560x1440x32
<22:12:05> [8A64FCCC] IBM enhanced (101/102-key) keyboard and 3+ button mouse installed
<22:12:05> [CE30556B] ----- GPU Detection -----------------
<22:12:05> [03E7D838] Device Info
<22:12:05> [9F603516] Device Info - 1
<22:12:05> [9F603517] Device Info - 2
<22:12:05> [9F603518] Device Info - 3
<22:12:05> [9F603519] Device Info - 4
<22:12:05> [9F60351A] Device Info - 5
<22:12:05> [9F60351B] Device Info - 6
<22:12:05> [9F60351C] Device Info - 7
<22:12:05> [E98ECC28] Video Memory Info
<22:12:05> [D5FBE664] Video Memory - 1
<22:12:05> [D5FBE665] Video Memory - 2
<22:12:05> [D5FBE666] Video Memory - 3
<22:12:05> [D5FBE667] Video Memory - 4
<22:12:05> [D5FBE668] Video Memory - 5
<22:12:05> [D5FBE669] Video Memory - 6
<22:12:05> [D5FBE66A] Video Memory - 7
<22:12:05> [D5FBE66B] Video Memory - 8
<22:12:05> [99EA404A]  AMD Radeon RX 7800 XT (RADV NAVI32) (vendor = 0x1002, device = 0x747e, subSys = 0x00000000)
<22:12:05> [77718B6A] -- Video memory: 4081 MB
<22:12:05> [30DF1863] -- Minimum SM 2.0 support: yes
<22:12:05> [13E11956] -- DX11 supported: yes
<22:12:05> [50B60100] --------------------------------------------------------------------------------
<22:12:05> [5921EDBE] Stream Engine Initialization
<22:12:05> [BA0D559B] Splash: Initializing Stream Engine...
<22:12:05> [939F6EBB] Enable Resolutions : 0
<22:12:05> [A30A84B6] can't enum display resolution modes
<22:12:05> [B324CD25] Screen Resolution - 1024x768
<22:12:05> [3778EA0B] Screen Resolution - 0 (2560x1440)
<22:12:05> [A1B107F0] Screen Resolution - Test OK (2560x1440)
<22:12:05> [A9E4B0F2] Network initialization
<22:12:05> [BA0D559B] Splash: Initializing Network System...
<22:12:05> [14FAD233] Socket I/O by iocp
<22:12:05> [E36A4FB9] Physics initialization
<22:12:05> [BA0D559B] Splash: Initializing Physics...
<22:12:05> [2462D581] MovieSystem initialization
<22:12:05> [BA0D559B] Splash: Initializing Movie System...
<22:12:05> [93287AEC] Renderer initialization - Start
<22:12:05> [BA0D559B] Splash: Initializing Renderer...
<22:12:05> [91207680] Renderer initialization - Open
<22:12:05> [4377E7CB] Renderer initialization - DLL Load(CryRenderD3D9.dll)
<22:12:05> [71203A94] Renderer initialization - DLL Done
<22:12:05> [71227C22] Renderer initialization - DLL Init
<22:12:05> [C653D9CB] Renderer initialization - Instance
<22:12:05> [44D9754D] D3D Adapter: Driver name: aticfx32.dll
<22:12:05> [82BE8322] D3D Adapter: Driver description: AMD Radeon RX 7800 XT (RADV NAVI32)
<22:12:05> [2224501A] D3D Adapter: Driver version: 32767.65535.65535.65535
<22:12:05> [E8D1E30D] D3D Adapter: Driver GUID: 00000000-0003-0000-0000000000000000
<22:12:05> [BC8C1ACB] D3D Adapter: VendorId = 0x1002
<22:12:05> [B6A10CFD] D3D Adapter: DeviceId = 0x747E
<22:12:05> [0678E702] D3D Adapter: SubSysId = 0x00000000
<22:12:05> [F2243F0E] D3D Adapter: Revision = 0
<22:12:05> [E571CFEE] Shader manager initialization
<22:12:06> [05BAAEF6] CResFile allocations incurred by user cache preload: (25754.87k)
<22:12:06> [911B73B8] Renderer initialization - Done
<22:12:06> [8E444EA9] Console initialization
<22:12:06> [2904A233] Time initialization
<22:12:06> [3650CFD6] Input initialization
<22:12:06> [BA0D559B] Splash: Initializing Input System...
<22:12:06> Initializing Keyboard
<22:12:06> [99640BF1] Sound initialization
<22:12:06> [BA0D559B] Splash: Initializing Sound System...
<22:12:06> [2C33885C] Sound - Initializing AudioDevice now!
<22:12:06> [E46760A9] <Sound> Initialize FMOD with dynamic memory callbacks
<22:12:07> [D6755BFD] <Sound> Starting to initialize Windows Audio Session API output! 
<22:12:07> [F7E8E3CD] <Sound> Drivers found: 5
<22:12:07> [CF5B2743] <Sound> Available drivers:
	1.	PulseAudio Output (PulseAudio Output)
	2.	Blue Microphones Analog Stereo (Blue Microphones Analog Stereo)
	3.	soundcore Liberty 4 NC (soundcore Liberty 4 NC)
	4.	Navi 31 HDMI/DP Audio Digital Stereo (HDMI) (Navi 31 HDMI/DP Audio Digital Stereo (HDMI))
	5.	Family 17h/19h/1ah HD Audio Controller Analog Stereo (Family 17h/19h/1ah HD Audio Controller Analog Stereo)
<22:12:07> [A0BBF7E1] <Sound> FmodEx-AudioDevice: Now running on driver: PulseAudio Output (PulseAudio Output)
<22:12:07> [14D8EFE1] <Sound> Using speaker mode: FMOD_SPEAKERMODE_STEREO
<22:12:07> [E79C27E5] <Sound> Initializing FMOD-EX now!
<22:12:07> [E2A9FE08] <Sound> Available record drivers: 0 PulseAudio Input (PulseAudio Input) !
<22:12:07> [E2A9FE08] <Sound> Available record drivers: 1 soundcore Liberty 4 NC (soundcore Liberty 4 NC) !
<22:12:07> [E2A9FE08] <Sound> Available record drivers: 2 Family 17h/19h/1ah HD Audio Controller Analog Stereo (Family 17h/19h/1ah HD Audio Controller Analog Stereo) !
<22:12:07> [E2A9FE08] <Sound> Available record drivers: 3 Blue Microphones Analog Stereo (Blue Microphones Analog Stereo) !
<22:12:07> [E2A9FE08] <Sound> Available record drivers: 4 Monitor of Family 17h/19h/1ah HD Audio Controller (Monitor of Family 17h/19h/1ah HD Audio Controller) !
<22:12:07> [E2A9FE08] <Sound> Available record drivers: 5 Monitor of Blue Microphones Analog Stereo (Monitor of Blue Microphones Analog Stereo) !
<22:12:07> [E2A9FE08] <Sound> Available record drivers: 6 Monitor of soundcore Liberty 4 NC (Monitor of soundcore Liberty 4 NC) !
<22:12:07> [E2A9FE08] <Sound> Available record drivers: 7 Monitor of Navi 31 HDMI/DP Audio Digital Stereo (HDMI) (Monitor of Navi 31 HDMI/DP Audio Digital Stereo (HDMI)) !
<22:12:07> [6841BE38] <Sound> Record config is set to autodetect using record driver 0
<22:12:07> [7808B4C4] <Sound> Using FMOD version: 00044414 and internal 00044414!
<22:12:07> [2A2815C7] <Sound> Initialized FMOD-EX
<22:12:07> [BE4EF52E] Sound - Initializing SoundSystem now!
<22:12:07> [0D547471] Font initialization
<22:12:07> [BA0D559B] Splash: Initializing Fonts...
<22:12:07> [C194F7C8][Warning] Cannot load texture textures/defaults/replacemecm.tif, file missing [File=textures/defaults/replacemecm.dds]
<22:12:08> [84206398] AI initialization
<22:12:08> [1BC221DE] Initializing Animation System
<22:12:08> [BA0D559B] Splash: Initializing Animation System...
<22:12:08> [9E592EFE] Initializing 3D Engine
<22:12:08> [BA0D559B] Splash: Initializing 3D Engine...
<22:12:08> [637AF710][Warning] missing chr material : game/objects/characters/ferre/female/nude/Standard_22.mtl (chr: game/objects/characters/ferre/female/nude/fe_f_base.chr)
<22:12:08> [91F5AEEC][Warning] number of bones mismatch! game/objects/characters/ferre/female/nude/fe_f_base.chr=195 game/objects/characters/ferre/female/nude/fe_f_base_lod1.chr=185
<22:12:09> [7415A452] CHR PreCaching 25 Done
<22:12:09> [E7AD4E53] AddSharedMorphTargets - Failed to load objects/characters/dwarf/male/face/dw_m_face00.chr
<22:12:09> [61AD1790] MorphTargetPreCaching - objects/characters/dwarf/male/face/dw_m_face00.chr Add Failed
<22:12:09> [A4A6E4C6] MorphTarget PreCaching 11 Done
<22:12:09> [5ACB40E2] Init Face Makers
<22:12:09> [56B5985B] X2FaceMaker - game/objects/characters/nuian/male/face/nu_m_face01_mid.chr : mouth_UnderbiteOverbite target not exist
<22:12:09> [56B5985B] X2FaceMaker - game/objects/characters/nuian/male/face/nu_m_face01_mid.chr : mouth_UnderbiteOverbite target not exist
<22:12:09> [56B5985B] X2FaceMaker - game/objects/characters/nuian/male/face/nu_m_face01_mid.chr : mouth_UnderbiteOverbite target not exist
<22:12:09> [4ABB03EB] game/objects/characters/ferre/female/face/fe_f_face01_low.chr(303) - objects/characters/ferre/female/face/fe_f_face00.chr(3063) SharedMorph is not matched
<22:12:09> [56B5985B] X2FaceMaker - game/objects/characters/nuian/male/face/nu_m_face01_mid.chr : mouth_UnderbiteOverbite target not exist
<22:12:09> [56B5985B] X2FaceMaker - game/objects/characters/nuian/male/face/nu_m_face01_mid.chr : nose_dw_SeptumVol target not exist
<22:12:09> [56B5985B] X2FaceMaker - game/objects/characters/nuian/male/face/nu_m_face01_mid.chr : nose_dw_NasalZposition target not exist
<22:12:09> [56B5985B] X2FaceMaker - game/objects/characters/nuian/male/face/nu_m_face01_mid.chr : FS_dwEarSize target not exist
<22:12:09> [56B5985B] X2FaceMaker - game/objects/characters/nuian/male/face/nu_m_face01_mid.chr : dwarf_Morph target not exist
<22:12:09> [56B5985B] X2FaceMaker - game/objects/characters/nuian/male/face/nu_m_face01_mid.chr : FS_dw_CheekMeat_min target not exist
<22:12:09> [1191A6A8] X2FaceMaker - game/objects/characters/nuian/male/face/nu_m_face01_mid.chr : FS_dw_CheekMeat_max ex target not exist
<22:12:09> [56B5985B] X2FaceMaker - game/objects/characters/warborn/male/face/wa_m_face01_mid.chr : eye_Forehead target not exist
<22:12:09> [56B5985B] X2FaceMaker - game/objects/characters/warborn/male/face/wa_m_face01_mid.chr : eye_Tail_min target not exist
<22:12:09> [1191A6A8] X2FaceMaker - game/objects/characters/warborn/male/face/wa_m_face01_mid.chr : eye_Tail_max ex target not exist
<22:12:09> [56B5985B] X2FaceMaker - game/objects/characters/warborn/male/face/wa_m_face01_mid.chr : eye_WidthLength_min target not exist
<22:12:09> [1191A6A8] X2FaceMaker - game/objects/characters/warborn/male/face/wa_m_face01_mid.chr : eye_WidthLength_max ex target not exist
<22:12:09> [56B5985B] X2FaceMaker - game/objects/characters/warborn/male/face/wa_m_face01_mid.chr : eye_DoubleEyelidShape target not exist
<22:12:09> [56B5985B] X2FaceMaker - game/objects/characters/warborn/male/face/wa_m_face01_mid.chr : eye_BrowXposition target not exist
<22:12:09> [56B5985B] X2FaceMaker - game/objects/characters/warborn/male/face/wa_m_face01_mid.chr : eye_BrowZposition target not exist
<22:12:09> [56B5985B] X2FaceMaker - game/objects/characters/warborn/male/face/wa_m_face01_mid.chr : nose_Nostril target not exist
<22:12:09> [56B5985B] X2FaceMaker - game/objects/characters/warborn/male/face/wa_m_face01_mid.chr : nose_Size target not exist
<22:12:09> [56B5985B] X2FaceMaker - game/objects/characters/warborn/male/face/wa_m_face01_mid.chr : nose_SeptumZposition target not exist
<22:12:09> [56B5985B] X2FaceMaker - game/objects/characters/warborn/male/face/wa_m_face01_mid.chr : nose_End target not exist
<22:12:09> [56B5985B] X2FaceMaker - game/objects/characters/warborn/male/face/wa_m_face01_mid.chr : nose_Size target not exist
<22:12:09> [56B5985B] X2FaceMaker - game/objects/characters/warborn/male/face/wa_m_face01_mid.chr : mouth_UpperLipVolume target not exist
<22:12:09> [56B5985B] X2FaceMaker - game/objects/characters/warborn/male/face/wa_m_face01_mid.chr : mouth_LowerLipVolume target not exist
<22:12:09> [56B5985B] X2FaceMaker - game/objects/characters/warborn/male/face/wa_m_face01_mid.chr : mouth_UpperLipOpen target not exist
<22:12:09> [56B5985B] X2FaceMaker - game/objects/characters/warborn/male/face/wa_m_face01_mid.chr : mouth_LowerLipOpen target not exist
<22:12:09> [56B5985B] X2FaceMaker - game/objects/characters/warborn/male/face/wa_m_face01_mid.chr : mouth_MouthOpen target not exist
<22:12:09> [56B5985B] X2FaceMaker - game/objects/characters/warborn/male/face/wa_m_face01_mid.chr : mouth_Size target not exist
<22:12:09> [56B5985B] X2FaceMaker - game/objects/characters/warborn/male/face/wa_m_face01_mid.chr : mouth_Shape_min target not exist
<22:12:09> [1191A6A8] X2FaceMaker - game/objects/characters/warborn/male/face/wa_m_face01_mid.chr : mouth_Shape_max ex target not exist
<22:12:09> [56B5985B] X2FaceMaker - game/objects/characters/warborn/male/face/wa_m_face01_mid.chr : mouth_TeethZposition target not exist
<22:12:09> [56B5985B] X2FaceMaker - game/objects/characters/warborn/male/face/wa_m_face01_mid.chr : FS_JawHigh_min target not exist
<22:12:09> [1191A6A8] X2FaceMaker - game/objects/characters/warborn/male/face/wa_m_face01_mid.chr : FS_JawHigh_max ex target not exist
<22:12:09> [56B5985B] X2FaceMaker - game/objects/characters/warborn/male/face/wa_m_face01_mid.chr : FS_EarRotate_min target not exist
<22:12:09> [1191A6A8] X2FaceMaker - game/objects/characters/warborn/male/face/wa_m_face01_mid.chr : FS_EarRotate_max ex target not exist
<22:12:09> [56B5985B] X2FaceMaker - game/objects/characters/warborn/male/face/wa_m_face01_mid.chr : FS_Beard1 target not exist
<22:12:09> [56B5985B] X2FaceMaker - game/objects/characters/warborn/male/face/wa_m_face01_mid.chr : FS_Beard2 target not exist
<22:12:09> [56B5985B] X2FaceMaker - game/objects/characters/warborn/male/face/wa_m_face01_mid.chr : FS_Beard3 target not exist
<22:12:09> [56B5985B] X2FaceMaker - game/objects/characters/warborn/female/face/wa_f_face01_mid.chr : eye_Yposition_min target not exist
<22:12:09> [1191A6A8] X2FaceMaker - game/objects/characters/warborn/female/face/wa_f_face01_mid.chr : eye_Yposition_max ex target not exist
<22:12:09> [56B5985B] X2FaceMaker - game/objects/characters/warborn/female/face/wa_f_face01_mid.chr : FS_AllLowerY target not exist
<22:12:09> [56B5985B] X2FaceMaker - game/objects/characters/warborn/female/face/wa_f_face01_mid.chr : FS_AllRotate target not exist
<22:12:09> [56B5985B] X2FaceMaker - game/objects/characters/warborn/female/face/wa_f_face01_mid.chr : FS_AllY target not exist
<22:12:09> [56B5985B] X2FaceMaker - game/objects/characters/warborn/female/face/wa_f_face01_mid.chr : mouth_Open_min target not exist
<22:12:09> [1191A6A8] X2FaceMaker - game/objects/characters/warborn/female/face/wa_f_face01_mid.chr : mouth_Open_max ex target not exist
<22:12:09> [E320B5CE] Init Face Makers - Done!
<22:12:09> [581CA53C] Script System Initialization
<22:12:09> [BA0D559B] Splash: Initializing Script System...
<22:12:09> [000004EE][Warning] [Lua Error] 1_3_0/scripts/common.lua:276: attempt to index global 'Script' (a nil value)
<22:12:09> [58F3F7FF][Warning] <null>:0: [Lua Error] Failed to execute file @game/scriptsbin/common.alb
<22:12:09> [D8B2BA54] Entity system initialization
<22:12:09> [BA0D559B] Splash: Initializing Entity System...
<22:12:09> [D55F91B2][Warning] [CEntityClassRegistry] LoadClassDescription failed, Entity Class name Chick already registered
<22:12:09> [BA0D559B] Splash: Initializing AI System...
<22:12:09> [DA019954] Initializing AI System
<22:12:09> [2546BCC5] Initializing Budgeting System
<22:12:09> [C0E19025] Initializing Seamless System
<22:12:10> [BA0D559B] Splash: Loading Game Data...
<22:12:11> [90B8EC50][Warning] too many ranges: aoe_shapes descs 10156(10156) threshold 100 ranges 12
<22:12:12> [BA4AD6CE] Loading portal list
<22:12:12> [92597454] Portal added, enter: 3891, exit: 6629
<22:12:12> [92597454] Portal added, enter: 21448, exit: 21449
<22:12:12> [92597454] Portal added, enter: 21450, exit: 21451
<22:12:12> [92597454] Portal added, enter: 21452, exit: 21453
<22:12:12> [92597454] Portal added, enter: 21698, exit: 21699
<22:12:12> [92597454] Portal added, enter: 22023, exit: 22024
<22:12:12> [92597454] Portal added, enter: 22042, exit: 22066
<22:12:12> [92597454] Portal added, enter: 22136, exit: 22137
<22:12:12> [92597454] Portal added, enter: 22163, exit: 22164
<22:12:12> [92597454] Portal added, enter: 22184, exit: 22185
<22:12:12> [92597454] Portal added, enter: 22336, exit: 22337
<22:12:12> [92597454] Portal added, enter: 9000063, exit: 9000064
<22:12:12> [1C664009] End loading portal list
<22:12:12> [742D0745] Loading portal book list
<22:12:12> [BC792AEA] End loading portal book list
<22:12:12> [937812F7] loaded DDCMS (1397535 descs, 719557 links (17 page 16.96MB size) string) from game\db\compact.sqlite3 in 994 ms
<22:12:12> [BA0D559B] Splash: Initializing Game System...
<22:12:12> [000004EE][Warning] [Lua Error] no localized ui text for 18 always_refund
<22:12:12> [0ADE3294][Warning] [MFX] Effect 'collisions:grenade' already present. Overriding.
<22:12:13> [311630D1][Warning] MFX WARNING: Material not found: mat_ice_breakable
<22:12:13>  
<22:12:13>    sys_spec = Custom (assuming 4)
<22:12:13>      option_view_dist_ratio = 3 expected:4
<22:12:13>  
<22:12:13> [BA0D559B] Splash: Preparing Screen...
<22:12:13> [963385F6] Level System - Loading Start
<22:12:13> [806B6F8D] precaching world entities ..
<22:12:13> [7E39E0DE] precaching world entities .. done!  total (0) objects
<22:12:13> [D2B280D6] Vegetation Manager : Loading World(login2)
<22:12:13> [075AB92F] Vegetation Manager : Loading World - Done (total 36 vegetations)
<22:12:13> [B9410AA1] total 20 terrain world surfaces loaded
<22:12:13> Loading Particle Library: collisions
<22:12:13> Loading Particle Library: water
<22:12:13> Loading Particle Library: misc
<22:12:13> Loading Particle Library: ability_skill_table
<22:12:13> Loading Particle Library: ability_skill_table_k
<22:12:13> Loading Particle Library: abillity_skill_table_m
<22:12:13> Loading Particle Library: machinima
<22:12:13> Loading Particle Library: x2_effects
<22:12:13> Loading Particle Library: x2_effects_k
<22:12:13> [280A47E3] Precached total 2 materials
<22:12:13> [7B1A973B] seamless loading cell terrain(W0, 1), (L0, 0)
<22:12:14> [3EF08C47] seamless loading cell object(W0, 1), (L0, 0)
<22:12:14> [584C4FFD] [net 02:12:05.715]  dns ip:192.168.1.202
<22:12:14> [584C4FFD] [net 02:12:05.715]  dns ip:172.19.0.1
<22:12:14> [584C4FFD] [net 02:12:05.715]  dns ip:172.17.0.1
<22:12:14> [584C4FFD] [net 02:12:05.715]  dns ip:172.18.0.1
<22:12:14> [0DE3FA89][Error] CryAnimation: character-definition creation failed: game/objects/characters/elf/female/nude/el_f_kyprosa.cdf
<22:12:14> [13A58BA0][Error] CryAnimation: character-definition not found: game/objects/characters/elf/female/nude/el_f_kyprosa.cdf
<22:12:14> [4DD44108] Start DaruCommon Extension
<22:12:14> [1B425DA5] Duplicated post effect param! pszName = FilterMaskedBlurring_Amount
<22:12:14> [1B425DA5] Duplicated post effect param! pszName = FilterMaskedBlurring_MaskTexName
<22:12:14> [1B425DA5] Duplicated post effect param! pszName = FilterChromaShift_User_Amount
<22:12:14> [1B425DA5] Duplicated post effect param! pszName = FilterGrain_Amount
<22:12:14> [8F6BAA6C][Warning] Couldn't find console variable 'e_water_ocean_fft'
<22:12:14> Loading Particle Library: wind
<22:12:14> Loading Particle Library: X2_EFFECT_O
<22:12:14> [000004EE][Warning] Particle effect not found: '                                                                ', from ParticleEffect fx_land_green
<22:12:14> [12409CCC] Load Zone Finished
<22:12:14> [A39C1725] Level System - Loading Complete
<22:12:14> [27293DED] -----------------------------------------------------
<22:12:14> [120C18F5] * LOADING: 'loginbg4' loading time: 1.43 seconds
<22:12:14> [27293DED] -----------------------------------------------------
<22:12:14> [000004EE][Warning] [Lua Error] no client player exists
<22:12:14> [A13C772D][Warning] Cannot load texture ui/font_color.g, Image file format is invalid [File=ui/font_color.g]
<22:12:14> [000FABC5][Warning] CAreaGrid::BeginAreas() called before being initialized.
<22:12:16> [1D01FDCA] Auth: client connected to server
<22:12:16> [584C4FFD] [net 02:12:16.897]  socket ip:192.168.1.202
<22:12:16> [4C920A71] mac address : 74-56-3c-fe-52-f3
<22:12:19> [584C4FFD] [net 02:12:19.886] connection requested to: 51.79.38.190:1239
<22:12:19> [4ABA7BDB] Auth: client disconnected (reason=0)
<22:12:19> [0F08E548] [NetConnection] connect completed (succeeded:true)
<22:12:20> [48F7BDF2] invalid world id in world queue packet
<22:12:20> [26623ECA] ucc info.. 5 0
<22:12:20> [4516816D] pay method: person
<22:12:20> [4AA30841] pay location: person
<22:12:20> [ADF1C07E] pay start: 1900-1-1 00:00:00
<22:12:20> [6486A277] pay end: 1900-1-1 00:00:00
<22:12:20> [FFF6198C] premium point: 0
<22:12:20> [481C0862] premium grade: premium_0
<22:12:20> [88D9AB0C] real pay time: -1
<22:12:20> [9FC303B8][Error] [CVARS]: [DUPLICATE] CXConsole::RegisterFloat(): variable [camera_max_dist] is already registered
<22:12:20> [34CCC219] stream: connected to world server
<22:12:20> [06A46B5B] stream: authorized by world server
<22:12:20> [4516816D] pay method: person
<22:12:20> [4AA30841] pay location: person
<22:12:20> [ADF1C07E] pay start: 1900-1-1 00:00:00
<22:12:20> [6486A277] pay end: 2037-12-31 16:00:00
<22:12:20> [FFF6198C] premium point: 0
<22:12:20> [481C0862] premium grade: premium_0
<22:12:20> [88D9AB0C] real pay time: -1
<22:12:20> [82321C2B][Warning] [net 02:12:20.665] [time] remote time estimation restarted; estimate accumulator age was 47209.210938
<22:12:22> [000004EE][Warning] [Lua Error] no localized ui text for 18 always_refund
<22:12:22> [09F46B9D]     cl_fov = 90 []
<22:12:22> [09F46B9D]     camera_max_dist = 180 []
<22:12:22> [09F46B9D]     name_tag_hp_width_on_bgmode = 80 []
<22:12:22> [09F46B9D]     name_tag_hp_height_on_bgmode = 30 []
<22:12:22> [A13C772D][Warning] Cannot load texture ui/font_color.g, Image file format is invalid [File=ui/font_color.g]
<22:12:22> [06E6A3E9][Warning] Cannot load texture ui/login_stage/queue.dds, file missing [File=ui/login_stage/queue.dds]
<22:12:24> [DA579B6C][Error] can't load client driven connect info.. Kompy
<22:12:29> [9FC303B8][Error] [CVARS]: [DUPLICATE] CXConsole::RegisterFloat(): variable [ui_double_click_interval] is already registered
<22:12:29> [0DE3FA89][Error] CryAnimation: character-definition creation failed: game/objects/characters/returned/female/nude/re_f.cdf
<22:12:29> [000004EE][Warning] I3DEngine::RegisterEntity: entity reports invalid position: Name: LightEntityName (), Class: LightEntityClass, Pos=(657.6,7976.0,585.1), aabb center=(142.0,1019.8,-2.3)
<22:12:29> [82321C2B][Warning] [net 02:12:29.295] [time] remote time estimation restarted; estimate accumulator age was 2.285904
<22:12:29> [6FF68EA5] SetInstantTime: type 0 time 0
<22:12:29> [6FF68EA5] SetInstantTime: type 1 time 1758904169
<22:12:29> [6FF68EA5] SetInstantTime: type 2 time 1760733769
<22:12:29> [6FF68EA5] SetInstantTime: type 3 time 0
<22:12:29> [6FF68EA5] SetInstantTime: type 4 time 0
<22:12:29> [6FF68EA5] SetInstantTime: type 5 time 0
<22:12:29> [6FF68EA5] SetInstantTime: type 6 time 0
<22:12:29> [6FF68EA5] SetInstantTime: type 7 time 1760706848
<22:12:29> [0E61BD35] ExpeditionMember 20 added
<22:12:29> [0E61BD35] ExpeditionMember 20 added
<22:12:29> [0E61BD35] ExpeditionMember 20 added
<22:12:29> [0E61BD35] ExpeditionMember 20 added
<22:12:29> [0E61BD35] ExpeditionMember 18 added
<22:12:29> [51CFCC4C] ExpeditionMember count matched. total 98
<22:12:29> [7AB931CE] seamless unloading cell object(W0, 0), (L0, 0)
<22:12:29> [4B1E8B22] unload cell object count : 1511
<22:12:29> [B866A294] seamless unloading cell terrain(W0, 0), (L0, 0)
<22:12:29> [963385F6] Level System - Loading Start
<22:12:29> [E0E0EDAE][Warning] failed to load zone time of day from game/worlds/main_world/zone/225//time_of_day.xml
<22:12:29> [AB17243B][Warning] failed to load zone environment from game/worlds/main_world/zone/309//env.xml
<22:12:29> [35D4413E][Warning] failed to load zone clouds from game/worlds/main_world/zone/309//clouds.xml
<22:12:29> [806B6F8D] precaching world entities ..
<22:12:29> [7E39E0DE] precaching world entities .. done!  total (1778) objects
<22:12:29> [D2B280D6] Vegetation Manager : Loading World(main_world)
<22:12:30> [075AB92F] Vegetation Manager : Loading World - Done (total 3055 vegetations)
<22:12:30> [000004EE][Error] CTerrain::LoadWorldSurfaces: Error loading material: materials/Terrain/gweonidforest/w_forest_road_a1
<22:12:30> [751FFB9E][Warning] Error: CShaderMan::mfCreateShaderResources: Couldn't find detail texture
'game/textures/aa_terrain/canyon/tr_canyon_rock_616a_ddn.tga' in path '' [File=game/textures/aa_terrain/canyon/tr_canyon_rock_616a_ddn.tga]
<22:12:30> [B9410AA1] total 600 terrain world surfaces loaded
<22:12:30> [280A47E3] Precached total 4 materials
<22:12:30> [7B1A973B] seamless loading cell terrain(W16, 8), (L4, 4)
<22:12:30> [7B1A973B] seamless loading cell terrain(W17, 8), (L5, 4)
<22:12:30> [7B1A973B] seamless loading cell terrain(W16, 7), (L4, 3)
<22:12:30> [7B1A973B] seamless loading cell terrain(W17, 7), (L5, 3)
<22:12:30> [7B1A973B] seamless loading cell terrain(W16, 9), (L4, 5)
<22:12:30> [7B1A973B] seamless loading cell terrain(W15, 8), (L3, 4)
<22:12:30> [7B1A973B] seamless loading cell terrain(W17, 9), (L5, 5)
<22:12:30> [7B1A973B] seamless loading cell terrain(W15, 7), (L3, 3)
<22:12:30> [7B1A973B] seamless loading cell terrain(W18, 8), (L6, 4)
<22:12:30> [7B1A973B] seamless loading cell terrain(W15, 9), (L3, 5)
<22:12:30> [7B1A973B] seamless loading cell terrain(W16, 6), (L4, 2)
<22:12:30> [7B1A973B] seamless loading cell terrain(W18, 7), (L6, 3)
<22:12:30> [7B1A973B] seamless loading cell terrain(W17, 6), (L5, 2)
<22:12:30> [7B1A973B] seamless loading cell terrain(W18, 9), (L6, 5)
<22:12:30> [7B1A973B] seamless loading cell terrain(W16, 10), (L4, 6)
<22:12:30> [7B1A973B] seamless loading cell terrain(W15, 6), (L3, 2)
<22:12:30> [7B1A973B] seamless loading cell terrain(W17, 10), (L5, 6)
<22:12:30> [7B1A973B] seamless loading cell terrain(W14, 8), (L2, 4)
<22:12:30> [7B1A973B] seamless loading cell terrain(W18, 6), (L6, 2)
<22:12:30> [7B1A973B] seamless loading cell terrain(W14, 7), (L2, 3)
<22:12:30> [7B1A973B] seamless loading cell terrain(W15, 10), (L3, 6)
<22:12:30> [7B1A973B] seamless loading cell terrain(W14, 9), (L2, 5)
<22:12:30> [7B1A973B] seamless loading cell terrain(W19, 8), (L7, 4)
<22:12:30> [7B1A973B] seamless loading cell terrain(W18, 10), (L6, 6)
<22:12:30> [7B1A973B] seamless loading cell terrain(W19, 7), (L7, 3)
<22:12:30> [7B1A973B] seamless loading cell terrain(W16, 5), (L4, 1)
<22:12:30> [7B1A973B] seamless loading cell terrain(W17, 5), (L5, 1)
<22:12:30> [7B1A973B] seamless loading cell terrain(W19, 9), (L7, 5)
<22:12:30> [7B1A973B] seamless loading cell terrain(W14, 6), (L2, 2)
<22:12:30> [7B1A973B] seamless loading cell terrain(W15, 5), (L3, 1)
<22:12:30> [7B1A973B] seamless loading cell terrain(W14, 10), (L2, 6)
<22:12:30> [7B1A973B] seamless loading cell terrain(W16, 11), (L4, 7)
<22:12:30> [7B1A973B] seamless loading cell terrain(W19, 6), (L7, 2)
<22:12:30> [7B1A973B] seamless loading cell terrain(W18, 5), (L6, 1)
<22:12:30> [7B1A973B] seamless loading cell terrain(W17, 11), (L5, 7)
<22:12:30> [7B1A973B] seamless loading cell terrain(W13, 8), (L1, 4)
<22:12:30> [7B1A973B] seamless loading cell terrain(W13, 7), (L1, 3)
<22:12:30> [7B1A973B] seamless loading cell terrain(W19, 10), (L7, 6)
<22:12:30> [7B1A973B] seamless loading cell terrain(W15, 11), (L3, 7)
<22:12:30> [7B1A973B] seamless loading cell terrain(W13, 9), (L1, 5)
<22:12:30> [7B1A973B] seamless loading cell terrain(W18, 11), (L6, 7)
<22:12:30> [7B1A973B] seamless loading cell terrain(W14, 5), (L2, 1)
<22:12:30> [7B1A973B] seamless loading cell terrain(W13, 6), (L1, 2)
<22:12:30> [7B1A973B] seamless loading cell terrain(W16, 4), (L4, 0)
<22:12:30> [7B1A973B] seamless loading cell terrain(W17, 4), (L5, 0)
<22:12:30> [7B1A973B] seamless loading cell terrain(W19, 5), (L7, 1)
<22:12:30> [7B1A973B] seamless loading cell terrain(W14, 11), (L2, 7)
<22:12:30> [7B1A973B] seamless loading cell terrain(W13, 10), (L1, 6)
<22:12:30> [3EF08C47] seamless loading cell object(W16, 8), (L4, 4)
<22:12:30> [000004EE][Warning] [CGF Error] game/objects/env/02_harihara/01_ma/ma_top05.cgf [:] non-uniform scale(0.70, 1.00, 0.70) at node(Box11)
<22:12:30> Loading Particle Library: X2_EFFECTS_P
<22:12:30> Loading Particle Library: x2_sounds
<22:12:30> [3EF08C47] seamless loading cell object(W17, 8), (L5, 4)
<22:12:31> [A5DDEC33][Warning] Warning: CShaderMan::mfForName: NULL name
<22:12:31> [CF2CE049][Warning] CMTSafeHeap::m_pBigPool is full. (6031863, MemoryBlock)
<22:12:31> [3EF08C47] seamless loading cell object(W16, 7), (L4, 3)
<22:12:31> [000004EE][Warning] [CGF Error] game/objects/env/01_nuia/001_housing/housing_people/hs_people_roof_a.cgf [:] Duplicate LOD helper $lod2 hs_people_roof_a
<22:12:31> [3EF08C47] seamless loading cell object(W17, 7), (L5, 3)
<22:12:31> [3EF08C47] seamless loading cell object(W16, 9), (L4, 5)
<22:12:31> [3EF08C47] seamless loading cell object(W15, 8), (L3, 4)
<22:12:31> [3EF08C47] seamless loading cell object(W17, 9), (L5, 5)
<22:12:31> [3EF08C47] seamless loading cell object(W15, 7), (L3, 3)
<22:12:31> [3EF08C47] seamless loading cell object(W18, 8), (L6, 4)
<22:12:31> [000004EE][Warning] [CGF Error] game/objects/env/02_harihara/001_hcom/hcom_cart_b.cgf [:] LOD1 of geometry hcom_cart_b contains too many polygons comparing to the LOD0 [770 against 1114] :
<22:12:31> [3EF08C47] seamless loading cell object(W15, 9), (L3, 5)
<22:12:31> [3EF08C47] seamless loading cell object(W16, 6), (L4, 2)
<22:12:31> [3EF08C47] seamless loading cell object(W18, 7), (L6, 3)
<22:12:31> [3EF08C47] seamless loading cell object(W17, 6), (L5, 2)
<22:12:31> [CE0EF930][Warning] failed to stream cgf : objects/env/05_nature/08_cry_source/rocks/road_rocks/road_rocks_flat_grey_a.cgf
<22:12:31> [3EF08C47] seamless loading cell object(W18, 9), (L6, 5)
<22:12:31> [3EF08C47] seamless loading cell object(W16, 10), (L4, 6)
<22:12:31> [3EF08C47] seamless loading cell object(W15, 6), (L3, 2)
<22:12:31> [3EF08C47] seamless loading cell object(W17, 10), (L5, 6)
<22:12:31> [3EF08C47] seamless loading cell object(W14, 8), (L2, 4)
<22:12:31> [3EF08C47] seamless loading cell object(W18, 6), (L6, 2)
<22:12:32> [3EF08C47] seamless loading cell object(W14, 7), (L2, 3)
<22:12:32> [3EF08C47] seamless loading cell object(W15, 10), (L3, 6)
<22:12:32> [12409CCC] Load Zone Finished
<22:12:32> [188BF914][Warning] [EntityLoader] invalid entity pos(1172.249, 2147.883, 0.000) name(AAC_Mahadevi_Ext_1)
<22:12:32> [2363981C][Warning] chr material is not precached : game/objects/env/02_harihara/01_ma/ma_crane_b.mtl (chr: game/objects/env/02_harihara/01_ma/ma_crane_b.chr)
<22:12:32> [CE2F4035][Warning] chr physical geom is not precached. (game/objects/env/02_harihara/01_ma/ma_crane_b.chr)
<22:12:32> [A4D70365][Warning] rigid-body own-entity; prefab=Prefabs/interaction.xml/toy.crane node=AnimObject_1
<22:12:32> [5CE4EF2C][Warning] failed to load particle lib from (Libs/Particles/game/abillity_skill_table_m.xml)
<22:12:32> [000004EE][Warning] Particle effect not found: 'game/abillity_skill_table_m.wild.shock_form2', from unknown 
<22:12:32> [2BFDEC33][Error] realstep 11, not match unit req
<22:12:32> [A39C1725] Level System - Loading Complete
<22:12:32> [9BE3F673] total 0 CGF files are precached
<22:12:32> [27293DED] -----------------------------------------------------
<22:12:32> [120C18F5] * LOADING: 'e_sunrise_peninsula_1' loading time: 3.22 seconds
<22:12:32> [27293DED] -----------------------------------------------------
<22:12:32> [7F89A202][Warning] AI: Warning: AIPoint is not inside Navigation Modifier. pos(4445.1, 5007.6, 114.4)
<22:12:33> [E126B923][Warning] Cannot load texture game/objects/env/01_nuia/001_housing/housing_furniture/hs_f_drums_ddn, file missing [File=game/objects/env/01_nuia/001_housing/housing_furniture/hs_f_drums_ddn]
<22:12:33> [5132FEDE][Warning] invalid attached position(0.00, 21.44, 6.09)
<22:12:33> [745BAE2F][Warning] failed to stream material xml(game/objects/env/06_unit/01_ship/w_middleship/galleon_01.mtl)
<22:12:33> [637AF710][Warning] missing chr material : game/objects/env/06_unit/01_ship/w_middleship/galleon_01.mtl (chr: game/objects/env/06_unit/01_ship/w_middleship/w_middleship_sail_b.chr)
<22:12:33> [1CCD372E][Warning] WARNING: Trying to play a sound at (0,0,0) position in the entity Enoan Double Square Rig: Sample (prefab_unit). Entity may not be initialized correctly! 
<22:12:33> [62232BEA][Warning] deferred xml stream error - game/animations/animals/owl_postman/lmg_files/normal_run.lmg : f0000003
<22:12:33> [DD6CD685][Warning] grand child physical proxy is not supported. grandpa(Enoan Galleon: Sample), dad(prefab_doodad_model_572346_prefab://Prefabs/galleon.xml/galleon.galleon_helms), child(galleon_helms_1)
<22:12:33> [5243B464][Warning] Error: CShaderMan::mfCreateShaderResources: Couldn't find subsurface texture 'objects/characters/ferre/female/face/face01/fe_f_face01_fur_sss.dds' in path '' [File=objects/characters/ferre/female/face/face01/fe_f_face01_fur_sss.dds]
<22:12:33> [CA175C82][Warning] non-stream IO. system(Material), filePath(game/objects/effects/keffect/m_enchant1_pink_s.mtl)
<22:12:33> [000004EE][Warning] RenderMesh not assigned game/objects/box_nodraw.cgf
<22:12:33> [000004EE][Warning] [CGF Error] game/objects/item/shield/shield_monster/shield_baeksojeong01/shield_baeksojeong01.cgf [:] LOD1 of geometry  contains too many polygons comparing to the LOD0 [872 against 1145] :
<22:12:34> [000004EE][Warning] Independent immortal particle effect spawned: X2_EFFECT_O.Interaction.enchant_wpn_range_1g
<22:12:34> [000004EE][Warning] [CGF Error] game/objects/env/01_nuia/001_ndeco/making/ndeco_powerfulmaking.cga [:] LOD1 of geometry parts01 contains too many polygons comparing to the LOD0 [1592 against 1130] :
<22:12:34> [CE0EF930][Warning] failed to stream cgf : default
<22:12:34> [7CE2B2CC] DrawRayOnGrid, dir.x(-4370.8), dir.y(-4881.1)
<22:12:34> [7CE2B2CC] DrawRayOnGrid, dir.x(-4370.8), dir.y(-4881.1)
<22:12:34> [7CE2B2CC] DrawRayOnGrid, dir.x(-4370.8), dir.y(-4881.1)
<22:12:34> [7CE2B2CC] DrawRayOnGrid, dir.x(-4370.8), dir.y(-4881.1)
<22:12:34> [2363981C][Warning] chr material is not precached : game/objects/characters/ferre/male/hair/fe_m_hair014/fe_m_hair014.mtl (chr: game/objects/characters/ferre/male/hair/fe_m_hair014/fe_m_hair014.chr)
<22:12:35> [000004EE][Warning] Particle effect not found: 'game/x2_effects.p_effect.st1000c', from unknown 
<22:12:35> [09F46B9D]     cl_fov = 90 []
<22:12:35> [09F46B9D]     camera_max_dist = 180 []
<22:12:35> [09F46B9D]     name_tag_hp_width_on_bgmode = 80 []
<22:12:35> [09F46B9D]     name_tag_hp_height_on_bgmode = 30 []
<22:12:35> [000004EE][Warning] [Lua Error] Failed to load script file scriptsbin/x2ui/assignment/form.alb
<22:12:35> [A13C772D][Warning] Cannot load texture ui/font_color.g, Image file format is invalid [File=ui/font_color.g]
<22:12:35> [B5A61D8F] Chat Channel(0) Color is not found.
<22:12:35> [000004EE][Warning] [Lua Error] ...ts/x2ui/loginstage/character_create/locale/en_us.lua:524: attempt to index a nil value
<22:12:35> [58F3F7FF][Warning] <null>:0: [Lua Error] Failed to execute file @game/scriptsbin/x2ui/loginstage/character_create/locale/en_us.alb
<22:12:35> [73AFCD09][Warning] Cannot load texture ui/map/frame_map_2.dds, file missing [File=ui/map/frame_map_2.dds]
<22:12:35> [000004EE][Warning] [Lua] invalid style type...  / brown
<22:12:35> [01D0005E][Warning] Not a normal map texture tried to be used as a normal map: Game\ui\icon\aac/icon_item_daru_coin.dds [File=Game\ui\icon\aac/icon_item_daru_coin.dds]
<22:12:35> [82321C2B][Warning] [net 02:12:35.875] [time] remote time estimation restarted; estimate accumulator age was 0.791670
<22:12:35> [9CAE9693] Starting In World Loading
<22:12:35> [7B1A973B] seamless loading cell terrain(W12, 8), (L0, 4)
<22:12:35> [7B1A973B] seamless loading cell terrain(W12, 9), (L0, 5)
<22:12:35> [7B1A973B] seamless loading cell terrain(W13, 11), (L1, 7)
<22:12:35> [7B1A973B] seamless loading cell terrain(W12, 7), (L0, 3)
<22:12:35> [B866A294] seamless unloading cell terrain(W19, 13), (L7, 1)
<22:12:35> [B866A294] seamless unloading cell terrain(W17, 12), (L5, 0)
<22:12:35> [B866A294] seamless unloading cell terrain(W16, 12), (L4, 0)
<22:12:35> [3EF08C47] seamless loading cell object(W14, 9), (L2, 5)
<22:12:35> [3EF08C47] seamless loading cell object(W14, 10), (L2, 6)
<22:12:35> [7AB931CE] seamless unloading cell object(W18, 14), (L6, 2)
<22:12:36> [745BAE2F][Warning] failed to stream material xml(game/objects/characters/hariharan/female/parts/pt/obj/ha_f_pt_leather224.mtl)
<22:12:36> [637AF710][Warning] missing chr material : game/objects/characters/hariharan/female/parts/pt/obj/ha_f_pt_leather224.mtl (chr: game/objects/characters/hariharan/female/parts/pt/obj/ha_f_2pt001.chr)
<22:12:36> [B42C333F] In World Loading Finished
<22:12:38> [BCCDC555][Warning] MakeSprite - too many sprite update (10). dropping.. (sprites : 15)
<22:12:38> [A4D70365][Warning] rigid-body own-entity; prefab=Prefabs/interaction.xml/toy.crane node=AnimObject_1
<22:12:39> [CA175C82][Warning] non-stream IO. system(Material), filePath(game/materials/misc/rope/rope_fishing.mtl)
<22:12:39> [B95EE41B][Error] invalid parent unit id(87744)
<22:12:40> [58F3F7FF][Warning] @c:/aaclassic/documents//Addon/CooldawnBuffTracker/util/color_picker.lua:23: [Script Error] Wrong parameter type. Function .SetAlign(align) expect parameter 1 of type Number (Provided type Null)
<22:12:41> [745BAE2F][Warning] failed to stream material xml(game/objects/characters/hariharan/male/parts/ar/obj/ha_m_ar_leather200.mtl)
<22:12:41> [637AF710][Warning] missing chr material : game/objects/characters/hariharan/male/parts/ar/obj/ha_m_ar_leather200.mtl (chr: game/objects/characters/hariharan/male/parts/ar/obj/ha_m_1ar306_1arm001_1sh005.chr)
<22:12:41> [000004EE][Warning] Particle effect not found: 'game/ability_skill_table_k.p_skill_romance.song_of_speed_launch', from unknown 
<22:12:42> [5243B464][Warning] Error: CShaderMan::mfCreateShaderResources: Couldn't find subsurface texture 'objects/characters/ferre/female/face/face01/fe_f_face01_fur_sss.dds' in path '' [File=objects/characters/ferre/female/face/face01/fe_f_face01_fur_sss.dds]
<22:12:43> [CE0EF930][Warning] failed to stream cgf : default
<22:12:45> [A0AEF1D1][Warning] Cannot load texture game/objects/characters/texture/cp/nu_m_1cp101_c_v01100_ddn.dds, file missing [File=game/objects/characters/texture/cp/nu_m_1cp101_c_v01100_ddn.dds]
<22:12:45> [A4D70365][Warning] rigid-body own-entity; prefab=Prefabs/interaction.xml/toy.crane node=AnimObject_1
<22:12:46> [CFFE1C46][Error] Error streaming texture: Error 'Cannot open the file', Texture: game/objects/editor/suithelper/gradf.dds
<22:12:46> Loading Particle Library: ljs_particle_fx
<22:12:47> [745BAE2F][Warning] failed to stream material xml(game/objects/effects/keffect/p_fire_blue1a.mtl)
<22:12:47> [637AF710][Warning] missing chr material : game/objects/characters/warborn/male/parts/bo/obj/wa_m_bo_metal170.mtl (chr: game/objects/characters/warborn/male/parts/bo/obj/wa_m_3bo102.chr)
<22:12:47> [CA175C82][Warning] non-stream IO. system(Material), filePath(game/materials/misc/rope/rope_fishing.mtl)
<22:12:52> [745BAE2F][Warning] failed to stream material xml(game/objects/characters/animals/seagull/Material #0.mtl)
<22:12:52> [CE0EF930][Warning] failed to stream cgf : objects/effects/portal_gate.cgf
<22:12:54> [CA175C82][Warning] non-stream IO. system(Material), filePath(game/materials/misc/rope/rope_fishing.mtl)
<22:12:54> [CFFE1C46][Error] Error streaming texture: Error 'Cannot open the file', Texture: game/objects/editor/suithelper/gradf.dds
<22:13:00> [CA175C82][Warning] non-stream IO. system(Material), filePath(game/materials/misc/rope/rope_fishing.mtl)
<22:13:02> [B95EE41B][Error] invalid parent unit id(87744)
<22:13:05> [CE0EF930][Warning] failed to stream cgf : default
<22:13:08> [000004EE][Warning] [Lua Error] 1_3_0/scripts/x2ui/characterinfo/character_info.lua:520: attempt to call method 'AnimForEquipped' (a nil value)
<22:13:08> [CA175C82][Warning] non-stream IO. system(Material), filePath(game/materials/misc/rope/rope_fishing.mtl)
<22:13:09> [A4D70365][Warning] rigid-body own-entity; prefab=Prefabs/interaction.xml/toy.crane node=AnimObject_1
<22:13:13> [000004EE][Warning] [Lua Error] 1_3_0/scripts/x2ui/characterinfo/character_info.lua:520: attempt to call method 'AnimForEquipped' (a nil value)
<22:13:15> [CA175C82][Warning] non-stream IO. system(Material), filePath(game/materials/misc/rope/rope_fishing.mtl)
<22:13:19> [000004EE][Warning] [Lua Error] 1_3_0/scripts/x2ui/characterinfo/character_info.lua:520: attempt to call method 'AnimForEquipped' (a nil value)
<22:13:21> [CA175C82][Warning] non-stream IO. system(Material), filePath(game/materials/misc/rope/rope_fishing.mtl)
<22:13:21> [745BAE2F][Warning] failed to stream material xml(game/materials/effects/fume_h_ssd.mtl)
<22:13:25> [000004EE][Warning] [Lua Error] 1_3_0/scripts/x2ui/characterinfo/character_info.lua:520: attempt to call method 'AnimForEquipped' (a nil value)
<22:13:28> [CA175C82][Warning] non-stream IO. system(Material), filePath(game/materials/misc/rope/rope_fishing.mtl)
<22:13:28> [745BAE2F][Warning] failed to stream material xml(game/materials/effects/fume_h_ssd.mtl)
<22:13:30> [000004EE][Warning] [Lua Error] 1_3_0/scripts/x2ui/characterinfo/character_info.lua:520: attempt to call method 'AnimForEquipped' (a nil value)
<22:13:33> [CA175C82][Warning] non-stream IO. system(Material), filePath(game/materials/misc/rope/rope_fishing.mtl)
<22:13:33> [000004EE][Warning] Particle effect not found: 'game/x2_effect_o.pc.skill_hatred_ms_abysscanine_cast', from unknown 
<22:13:33> [000004EE][Warning] Independent immortal particle effect spawned: X2_EFFECT_O.Interaction.enchant_wpn_range_honor_3g
<22:13:36> [000004EE][Warning] [Lua Error] 1_3_0/scripts/x2ui/characterinfo/character_info.lua:520: attempt to call method 'AnimForEquipped' (a nil value)
<22:13:38> [CA175C82][Warning] non-stream IO. system(Material), filePath(game/materials/misc/rope/rope_fishing.mtl)
<22:13:44> [CA175C82][Warning] non-stream IO. system(Material), filePath(game/materials/misc/rope/rope_fishing.mtl)
<22:13:50> [CA175C82][Warning] non-stream IO. system(Material), filePath(game/materials/misc/rope/rope_fishing.mtl)
<22:13:55> [CA175C82][Warning] non-stream IO. system(Material), filePath(game/materials/misc/rope/rope_fishing.mtl)
<22:14:01> [CE0EF930][Warning] failed to stream cgf : objects/effects/portal_gate.cgf
<22:14:02> [CA175C82][Warning] non-stream IO. system(Material), filePath(game/materials/misc/rope/rope_fishing.mtl)
<22:14:04> [BB790A81] origin change campos : 10451.16, 7908.194824
<22:14:04> [00000020]  
<22:14:04> [00000020]  
<22:14:04> [A581FA6D] -----------------------------------------------------------------------------
<22:14:04> [1DAA5677] SeamlessSystem::ChangeOrigin() : Here we go. Old(12,4) -> New(18,8)
<22:14:04> [A581FA6D] -----------------------------------------------------------------------------
<22:14:04> [00000020]  
<22:14:04> [00000020]  
<22:14:04> [B866A294] seamless unloading cell terrain(W12, 15), (L0, 3)
<22:14:04> [B866A294] seamless unloading cell terrain(W12, 16), (L0, 4)
<22:14:04> [B866A294] seamless unloading cell terrain(W12, 17), (L0, 5)
<22:14:04> [B866A294] seamless unloading cell terrain(W13, 14), (L1, 2)
<22:14:04> [B866A294] seamless unloading cell terrain(W13, 15), (L1, 3)
<22:14:04> [B866A294] seamless unloading cell terrain(W13, 16), (L1, 4)
<22:14:04> [B866A294] seamless unloading cell terrain(W13, 17), (L1, 5)
<22:14:04> [B866A294] seamless unloading cell terrain(W13, 18), (L1, 6)
<22:14:04> [B866A294] seamless unloading cell terrain(W13, 19), (L1, 7)
<22:14:04> [B866A294] seamless unloading cell terrain(W14, 13), (L2, 1)
<22:14:04> [B866A294] seamless unloading cell terrain(W14, 14), (L2, 2)
<22:14:04> [B866A294] seamless unloading cell terrain(W14, 15), (L2, 3)
<22:14:04> [7AB931CE] seamless unloading cell object(W14, 15), (L2, 3)
<22:14:04> [4B1E8B22] unload cell object count : 232
<22:14:04> [B866A294] seamless unloading cell terrain(W14, 16), (L2, 4)
<22:14:04> [7AB931CE] seamless unloading cell object(W14, 16), (L2, 4)
<22:14:04> [4B1E8B22] unload cell object count : 793
<22:14:04> [B866A294] seamless unloading cell terrain(W14, 17), (L2, 5)
<22:14:04> [7AB931CE] seamless unloading cell object(W14, 17), (L2, 5)
<22:14:04> [4B1E8B22] unload cell object count : 295
<22:14:04> [B866A294] seamless unloading cell terrain(W14, 18), (L2, 6)
<22:14:04> [7AB931CE] seamless unloading cell object(W14, 18), (L2, 6)
<22:14:04> [4B1E8B22] unload cell object count : 5953
<22:14:04> [B866A294] seamless unloading cell terrain(W14, 19), (L2, 7)
<22:14:04> [B866A294] seamless unloading cell terrain(W15, 13), (L3, 1)
<22:14:04> [B866A294] seamless unloading cell terrain(W15, 14), (L3, 2)
<22:14:04> [7AB931CE] seamless unloading cell object(W15, 14), (L3, 2)
<22:14:04> [4B1E8B22] unload cell object count : 0
<22:14:04> [B866A294] seamless unloading cell terrain(W15, 15), (L3, 3)
<22:14:04> [7AB931CE] seamless unloading cell object(W15, 15), (L3, 3)
<22:14:04> [4B1E8B22] unload cell object count : 12919
<22:14:04> [B866A294] seamless unloading cell terrain(W15, 16), (L3, 4)
<22:14:04> [7AB931CE] seamless unloading cell object(W15, 16), (L3, 4)
<22:14:04> [4B1E8B22] unload cell object count : 2237
<22:14:04> [B866A294] seamless unloading cell terrain(W15, 17), (L3, 5)
<22:14:04> [7AB931CE] seamless unloading cell object(W15, 17), (L3, 5)
<22:14:04> [4B1E8B22] unload cell object count : 5508
<22:14:04> [B866A294] seamless unloading cell terrain(W15, 18), (L3, 6)
<22:14:04> [7AB931CE] seamless unloading cell object(W15, 18), (L3, 6)
<22:14:04> [4B1E8B22] unload cell object count : 0
<22:14:04> [B866A294] seamless unloading cell terrain(W15, 19), (L3, 7)
<22:14:04> [B866A294] seamless unloading cell terrain(W16, 13), (L4, 1)
<22:14:04> [B866A294] seamless unloading cell terrain(W16, 14), (L4, 2)
<22:14:04> [7AB931CE] seamless unloading cell object(W16, 14), (L4, 2)
<22:14:04> [4B1E8B22] unload cell object count : 0
<22:14:04> [B866A294] seamless unloading cell terrain(W16, 15), (L4, 3)
<22:14:04> [7AB931CE] seamless unloading cell object(W16, 15), (L4, 3)
<22:14:04> [4B1E8B22] unload cell object count : 3484
<22:14:04> [B866A294] seamless unloading cell terrain(W16, 16), (L4, 4)
<22:14:04> [7AB931CE] seamless unloading cell object(W16, 16), (L4, 4)
<22:14:04> [4B1E8B22] unload cell object count : 2750
<22:14:04> [B866A294] seamless unloading cell terrain(W16, 17), (L4, 5)
<22:14:04> [7AB931CE] seamless unloading cell object(W16, 17), (L4, 5)
<22:14:04> [4B1E8B22] unload cell object count : 677
<22:14:04> [B866A294] seamless unloading cell terrain(W16, 18), (L4, 6)
<22:14:04> [7AB931CE] seamless unloading cell object(W16, 18), (L4, 6)
<22:14:04> [4B1E8B22] unload cell object count : 1407
<22:14:04> [B866A294] seamless unloading cell terrain(W16, 19), (L4, 7)
<22:14:04> [B866A294] seamless unloading cell terrain(W17, 13), (L5, 1)
<22:14:04> [B866A294] seamless unloading cell terrain(W17, 14), (L5, 2)
<22:14:04> [7AB931CE] seamless unloading cell object(W17, 14), (L5, 2)
<22:14:04> [4B1E8B22] unload cell object count : 0
<22:14:04> [B866A294] seamless unloading cell terrain(W17, 15), (L5, 3)
<22:14:04> [7AB931CE] seamless unloading cell object(W17, 15), (L5, 3)
<22:14:04> [4B1E8B22] unload cell object count : 5949
<22:14:04> [B866A294] seamless unloading cell terrain(W17, 16), (L5, 4)
<22:14:04> [7AB931CE] seamless unloading cell object(W17, 16), (L5, 4)
<22:14:04> [4B1E8B22] unload cell object count : 4815
<22:14:04> [B866A294] seamless unloading cell terrain(W17, 17), (L5, 5)
<22:14:04> [7AB931CE] seamless unloading cell object(W17, 17), (L5, 5)
<22:14:04> [4B1E8B22] unload cell object count : 4387
<22:14:04> [B866A294] seamless unloading cell terrain(W17, 18), (L5, 6)
<22:14:04> [7AB931CE] seamless unloading cell object(W17, 18), (L5, 6)
<22:14:04> [4B1E8B22] unload cell object count : 33
<22:14:04> [B866A294] seamless unloading cell terrain(W17, 19), (L5, 7)
<22:14:04> [B866A294] seamless unloading cell terrain(W18, 13), (L6, 1)
<22:14:04> [B866A294] seamless unloading cell terrain(W18, 14), (L6, 2)
<22:14:04> [B866A294] seamless unloading cell terrain(W18, 15), (L6, 3)
<22:14:04> [7AB931CE] seamless unloading cell object(W18, 15), (L6, 3)
<22:14:04> [4B1E8B22] unload cell object count : 7198
<22:14:04> [B866A294] seamless unloading cell terrain(W19, 14), (L7, 2)
<22:14:04> [B866A294] seamless unloading cell terrain(W19, 15), (L7, 3)
<22:14:04> [3623F74F] [Seamless] camera has been warped
<22:14:04> [9CAE9693] Starting In World Loading
<22:14:04> [7B1A973B] seamless loading cell terrain(W22, 11), (L4, 3)
<22:14:04> [7B1A973B] seamless loading cell terrain(W21, 11), (L3, 3)
<22:14:04> [7B1A973B] seamless loading cell terrain(W22, 12), (L4, 4)
<22:14:04> [7B1A973B] seamless loading cell terrain(W21, 12), (L3, 4)
<22:14:04> [7B1A973B] seamless loading cell terrain(W22, 10), (L4, 2)
<22:14:04> [7B1A973B] seamless loading cell terrain(W23, 11), (L5, 3)
<22:14:04> [7B1A973B] seamless loading cell terrain(W21, 10), (L3, 2)
<22:14:04> [7B1A973B] seamless loading cell terrain(W23, 12), (L5, 4)
<22:14:04> [7B1A973B] seamless loading cell terrain(W20, 11), (L2, 3)
<22:14:04> [7B1A973B] seamless loading cell terrain(W23, 10), (L5, 2)
<22:14:04> [7B1A973B] seamless loading cell terrain(W22, 13), (L4, 5)
<22:14:04> [7B1A973B] seamless loading cell terrain(W20, 12), (L2, 4)
<22:14:04> [7B1A973B] seamless loading cell terrain(W21, 13), (L3, 5)
<22:14:04> [7B1A973B] seamless loading cell terrain(W20, 10), (L2, 2)
<22:14:04> [7B1A973B] seamless loading cell terrain(W23, 13), (L5, 5)
<22:14:04> [7B1A973B] seamless loading cell terrain(W22, 9), (L4, 1)
<22:14:04> [7B1A973B] seamless loading cell terrain(W24, 11), (L6, 3)
<22:14:04> [7B1A973B] seamless loading cell terrain(W21, 9), (L3, 1)
<22:14:04> [7B1A973B] seamless loading cell terrain(W24, 12), (L6, 4)
<22:14:04> [7B1A973B] seamless loading cell terrain(W20, 13), (L2, 5)
<22:14:04> [7B1A973B] seamless loading cell terrain(W23, 9), (L5, 1)
<22:14:04> [7B1A973B] seamless loading cell terrain(W24, 10), (L6, 2)
<22:14:04> [7B1A973B] seamless loading cell terrain(W19, 11), (L1, 3)
<22:14:04> [7B1A973B] seamless loading cell terrain(W22, 14), (L4, 6)
<22:14:04> [7B1A973B] seamless loading cell terrain(W20, 9), (L2, 1)
<22:14:04> [7B1A973B] seamless loading cell terrain(W19, 12), (L1, 4)
<22:14:04> [7B1A973B] seamless loading cell terrain(W21, 14), (L3, 6)
<22:14:04> [7B1A973B] seamless loading cell terrain(W24, 13), (L6, 5)
<22:14:04> [7B1A973B] seamless loading cell terrain(W23, 14), (L5, 6)
<22:14:04> [7B1A973B] seamless loading cell terrain(W24, 9), (L6, 1)
<22:14:04> [7B1A973B] seamless loading cell terrain(W22, 8), (L4, 0)
<22:14:04> [7B1A973B] seamless loading cell terrain(W19, 13), (L1, 5)
<22:14:04> [7B1A973B] seamless loading cell terrain(W20, 14), (L2, 6)
<22:14:04> [7B1A973B] seamless loading cell terrain(W21, 8), (L3, 0)
<22:14:04> [7B1A973B] seamless loading cell terrain(W25, 11), (L7, 3)
<22:14:04> [7B1A973B] seamless loading cell terrain(W25, 12), (L7, 4)
<22:14:04> [7B1A973B] seamless loading cell terrain(W23, 8), (L5, 0)
<22:14:04> [7B1A973B] seamless loading cell terrain(W25, 10), (L7, 2)
<22:14:04> [7B1A973B] seamless loading cell terrain(W24, 14), (L6, 6)
<22:14:04> [7B1A973B] seamless loading cell terrain(W20, 8), (L2, 0)
<22:14:04> [7B1A973B] seamless loading cell terrain(W25, 13), (L7, 5)
<22:14:04> [7B1A973B] seamless loading cell terrain(W18, 12), (L0, 4)
<22:14:04> [7B1A973B] seamless loading cell terrain(W22, 15), (L4, 7)
<22:14:04> [7B1A973B] seamless loading cell terrain(W21, 15), (L3, 7)
<22:14:04> [7B1A973B] seamless loading cell terrain(W19, 14), (L1, 6)
<22:14:04> [7B1A973B] seamless loading cell terrain(W24, 8), (L6, 0)
<22:14:04> [7B1A973B] seamless loading cell terrain(W25, 9), (L7, 1)
<22:14:04> [7B1A973B] seamless loading cell terrain(W23, 15), (L5, 7)
<22:14:04> [B866A294] seamless unloading cell terrain(W18, 18), (L0, 0)
<22:14:04> [B866A294] seamless unloading cell terrain(W18, 19), (L0, 1)
<22:14:04> [B866A294] seamless unloading cell terrain(W19, 18), (L1, 0)
<22:14:04> [3EF08C47] seamless loading cell object(W22, 11), (L4, 3)
<22:14:04> [3EF08C47] seamless loading cell object(W21, 11), (L3, 3)
<22:14:04> [3EF08C47] seamless loading cell object(W22, 12), (L4, 4)
<22:14:04> [3EF08C47] seamless loading cell object(W21, 12), (L3, 4)
<22:14:04> [3EF08C47] seamless loading cell object(W22, 10), (L4, 2)
<22:14:04> [3EF08C47] seamless loading cell object(W23, 11), (L5, 3)
<22:14:04> [3EF08C47] seamless loading cell object(W21, 10), (L3, 2)
<22:14:04> [3EF08C47] seamless loading cell object(W23, 12), (L5, 4)
<22:14:04> [3EF08C47] seamless loading cell object(W20, 11), (L2, 3)
<22:14:04> [3EF08C47] seamless loading cell object(W23, 10), (L5, 2)
<22:14:04> [3EF08C47] seamless loading cell object(W22, 13), (L4, 5)
<22:14:04> [3EF08C47] seamless loading cell object(W20, 12), (L2, 4)
<22:14:04> [3EF08C47] seamless loading cell object(W21, 13), (L3, 5)
<22:14:04> [3EF08C47] seamless loading cell object(W20, 10), (L2, 2)
<22:14:04> [3EF08C47] seamless loading cell object(W23, 13), (L5, 5)
<22:14:04> [3EF08C47] seamless loading cell object(W22, 9), (L4, 1)
<22:14:04> [3EF08C47] seamless loading cell object(W24, 11), (L6, 3)
<22:14:04> [3EF08C47] seamless loading cell object(W21, 9), (L3, 1)
<22:14:04> [3EF08C47] seamless loading cell object(W24, 12), (L6, 4)
<22:14:04> [3EF08C47] seamless loading cell object(W20, 13), (L2, 5)
<22:14:04> [3EF08C47] seamless loading cell object(W23, 9), (L5, 1)
<22:14:04> [7AB931CE] seamless unloading cell object(W18, 18), (L0, 0)
<22:14:04> [7AB931CE] seamless unloading cell object(W18, 19), (L0, 1)
<22:14:04> [A5DDEC33][Warning] Warning: CShaderMan::mfForName: NULL name
<22:14:05> [000004EE][Warning] [CGF Error] game/objects/env/02_harihara/001_hdeco/quest/hdeco_qust_cocoon01.cgf [:] non-uniform scale(0.87, 0.87, 1.00) at node(hdeco_qust_cocoon01_proxy)
<22:14:05> [745BAE2F][Warning] failed to stream material xml(Default.mtl)
<22:14:05> [4BF1C05C][Warning] Cannot load texture game/objects/env/01_nuia/001_housing/housing_house/housing_house_equipment_glow.dds, file missing [File=game/objects/env/01_nuia/001_housing/housing_house/housing_house_equipment_glow.dds]
<22:14:05> [BF0124EC][Warning] Error: CShaderMan::mfCreateShaderResources: Couldn't find decal texture 'game/objects/Env/01_nuia/001_housing/housing_house/housing_house_equipment_glow.dds' in path '' [File=game/objects/Env/01_nuia/001_housing/housing_house/housing_house_equipment_glow.dds]
<22:14:06> [188BF914][Warning] [EntityLoader] invalid entity pos(0.298, -2.719, 0.001) name(B_gear_light)
<22:14:06> [DE20B351][Warning] Flow Graph Node targets unknown entity guid: 4e27a4809eea4e4f
<22:14:06> [B42C333F] In World Loading Finished
<22:14:07> [82321C2B][Warning] [net 02:14:07.022] [time] remote time estimation restarted; estimate accumulator age was 2.484256
<22:14:07> [BCCDC555][Warning] MakeSprite - too many sprite update (10). dropping.. (sprites : 14)
<22:14:07> [EFC67A6D][Warning] Error: CShaderMan::mfCreateShaderResources: Couldn't find detail texture
'game/objects/env/01_nuia/001_housing/housing_house/nuia_housing_tree07_ddn.dds' in path '' [File=game/objects/env/01_nuia/001_housing/housing_house/nuia_housing_tree07_ddn.dds]
<22:14:07> [637AF710][Warning] missing chr material : game/objects/characters/elf/female/parts/pt/obj/el_f_pt_cloth997.mtl (chr: game/objects/characters/elf/female/parts/pt/obj/el_f_1pt603.chr)
<22:14:07> [62232BEA][Warning] deferred xml stream error - game/animations/animals/calf/lmg_files/normal_run.lmg : f0000003
<22:14:07> [A4D70365][Warning] rigid-body own-entity; prefab=prefabs/interaction_c.xml/house.door_anp node=AnimObject_1
<22:14:08> [CA175C82][Warning] non-stream IO. system(Material), filePath(game/objects/env/01_nuia/001_housing/housing_farm/hs_f_scarecrow_g.mtl)
<22:14:08> [CE0EF930][Warning] failed to stream cgf : default
<22:14:10> [3EF08C47] seamless loading cell object(W24, 10), (L6, 2)
<22:14:10> [000004EE][Warning] [CGF Error] game/objects/env/02_harihara/001_hdeco/hdeco_workprop_b01.cgf [:] LOD1 of geometry hdeco_workprop_b01 contains too many polygons comparing to the LOD0 [408 against 608] :
<22:14:12> [745BAE2F][Warning] failed to stream material xml(game/objects/characters/nuian/male/parts/gv/obj/nu_m_gv_cloth214.mtl)
<22:14:12> [637AF710][Warning] missing chr material : game/objects/characters/nuian/male/parts/gv/obj/nu_m_gv_cloth214.mtl (chr: game/objects/characters/nuian/male/parts/gv/obj/nu_m_1gf001_1gv201.chr)
<22:14:15> [C53E6FFE][Warning] non cached CDF material(objects/Characters/animals/pangolin/pangolin_grey/pangolin_grey.mtl, game/objects/characters/animals/pangolin/pangolin_grey/pangolin_grey.cdf)
<22:14:15> [CA175C82][Warning] non-stream IO. system(Material), filePath(game/objects/characters/animals/pangolin/pangolin_grey/pangolin_grey.mtl)
<22:14:15> [2363981C][Warning] chr material is not precached : game/objects/characters/animals/pangolin/pangolin_red/Pangolin_red.mtl (chr: game/objects/characters/animals/pangolin/pangolin_red/pangolin_red.chr)
<22:14:15> [CE2F4035][Warning] chr physical geom is not precached. (game/objects/characters/animals/pangolin/pangolin_red/pangolin_red.chr)
<22:14:15> [676D2B24][Warning] non-cached LMG xml. (animations/animals/pangolin/lmg_files/fist_mo_normal_walk.lmg)
<22:14:15> [63ABB424][Warning] Facial sequence "fist_ac_whistle" not listed in CAL file for character "game/objects/characters/warborn/female/nude/wa_f_base.chr".
<22:14:16> [B95EE41B][Error] invalid parent unit id(72175)
<22:14:17> [65FB52A3][Warning] Entity Yogurt:cannot find animation additive_fist_ba_relaxed_idle_rand_7
<22:14:21> [000004EE][Warning] Particle effect not found: 'game/x2_effect_o.mon_effects.mon_strike_hit', from unknown 
<22:14:25> [BF8BE32F][Warning] Cannot load texture game/objects/env/01_nuia/001_housing/housing_house/housing_tree_base_sp.dds, file missing [File=game/objects/env/01_nuia/001_housing/housing_house/housing_tree_base_sp.dds]
<22:14:25> [755A3546][Warning] Error: CShaderMan::mfCreateShaderResources: Couldn't find custom secondary texture 'game/objects/env/01_nuia/001_housing/housing_house/nuia_housing_treemossy03_ddn.dds' in path '' [File=game/objects/env/01_nuia/001_housing/housing_house/nuia_housing_treemossy03_ddn.dds]
<22:14:25> [745BAE2F][Warning] failed to stream material xml(game/objects/env/01_nuia/001_housing/housing_house/gw_elfremain_b.mtl)
<22:14:27> [637AF710][Warning] missing chr material : game/objects/characters/hariharan/male/parts/ar/obj/ha_m_ar_cloth501.mtl (chr: game/objects/characters/hariharan/male/parts/ar/obj/ha_m_1ar306_1arm002_1bt008.chr)
<22:14:28> [CA175C82][Warning] non-stream IO. system(Material), filePath(game/objects/effects/keffect/m_enchant3_silver_s.mtl)
<22:14:28> [000004EE][Warning] Independent immortal particle effect spawned: X2_EFFECT_O.Interaction.enchant_wpn_range_honor_3g
<22:14:31> [000004EE][Warning] Particle effect not found: 'game/abillity_skill_table_m.death.unfinished_spell_form2', from unknown 
<22:14:31> [745BAE2F][Warning] failed to stream material xml(game/objects/characters/hariharan/female/parts/bo/obj/ha_f_bo_cloth156.mtl)
<22:14:36> [DE20B351][Warning] Flow Graph Node targets unknown entity guid: 49e17e029614af26
<22:14:36> [62232BEA][Warning] deferred xml stream error - game/animations/animals/calf/lmg_files/normal_run.lmg : f0000003
<22:14:41> [745BAE2F][Warning] failed to stream material xml(game/objects/characters/animals/cow/cow_black.mtl)
<22:14:49> [000004EE][Warning] Particle effect not found: 'game/x2_effect_o.mon_effects.mon_water_wave_s', from unknown 
<22:14:49> [7590A2FA][Warning] Cannot load texture textures/p_effects/keffect/z_env_01.dds, file missing [File=textures/p_effects/keffect/z_env_01.dds]
<22:14:49> [7AB931CE] seamless unloading cell object(W20, 23), (L2, 5)
<22:14:49> [F9376E0D][Warning] [flow] FG-0x8D9A5694-Entity 'B_gear_light' was destroyed with pending updates/activations. Report follows...
<22:14:49> [A8F1529E][Warning] [flow] Pending nodes:
<22:14:50> [B866A294] seamless unloading cell terrain(W19, 24), (L1, 6)
<22:15:08> [B95EE41B][Error] invalid parent unit id(72175)
<22:15:10> [2363981C][Warning] chr material is not precached : game/objects/env/06_unit/05_carriage/transfers_trailer_b_8box.mtl (chr: game/objects/env/06_unit/05_carriage/transfers_trailer_b_8box_damage.chr)
<22:15:10> [CA175C82][Warning] non-stream IO. system(Material), filePath(game/objects/env/06_unit/05_carriage/transfers_trailer_b_8box.mtl)
<22:15:10> [CE2F4035][Warning] chr physical geom is not precached. (game/objects/env/06_unit/05_carriage/transfers_trailer_b_8box_damage.chr)
<22:15:10> [A4D70365][Warning] rigid-body own-entity; prefab=prefabs/vehicle_tractor.xml/vehicle_tractor_b_8box.tractor_b_8box_body_dying node=AnimObject_1
<22:15:12> [745BAE2F][Warning] failed to stream material xml(game/objects/env/01_nuia/001_ndeco/making/ndeco_making_rock01_second.mtl)
<22:15:12> [000004EE][Warning] [CGF Error] game/objects/env/01_nuia/001_ndeco/making/ndeco_powerfulmaking.cga [:] LOD1 of geometry parts01 contains too many polygons comparing to the LOD0 [1592 against 1130] :
<22:15:13> [CE0EF930][Warning] failed to stream cgf : default
<22:15:13> [FCD07016][Warning] Cannot load texture objects/characters/ferre/male/hair/fe_m_hair02/fe_m_hair02_df.dds, file missing [File=objects/characters/ferre/male/hair/fe_m_hair02/fe_m_hair02_df.dds]
<22:15:19> [B95EE41B][Error] invalid parent unit id(71114)
<22:15:27> [B95EE41B][Error] invalid parent unit id(71114)
<22:15:31> [000004EE][Warning] [Lua Error] 1_3_0/scripts/x2ui/characterinfo/character_info.lua:520: attempt to call method 'AnimForEquipped' (a nil value)
<22:15:38> [000004EE][Warning] [Lua Error] 1_3_0/scripts/x2ui/characterinfo/character_info.lua:520: attempt to call method 'AnimForEquipped' (a nil value)
<22:15:43> [000004EE][Warning] [Lua Error] 1_3_0/scripts/x2ui/characterinfo/character_info.lua:520: attempt to call method 'AnimForEquipped' (a nil value)
<22:15:48> [000004EE][Warning] [Lua Error] 1_3_0/scripts/x2ui/characterinfo/character_info.lua:520: attempt to call method 'AnimForEquipped' (a nil value)
<22:15:58> [000004EE][Warning] [Lua Error] 1_3_0/scripts/x2ui/characterinfo/character_info.lua:520: attempt to call method 'AnimForEquipped' (a nil value)
<22:16:01> [B95EE41B][Error] invalid parent unit id(71114)
<22:16:07> [000004EE][Warning] [Lua Error] 1_3_0/scripts/x2ui/characterinfo/character_info.lua:520: attempt to call method 'AnimForEquipped' (a nil value)
<22:16:13> [000004EE][Warning] [Lua Error] 1_3_0/scripts/x2ui/characterinfo/character_info.lua:520: attempt to call method 'AnimForEquipped' (a nil value)
<22:16:15> [CA175C82][Warning] non-stream IO. system(CGF), filePath(objects/env/01_nuia/001_ncom/ncom_pile_a01_test.cgf)
<22:16:23> [000004EE][Warning] [Lua Error] 1_3_0/scripts/x2ui/characterinfo/character_info.lua:520: attempt to call method 'AnimForEquipped' (a nil value)
<22:16:27> [CA175C82][Warning] non-stream IO. system(CGF), filePath(objects/env/01_nuia/001_ncom/ncom_pile_a01_test.cgf)
<22:16:31> [000004EE][Warning] [Lua Error] 1_3_0/scripts/x2ui/characterinfo/character_info.lua:520: attempt to call method 'AnimForEquipped' (a nil value)
<22:16:41> [B95EE41B][Error] invalid parent unit id(71114)
<22:16:46> [B95EE41B][Error] invalid parent unit id(71114)
<22:16:46> [CA175C82][Warning] non-stream IO. system(CGF), filePath(objects/env/01_nuia/001_ncom/ncom_pile_a01_test.cgf)
<22:16:55> [B95EE41B][Error] invalid parent unit id(71114)
<22:17:12> [745BAE2F][Warning] failed to stream material xml(game/objects/characters/hariharan/male/parts/gv/obj/ha_m_gv_cloth037.mtl)
<22:17:12> [637AF710][Warning] missing chr material : game/objects/characters/hariharan/male/parts/pt/obj/ha_m_pt_cloth250.mtl (chr: game/objects/characters/hariharan/male/parts/pt/obj/ha_m_1pt900.chr)
<22:17:23> [B866A294] seamless unloading cell terrain(W23, 25), (L5, 7)
<22:17:26> [F9376E0D][Warning] [flow] FG-0x828107FC-Entity 'AnimObject_19' was destroyed with pending updates/activations. Report follows...
<22:17:26> [A8F1529E][Warning] [flow] Pending nodes:
<22:17:29> Loading Particle Library: pino_effect
<22:17:35> [000004EE][Warning] Particle effect not found: 'game/x2_effect_o.mon_effects.mon_strong_light_form', from unknown 
<22:17:35> [EE46CD89][Warning] Cannot load texture objects/characters/monster/wisp/wisp02_df.dds, file missing [File=objects/characters/monster/wisp/wisp02_df.dds]
<22:17:35> [745BAE2F][Warning] failed to stream material xml(game/objects/characters/monster/wisp/wisp_meadow/picking.mtl)
<22:17:35> [B866A294] seamless unloading cell terrain(W21, 25), (L3, 7)
<22:17:38> [637AF710][Warning] missing chr material : game/objects/characters/hariharan/male/parts/gv/obj/ha_m_gv_cloth231.mtl (chr: game/objects/characters/hariharan/male/parts/gv/obj/ha_m_1gv201.chr)
<22:17:40> [745BAE2F][Warning] failed to stream material xml(game/objects/characters/nuian/male/parts/gv/obj/nu_m_gv_cloth037.mtl)
<22:17:40> [7B1A973B] seamless loading cell terrain(W19, 8), (L1, 0)
<22:17:41> [04FA8364][Warning] Cannot load texture game/objects/characters/nuian/male/hair/hair_texture/, file missing [File=game/objects/characters/nuian/male/hair/hair_texture/]
<22:17:41> [3EF08C47] seamless loading cell object(W20, 9), (L2, 1)
<22:17:42> [5E1D008D][Warning] Error: CShaderMan::mfCreateShaderResources: Couldn't find subsurface texture 'game/objects/characters/animals/cat_baby_cat/cat_baby_threecolors_pet_df.dds' in path '' [File=game/objects/characters/animals/cat_baby_cat/cat_baby_threecolors_pet_df.dds]
<22:17:43> [637AF710][Warning] missing chr material : game/objects/characters/nuian/male/parts/gv/obj/nu_m_gv_cloth214.mtl (chr: game/objects/characters/nuian/male/parts/gv/obj/nu_m_1gf001_1gv201.chr)
<22:17:43> [F724A392][Error] CryAnimation:: Trying to load animation with alias "fist_ba_relaxed_idle_rand_3" from file "animations/monster/yata/fist/fist_ba_relaxed_idle_rand_3.caf" into the animation container. Such animation alias already exists and uses file "animations/monster/yata/fist/fist_ba_relaxed_idle_rand_1.caf". Please use another animation alias.
<22:17:45> [B866A294] seamless unloading cell terrain(W22, 25), (L4, 7)
<22:18:07> [7B1A973B] seamless loading cell terrain(W18, 9), (L0, 1)
<22:18:09> [7AB931CE] seamless unloading cell object(W24, 22), (L6, 4)
<22:18:12> [3EF08C47] seamless loading cell object(W19, 11), (L1, 3)
<22:18:12> [CE0EF930][Warning] failed to stream cgf : default
<22:18:16> [B866A294] seamless unloading cell terrain(W25, 23), (L7, 5)
<22:18:16> [7AB931CE] seamless unloading cell object(W23, 23), (L5, 5)
<22:18:20> [B866A294] seamless unloading cell terrain(W24, 24), (L6, 6)
<22:18:24> [3EF08C47] seamless loading cell object(W19, 10), (L1, 2)
<22:18:24> [745BAE2F][Warning] failed to stream material xml(game/objects/characters/animals/seagull/Material #0.mtl)
<22:18:44> [7AB931CE] seamless unloading cell object(W24, 20), (L6, 2)
<22:18:49> [7AB931CE] seamless unloading cell object(W24, 21), (L6, 3)
<22:19:00> [745BAE2F][Warning] failed to stream material xml(game/objects/characters/hariharan/male/parts/hm/obj/ha_m_hm_cloth001.mtl)
<22:19:00> [637AF710][Warning] missing chr material : game/objects/characters/hariharan/male/parts/gv/obj/ha_m_gv_metal203.mtl (chr: game/objects/characters/hariharan/male/parts/gv/obj/ha_m_3gv201.chr)
<22:19:00> [04FA8364][Warning] Cannot load texture game/objects/characters/nuian/male/hair/hair_texture/, file missing [File=game/objects/characters/nuian/male/hair/hair_texture/]
<22:19:08> [04FA8364][Warning] Cannot load texture game/objects/characters/nuian/male/hair/hair_texture/, file missing [File=game/objects/characters/nuian/male/hair/hair_texture/]
<22:19:09> [745BAE2F][Warning] failed to stream material xml(game/objects/characters/hariharan/female/parts/bo/obj/ha_f_bo_cloth216.mtl)
<22:19:09> [637AF710][Warning] missing chr material : game/objects/characters/hariharan/female/parts/bo/obj/ha_f_bo_cloth216.mtl (chr: game/objects/characters/hariharan/female/parts/bo/obj/ha_f_1bo401.chr)
<22:19:10> [CE0EF930][Warning] failed to stream cgf : default
<22:19:11> [7B1A973B] seamless loading cell terrain(W18, 13), (L0, 5)
<22:19:12> [B866A294] seamless unloading cell terrain(W25, 19), (L7, 1)
<22:19:12> [B866A294] seamless unloading cell terrain(W25, 22), (L7, 4)
<22:19:12> [7B1A973B] seamless loading cell terrain(W18, 8), (L0, 0)
<22:19:12> [BB790A81] origin change campos : 3723.48, 3071.982422
<22:19:12> [00000020]  
<22:19:12> [00000020]  
<22:19:12> [A581FA6D] -----------------------------------------------------------------------------
<22:19:12> [1DAA5677] SeamlessSystem::ChangeOrigin() : Here we go. Old(18,8) -> New(18,7)
<22:19:12> [A581FA6D] -----------------------------------------------------------------------------
<22:19:12> [00000020]  
<22:19:12> [00000020]  
<22:19:12> [7B1A973B] seamless loading cell terrain(W21, 7), (L3, 0)
<22:19:12> [3EF08C47] seamless loading cell object(W21, 8), (L3, 1)
<22:19:12> [7B1A973B] seamless loading cell terrain(W22, 7), (L4, 0)
<22:19:13> [7B1A973B] seamless loading cell terrain(W20, 7), (L2, 0)
<22:19:13> [7B1A973B] seamless loading cell terrain(W23, 7), (L5, 0)
<22:19:13> [000004EE][Warning] [CGF Error] game/objects/env/02_harihara/001_hdeco/hdeco_workprop_b01.cgf [:] LOD1 of geometry hdeco_workprop_b01 contains too many polygons comparing to the LOD0 [408 against 608] :
<22:19:14> [000004EE][Warning] [CGF Error] game/objects/env/02_harihara/03_ti/ti_factorymain_a.cga [:] Invalid BBox : has Invalid BBox node(Object32)
<22:19:14> [000004EE][Warning] [CGF Error] game/objects/env/02_harihara/03_ti/ti_factorymain_a.cga [:] Duplicate LOD helper $lod1 factorymain_a_wing02
<22:19:15> [3EF08C47] seamless loading cell object(W19, 9), (L1, 2)
<22:19:18> [3EF08C47] seamless loading cell object(W19, 12), (L1, 5)
<22:19:19> [CE0EF930][Warning] failed to stream cgf : default
<22:19:24> [7AB931CE] seamless unloading cell object(W22, 24), (L4, 6)
<22:19:25> [7B1A973B] seamless loading cell terrain(W19, 7), (L1, 0)
<22:19:28> [B95EE41B][Error] invalid parent unit id(102919)
<22:19:28> [2363981C][Warning] chr material is not precached : game/objects/characters/hariharan/male/hair/ha_m_hair019/ha_m_hair019.mtl (chr: game/objects/characters/hariharan/male/hair/ha_m_hair019/ha_m_hair019.chr)
<22:19:28> [CA175C82][Warning] non-stream IO. system(Material), filePath(game/objects/characters/hariharan/male/hair/ha_m_hair019/ha_m_hair019.mtl)
<22:19:40> [3EF08C47] seamless loading cell object(W20, 8), (L2, 1)
<22:19:40> [B866A294] seamless unloading cell terrain(W23, 25), (L5, 7)
<22:19:40> [745BAE2F][Warning] failed to stream material xml(game/materials/aa_terrain/decals/quest_golddust.mtl)
<22:19:40> [CE0EF930][Warning] failed to stream cgf : default
<22:19:40> [B95EE41B][Error] invalid parent unit id(102919)
<22:19:42> [B866A294] seamless unloading cell terrain(W25, 22), (L7, 4)
<22:19:45> [B866A294] seamless unloading cell terrain(W25, 21), (L7, 3)
<22:19:52> [7AB931CE] seamless unloading cell object(W23, 23), (L5, 5)
<22:19:55> [B866A294] seamless unloading cell terrain(W24, 24), (L6, 6)
<22:20:08> [7B1A973B] seamless loading cell terrain(W19, 14), (L1, 7)
<22:20:09> [745BAE2F][Warning] failed to stream material xml(game/objects/characters/nuian/female/parts/ar/obj/Material #66.mtl)
<22:20:09> [637AF710][Warning] missing chr material : game/objects/characters/nuian/female/parts/ar/obj/nu_f_ar_cloth495.mtl (chr: game/objects/characters/nuian/female/parts/ar/obj/nu_f_1ar906_1arm012_1sh010_n.chr)
<22:20:11> [62AE7A26][Warning] Cannot load texture objects/characters/monster/brokencorpse/test01.dds, file missing [File=objects/characters/monster/brokencorpse/test01.dds]
<22:20:11> [A894C680][Warning] Error: CShaderMan::mfCreateShaderResources: Couldn't find custom texture 'objects/characters/monster/brokencorpse/test01.tif' in path '' [File=objects/characters/monster/brokencorpse/test01.tif]
<22:20:31> [000004EE][Warning] Particle effect not found: 'game/x2_effect_o.mon_effects.mon_poison_bubble_launch', from unknown 
<22:20:31> [745BAE2F][Warning] failed to stream material xml(game/objects/characters/hariharan/male/parts/bo/obj/ha_m_bo_cloth140.mtl)
<22:20:31> [637AF710][Warning] missing chr material : game/objects/characters/hariharan/male/parts/bo/obj/ha_m_bo_cloth140.mtl (chr: game/objects/characters/hariharan/male/parts/bo/obj/ha_m_1bo201.chr)
<22:20:31> [00DCF04C][Warning] Cannot load texture game/objects/characters/ferre/female/test/fe_f_nude_fur_df.dds, file missing [File=game/objects/characters/ferre/female/test/fe_f_nude_fur_df.dds]
<22:20:44> [7AB931CE] seamless unloading cell object(W21, 24), (L3, 6)
<22:20:52> [000004EE][Warning] Particle effect not found: 'game/abillity_skill_table_m.illusion.evil_spawn_form', from unknown 
<22:20:52> [B95EE41B][Error] invalid parent unit id(54635)
<22:20:53> [745BAE2F][Warning] failed to stream material xml(game/objects/characters/ferre/male/face/fe_m_face00_grap02.mtl)
<22:20:53> [491B3718][Warning] Cannot load texture objects/characters/ferre/female/face/face01/fe_f_face01_fur_sss.dds, file missing [File=objects/characters/ferre/female/face/face01/fe_f_face01_fur_sss.dds]
<22:20:53> [5243B464][Warning] Error: CShaderMan::mfCreateShaderResources: Couldn't find subsurface texture 'objects/characters/ferre/female/face/face01/fe_f_face01_fur_sss.dds' in path '' [File=objects/characters/ferre/female/face/face01/fe_f_face01_fur_sss.dds]
<22:20:53> [000004EE][Warning] [CGF Error] game/objects/item/shield/shield_monster/shield_baeksojeong01/shield_baeksojeong01.cgf [:] LOD1 of geometry  contains too many polygons comparing to the LOD0 [872 against 1145] :
<22:20:53> [13A1FD5A][Warning] AWD vehicle has different tire size. model type(2159)
<22:20:53> [714D4B8C][Warning] doodad with no entity can't be attached to vehicle/ship/actor models(Rampage S200)
<22:20:53> [000004EE][Warning] Independent immortal particle effect spawned: X2_EFFECT_O.Interaction.enchant_wpn_range_honor_3g
<22:20:58> [A4D70365][Warning] rigid-body own-entity; prefab=Prefabs/interaction_c.xml/furniture.aquarium_c_fish node=AnimObject_38
<22:20:58> [745BAE2F][Warning] failed to stream material xml(game/$picking.mtl)
<22:20:58> [C9209D07][Warning] Cannot load texture game/objects/env/01_nuia/001_housing/housing_house/hs_addon_a_sp.dds, file missing [File=game/objects/env/01_nuia/001_housing/housing_house/hs_addon_a_sp.dds]
<22:20:59> [000004EE][Warning] [CGF Error] game/objects/env/01_nuia/001_housing/housing_house/housing_addon_roof_a.cgf [:] LOD1 of geometry  contains too many polygons comparing to the LOD0 [2104 against 3035] :
<22:20:59> [7AB931CE] seamless unloading cell object(W23, 20), (L5, 2)
<22:21:00> [755A3546][Warning] Error: CShaderMan::mfCreateShaderResources: Couldn't find custom secondary texture 'game/objects/env/01_nuia/001_housing/housing_house/nuia_housing_treemossy03_ddn.dds' in path '' [File=game/objects/env/01_nuia/001_housing/housing_house/nuia_housing_treemossy03_ddn.dds]
<22:21:00> [5132FEDE][Warning] invalid attached position(2.12, -29.17, -0.61)
<22:21:01> [B95EE41B][Error] invalid parent unit id(54635)
<22:21:02> [637AF710][Warning] missing chr material : game/objects/characters/hariharan/male/parts/gv/obj/ha_m_gv_cloth168.mtl (chr: game/objects/characters/hariharan/male/parts/gv/obj/ha_m_2gv302.chr)
<22:21:03> [745BAE2F][Warning] failed to stream material xml(game/objects/env/01_nuia/001_housing/housing_house/ndeco_mining_machinery_small.mtl)
<22:21:03> [A7901A9A][Warning] Cannot load texture game/objects/env/02_harihara/01_ma/ma_tant02_ddn.dds, file missing [File=game/objects/env/02_harihara/01_ma/ma_tant02_ddn.dds]
<22:21:04> [F724A392][Error] CryAnimation:: Trying to load animation with alias "fist_ba_relaxed_idle_rand_2" from file "animations/animals/welsh_corgi/fist/fist_ba_relaxed_idle_rand.caf" into the animation container. Such animation alias already exists and uses file "animations/animals/welsh_corgi/fist/fist_ba_relaxed_idle_rand_2.caf". Please use another animation alias.
<22:21:05> [CE0EF930][Warning] failed to stream cgf : game/objects/env/01_nuia/001_housing/housing_house/housing_addon_foor_b02.cgf
<22:21:05> [000004EE][Warning] I3DEngine::RegisterEntity: entity reports invalid position: Name: LightEntityName (), Class: LightEntityClass, Pos=(-2779.2,7520.2,928.1), aabb center=(3072.3,3767.1,106.4)
<22:21:06> [5132FEDE][Warning] invalid attached position(-0.02, 20.92, -1.36)
<22:21:06> [A6BCA44B][Warning] Error: CShaderMan::mfCreateShaderResources: Couldn't find custom secondary texture 'game/objects/env/01_nuia/001_housing/housing_furniture/test8.tif' in path '' [File=game/objects/env/01_nuia/001_housing/housing_furniture/test8.tif]
<22:21:08> [BB790A81] origin change campos : 3071.99, 3774.609863
<22:21:08> [00000020]  
<22:21:08> [00000020]  
<22:21:08> [A581FA6D] -----------------------------------------------------------------------------
<22:21:08> [1DAA5677] SeamlessSystem::ChangeOrigin() : Here we go. Old(18,7) -> New(17,7)
<22:21:08> [A581FA6D] -----------------------------------------------------------------------------
<22:21:08> [00000020]  
<22:21:08> [00000020]  
<22:21:08> [7B1A973B] seamless loading cell terrain(W17, 10), (L0, 3)
<22:21:08> [3EF08C47] seamless loading cell object(W18, 10), (L1, 3)
<22:21:08> [1054BE80][Warning] WaterVolume Origin Change error : Err(-1024.0, 0.0), CurrPos(20634.7, 10432.3), Origin Frame(2, 3)
<22:21:08> [7B1A973B] seamless loading cell terrain(W17, 11), (L0, 4)
<22:21:08> [7B1A973B] seamless loading cell terrain(W17, 9), (L0, 2)
<22:21:08> [7B1A973B] seamless loading cell terrain(W17, 12), (L0, 5)
<22:21:10> [A4D70365][Warning] rigid-body own-entity; prefab=Prefabs/interaction_c.xml/furniture.aquarium_a_fish node=AnimObject_38
<22:21:12> [7B1A973B] seamless loading cell terrain(W18, 7), (L1, 0)
<22:21:13> [B866A294] seamless unloading cell terrain(W24, 18), (L7, 1)
<22:21:13> [B866A294] seamless unloading cell terrain(W22, 24), (L5, 7)
<22:21:15> [3EF08C47] seamless loading cell object(W19, 8), (L2, 1)
<22:21:16> [000004EE][Warning] [CGF Error] game/objects/env/02_harihara/001_hdeco/hdeco_workprop_b01.cgf [:] LOD1 of geometry hdeco_workprop_b01 contains too many polygons comparing to the LOD0 [408 against 608] :
<22:21:16> [B95EE41B][Error] invalid parent unit id(76915)
<22:21:16> [CE0EF930][Warning] failed to stream cgf : default
<22:21:17> [745BAE2F][Warning] failed to stream material xml(game/materials/aa_terrain/decals/quest_golddust.mtl)
<22:21:18> [B866A294] seamless unloading cell terrain(W19, 24), (L2, 7)
<22:21:20> [BCCDC555][Warning] MakeSprite - too many sprite update (10). dropping.. (sprites : 92)
<22:21:21> [7AB931CE] seamless unloading cell object(W23, 21), (L6, 4)
<22:21:22> [745BAE2F][Warning] failed to stream material xml(game/$picking.mtl)
<22:21:23> [7B1A973B] seamless loading cell terrain(W17, 8), (L0, 1)
<22:21:25> [637AF710][Warning] missing chr material : game/objects/characters/hariharan/male/parts/bo/obj/ha_m_bo_metal226.mtl (chr: game/objects/characters/hariharan/male/parts/bo/obj/ha_m_3bo101.chr)
<22:21:27> [3EF08C47] seamless loading cell object(W22, 8), (L5, 1)
<22:21:27> [000004EE][Warning] [CGF Error] game/objects/env/02_harihara/001_hdeco/hdeco_workprop_b01.cgf [:] LOD1 of geometry hdeco_workprop_b01 contains too many polygons comparing to the LOD0 [408 against 608] :
<22:21:27> [A4D70365][Warning] rigid-body own-entity; prefab=prefabs/interaction_b.xml/quest.ferre_machine1 node=AnimObject_41
<22:21:28> [CE0EF930][Warning] failed to stream cgf : default
<22:21:29> [0E5C1F7F][Warning] Cannot load texture game/objects/characters/ferre/male/hair/fe_m_hair02/fe_m_hair02_blu_df.dds, file missing [File=game/objects/characters/ferre/male/hair/fe_m_hair02/fe_m_hair02_blu_df.dds]
<22:21:30> [3EF08C47] seamless loading cell object(W18, 11), (L1, 4)
<22:21:32> [B866A294] seamless unloading cell terrain(W24, 22), (L7, 5)
<22:21:35> [000004EE][Warning] Particle effect not found: 'game/ability_skill_table.mental.mt_spell0003_launch', from unknown 
<22:21:35> [745BAE2F][Warning] failed to stream material xml(game/objects/characters/hariharan/male/parts/hm/obj/ha_m_hm_cloth001.mtl)
<22:21:35> [637AF710][Warning] missing chr material : game/objects/characters/hariharan/male/parts/hm/obj/ha_m_hm_cloth001.mtl (chr: game/objects/characters/hariharan/male/parts/hm/obj/ha_m_3hm106.chr)
<22:21:39> [7AB931CE] seamless unloading cell object(W23, 20), (L6, 3)
<22:21:39> [B866A294] seamless unloading cell terrain(W21, 24), (L4, 7)
<22:21:42> [A4D70365][Warning] rigid-body own-entity; prefab=prefabs/carriage.xml/carriage.carriageb node=AnimObject_55
<22:21:42> [7AB931CE] seamless unloading cell object(W22, 22), (L5, 5)
<22:21:43> [745BAE2F][Warning] failed to stream material xml(game/objects/characters/hariharan/male/parts/ar/obj/ha_m_ar_cloth502.mtl)
<22:21:43> [637AF710][Warning] missing chr material : game/objects/characters/hariharan/male/parts/ar/obj/ha_m_ar_cloth502.mtl (chr: game/objects/characters/hariharan/male/parts/ar/obj/ha_m_1ar306_1arm002_1bt007.chr)
<22:21:43> [B866A294] seamless unloading cell terrain(W20, 24), (L3, 7)
<22:21:44> [B866A294] seamless unloading cell terrain(W23, 23), (L6, 6)
<22:21:44> [3EF08C47] seamless loading cell object(W18, 9), (L1, 2)
<22:21:44> [04F52114][Warning] Cannot load texture game/objects/env/02_harihara/01_ma/ma_top_mhouse12_sp.dds, file missing [File=game/objects/env/02_harihara/01_ma/ma_top_mhouse12_sp.dds]
<22:21:45> [000004EE][Warning] [CGF Error] game/objects/env/02_harihara/001_hdeco/hdeco_workprop_b01.cgf [:] LOD1 of geometry hdeco_workprop_b01 contains too many polygons comparing to the LOD0 [408 against 608] :
<22:21:48> [745BAE2F][Warning] failed to stream material xml(game/objects/characters/hariharan/male/parts/hm/obj/ha_m_hm_cloth001.mtl)
<22:21:48> [637AF710][Warning] missing chr material : game/objects/characters/hariharan/male/parts/hm/obj/ha_m_hm_cloth001.mtl (chr: game/objects/characters/hariharan/male/parts/hm/obj/ha_m_3hm108.chr)
<22:21:49> [CE0EF930][Warning] failed to stream cgf : default
<22:21:54> [745BAE2F][Warning] failed to stream material xml(game/objects/characters/hariharan/female/parts/ar/obj/ha_f_ar_cloth510.mtl)
<22:21:54> [637AF710][Warning] missing chr material : game/objects/characters/hariharan/female/parts/ar/obj/ha_f_ar_cloth510.mtl (chr: game/objects/characters/hariharan/female/parts/ar/obj/ha_f_1ar110_1arm017.chr)
<22:21:55> [7AB931CE] seamless unloading cell object(W22, 18), (L5, 1)
<22:21:56> [B866A294] seamless unloading cell terrain(W23, 17), (L6, 0)
<22:22:00> [745BAE2F][Warning] failed to stream material xml(game/objects/characters/hariharan/female/parts/hm/obj/ha_f_hm_cloth001.mtl)
<22:22:00> [637AF710][Warning] missing chr material : game/objects/characters/hariharan/female/parts/hm/obj/ha_f_hm_cloth001.mtl (chr: game/objects/characters/hariharan/female/parts/hm/obj/ha_f_1hm141.chr)
<22:22:03> [000004EE][Warning] Particle effect not found: 'game/x2_effects_k.j_pc_effects.skill_hatred_wl_missseal_pcs', from unknown 
<22:22:04> [B866A294] seamless unloading cell terrain(W24, 21), (L7, 4)
<22:22:05> [00DCF04C][Warning] Cannot load texture game/objects/characters/ferre/female/test/fe_f_nude_fur_df.dds, file missing [File=game/objects/characters/ferre/female/test/fe_f_nude_fur_df.dds]
<22:22:05> [745BAE2F][Warning] failed to stream material xml(game/objects/characters/ferre/female/parts/hm/obj/fe_f_hm_cloth499.mtl)
<22:22:05> [637AF710][Warning] missing chr material : game/objects/characters/ferre/female/parts/hm/obj/fe_f_hm_cloth499.mtl (chr: game/objects/characters/ferre/female/parts/hm/obj/fe_f_1hm183.chr)
<22:22:07> [5243B464][Warning] Error: CShaderMan::mfCreateShaderResources: Couldn't find subsurface texture 'objects/characters/ferre/female/face/face01/fe_f_face01_fur_sss.dds' in path '' [File=objects/characters/ferre/female/face/face01/fe_f_face01_fur_sss.dds]
<22:22:09> [000004EE][Warning] Particle effect not found: 'game/abillity_skill_table_m.magic.fire_ground_dot', from unknown 
<22:22:09> [7AB931CE] seamless unloading cell object(W19, 22), (L2, 5)
<22:22:12> [7AB931CE] seamless unloading cell object(W18, 21), (L1, 4)
<22:22:16> [B866A294] seamless unloading cell terrain(W18, 23), (L1, 6)
<22:22:18> [CA175C82][Warning] non-stream IO. system(Material), filePath(game/objects/characters/ferre/female/face/fe_f_face_grap01.mtl)
<22:22:19> [000004EE][Warning] Particle effect not found: 'game/x2_effects_k.j_pc_effects.skill_hatred_dt_cursethorns_cast', from unknown 
<22:22:19> [B95EE41B][Error] invalid parent unit id(128567)
<22:22:20> [745BAE2F][Warning] failed to stream material xml(game/objects/characters/hariharan/female/parts/cp/obj/ha_f_cp_leather002.mtl)
<22:22:20> [637AF710][Warning] missing chr material : game/objects/characters/hariharan/female/parts/bo/obj/ha_f_bo_cloth168.mtl (chr: game/objects/characters/hariharan/female/parts/bo/obj/ha_f_1bo703.chr)
<22:22:20> [000004EE][Warning] Independent immortal particle effect spawned: X2_EFFECT_O.Interaction.enchant_wpn_range_honor_3g
<22:22:20> [04FA8364][Warning] Cannot load texture game/objects/characters/nuian/male/hair/hair_texture/, file missing [File=game/objects/characters/nuian/male/hair/hair_texture/]
<22:22:32> [745BAE2F][Warning] failed to stream material xml(game/objects/env/02_harihara/06_sr/09 - Default.mtl)
<22:22:34> [7B1A973B] seamless loading cell terrain(W23, 7), (L6, 0)
<22:22:35> [3EF08C47] seamless loading cell object(W22, 8), (L5, 1)
<22:22:35> [000004EE][Warning] [CGF Error] game/objects/env/02_harihara/001_hdeco/hdeco_workprop_b01.cgf [:] LOD1 of geometry hdeco_workprop_b01 contains too many polygons comparing to the LOD0 [408 against 608] :
<22:22:35> [A4D70365][Warning] rigid-body own-entity; prefab=prefabs/interaction_b.xml/quest.ferre_machine1 node=AnimObject_41
<22:22:36> [CE0EF930][Warning] failed to stream cgf : default
<22:22:37> [0E5C1F7F][Warning] Cannot load texture game/objects/characters/ferre/male/hair/fe_m_hair02/fe_m_hair02_blu_df.dds, file missing [File=game/objects/characters/ferre/male/hair/fe_m_hair02/fe_m_hair02_blu_df.dds]
<22:22:42> [5CE4EF2C][Warning] failed to load particle lib from (Libs/Particles/game/x2_effects_p.xml)
<22:22:42> [000004EE][Warning] Particle effect not found: 'game/x2_effects_p.doodad.quest_fart_dot', from unknown 
<22:22:42> [B95EE41B][Error] invalid parent unit id(105543)
<22:22:45> [240CA9B0][Warning] Cannot load texture game/textures/cubemaps/reflect_sky3e.dds, file missing [File=game/textures/cubemaps/reflect_sky3e.dds]
<22:22:45> [CE0EF930][Warning] failed to stream cgf : game/objects/Env/05_nature/08_cry_source/rocks/forest_rocks/forest_rock_small_a.cgf
<22:22:46> [7AB931CE] seamless unloading cell object(W21, 22), (L4, 5)
<22:22:47> [745BAE2F][Warning] failed to stream material xml(game/objects/characters/hariharan/male/parts/pt/obj/ha_m_pt_metal211.mtl)
<22:22:47> [637AF710][Warning] missing chr material : game/objects/characters/hariharan/male/parts/pt/obj/ha_m_pt_metal211.mtl (chr: game/objects/characters/hariharan/male/parts/pt/obj/ha_m_1pt302.chr)
<22:22:50> [BB790A81] origin change campos : 3665.51, 3071.956787
<22:22:50> [00000020]  
<22:22:50> [00000020]  
<22:22:50> [A581FA6D] -----------------------------------------------------------------------------
<22:22:50> [1DAA5677] SeamlessSystem::ChangeOrigin() : Here we go. Old(17,7) -> New(17,6)
<22:22:50> [A581FA6D] -----------------------------------------------------------------------------
<22:22:50> [00000020]  
<22:22:50> [00000020]  
<22:22:50> [7B1A973B] seamless loading cell terrain(W20, 6), (L3, 0)
<22:22:50> [3EF08C47] seamless loading cell object(W20, 7), (L3, 1)
<22:22:50> [1054BE80][Warning] WaterVolume Origin Change error : Err(0.0, -1024.0), CurrPos(21363.9, 9504.0), Origin Frame(3, 4)
<22:22:50> [7B1A973B] seamless loading cell terrain(W21, 6), (L4, 0)
<22:22:50> [7B1A973B] seamless loading cell terrain(W19, 6), (L2, 0)
<22:22:52> [000004EE][Warning] [CGF Error] game/objects/env/02_harihara/001_hdeco/quest/hdeco_qust_cocoon01.cgf [:] non-uniform scale(0.87, 0.87, 1.00) at node(hdeco_qust_cocoon01_proxy)
<22:22:52> [A4D70365][Warning] rigid-body own-entity; prefab=prefabs/interaction_d.xml/tool.lever_right node=AnimObject_1
<22:22:52> [745BAE2F][Warning] failed to stream material xml(game/objects/characters/animals/osprey/Material #1.mtl)
<22:22:52> [CE0EF930][Warning] failed to stream cgf : default
<22:22:52> [7F01D4DF][Warning] Cannot load texture game/textures/p_effects/spider_net_04_ddn.dds, file missing [File=game/textures/p_effects/spider_net_04_ddn.dds]
<22:22:53> [7B1A973B] seamless loading cell terrain(W17, 7), (L0, 1)
<22:22:54> [7B1A973B] seamless loading cell terrain(W22, 6), (L5, 0)
<22:22:54> [000004EE][Warning] [CGF Error] game/objects/env/02_harihara/001_hdeco/hdeco_workprop_b01.cgf [:] LOD1 of geometry hdeco_workprop_b01 contains too many polygons comparing to the LOD0 [408 against 608] :
<22:22:56> [637AF710][Warning] missing chr material : game/objects/characters/hariharan/male/parts/hm/obj/ha_m_hm_cloth141.mtl (chr: game/objects/characters/hariharan/male/parts/hm/obj/ha_m_1hm141.chr)
<22:22:57> [3EF08C47] seamless loading cell object(W18, 8), (L1, 2)
<22:23:00> [3EF08C47] seamless loading cell object(W21, 7), (L4, 1)
<22:23:01> [745BAE2F][Warning] failed to stream material xml(game/rock_06.mtl)
<22:23:01> [7B1A973B] seamless loading cell terrain(W18, 6), (L1, 0)
<22:23:03> [000004EE][Warning] [CGF Error] game/objects/env/01_nuia/001_housing/housing_furniture/hs_f_safe_e.cgf [:] non-uniform scale(1.00, 1.03, 1.00) at node(hs_f_safe_e)
<22:23:03> [A7901A9A][Warning] Cannot load texture game/objects/env/02_harihara/01_ma/ma_tant02_ddn.dds, file missing [File=game/objects/env/02_harihara/01_ma/ma_tant02_ddn.dds]
<22:23:03> [EFC67A6D][Warning] Error: CShaderMan::mfCreateShaderResources: Couldn't find detail texture
'game/objects/env/01_nuia/001_housing/housing_house/nuia_housing_tree07_ddn.dds' in path '' [File=game/objects/env/01_nuia/001_housing/housing_house/nuia_housing_tree07_ddn.dds]
<22:23:04> [CE0EF930][Warning] failed to stream cgf : default
<22:23:10> [3EF08C47] seamless loading cell object(W19, 7), (L2, 1)
<22:23:10> [A4D70365][Warning] rigid-body own-entity; prefab=Prefabs/interaction.xml/toy.crane node=AnimObject_1
<22:23:11> [CCFBC94A][Warning] Cannot load texture game/objects/characters/animals/cat_baby_cat/cat_baby_black_pet_df.dds, file missing [File=game/objects/characters/animals/cat_baby_cat/cat_baby_black_pet_df.dds]
<22:23:11> [8BC8B87E][Warning] Error: CShaderMan::mfCreateShaderResources: Couldn't find subsurface texture 'game/objects/characters/animals/cat_baby_cat/cat_baby_black_pet_df.dds' in path '' [File=game/objects/characters/animals/cat_baby_cat/cat_baby_black_pet_df.dds]
<22:23:11> [F724A392][Error] CryAnimation:: Trying to load animation with alias "fist_ba_relaxed_idle_rand_2" from file "animations/animals/welsh_corgi_baby/fist/fist_ba_relaxed_idle_rand.caf" into the animation container. Such animation alias already exists and uses file "animations/animals/welsh_corgi_baby/fist/fist_ba_relaxed_idle_rand_2.caf". Please use another animation alias.
<22:23:11> [CE0EF930][Warning] failed to stream cgf : default
<22:23:12> [B866A294] seamless unloading cell terrain(W22, 24), (L5, 7)
<22:23:14> [745BAE2F][Warning] failed to stream material xml(game/objects/characters/hariharan/female/parts/hm/obj/ha_f_hm_cloth027.mtl)
<22:23:15> [637AF710][Warning] missing chr material : game/objects/characters/hariharan/female/parts/hm/obj/ha_f_hm_cloth027.mtl (chr: game/objects/characters/hariharan/female/parts/hm/obj/ha_f_1hm118.chr)
<22:23:18> [7AB931CE] seamless unloading cell object(W20, 23), (L3, 6)
<22:23:22> [745BAE2F][Warning] failed to stream material xml(game/objects/characters/hariharan/male/parts/hm/obj/ha_m_hm_cloth001.mtl)
<22:23:22> [637AF710][Warning] missing chr material : game/objects/characters/hariharan/male/parts/hm/obj/ha_m_hm_cloth001.mtl (chr: game/objects/characters/hariharan/male/parts/hm/obj/ha_m_1hm130.chr)
<22:23:23> [B95EE41B][Error] invalid parent unit id(74541)
<22:23:23> [13A1FD5A][Warning] AWD vehicle has different tire size. model type(2159)
<22:23:23> [72902F48][Warning] doodad with no entity can't be attached to vehicle/ship/actor models(Milfhunter)
<22:23:28> [745BAE2F][Warning] failed to stream material xml(game/objects/characters/hariharan/male/parts/ar/obj/ha_m_ar_metal211.mtl)
<22:23:28> [637AF710][Warning] missing chr material : game/objects/characters/hariharan/male/parts/hm/obj/ha_m_hm_cloth001.mtl (chr: game/objects/characters/hariharan/male/parts/hm/obj/ha_m_3hm109.chr)
<22:23:30> [A4D70365][Warning] rigid-body own-entity; prefab=Prefabs/interaction_c.xml/furniture.aquarium_a_fish node=AnimObject_38
<22:23:30> [B866A294] seamless unloading cell terrain(W17, 23), (L0, 6)
<22:23:34> [CA175C82][Warning] non-stream IO. system(CGF), filePath(Objects/Env/01_nuia/001_housing/housing_house/housing_tree_spider.cgf)
<22:23:34> [95829CAD][Warning] Cannot load texture game/objects/env/01_nuia/001_housing/housing_house/housing_tree_bodywood_sp.dds, file missing [File=game/objects/env/01_nuia/001_housing/housing_house/housing_tree_bodywood_sp.dds]
<22:23:34> [755A3546][Warning] Error: CShaderMan::mfCreateShaderResources: Couldn't find custom secondary texture 'game/objects/env/01_nuia/001_housing/housing_house/nuia_housing_treemossy03_ddn.dds' in path '' [File=game/objects/env/01_nuia/001_housing/housing_house/nuia_housing_treemossy03_ddn.dds]
<22:23:34> [745BAE2F][Warning] failed to stream material xml(game/objects/characters/nuian/female/parts/bo/obj/nu_f_bo_cloth142.mtl)
<22:23:34> [637AF710][Warning] missing chr material : game/objects/characters/nuian/female/parts/ar/obj/nu_f_ar_cloth495.mtl (chr: game/objects/characters/nuian/female/parts/ar/obj/nu_f_1ar906_1arm012_1sh010_n.chr)
<22:23:37> [000004EE][Warning] [CGF Error] game/objects/env/01_nuia/001_housing/housing_furniture/hs_f_safe_d.cgf [:] LOD1 of geometry hs_f_safe_d contains too many polygons comparing to the LOD0 [1606 against 2318] :
<22:23:39> [A4D70365][Warning] rigid-body own-entity; prefab=prefabs/interaction_c.xml/furniture.baby_yata_a node=AnimObject_144
<22:23:40> [62232BEA][Warning] deferred xml stream error - game/animations/animals/kid/lmg_files/normal_run.lmg : f0000003
<22:23:41> [000004EE][Warning] Particle effect not found: 'X2_EFFECTS_K.J_Inter_effects.water_flow_collision_dot', from unknown 
<22:23:41> [745BAE2F][Warning] failed to stream material xml(game/$picking.mtl)
<22:23:41> [000004EE][Warning] [CGF Error] game/objects/item/ins_w/ins_w_festival05/ins_w_festival05.cgf [:] LOD1 of geometry  contains too many polygons comparing to the LOD0 [776 against 1122] :
<22:23:41> [D7801FD7][Warning] Cannot load texture game/objects/env/01_nuia/001_housing/housing_house/housing_mushhouse_2tier_in_wall_dd.dds, file missing [File=game/objects/env/01_nuia/001_housing/housing_house/housing_mushhouse_2tier_in_wall_dd.dds]
<22:23:43> [7AB931CE] seamless unloading cell object(W22, 22), (L5, 5)
<22:23:45> [B866A294] seamless unloading cell terrain(W23, 23), (L6, 6)
<22:23:47> [A4D70365][Warning] rigid-body own-entity; prefab=Prefabs/interaction_c.xml/furniture.aquarium_a_fish node=AnimObject_38
<22:23:47> [65FCEDA3][Warning] Cannot load texture game/objects/env/01_nuia/001_housing/housing_furniture/rava_bed_sp.dds, file missing [File=game/objects/env/01_nuia/001_housing/housing_furniture/rava_bed_sp.dds]
<22:23:47> [000004EE][Warning] I3DEngine::RegisterEntity: entity reports invalid position: Name: LightEntityName (), Class: LightEntityClass, Pos=(-1990.2,7729.1,899.5), aabb center=(3633.1,3613.2,237.5)
<22:23:47> [1D603D28][Warning] Failed to stream CAF-file [File=animations/env/01_nuia/001_housing/rava_chair_b/fist_ba_combat_idle.caf]
<22:23:47> [745BAE2F][Warning] failed to stream material xml(game/objects/env/01_nuia/001_ndeco/02 - Default.mtl)
<22:23:51> [000004EE][Warning] Particle effect not found: 'game/abillity_skill_table_m.death.wide_silence_launch', from unknown 
<22:23:51> [637AF710][Warning] missing chr material : game/objects/characters/hariharan/male/parts/pt/obj/ha_m_pt_cloth159.mtl (chr: game/objects/characters/hariharan/male/parts/pt/obj/ha_m_1pt901.chr)
<22:23:56> [88A91B4F][Warning] Cannot load texture game/objects/env/03_origin_continent/001_odeco/ndeco_crystal_kraken_ddn.dds, file missing [File=game/objects/env/03_origin_continent/001_odeco/ndeco_crystal_kraken_ddn.dds]
<22:23:56> [B866A294] seamless unloading cell terrain(W19, 24), (L2, 7)
<22:23:56> [000004EE][Warning] Particle effect not found: 'game/ability_skill_table_k.p_skill_vocation.beatdown_hit', from unknown 
<22:23:56> [CF2CE049][Warning] CMTSafeHeap::m_pBigPool is full. (6291456, CImageDDSFile::CImageDDSFile())
<22:23:56> [0F8B8D75][Warning] Non 3dc normal map used (wrong on DX10): game/objects/item/aac/all/aa_summer/1h_sword/BigMyr/aa_summer_bubble_ddn.dds [File=game/objects/item/aac/all/aa_summer/1h_sword/BigMyr/aa_summer_bubble_ddn.dds]
<22:23:56> [7EEC34C8][Warning] Not a normal map texture tried to be used as a normal map: game/objects/item/aac/all/aa_summer/1h_sword/BigMyr/aa_summer_bubble_sp.dds [File=game/objects/item/aac/all/aa_summer/1h_sword/BigMyr/aa_summer_bubble_sp.dds]
<22:23:56> [14C85809][Error] AttachObjectToBone is called for bone "item_book_c", which is not in the model "game/objects/characters/warborn/female/nude/wa_f_base.chr". Ignoring, but this may cause a crash because the corresponding object won't be detached after it's destroyed
<22:23:56> [CA175C82][Warning] non-stream IO. system(Material), filePath(game/objects/characters/warborn/female/horns/wa_f_horns010/wa_f_horns010_hc02.mtl)
<22:23:56> [745BAE2F][Warning] failed to stream material xml(game/objects/effects/keffect/p_fire_blue1a.mtl)
<22:23:56> [000004EE][Warning] Independent immortal particle effect spawned: X2_EFFECT_O.Interaction.enchant_wpn_range_honor_3g
<22:23:58> [B866A294] seamless unloading cell terrain(W21, 24), (L4, 7)
<22:24:04> [745BAE2F][Warning] failed to stream material xml(game/$picking.mtl)
<22:24:04> [637AF710][Warning] missing chr material : game/objects/characters/hariharan/female/parts/bo/obj/ha_f_bo_cloth137.mtl (chr: game/objects/characters/hariharan/female/parts/bo/obj/ha_f_1bo201.chr)
<22:24:05> [B866A294] seamless unloading cell terrain(W24, 21), (L7, 4)
<22:24:07> [B95EE41B][Error] invalid parent unit id(74541)
<22:24:10> [000004EE][Warning] [CGF Error] game/objects/env/02_harihara/01_ma/ma_top05.cgf [:] non-uniform scale(0.70, 1.00, 0.70) at node(Box11)
<22:24:12> [A4D70365][Warning] rigid-body own-entity; prefab=Prefabs/interaction_c.xml/furniture.aquarium_b_fish node=AnimObject_38
<22:24:12> [745BAE2F][Warning] failed to stream material xml(game/$picking.mtl)
<22:24:12> [4554E71F][Warning] Cannot load texture users/xlgames/desktop/11 copy.dds, file missing [File=users/xlgames/desktop/11 copy.dds]
<22:24:12> [FF6D52B4][Warning] Error: CShaderMan::mfCreateShaderResources: Couldn't find subsurface texture 'game/objects/characters/animals/cat_baby_cat/cat_baby_siamese_pet_df.dds' in path '' [File=game/objects/characters/animals/cat_baby_cat/cat_baby_siamese_pet_df.dds]
<22:24:12> [637AF710][Warning] missing chr material : game/objects/characters/nuian/male/parts/hm/obj/nu_m_hm_cloth001.mtl (chr: game/objects/characters/nuian/male/parts/hm/obj/nu_m_4hm138.chr)
<22:24:13> [DE20B351][Warning] Flow Graph Node targets unknown entity guid: 45671b71c0b06ecd
<22:24:18> [745BAE2F][Warning] failed to stream material xml(game/objects/characters/hariharan/male/parts/bo/obj/ha_m_bo_cloth140.mtl)
<22:24:18> [637AF710][Warning] missing chr material : game/objects/characters/hariharan/male/parts/pt/obj/ha_m_pt_cloth250.mtl (chr: game/objects/characters/hariharan/male/parts/pt/obj/ha_m_1pt900.chr)
<22:24:21> [F9376E0D][Warning] [flow] FG-0x8A5C87CC-Entity 'AnimObject_19' was destroyed with pending updates/activations. Report follows...
<22:24:21> [A8F1529E][Warning] [flow] Pending nodes:
<22:24:22> [000004EE][Warning] Particle effect not found: 'game/abillity_skill_table_m.fight.3count_attack_form', from unknown 
<22:24:23> [B866A294] seamless unloading cell terrain(W20, 24), (L3, 7)
<22:24:23> [B866A294] seamless unloading cell terrain(W24, 20), (L7, 3)
<22:24:26> [04FA8364][Warning] Cannot load texture game/objects/characters/nuian/male/hair/hair_texture/, file missing [File=game/objects/characters/nuian/male/hair/hair_texture/]
<22:24:27> [7B1A973B] seamless loading cell terrain(W17, 6), (L0, 0)
<22:24:28> [3EF08C47] seamless loading cell object(W18, 7), (L1, 1)
<22:24:29> [CE0EF930][Warning] failed to stream cgf : objects/env/05_nature/08_cry_source/rocks/road_rocks/road_rocks_flat_grey_a.cgf
<22:24:33> [F9376E0D][Warning] [flow] FG-0x86D3F1EC-Entity 'AnimObject_19' was destroyed with pending updates/activations. Report follows...
<22:24:33> [A8F1529E][Warning] [flow] Pending nodes:
<22:24:52> [7AB931CE] seamless unloading cell object(W21, 22), (L4, 5)
<22:24:55> [7AB931CE] seamless unloading cell object(W22, 21), (L5, 4)
<22:24:56> [B866A294] seamless unloading cell terrain(W22, 23), (L5, 6)
<22:24:58> [B866A294] seamless unloading cell terrain(W23, 22), (L6, 5)
<22:25:10> [7AB931CE] seamless unloading cell object(W19, 22), (L2, 5)
<22:25:22> [BB790A81] origin change campos : 3139.66, 3071.997803
<22:25:22> [00000020]  
<22:25:22> [00000020]  
<22:25:22> [A581FA6D] -----------------------------------------------------------------------------
<22:25:22> [1DAA5677] SeamlessSystem::ChangeOrigin() : Here we go. Old(17,6) -> New(16,5)
<22:25:22> [A581FA6D] -----------------------------------------------------------------------------
<22:25:22> [00000020]  
<22:25:22> [00000020]  
<22:25:22> [7B1A973B] seamless loading cell terrain(W20, 5), (L4, 0)
<22:25:22> [7B1A973B] seamless loading cell terrain(W19, 5), (L3, 0)
<22:25:22> [7B1A973B] seamless loading cell terrain(W16, 8), (L0, 3)
<22:25:22> [7B1A973B] seamless loading cell terrain(W16, 9), (L0, 4)
<22:25:22> [7B1A973B] seamless loading cell terrain(W21, 5), (L5, 0)
<22:25:23> [7B1A973B] seamless loading cell terrain(W18, 5), (L2, 0)
<22:25:23> [7AB931CE] seamless unloading cell object(W20, 22), (L4, 6)
<22:25:26> [7B1A973B] seamless loading cell terrain(W16, 7), (L0, 2)
<22:25:27> [7B1A973B] seamless loading cell terrain(W16, 10), (L0, 5)
<22:25:29> [7AB931CE] seamless unloading cell object(W22, 20), (L6, 4)
<22:25:30> [7AB931CE] seamless unloading cell object(W22, 19), (L6, 3)
<22:25:33> [745BAE2F][Warning] failed to stream material xml(game/objects/characters/hariharan/female/parts/gv/obj/ha_f_gv_cloth037.mtl)
<22:25:33> [637AF710][Warning] missing chr material : game/objects/characters/hariharan/female/parts/gv/obj/ha_f_gv_cloth037.mtl (chr: game/objects/characters/hariharan/female/parts/gv/obj/ha_f_1gv102.chr)
<22:25:46> [3EF08C47] seamless loading cell object(W17, 8), (L1, 3)
<22:25:48> [B866A294] seamless unloading cell terrain(W23, 21), (L7, 5)
<22:25:49> [3EF08C47] seamless loading cell object(W17, 9), (L1, 4)
<22:25:50> [A4D70365][Warning] rigid-body own-entity; prefab=prefabs/carriage.xml/carriage.carriageb node=AnimObject_55
<22:25:52> [000004EE][Warning] Particle effect not found: 'game/x2_effect_o.mon_effects.mon_strong_attack_hit', from unknown 
<22:25:55> [B866A294] seamless unloading cell terrain(W23, 18), (L7, 2)
<22:25:56> [B866A294] seamless unloading cell terrain(W21, 23), (L5, 7)
<22:25:57> [000004EE][Warning] Particle effect not found: 'game/x2_effect_o.mon_effects.mon_groundshake_launch', from unknown 
<22:26:03> [3EF08C47] seamless loading cell object(W19, 6), (L3, 1)
<22:26:03> [745BAE2F][Warning] failed to stream material xml(game/objects/env/02_harihara/04_su/Standardmaterial.mtl)
<22:26:03> [A4D70365][Warning] rigid-body own-entity; prefab=Prefabs/interaction.xml/toy.crane node=AnimObject_1
<22:26:03> [CE0EF930][Warning] failed to stream cgf : default
<22:26:04> [637AF710][Warning] missing chr material : game/objects/characters/nuian/female/parts/ar/obj/nu_f_ar_cloth495.mtl (chr: game/objects/characters/nuian/female/parts/ar/obj/nu_f_1ar906_1arm012_1sh010_n.chr)
<22:26:15> [2363981C][Warning] chr material is not precached : game/objects/characters/warborn/female/horns/wa_f_horns002/wa_f_horns002.mtl (chr: game/objects/characters/warborn/female/horns/wa_f_horns002/wa_f_horns002.chr)
<22:26:15> [CA175C82][Warning] non-stream IO. system(Material), filePath(game/objects/characters/warborn/female/horns/wa_f_horns002/wa_f_horns002.mtl)
<22:26:21> [7AB931CE] seamless unloading cell object(W21, 21), (L5, 5)
<22:26:23> [B866A294] seamless unloading cell terrain(W22, 22), (L6, 6)
<22:26:25> [B866A294] seamless unloading cell terrain(W23, 20), (L7, 4)
<22:26:25> [7B1A973B] seamless loading cell terrain(W16, 6), (L0, 1)
<22:26:29> [3EF08C47] seamless loading cell object(W17, 7), (L1, 2)
<22:26:29> [188BF914][Warning] [EntityLoader] invalid entity pos(1172.249, 2147.883, 0.000) name(AAC_Mahadevi_Ext_1)
<22:26:31> [7B1A973B] seamless loading cell terrain(W17, 5), (L1, 0)
<22:26:33> [B866A294] seamless unloading cell terrain(W23, 19), (L7, 3)
<22:26:40> [3EF08C47] seamless loading cell object(W18, 6), (L2, 1)
<22:26:40> [745BAE2F][Warning] failed to stream material xml(game/objects/env/02_harihara/04_su/Standardmaterial.mtl)
<22:26:40> [A4D70365][Warning] rigid-body own-entity; prefab=Prefabs/interaction.xml/toy.crane node=AnimObject_1
<22:26:40> [62232BEA][Warning] deferred xml stream error - game/animations/animals/pangolin_baby/lmg_files/normal_run.lmg : f0000003
<22:26:40> [CF3B9C70][Warning] Cannot load texture game/objects/characters/animals/pangolin_baby/pangolin_red_baby/pangolin_red_baby_sss.dds, file missing [File=game/objects/characters/animals/pangolin_baby/pangolin_red_baby/pangolin_red_baby_sss.dds]
<22:26:40> [48F1D8BC][Warning] Error: CShaderMan::mfCreateShaderResources: Couldn't find subsurface texture 'game/objects/characters/animals/pangolin_baby/pangolin_red_baby/pangolin_red_baby_sss.dds' in path '' [File=game/objects/characters/animals/pangolin_baby/pangolin_red_baby/pangolin_red_baby_sss.dds]
<22:26:40> [CE0EF930][Warning] failed to stream cgf : default
<22:26:41> [3EF08C47] seamless loading cell object(W20, 6), (L4, 1)
<22:26:45> [B866A294] seamless unloading cell terrain(W20, 23), (L4, 7)
<22:26:49> [B866A294] seamless unloading cell terrain(W18, 23), (L2, 7)
<22:26:59> [745BAE2F][Warning] failed to stream material xml(game/objects/characters/hariharan/male/parts/gv/obj/ha_m_gv_leather226.mtl)
<22:26:59> [637AF710][Warning] missing chr material : game/objects/characters/hariharan/male/parts/ar/obj/ha_m_ar_cloth239.mtl (chr: game/objects/characters/hariharan/male/parts/ar/obj/ha_m_1ar105.chr)
<22:27:01> [CCFBC94A][Warning] Cannot load texture game/objects/characters/animals/cat_baby_cat/cat_baby_black_pet_df.dds, file missing [File=game/objects/characters/animals/cat_baby_cat/cat_baby_black_pet_df.dds]
<22:27:01> [8BC8B87E][Warning] Error: CShaderMan::mfCreateShaderResources: Couldn't find subsurface texture 'game/objects/characters/animals/cat_baby_cat/cat_baby_black_pet_df.dds' in path '' [File=game/objects/characters/animals/cat_baby_cat/cat_baby_black_pet_df.dds]
<22:27:01> [F724A392][Error] CryAnimation:: Trying to load animation with alias "fist_ba_relaxed_idle_rand_2" from file "animations/animals/welsh_corgi/fist/fist_ba_relaxed_idle_rand.caf" into the animation container. Such animation alias already exists and uses file "animations/animals/welsh_corgi/fist/fist_ba_relaxed_idle_rand_2.caf". Please use another animation alias.
<22:27:04> [A4D70365][Warning] rigid-body own-entity; prefab=Prefabs/interaction_c.xml/furniture.aquarium_a_fish node=AnimObject_38
<22:27:04> [745BAE2F][Warning] failed to stream material xml(game/objects/characters/monster/library_monsterbook/library_monsterbook_a.mtl)
<22:27:04> [637AF710][Warning] missing chr material : game/objects/characters/monster/library_monsterbook/library_monsterbook_a.mtl (chr: game/objects/characters/monster/library_monsterbook/library_monsterbook_a.chr)
<22:27:04> [000004EE][Warning] [CGF Error] game/objects/env/01_nuia/001_ndeco/ndeco_dboss.cgf [:] LOD1 of geometry  contains too many polygons comparing to the LOD0 [2373 against 3082] :
<22:27:04> [000004EE][Warning] I3DEngine::RegisterEntity: entity reports invalid position: Name: LightEntityName (), Class: LightEntityClass, Pos=(-1919.7,8197.1,691.8), aabb center=(3385.8,3655.9,213.5)
<22:27:08> [73EB452A][Warning] Cannot load texture game/objects/env/01_nuia/06_mari/mari_city_templein_relic_a_ddn.dds, file missing [File=game/objects/env/01_nuia/06_mari/mari_city_templein_relic_a_ddn.dds]
<22:27:10> [745BAE2F][Warning] failed to stream material xml(game/objects/env/01_nuia/001_housing/housing_house/hari_housing_test.mtl)
<22:27:11> [000004EE][Warning] [CGF Error] game/objects/env/01_nuia/001_housing/housing_house/housing_addon_roof_a.cgf [:] LOD1 of geometry  contains too many polygons comparing to the LOD0 [2104 against 3035] :
<22:27:13> [B866A294] seamless unloading cell terrain(W19, 23), (L3, 7)
<22:27:16> [A4D70365][Warning] rigid-body own-entity; prefab=prefabs/interaction_c.xml/toy.slotmachine_ca node=AnimObject_64
<22:27:16> [CC9C1C00][Warning] Cannot load texture game/objects/env/01_nuia/001_ndeco/ndeco_slotboard_a.dds, file missing [File=game/objects/env/01_nuia/001_ndeco/ndeco_slotboard_a.dds]
<22:27:17> [7F89A202][Warning] AI: Warning: AIPoint is not inside Navigation Modifier. pos(3073.2, 3839.5, 242.2)
<22:27:22> [745BAE2F][Warning] failed to stream material xml(game/objects/env/01_nuia/001_housing/housing_furniture/Standard_13.mtl)
<22:27:22> [000004EE][Warning] [CGF Error] game/objects/env/01_nuia/001_housing/housing_furniture/hs_f_safe_d.cgf [:] LOD1 of geometry hs_f_safe_d contains too many polygons comparing to the LOD0 [1606 against 2318] :
<22:27:22> [000004EE][Warning] [CGF Error] game/objects/env/01_nuia/001_housing/housing_furniture/hs_f_safe_e.cgf [:] non-uniform scale(1.00, 1.03, 1.00) at node(hs_f_safe_e)
<22:27:28> [745BAE2F][Warning] failed to stream material xml(game/objects/env/06_unit/06_glider/glider_b_lv_c_brop01.mtl)
<22:27:28> [00DCF04C][Warning] Cannot load texture game/objects/characters/ferre/female/test/fe_f_nude_fur_df.dds, file missing [File=game/objects/characters/ferre/female/test/fe_f_nude_fur_df.dds]
<22:27:30> [7AB931CE] seamless unloading cell object(W21, 20), (L5, 4)
<22:27:34> [000004EE][Warning] I3DEngine::RegisterEntity: entity reports invalid position: Name: LightEntityName (), Class: LightEntityClass, Pos=(-1991.6,8032.4,659.1), aabb center=(3262.2,3428.7,207.7)
<22:27:38> [745BAE2F][Warning] failed to stream material xml(game/$picking.mtl)
<22:27:38> [637AF710][Warning] missing chr material : game/objects/characters/nuian/male/parts/hm/obj/nu_m_hm_cloth135.mtl (chr: game/objects/characters/nuian/male/parts/hm/obj/nu_m_2hm104.chr)
<22:27:38> [4BF1C05C][Warning] Cannot load texture game/objects/env/01_nuia/001_housing/housing_house/housing_house_equipment_glow.dds, file missing [File=game/objects/env/01_nuia/001_housing/housing_house/housing_house_equipment_glow.dds]
<22:27:38> [BF0124EC][Warning] Error: CShaderMan::mfCreateShaderResources: Couldn't find decal texture 'game/objects/Env/01_nuia/001_housing/housing_house/housing_house_equipment_glow.dds' in path '' [File=game/objects/Env/01_nuia/001_housing/housing_house/housing_house_equipment_glow.dds]
<22:27:40> [B866A294] seamless unloading cell terrain(W22, 21), (L6, 5)
<22:27:40> [7AB931CE] seamless unloading cell object(W20, 21), (L4, 5)
<22:27:45> [B866A294] seamless unloading cell terrain(W21, 22), (L5, 6)
<22:27:45> [000004EE][Warning] I3DEngine::RegisterEntity: entity reports invalid position: Name: LightEntityName (), Class: LightEntityClass, Pos=(-2005.5,7965.3,647.6), aabb center=(3230.0,3340.0,205.3)
<22:27:48> [7B1A973B] seamless loading cell terrain(W16, 5), (L0, 0)
<22:27:49> [3EF08C47] seamless loading cell object(W17, 6), (L1, 1)
<22:27:49> [7F89A202][Warning] AI: Warning: AIPoint is not inside Navigation Modifier. pos(3074.2, 3048.0, 221.3)
<22:28:04> [B95EE41B][Error] invalid parent unit id(71114)
<22:28:06> [A4D70365][Warning] rigid-body own-entity; prefab=prefabs/vehicle_tractor.xml/vehicle_tractor_b_8box.tractor_b_8box_body_dying node=AnimObject_1
<22:28:19> [B95EE41B][Error] invalid parent unit id(71114)
<22:28:22> [F9376E0D][Warning] [flow] FG-0x86D3D374-Entity 'AnimObject_19' was destroyed with pending updates/activations. Report follows...
<22:28:22> [A8F1529E][Warning] [flow] Pending nodes:
<22:28:27> [745BAE2F][Warning] failed to stream material xml(game/objects/env/01_nuia/001_housing/housing_farm/ncom_pumpkin_streetlamp.mtl)
<22:28:32> [000004EE][Warning] [CGF Error] game/objects/item/interaction/dragon_statue/dragon_tree_statue.cgf [:] LOD1 of geometry  contains too many polygons comparing to the LOD0 [1622 against 2418] :
<22:28:32> [CA175C82][Warning] non-stream IO. system(CGF), filePath(Objects/Env/01_nuia/001_housing/housing_house/housing_tree_spider.cgf)
<22:28:32> [BF8BE32F][Warning] Cannot load texture game/objects/env/01_nuia/001_housing/housing_house/housing_tree_base_sp.dds, file missing [File=game/objects/env/01_nuia/001_housing/housing_house/housing_tree_base_sp.dds]
<22:28:32> [755A3546][Warning] Error: CShaderMan::mfCreateShaderResources: Couldn't find custom secondary texture 'game/objects/env/01_nuia/001_housing/housing_house/nuia_housing_treemossy03_ddn.dds' in path '' [File=game/objects/env/01_nuia/001_housing/housing_house/nuia_housing_treemossy03_ddn.dds]
<22:28:33> [745BAE2F][Warning] failed to stream material xml(game/objects/env/01_nuia/001_ndeco/housing/ncom_zareba.mtl)
<22:28:39> [5132FEDE][Warning] invalid attached position(17.04, -24.13, -0.33)
<22:28:39> [A4D70365][Warning] rigid-body own-entity; prefab=prefabs/interaction_c.xml/furniture.kraken_prop_am node=AnimObject_144
<22:28:39> [745BAE2F][Warning] failed to stream material xml(game/$picking.mtl)
<22:28:39> [83CB8AF3][Warning] Cannot load texture game/objects/env/01_nuia/001_housing/housing_house/jack_house_low_wallout_sp.dds, file missing [File=game/objects/env/01_nuia/001_housing/housing_house/jack_house_low_wallout_sp.dds]
<22:28:45> [7AB931CE] seamless unloading cell object(W21, 18), (L5, 2)
<22:28:47> [5132FEDE][Warning] invalid attached position(-20.98, -20.95, -0.20)
<22:28:47> [745BAE2F][Warning] failed to stream material xml(game/$picking.mtl)
<22:28:49> [7AB931CE] seamless unloading cell object(W21, 19), (L5, 3)
<22:28:49> [BB790A81] origin change campos : 3071.98, 3121.282227
<22:28:49> [00000020]  
<22:28:49> [00000020]  
<22:28:49> [A581FA6D] -----------------------------------------------------------------------------
<22:28:49> [1DAA5677] SeamlessSystem::ChangeOrigin() : Here we go. Old(16,5) -> New(15,4)
<22:28:49> [A581FA6D] -----------------------------------------------------------------------------
<22:28:49> [00000020]  
<22:28:49> [00000020]  
<22:28:49> [7B1A973B] seamless loading cell terrain(W15, 8), (L0, 4)
<22:28:49> [1054BE80][Warning] WaterVolume Origin Change error : Err(-1024.0, -1024.0), CurrPos(17741.8, 7790.1), Origin Frame(5, 6)
<22:28:49> [7B1A973B] seamless loading cell terrain(W15, 7), (L0, 3)
<22:28:49> [7B1A973B] seamless loading cell terrain(W18, 4), (L3, 0)
<22:28:49> [7B1A973B] seamless loading cell terrain(W19, 4), (L4, 0)
<22:28:49> [7B1A973B] seamless loading cell terrain(W15, 9), (L0, 5)
<22:28:49> [7B1A973B] seamless loading cell terrain(W15, 6), (L0, 2)
<22:28:49> [000004EE][Warning] I3DEngine::RegisterEntity: entity reports invalid position: Name: LightEntityName (), Class: LightEntityClass, Pos=(-1067.5,8885.4,588.7), aabb center=(4057.0,4132.6,200.4)
<22:28:51> [7B1A973B] seamless loading cell terrain(W17, 4), (L2, 0)
<22:28:54> [DE20B351][Warning] Flow Graph Node targets unknown entity guid: 4aeefc04e8c803c0
<22:28:54> [A4D70365][Warning] rigid-body own-entity; prefab=prefabs/interaction_c.xml/furniture.kraken_prop_al node=AnimObject_144
<22:28:54> [745BAE2F][Warning] failed to stream material xml(game/$picking.mtl)
<22:28:54> [13B09A43][Warning] Cannot load texture game/textures/cubemaps/cxpgame/objects/env/01_nuia/001_housing/housing_furniture/hs_f_cookie_chair_df.dds_river.dds, file missing [File=game/textures/cubemaps/cxpgame/objects/env/01_nuia/001_housing/housing_furniture/hs_f_cookie_chair_df.dds_river.dds]
<22:28:54> [C4901C15][Warning] Error: CShaderMan::mfCreateShaderResources: Couldn't find detail texture
'game/textures/cubemaps/cxpgame/objects/env/01_nuia/001_housing/housing_furniture/hs_f_cookie_chair_df.dds_river.dds' in path '' [File=game/textures/cubemaps/cxpgame/objects/env/01_nuia/001_housing/housing_furniture/hs_f_cookie_chair_df.dds_river.dds]
<22:28:58> [7AB931CE] seamless unloading cell object(W19, 21), (L4, 6)
<22:29:04> [F9376E0D][Warning] [flow] FG-0x89745FB4-Entity 'AnimObject_19' was destroyed with pending updates/activations. Report follows...
<22:29:04> [A8F1529E][Warning] [flow] Pending nodes:
<22:29:05> [3EF08C47] seamless loading cell object(W16, 8), (L1, 4)
<22:29:05> [9684057F][Warning] Cannot load texture game/objects/env/01_nuia/001_ndeco/old/rope_a_ddn.dds, file missing [File=game/objects/env/01_nuia/001_ndeco/old/rope_a_ddn.dds]
<22:29:05> [745BAE2F][Warning] failed to stream material xml(game/objects/env/08_dungeon/06_instance_prologue/sr_harbor_stair.mtl)
<22:29:06> [3EF08C47] seamless loading cell object(W16, 7), (L1, 3)
<22:29:08> [B866A294] seamless unloading cell terrain(W22, 17), (L7, 2)
<22:29:10> [F9376E0D][Warning] [flow] FG-0x828127AC-Entity 'AnimObject_19' was destroyed with pending updates/activations. Report follows...
<22:29:10> [A8F1529E][Warning] [flow] Pending nodes:
<22:29:12> [B866A294] seamless unloading cell terrain(W22, 20), (L7, 5)
<22:29:19> [000004EE][Warning] Particle effect not found: 'game/x2_sounds.particles.lute_playing_01', from unknown 
<22:29:19> [745BAE2F][Warning] failed to stream material xml(game/objects/characters/hariharan/male/parts/hm/obj/ha_m_hm_cloth001.mtl)
<22:29:19> [637AF710][Warning] missing chr material : game/objects/characters/hariharan/male/parts/bo/obj/ha_m_bo_cloth232.mtl (chr: game/objects/characters/hariharan/male/parts/bo/obj/ha_m_1bf004_1bo901.chr)
<22:29:24> [F9376E0D][Warning] [flow] FG-0x8A5C486C-Entity 'AnimObject_19' was destroyed with pending updates/activations. Report follows...
<22:29:24> [A8F1529E][Warning] [flow] Pending nodes:
<22:29:34> [F9376E0D][Warning] [flow] FG-0x828139F4-Entity 'AnimObject_119' was destroyed with pending updates/activations. Report follows...
<22:29:34> [A8F1529E][Warning] [flow] Pending nodes:
<22:29:41> [B866A294] seamless unloading cell terrain(W22, 18), (L7, 3)
<22:29:42> [A4D70365][Warning] rigid-body own-entity; prefab=prefabs/interaction_c.xml/furniture.kraken_prop_am node=AnimObject_144
<22:29:43> [CCFBC94A][Warning] Cannot load texture game/objects/characters/animals/cat_baby_cat/cat_baby_black_pet_df.dds, file missing [File=game/objects/characters/animals/cat_baby_cat/cat_baby_black_pet_df.dds]
<22:29:43> [8BC8B87E][Warning] Error: CShaderMan::mfCreateShaderResources: Couldn't find subsurface texture 'game/objects/characters/animals/cat_baby_cat/cat_baby_black_pet_df.dds' in path '' [File=game/objects/characters/animals/cat_baby_cat/cat_baby_black_pet_df.dds]
<22:29:43> [000004EE][Warning] [CGF Error] game/objects/env/01_nuia/001_ncom/ncom_xmas_musicbox.cga [:] Duplicate LOD helper $lod1 ncom_xmas_musicbox_top
<22:29:44> [7AB931CE] seamless unloading cell object(W20, 17), (L5, 2)
<22:29:45> [5132FEDE][Warning] invalid attached position(19.21, -20.49, 80.04)
<22:29:45> [745BAE2F][Warning] failed to stream material xml(game/$picking.mtl)
<22:29:45> [B866A294] seamless unloading cell terrain(W21, 16), (L6, 1)
<22:29:46> [000004EE][Warning] I3DEngine::RegisterEntity: entity reports invalid position: Name: LightEntityName (), Class: LightEntityClass, Pos=(-1405.6,9155.2,550.4), aabb center=(3612.7,4286.8,210.7)
<22:29:47> [7B1A973B] seamless loading cell terrain(W15, 10), (L0, 6)
<22:29:48> [B866A294] seamless unloading cell terrain(W22, 19), (L7, 4)
<22:29:48> [491B3718][Warning] Cannot load texture objects/characters/ferre/female/face/face01/fe_f_face01_fur_sss.dds, file missing [File=objects/characters/ferre/female/face/face01/fe_f_face01_fur_sss.dds]
<22:29:48> [5243B464][Warning] Error: CShaderMan::mfCreateShaderResources: Couldn't find subsurface texture 'objects/characters/ferre/female/face/face01/fe_f_face01_fur_sss.dds' in path '' [File=objects/characters/ferre/female/face/face01/fe_f_face01_fur_sss.dds]
<22:29:48> [637AF710][Warning] missing chr material : game/objects/characters/ferre/male/parts/ar/obj/fe_m_ar_cloth274.mtl (chr: game/objects/characters/ferre/male/parts/ar/obj/fe_m_1ar904_1arm018_1bt017.chr)
<22:29:50> [3EF08C47] seamless loading cell object(W16, 9), (L1, 5)
<22:29:50> [745BAE2F][Warning] failed to stream material xml(game/objects/env/08_dungeon/06_instance_prologue/sr_harbor_stair.mtl)
<22:30:03> [7B1A973B] seamless loading cell terrain(W16, 11), (L1, 7)
<22:30:13> [F9376E0D][Warning] [flow] FG-0x9DC63254-Entity 'AnimObject_46' was destroyed with pending updates/activations. Report follows...
<22:30:13> [A8F1529E][Warning] [flow] Pending nodes:
<22:30:14> [B95EE41B][Error] invalid parent unit id(53444)
<22:30:14> [745BAE2F][Warning] failed to stream material xml(game/objects/characters/ferre/female/parts/bo/cloth/bo_cloth170/fe_f_bo_cloth170_brop02.mtl)
<22:30:14> [00DCF04C][Warning] Cannot load texture game/objects/characters/ferre/female/test/fe_f_nude_fur_df.dds, file missing [File=game/objects/characters/ferre/female/test/fe_f_nude_fur_df.dds]
<22:30:14> [637AF710][Warning] missing chr material : game/objects/characters/ferre/female/parts/gv/obj/fe_f_gv_cloth168.mtl (chr: game/objects/characters/ferre/female/parts/gv/obj/fe_f_2gv302.chr)
<22:30:16> [A4D70365][Warning] rigid-body own-entity; prefab=Prefabs/interaction_c.xml/furniture.aquarium_a_fish node=AnimObject_38
<22:30:18> Loading Particle Library: X2_effect_H
<22:30:18> [5132FEDE][Warning] invalid attached position(19.21, -20.49, 80.04)
<22:30:18> [3EF08C47] seamless loading cell object(W17, 10), (L2, 6)
<22:30:18> [755A3546][Warning] Error: CShaderMan::mfCreateShaderResources: Couldn't find custom secondary texture 'game/objects/env/01_nuia/001_housing/housing_house/nuia_housing_treemossy03_ddn.dds' in path '' [File=game/objects/env/01_nuia/001_housing/housing_house/nuia_housing_treemossy03_ddn.dds]
<22:30:19> [000004EE][Warning] [CGF Error] game/objects/env/01_nuia/001_housing/housing_furniture/hs_f_safe_d.cgf [:] LOD1 of geometry hs_f_safe_d contains too many polygons comparing to the LOD0 [1606 against 2318] :
<22:30:19> [745BAE2F][Warning] failed to stream material xml(game/objects/env/01_nuia/001_housing/housing_furniture/Standard_13.mtl)
<22:30:19> [F9A4BDC6][Warning] Cannot load texture game/objects/env/01_nuia/001_housing/housing_furniture/hf_aliceset_light_a_ddn2.dds, file missing [File=game/objects/env/01_nuia/001_housing/housing_furniture/hf_aliceset_light_a_ddn2.dds]
<22:30:19> [000004EE][Warning] I3DEngine::RegisterEntity: entity reports invalid position: Name: LightEntityName (), Class: LightEntityClass, Pos=(-1574.5,9294.4,506.0), aabb center=(3384.3,4363.7,192.4)
<22:30:25> [B95EE41B][Error] invalid parent unit id(110205)
<22:30:25> [745BAE2F][Warning] failed to stream material xml(game/objects/characters/ferre/male/face/fe_m_face00_blup01.mtl)
<22:30:25> [637AF710][Warning] missing chr material : game/objects/characters/ferre/male/parts/ar/obj/fe_m_ar_cloth168.mtl (chr: game/objects/characters/ferre/male/parts/ar/obj/fe_m_2sh018_5ar204.chr)
<22:30:27> [CD7EA36C][Warning] Cannot load texture game/objects/characters/monster/1111/bee_df.dds, file missing [File=game/objects/characters/monster/1111/bee_df.dds]
<22:30:27> [32D9BEB8][Warning] Error: CShaderMan::mfCreateShaderResources: Couldn't find subsurface texture 'game/objects/characters/monster/1111/bee_df.dds' in path '' [File=game/objects/characters/monster/1111/bee_df.dds]
<22:30:30> [F9376E0D][Warning] [flow] FG-0x6F2D4854-Entity 'AnimObject_46' was destroyed with pending updates/activations. Report follows...
<22:30:30> [A8F1529E][Warning] [flow] Pending nodes:
<22:30:32> [7AB931CE] seamless unloading cell object(W20, 20), (L5, 5)
<22:30:33> [B95EE41B][Error] invalid parent unit id(53444)
<22:30:33> [B866A294] seamless unloading cell terrain(W19, 15), (L4, 0)
<22:30:40> [B95EE41B][Error] invalid parent unit id(110205)
<22:30:44> [B866A294] seamless unloading cell terrain(W21, 21), (L6, 6)
<22:30:44> [745BAE2F][Warning] failed to stream material xml(game/objects/characters/hariharan/male/parts/gv/obj/ha_m_gv_metal224.mtl)
<22:30:44> [637AF710][Warning] missing chr material : game/objects/characters/hariharan/male/parts/gv/obj/ha_m_gv_metal224.mtl (chr: game/objects/characters/hariharan/male/parts/gv/obj/ha_m_3gv101.chr)
<22:30:44> [000004EE][Warning] Particle effect not found: 'game/x2_effect_o.mon_effects.mon_digestive_fluid_hit', from unknown 
<22:30:44> [62AE7A26][Warning] Cannot load texture objects/characters/monster/brokencorpse/test01.dds, file missing [File=objects/characters/monster/brokencorpse/test01.dds]
<22:30:44> [A894C680][Warning] Error: CShaderMan::mfCreateShaderResources: Couldn't find custom texture 'objects/characters/monster/brokencorpse/test01.tif' in path '' [File=objects/characters/monster/brokencorpse/test01.tif]
<22:30:52> [B866A294] seamless unloading cell terrain(W20, 22), (L5, 7)
<22:30:55> [7B1A973B] seamless loading cell terrain(W15, 5), (L0, 1)
<22:30:55> [7AB931CE] seamless unloading cell object(W20, 18), (L5, 3)
<22:30:58> [3EF08C47] seamless loading cell object(W16, 6), (L1, 2)
<22:31:08> [BB790A81] origin change campos : 3071.96, 4389.918457
<22:31:08> [00000020]  
<22:31:08> [00000020]  
<22:31:08> [A581FA6D] -----------------------------------------------------------------------------
<22:31:08> [1DAA5677] SeamlessSystem::ChangeOrigin() : Here we go. Old(15,4) -> New(14,4)
<22:31:08> [A581FA6D] -----------------------------------------------------------------------------
<22:31:08> [00000020]  
<22:31:08> [00000020]  
<22:31:08> [7B1A973B] seamless loading cell terrain(W14, 8), (L0, 4)
<22:31:08> [1054BE80][Warning] WaterVolume Origin Change error : Err(-1024.0, 0.0), CurrPos(18699.6, 8256.4), Origin Frame(6, 7)
<22:31:08> [7B1A973B] seamless loading cell terrain(W14, 7), (L0, 3)
<22:31:08> [7B1A973B] seamless loading cell terrain(W14, 9), (L0, 5)
<22:31:12> [7AB931CE] seamless unloading cell object(W20, 18), (L6, 4)
<22:31:12> [B866A294] seamless unloading cell terrain(W21, 16), (L7, 2)
<22:31:19> [3EF08C47] seamless loading cell object(W15, 8), (L1, 4)
<22:31:20> [745BAE2F][Warning] failed to stream material xml(game/objects/characters/hariharan/male/parts/ar/obj/ha_m_ar_metal225.mtl)
<22:31:20> [637AF710][Warning] missing chr material : game/objects/characters/hariharan/male/parts/ar/obj/ha_m_ar_metal225.mtl (chr: game/objects/characters/hariharan/male/parts/ar/obj/ha_m_1ar107_1arm001_3arm003_3bt002_3sh022_4ac001.chr)
<22:31:21> [7B1A973B] seamless loading cell terrain(W14, 6), (L0, 2)
<22:31:34> [3EF08C47] seamless loading cell object(W15, 7), (L1, 3)
<22:31:37> [745BAE2F][Warning] failed to stream material xml(game/objects/env/08_dungeon/06_instance_prologue/sr_harbor_stair.mtl)
<22:31:41> [B866A294] seamless unloading cell terrain(W21, 19), (L7, 5)
<22:31:46> [7AB931CE] seamless unloading cell object(W19, 16), (L5, 2)
<22:31:48> [B866A294] seamless unloading cell terrain(W20, 15), (L6, 1)
<22:31:52> [7B1A973B] seamless loading cell terrain(W14, 10), (L0, 6)
<22:31:53> [745BAE2F][Warning] failed to stream material xml(game/objects/characters/nuian/female/parts/bo/obj/nu_f_bo_cloth142.mtl)
<22:31:53> [637AF710][Warning] missing chr material : game/objects/characters/nuian/female/parts/ar/obj/nu_f_ar_cloth495.mtl (chr: game/objects/characters/nuian/female/parts/ar/obj/nu_f_1ar906_1arm012_1sh010_n.chr)
<22:31:55> [B866A294] seamless unloading cell terrain(W21, 17), (L7, 3)
<22:31:58> [7B1A973B] seamless loading cell terrain(W15, 11), (L1, 7)
<22:31:59> [3EF08C47] seamless loading cell object(W15, 9), (L1, 5)
<22:32:03> [B866A294] seamless unloading cell terrain(W21, 18), (L7, 4)
<22:32:10> [7B1A973B] seamless loading cell terrain(W16, 4), (L2, 0)
<22:32:11> [745BAE2F][Warning] failed to stream material xml(game/objects/characters/hariharan/female/parts/pt/obj/ha_f_pt_leather205.mtl)
<22:32:11> [637AF710][Warning] missing chr material : game/objects/characters/hariharan/female/parts/ar/obj/ha_f_ar_cloth059.mtl (chr: game/objects/characters/hariharan/female/parts/ar/obj/ha_f_1ar110_1arm006.chr)
<22:32:15> [CE0EF930][Warning] failed to stream cgf : default
<22:32:17> [745BAE2F][Warning] failed to stream material xml(game/objects/characters/hariharan/female/parts/pt/obj/ha_f_pt_cloth999.mtl)
<22:32:17> [637AF710][Warning] missing chr material : game/objects/characters/hariharan/female/parts/pt/obj/ha_f_pt_cloth999.mtl (chr: game/objects/characters/hariharan/female/parts/pt/obj/ha_f_1pt900.chr)
<22:32:18> [E46B221E][Warning] Cannot load texture game/objects/characters/monster/daru/daru_tamer/daru_tamer_sp.dds, file missing [File=game/objects/characters/monster/daru/daru_tamer/daru_tamer_sp.dds]
<22:32:20> [3EF08C47] seamless loading cell object(W16, 10), (L2, 6)
<22:32:24> [A4D70365][Warning] rigid-body own-entity; prefab=prefabs/carriage.xml/carriage.carriageb node=AnimObject_55
<22:32:24> [7B1A973B] seamless loading cell terrain(W14, 5), (L0, 1)
<22:32:25> [3EF08C47] seamless loading cell object(W15, 6), (L1, 2)
<22:32:54> [7B1A973B] seamless loading cell terrain(W15, 4), (L1, 0)
<22:32:59> [7AB931CE] seamless unloading cell object(W19, 19), (L5, 5)
<22:33:00> [7AB931CE] seamless unloading cell object(W18, 20), (L4, 6)
<22:33:06> [B866A294] seamless unloading cell terrain(W20, 20), (L6, 6)
<22:33:11> [B866A294] seamless unloading cell terrain(W19, 21), (L5, 7)
<22:33:13> [745BAE2F][Warning] failed to stream material xml(game/objects/characters/hariharan/male/parts/gv/obj/ha_m_gv_cloth037.mtl)
<22:33:13> [637AF710][Warning] missing chr material : game/objects/characters/hariharan/male/parts/gv/obj/ha_m_gv_cloth037.mtl (chr: game/objects/characters/hariharan/male/parts/gv/obj/ha_m_1gv102.chr)
<22:33:16> [BB790A81] origin change campos : 3071.99, 4270.848145
<22:33:16> [00000020]  
<22:33:16> [00000020]  
<22:33:16> [A581FA6D] -----------------------------------------------------------------------------
<22:33:16> [1DAA5677] SeamlessSystem::ChangeOrigin() : Here we go. Old(14,4) -> New(13,4)
<22:33:16> [A581FA6D] -----------------------------------------------------------------------------
<22:33:16> [00000020]  
<22:33:16> [00000020]  
<22:33:16> [7B1A973B] seamless loading cell terrain(W13, 8), (L0, 4)
<22:33:16> [3EF08C47] seamless loading cell object(W14, 8), (L1, 4)
<22:33:16> [1054BE80][Warning] WaterVolume Origin Change error : Err(-1024.0, 0.0), CurrPos(16219.5, 7347.1), Origin Frame(7, 8)
<22:33:16> [7B1A973B] seamless loading cell terrain(W13, 7), (L0, 3)
<22:33:16> [3EF08C47] seamless loading cell object(W14, 7), (L1, 3)
<22:33:16> [7B1A973B] seamless loading cell terrain(W13, 9), (L0, 5)
<22:33:16> [7B1A973B] seamless loading cell terrain(W13, 6), (L0, 2)
<22:33:20> [000004EE][Warning] Particle effect not found: 'game/x2_effect_o.mon_effects.mon_death_energy_form', from unknown 
<22:33:32> [7AB931CE] seamless unloading cell object(W19, 16), (L6, 3)
<22:33:39> [7B1A973B] seamless loading cell terrain(W14, 11), (L1, 7)
<22:33:40> [7B1A973B] seamless loading cell terrain(W13, 10), (L0, 6)
<22:33:45> [3EF08C47] seamless loading cell object(W15, 10), (L2, 6)
<22:33:48> [B866A294] seamless unloading cell terrain(W18, 13), (L5, 0)
<22:33:56> [3EF08C47] seamless loading cell object(W14, 9), (L1, 5)
<22:34:00> [B866A294] seamless unloading cell terrain(W20, 15), (L7, 2)
<22:34:04> [04FA8364][Warning] Cannot load texture game/objects/characters/nuian/male/hair/hair_texture/, file missing [File=game/objects/characters/nuian/male/hair/hair_texture/]
<22:34:04> [745BAE2F][Warning] failed to stream material xml(game/objects/characters/hariharan/male/parts/pt/obj/ha_m_pt_cloth250.mtl)
<22:34:04> [637AF710][Warning] missing chr material : game/objects/characters/hariharan/male/parts/pt/obj/ha_m_pt_cloth250.mtl (chr: game/objects/characters/hariharan/male/parts/pt/obj/ha_m_1pt900.chr)
<22:34:05> [7AB931CE] seamless unloading cell object(W19, 17), (L6, 4)
<22:34:26> [7AB931CE] seamless unloading cell object(W18, 15), (L5, 2)
<22:34:27> [B866A294] seamless unloading cell terrain(W19, 14), (L6, 1)
<22:34:35> [745BAE2F][Warning] failed to stream material xml(game/objects/characters/nuian/female/parts/bo/obj/nu_f_bo_cloth142.mtl)
<22:34:35> [637AF710][Warning] missing chr material : game/objects/characters/nuian/female/parts/ar/obj/nu_f_ar_cloth495.mtl (chr: game/objects/characters/nuian/female/parts/ar/obj/nu_f_1ar906_1arm012_1sh010_n.chr)
<22:34:38> [491B3718][Warning] Cannot load texture objects/characters/ferre/female/face/face01/fe_f_face01_fur_sss.dds, file missing [File=objects/characters/ferre/female/face/face01/fe_f_face01_fur_sss.dds]
<22:34:38> [5243B464][Warning] Error: CShaderMan::mfCreateShaderResources: Couldn't find subsurface texture 'objects/characters/ferre/female/face/face01/fe_f_face01_fur_sss.dds' in path '' [File=objects/characters/ferre/female/face/face01/fe_f_face01_fur_sss.dds]
<22:34:43> [B866A294] seamless unloading cell terrain(W17, 13), (L4, 0)
<22:34:43> [B866A294] seamless unloading cell terrain(W20, 16), (L7, 3)
<22:34:44> [B866A294] seamless unloading cell terrain(W15, 13), (L2, 0)
<22:34:45> [B866A294] seamless unloading cell terrain(W20, 18), (L7, 5)
<22:34:45> [745BAE2F][Warning] failed to stream material xml(game/objects/characters/hariharan/male/parts/bo/obj/ha_m_bo_cloth232.mtl)
<22:34:45> [637AF710][Warning] missing chr material : game/objects/characters/hariharan/male/parts/bo/obj/ha_m_bo_cloth232.mtl (chr: game/objects/characters/hariharan/male/parts/bo/obj/ha_m_1bf004_1bo901.chr)
<22:34:45> [04FA8364][Warning] Cannot load texture game/objects/characters/nuian/male/hair/hair_texture/, file missing [File=game/objects/characters/nuian/male/hair/hair_texture/]
<22:34:51> [745BAE2F][Warning] failed to stream material xml(game/objects/characters/ferre/male/parts/pt/leather/pt_leather025/fe_m_pt_leather025_brop03.mtl)
<22:34:52> [637AF710][Warning] missing chr material : game/objects/characters/hariharan/female/parts/ar/obj/ha_f_ar_cloth059.mtl (chr: game/objects/characters/hariharan/female/parts/ar/obj/ha_f_1ar110_1arm006.chr)
<22:34:56> [745BAE2F][Warning] failed to stream material xml(game/objects/characters/ferre/male/hair/fe_m_hair002/fe_m_hair002_hm_type3_brop02.mtl)
<22:34:57> [637AF710][Warning] missing chr material : game/objects/characters/hariharan/female/parts/ar/obj/ha_f_ar_cloth486.mtl (chr: game/objects/characters/hariharan/female/parts/ar/obj/ha_f_2ac002_5ar101.chr)
<22:35:03> [B866A294] seamless unloading cell terrain(W20, 17), (L7, 4)
<22:35:05> [B866A294] seamless unloading cell terrain(W16, 13), (L3, 0)
<22:35:05> [CE0EF930][Warning] failed to stream cgf : default
<22:35:05> [A5DDEC33][Warning] Warning: CShaderMan::mfForName: NULL name
<22:35:05> [000004EE][Warning] Failed to load shader "Dynamiceffect_pul" in material "game/objects/characters/nuian/female/costume/nu_f_sk_tech001/nu_f_sk_tech_fx1"
<22:35:06> [000004EE][Warning] [CGF Error] game/objects/env/06_unit/06_glider/glider_wing_crystal/glider_wing_crystal_back.cgf [:] LOD1 of geometry  contains too many polygons comparing to the LOD0 [2720 against 4064] :
<22:35:06> [745BAE2F][Warning] failed to stream material xml(game/objects/characters/ferre/male/costume/fe_m_sk_butler001/fe_m_sk_butler001_grap02.mtl)
<22:35:06> [637AF710][Warning] missing chr material : game/objects/characters/hariharan/female/parts/pt/obj/ha_f_pt_cloth201.mtl (chr: game/objects/characters/hariharan/female/parts/pt/obj/ha_f_1pt702.chr)
<22:35:08> [7B1A973B] seamless loading cell terrain(W13, 11), (L0, 7)
<22:35:09> [3EF08C47] seamless loading cell object(W14, 10), (L1, 6)
<22:35:10> [C45FAC6E][Warning] Cannot load texture game/objects/characters/test/glider_squirrel/glider_squirrel_df.dds, file missing [File=game/objects/characters/test/glider_squirrel/glider_squirrel_df.dds]
<22:35:10> [CD8829BA][Warning] Error: CShaderMan::mfCreateShaderResources: Couldn't find subsurface texture 'game/objects/characters/test/glider_squirrel/glider_squirrel_df.dds' in path '' [File=game/objects/characters/test/glider_squirrel/glider_squirrel_df.dds]
<22:35:11> [2363981C][Warning] chr material is not precached : game/objects/characters/ferre/male/hair/fe_m_hair014/fe_m_hair014.mtl (chr: game/objects/characters/ferre/male/hair/fe_m_hair014/fe_m_hair014.chr)
<22:35:11> [CA175C82][Warning] non-stream IO. system(Material), filePath(game/objects/characters/ferre/male/hair/fe_m_hair014/fe_m_hair014.mtl)
<22:35:11> [745BAE2F][Warning] failed to stream material xml(game/objects/characters/ferre/male/parts/cp/cloth/cp_cloth009/fe_m_cp_cloth009_grap02.mtl)
<22:35:12> [637AF710][Warning] missing chr material : game/objects/env/06_unit/01_ship/w_middleship/galleon_01.mtl (chr: game/objects/env/06_unit/01_ship/w_middleship/w_middleship_sail_a.chr)
<22:35:12> [000004EE][Warning] Particle effect not found: 'game/abillity_skill_table_m.illusion.wakeup_launch', from unknown 
<22:35:13> [5132FEDE][Warning] invalid attached position(0.00, 21.44, 6.09)
<22:35:13> [DD6CD685][Warning] grand child physical proxy is not supported. grandpa(Enoan Galleon: Sample), dad(prefab_doodad_model_572346_prefab://Prefabs/galleon.xml/galleon.galleon_helms), child(galleon_helms_1)
<22:35:16> [745BAE2F][Warning] failed to stream material xml(game/objects/characters/hariharan/female/parts/ar/obj/ha_f_ar_cloth506.mtl)
<22:35:18> [637AF710][Warning] missing chr material : game/objects/characters/hariharan/female/parts/ar/obj/ha_f_ar_cloth274.mtl (chr: game/objects/characters/hariharan/female/parts/ar/obj/ha_f_1ar907_1arm021_1bt017.chr)
<22:35:19> [E46B221E][Warning] Cannot load texture game/objects/characters/monster/daru/daru_tamer/daru_tamer_sp.dds, file missing [File=game/objects/characters/monster/daru/daru_tamer/daru_tamer_sp.dds]
<22:35:20> [DD6CD685][Warning] grand child physical proxy is not supported. grandpa(Solis Headlands/Two Crowns Cargo Ship), dad(prefab_doodad_model_58561_prefab://prefabs/galleon.xml/galleon.galleon_helms_daru), child(AnimObject_242)
<22:35:20> [000004EE][Warning] Particle effect not found: 'game/ability_skill_table_k.p_skill_adament.provoke_launch', from unknown 
<22:35:20> [5132FEDE][Warning] invalid attached position(0.00, 21.44, 6.09)
<22:35:20> [CE0EF930][Warning] failed to stream cgf : default
<22:35:21> Loading Particle Library: X2_EFFECT_KSW
<22:35:21> [B95EE41B][Error] invalid parent unit id(80218)
<22:35:21> [CA175C82][Warning] non-stream IO. system(Material), filePath(game/objects/characters/warborn/female/horns/wa_f_horns009/wa_f_horns009_hc01.mtl)
<22:35:21> [745BAE2F][Warning] failed to stream material xml(game/objects/characters/hariharan/female/parts/hm/obj/ha_f_hm_cloth001.mtl)
<22:35:22> [CFFE1C46][Error] Error streaming texture: Error 'Cannot open the file', Texture: game/objects/editor/suithelper/gradf.dds
<22:35:22> [000004EE][Warning] Independent immortal particle effect spawned: X2_EFFECT_O.Interaction.enchant_wpn_range_honor_3g
<22:35:23> [000004EE][Warning] [CGF Error] game/objects/item/spear_2h/spear_2h_kitchenware01/spear_2h_kitchenware01.cgf [:] LOD1 of geometry  contains too many polygons comparing to the LOD0 [400 against 536] :
<22:35:23> [2363981C][Warning] chr material is not precached : game/objects/characters/ferre/male/costume/fe_m_sk_mummy001/fe_m_sk_mummy001_h.mtl (chr: game/objects/characters/ferre/male/costume/fe_m_sk_mummy001/fe_m_sk_mummy001_h.chr)
<22:35:23> [637AF710][Warning] missing chr material : game/objects/characters/hariharan/male/parts/hm/obj/ha_m_hm_cloth001.mtl (chr: game/objects/characters/hariharan/male/parts/hm/obj/ha_m_1hm164.chr)
<22:35:27> [745BAE2F][Warning] failed to stream material xml(game/objects/characters/nuian/male/parts/gv/obj/nu_m_gv_metal205.mtl)
<22:35:27> [A0AEF1D1][Warning] Cannot load texture game/objects/characters/texture/cp/nu_m_1cp101_c_v01100_ddn.dds, file missing [File=game/objects/characters/texture/cp/nu_m_1cp101_c_v01100_ddn.dds]
<22:35:27> [CA175C82][Warning] non-stream IO. system(CGF), filePath(objects/box.cgf)
<22:35:27> [CFFE1C46][Error] Error streaming texture: Error 'Cannot open the file', Texture: game/objects/editor/suithelper/gradf.dds
<22:35:28> [BCCDC555][Warning] MakeSprite - too many sprite update (10). dropping.. (sprites : 25)
<22:35:28> [000004EE][Warning] Particle effect not found: 'game/ability_skill_table_k.p_skill_love.cure_spring_form', from unknown 
<22:35:30> [4315AF15][Warning] Non 3dc normal map used (wrong on DX10): game/objects/item/aac/all/aa_summer/2h_spear/Powerpoint/aa_summer_pool_noodle_ddn.dds [File=game/objects/item/aac/all/aa_summer/2h_spear/Powerpoint/aa_summer_pool_noodle_ddn.dds]
<22:35:30> [5CE0EBF8][Warning] Not a normal map texture tried to be used as a normal map: game/objects/item/aac/all/aa_summer/2h_spear/Powerpoint/aa_summer_pool_noodle_sp.dds [File=game/objects/item/aac/all/aa_summer/2h_spear/Powerpoint/aa_summer_pool_noodle_sp.dds]
<22:35:31> [637AF710][Warning] missing chr material : game/objects/characters/hariharan/male/parts/ar/obj/ha_m_ar_cloth133.mtl (chr: game/objects/characters/hariharan/male/parts/ar/obj/ha_m_1ar307_1arm002_1bt016.chr)
<22:35:31> [42424527][Warning] Failed to stream CAF-file [File=animations/item/effect_bone/spear_2h/spear_2h_darkmoon001/default.caf]
<22:35:31> [000004EE][Warning] Independent immortal particle effect spawned: X2_EFFECT_O.Interaction.enchant_wpn_range_honor_3g
<22:35:32> [2363981C][Warning] chr material is not precached : game/objects/characters/hariharan/female/hair/ha_f_hair027/ha_f_hair027.mtl (chr: game/objects/characters/hariharan/female/hair/ha_f_hair027/ha_f_hair027.chr)
<22:35:33> [CA175C82][Warning] non-stream IO. system(CGF), filePath(objects/box.cgf)
<22:35:33> [CFFE1C46][Error] Error streaming texture: Error 'Cannot open the file', Texture: game/objects/editor/suithelper/gradf.dds
<22:35:33> [62232BEA][Warning] deferred xml stream error - game/animations/animals/owl_postman/lmg_files/normal_run.lmg : f0000003
<22:35:37> [B95EE41B][Error] invalid parent unit id(71114)
<22:35:38> [CA175C82][Warning] non-stream IO. system(CGF), filePath(objects/box.cgf)
<22:35:38> [CFFE1C46][Error] Error streaming texture: Error 'Cannot open the file', Texture: game/objects/editor/suithelper/gradf.dds
<22:35:44> [000004EE][Warning] [Lua Error] 1_3_0/scripts/x2ui/characterinfo/character_info.lua:520: attempt to call method 'AnimForEquipped' (a nil value)
<22:35:45> [CA175C82][Warning] non-stream IO. system(CGF), filePath(objects/box.cgf)
<22:35:45> [CFFE1C46][Error] Error streaming texture: Error 'Cannot open the file', Texture: game/objects/editor/suithelper/gradf.dds
<22:35:47> [745BAE2F][Warning] failed to stream material xml(game/materials/effects/fume_h_ssd.mtl)
<22:35:49> [000004EE][Warning] [Lua Error] 1_3_0/scripts/x2ui/characterinfo/character_info.lua:520: attempt to call method 'AnimForEquipped' (a nil value)
<22:35:53> [CA175C82][Warning] non-stream IO. system(CGF), filePath(objects/box.cgf)
<22:35:53> [CFFE1C46][Error] Error streaming texture: Error 'Cannot open the file', Texture: game/objects/editor/suithelper/gradf.dds
<22:35:55> [000004EE][Warning] [Lua Error] 1_3_0/scripts/x2ui/characterinfo/character_info.lua:520: attempt to call method 'AnimForEquipped' (a nil value)
<22:35:58> [CFFE1C46][Error] Error streaming texture: Error 'Cannot open the file', Texture: game/objects/editor/suithelper/gradf.dds
<22:36:01> [CA175C82][Warning] non-stream IO. system(CGF), filePath(objects/box.cgf)
<22:36:01> [000004EE][Warning] [Lua Error] 1_3_0/scripts/x2ui/characterinfo/character_info.lua:520: attempt to call method 'AnimForEquipped' (a nil value)
<22:36:03> [CFFE1C46][Error] Error streaming texture: Error 'Cannot open the file', Texture: game/objects/editor/suithelper/gradf.dds
<22:36:03> [B95EE41B][Error] invalid parent unit id(76213)
<22:36:07> [000004EE][Warning] [Lua Error] 1_3_0/scripts/x2ui/characterinfo/character_info.lua:520: attempt to call method 'AnimForEquipped' (a nil value)
<22:36:08> [CA175C82][Warning] non-stream IO. system(CGF), filePath(objects/box.cgf)
<22:36:08> [CFFE1C46][Error] Error streaming texture: Error 'Cannot open the file', Texture: game/objects/editor/suithelper/gradf.dds
<22:36:09> [B95EE41B][Error] invalid parent unit id(76213)
<22:36:14> [CA175C82][Warning] non-stream IO. system(CGF), filePath(objects/box.cgf)
<22:36:14> [CFFE1C46][Error] Error streaming texture: Error 'Cannot open the file', Texture: game/objects/editor/suithelper/gradf.dds
<22:36:18> [1CCD372E][Warning] WARNING: Trying to play a sound at (0,0,0) position in the entity Lutesong Zephyr Square Mainsail: Mythic (prefab_unit). Entity may not be initialized correctly! 
<22:36:18> [A4D70365][Warning] rigid-body own-entity; prefab=prefabs/boardship.xml/boardship.step_10boardship_normal node=AnimObject_28
<22:36:18> [DD6CD685][Warning] grand child physical proxy is not supported. grandpa(Ningpo), dad(prefab_doodad_model_605601_prefab://Prefabs/galleon.xml/galleon.galleon_helms), child(galleon_helms_1)
<22:36:19> [CFFE1C46][Error] Error streaming texture: Error 'Cannot open the file', Texture: game/objects/editor/suithelper/gradf.dds
<22:36:24> [CA175C82][Warning] non-stream IO. system(CGF), filePath(objects/box.cgf)
<22:36:24> [CFFE1C46][Error] Error streaming texture: Error 'Cannot open the file', Texture: game/objects/editor/suithelper/gradf.dds
<22:36:25> [DD6CD685][Warning] grand child physical proxy is not supported. grandpa(Ningpo), dad(prefab_doodad_model_605601_prefab://Prefabs/galleon.xml/galleon.galleon_helms), child(galleon_helms_1)
<22:36:27> [CE0EF930][Warning] failed to stream cgf : objects/effects/portal_gate.cgf
<22:36:30> [B95EE41B][Error] invalid parent unit id(80218)
<22:36:30> [BB790A81] origin change campos : 9428.35, 7909.470703
<22:36:30> [00000020]  
<22:36:30> [00000020]  
<22:36:30> [A581FA6D] -----------------------------------------------------------------------------
<22:36:30> [1DAA5677] SeamlessSystem::ChangeOrigin() : Here we go. Old(13,4) -> New(18,8)
<22:36:30> [A581FA6D] -----------------------------------------------------------------------------
<22:36:30> [00000020]  
<22:36:30> [00000020]  
<22:36:30> [B866A294] seamless unloading cell terrain(W13, 15), (L0, 2)
<22:36:30> [B866A294] seamless unloading cell terrain(W13, 16), (L0, 3)
<22:36:30> [B866A294] seamless unloading cell terrain(W13, 17), (L0, 4)
<22:36:30> [B866A294] seamless unloading cell terrain(W13, 18), (L0, 5)
<22:36:30> [B866A294] seamless unloading cell terrain(W13, 19), (L0, 6)
<22:36:30> [B866A294] seamless unloading cell terrain(W13, 20), (L0, 7)
<22:36:30> [B866A294] seamless unloading cell terrain(W14, 14), (L1, 1)
<22:36:30> [B866A294] seamless unloading cell terrain(W14, 15), (L1, 2)
<22:36:30> [B866A294] seamless unloading cell terrain(W14, 16), (L1, 3)
<22:36:30> [7AB931CE] seamless unloading cell object(W14, 16), (L1, 3)
<22:36:30> [4B1E8B22] unload cell object count : 232
<22:36:30> [B866A294] seamless unloading cell terrain(W14, 17), (L1, 4)
<22:36:30> [7AB931CE] seamless unloading cell object(W14, 17), (L1, 4)
<22:36:30> [4B1E8B22] unload cell object count : 793
<22:36:30> [B866A294] seamless unloading cell terrain(W14, 18), (L1, 5)
<22:36:30> [7AB931CE] seamless unloading cell object(W14, 18), (L1, 5)
<22:36:30> [4B1E8B22] unload cell object count : 295
<22:36:30> [B866A294] seamless unloading cell terrain(W14, 19), (L1, 6)
<22:36:30> [7AB931CE] seamless unloading cell object(W14, 19), (L1, 6)
<22:36:30> [4B1E8B22] unload cell object count : 5953
<22:36:30> [B866A294] seamless unloading cell terrain(W14, 20), (L1, 7)
<22:36:30> [B866A294] seamless unloading cell terrain(W15, 14), (L2, 1)
<22:36:30> [B866A294] seamless unloading cell terrain(W15, 15), (L2, 2)
<22:36:30> [7AB931CE] seamless unloading cell object(W15, 15), (L2, 2)
<22:36:30> [4B1E8B22] unload cell object count : 0
<22:36:30> [B866A294] seamless unloading cell terrain(W15, 16), (L2, 3)
<22:36:30> [7AB931CE] seamless unloading cell object(W15, 16), (L2, 3)
<22:36:30> [4B1E8B22] unload cell object count : 12919
<22:36:30> [B866A294] seamless unloading cell terrain(W15, 17), (L2, 4)
<22:36:30> [7AB931CE] seamless unloading cell object(W15, 17), (L2, 4)
<22:36:30> [4B1E8B22] unload cell object count : 2237
<22:36:30> [B866A294] seamless unloading cell terrain(W15, 18), (L2, 5)
<22:36:30> [7AB931CE] seamless unloading cell object(W15, 18), (L2, 5)
<22:36:30> [4B1E8B22] unload cell object count : 5508
<22:36:30> [B866A294] seamless unloading cell terrain(W15, 19), (L2, 6)
<22:36:30> [7AB931CE] seamless unloading cell object(W15, 19), (L2, 6)
<22:36:30> [4B1E8B22] unload cell object count : 0
<22:36:30> [B866A294] seamless unloading cell terrain(W15, 20), (L2, 7)
<22:36:30> [B866A294] seamless unloading cell terrain(W16, 14), (L3, 1)
<22:36:30> [B866A294] seamless unloading cell terrain(W16, 15), (L3, 2)
<22:36:30> [7AB931CE] seamless unloading cell object(W16, 15), (L3, 2)
<22:36:30> [4B1E8B22] unload cell object count : 0
<22:36:30> [B866A294] seamless unloading cell terrain(W16, 16), (L3, 3)
<22:36:30> [7AB931CE] seamless unloading cell object(W16, 16), (L3, 3)
<22:36:30> [4B1E8B22] unload cell object count : 3484
<22:36:30> [B866A294] seamless unloading cell terrain(W16, 17), (L3, 4)
<22:36:30> [7AB931CE] seamless unloading cell object(W16, 17), (L3, 4)
<22:36:30> [4B1E8B22] unload cell object count : 2750
<22:36:30> [B866A294] seamless unloading cell terrain(W16, 18), (L3, 5)
<22:36:30> [7AB931CE] seamless unloading cell object(W16, 18), (L3, 5)
<22:36:30> [4B1E8B22] unload cell object count : 677
<22:36:30> [B866A294] seamless unloading cell terrain(W16, 19), (L3, 6)
<22:36:30> [7AB931CE] seamless unloading cell object(W16, 19), (L3, 6)
<22:36:30> [4B1E8B22] unload cell object count : 1407
<22:36:30> [B866A294] seamless unloading cell terrain(W16, 20), (L3, 7)
<22:36:30> [B866A294] seamless unloading cell terrain(W17, 14), (L4, 1)
<22:36:30> [B866A294] seamless unloading cell terrain(W17, 15), (L4, 2)
<22:36:30> [7AB931CE] seamless unloading cell object(W17, 15), (L4, 2)
<22:36:30> [4B1E8B22] unload cell object count : 0
<22:36:30> [B866A294] seamless unloading cell terrain(W17, 16), (L4, 3)
<22:36:30> [7AB931CE] seamless unloading cell object(W17, 16), (L4, 3)
<22:36:30> [4B1E8B22] unload cell object count : 5949
<22:36:30> [B866A294] seamless unloading cell terrain(W17, 17), (L4, 4)
<22:36:30> [7AB931CE] seamless unloading cell object(W17, 17), (L4, 4)
<22:36:30> [4B1E8B22] unload cell object count : 4815
<22:36:30> [B866A294] seamless unloading cell terrain(W17, 18), (L4, 5)
<22:36:30> [7AB931CE] seamless unloading cell object(W17, 18), (L4, 5)
<22:36:30> [4B1E8B22] unload cell object count : 4387
<22:36:30> [B866A294] seamless unloading cell terrain(W17, 19), (L4, 6)
<22:36:30> [7AB931CE] seamless unloading cell object(W17, 19), (L4, 6)
<22:36:30> [4B1E8B22] unload cell object count : 33
<22:36:30> [B866A294] seamless unloading cell terrain(W17, 20), (L4, 7)
<22:36:30> [B866A294] seamless unloading cell terrain(W18, 14), (L5, 1)
<22:36:30> [B866A294] seamless unloading cell terrain(W18, 15), (L5, 2)
<22:36:30> [B866A294] seamless unloading cell terrain(W18, 16), (L5, 3)
<22:36:30> [7AB931CE] seamless unloading cell object(W18, 16), (L5, 3)
<22:36:30> [4B1E8B22] unload cell object count : 7198
<22:36:30> [B866A294] seamless unloading cell terrain(W19, 15), (L6, 2)
<22:36:30> [B866A294] seamless unloading cell terrain(W19, 16), (L6, 3)
<22:36:30> [3623F74F] [Seamless] camera has been warped
<22:36:30> [9CAE9693] Starting In World Loading
<22:36:30> [7B1A973B] seamless loading cell terrain(W22, 11), (L4, 3)
<22:36:30> [7B1A973B] seamless loading cell terrain(W21, 11), (L3, 3)
<22:36:30> [7B1A973B] seamless loading cell terrain(W22, 12), (L4, 4)
<22:36:30> [7B1A973B] seamless loading cell terrain(W21, 12), (L3, 4)
<22:36:30> [7B1A973B] seamless loading cell terrain(W22, 10), (L4, 2)
<22:36:30> [7B1A973B] seamless loading cell terrain(W23, 11), (L5, 3)
<22:36:30> [7B1A973B] seamless loading cell terrain(W21, 10), (L3, 2)
<22:36:30> [7B1A973B] seamless loading cell terrain(W23, 12), (L5, 4)
<22:36:30> [7B1A973B] seamless loading cell terrain(W20, 11), (L2, 3)
<22:36:30> [7B1A973B] seamless loading cell terrain(W23, 10), (L5, 2)
<22:36:30> [7B1A973B] seamless loading cell terrain(W22, 13), (L4, 5)
<22:36:30> [7B1A973B] seamless loading cell terrain(W20, 12), (L2, 4)
<22:36:30> [7B1A973B] seamless loading cell terrain(W21, 13), (L3, 5)
<22:36:30> [7B1A973B] seamless loading cell terrain(W20, 10), (L2, 2)
<22:36:30> [7B1A973B] seamless loading cell terrain(W23, 13), (L5, 5)
<22:36:30> [7B1A973B] seamless loading cell terrain(W22, 9), (L4, 1)
<22:36:30> [7B1A973B] seamless loading cell terrain(W24, 11), (L6, 3)
<22:36:30> [7B1A973B] seamless loading cell terrain(W21, 9), (L3, 1)
<22:36:30> [7B1A973B] seamless loading cell terrain(W24, 12), (L6, 4)
<22:36:30> [7B1A973B] seamless loading cell terrain(W20, 13), (L2, 5)
<22:36:30> [7B1A973B] seamless loading cell terrain(W23, 9), (L5, 1)
<22:36:30> [7B1A973B] seamless loading cell terrain(W24, 10), (L6, 2)
<22:36:30> [7B1A973B] seamless loading cell terrain(W19, 11), (L1, 3)
<22:36:30> [7B1A973B] seamless loading cell terrain(W22, 14), (L4, 6)
<22:36:30> [7B1A973B] seamless loading cell terrain(W20, 9), (L2, 1)
<22:36:30> [7B1A973B] seamless loading cell terrain(W19, 12), (L1, 4)
<22:36:30> [7B1A973B] seamless loading cell terrain(W21, 14), (L3, 6)
<22:36:30> [7B1A973B] seamless loading cell terrain(W24, 13), (L6, 5)
<22:36:30> [7B1A973B] seamless loading cell terrain(W23, 14), (L5, 6)
<22:36:30> [7B1A973B] seamless loading cell terrain(W24, 9), (L6, 1)
<22:36:30> [7B1A973B] seamless loading cell terrain(W22, 8), (L4, 0)
<22:36:30> [7B1A973B] seamless loading cell terrain(W19, 13), (L1, 5)
<22:36:30> [7B1A973B] seamless loading cell terrain(W20, 14), (L2, 6)
<22:36:30> [7B1A973B] seamless loading cell terrain(W25, 11), (L7, 3)
<22:36:30> [7B1A973B] seamless loading cell terrain(W21, 8), (L3, 0)
<22:36:30> [7B1A973B] seamless loading cell terrain(W25, 12), (L7, 4)
<22:36:30> [7B1A973B] seamless loading cell terrain(W23, 8), (L5, 0)
<22:36:30> [7B1A973B] seamless loading cell terrain(W25, 10), (L7, 2)
<22:36:30> [7B1A973B] seamless loading cell terrain(W24, 14), (L6, 6)
<22:36:30> [7B1A973B] seamless loading cell terrain(W20, 8), (L2, 0)
<22:36:30> [7B1A973B] seamless loading cell terrain(W25, 13), (L7, 5)
<22:36:30> [7B1A973B] seamless loading cell terrain(W22, 15), (L4, 7)
<22:36:30> [7B1A973B] seamless loading cell terrain(W18, 12), (L0, 4)
<22:36:30> [7B1A973B] seamless loading cell terrain(W21, 15), (L3, 7)
<22:36:30> [7B1A973B] seamless loading cell terrain(W19, 14), (L1, 6)
<22:36:30> [7B1A973B] seamless loading cell terrain(W24, 8), (L6, 0)
<22:36:30> [7B1A973B] seamless loading cell terrain(W25, 9), (L7, 1)
<22:36:30> [7B1A973B] seamless loading cell terrain(W23, 15), (L5, 7)
<22:36:30> [B866A294] seamless unloading cell terrain(W18, 18), (L0, 0)
<22:36:30> [B866A294] seamless unloading cell terrain(W18, 19), (L0, 1)
<22:36:30> [B866A294] seamless unloading cell terrain(W19, 18), (L1, 0)
<22:36:30> [3EF08C47] seamless loading cell object(W22, 11), (L4, 3)
<22:36:30> [3EF08C47] seamless loading cell object(W21, 11), (L3, 3)
<22:36:30> [3EF08C47] seamless loading cell object(W22, 12), (L4, 4)
<22:36:30> [3EF08C47] seamless loading cell object(W21, 12), (L3, 4)
<22:36:30> [3EF08C47] seamless loading cell object(W22, 10), (L4, 2)
<22:36:30> [3EF08C47] seamless loading cell object(W23, 11), (L5, 3)
<22:36:30> [3EF08C47] seamless loading cell object(W21, 10), (L3, 2)
<22:36:30> [3EF08C47] seamless loading cell object(W23, 12), (L5, 4)
<22:36:30> [3EF08C47] seamless loading cell object(W20, 11), (L2, 3)
<22:36:30> [3EF08C47] seamless loading cell object(W23, 10), (L5, 2)
<22:36:30> [3EF08C47] seamless loading cell object(W22, 13), (L4, 5)
<22:36:30> [3EF08C47] seamless loading cell object(W20, 12), (L2, 4)
<22:36:30> [3EF08C47] seamless loading cell object(W21, 13), (L3, 5)
<22:36:30> [3EF08C47] seamless loading cell object(W20, 10), (L2, 2)
<22:36:30> [3EF08C47] seamless loading cell object(W23, 13), (L5, 5)
<22:36:30> [3EF08C47] seamless loading cell object(W22, 9), (L4, 1)
<22:36:30> [3EF08C47] seamless loading cell object(W24, 11), (L6, 3)
<22:36:30> [3EF08C47] seamless loading cell object(W21, 9), (L3, 1)
<22:36:30> [3EF08C47] seamless loading cell object(W24, 12), (L6, 4)
<22:36:30> [3EF08C47] seamless loading cell object(W20, 13), (L2, 5)
<22:36:30> [3EF08C47] seamless loading cell object(W23, 9), (L5, 1)
<22:36:30> [7AB931CE] seamless unloading cell object(W18, 18), (L0, 0)
<22:36:30> [7AB931CE] seamless unloading cell object(W18, 19), (L0, 1)
<22:36:31> [A5DDEC33][Warning] Warning: CShaderMan::mfForName: NULL name
<22:36:31> [000004EE][Warning] [CGF Error] game/objects/env/02_harihara/001_hdeco/quest/hdeco_qust_cocoon01.cgf [:] non-uniform scale(0.87, 0.87, 1.00) at node(hdeco_qust_cocoon01_proxy)
<22:36:31> [745BAE2F][Warning] failed to stream material xml(Default.mtl)
<22:36:31> [4BF1C05C][Warning] Cannot load texture game/objects/env/01_nuia/001_housing/housing_house/housing_house_equipment_glow.dds, file missing [File=game/objects/env/01_nuia/001_housing/housing_house/housing_house_equipment_glow.dds]
<22:36:31> [BF0124EC][Warning] Error: CShaderMan::mfCreateShaderResources: Couldn't find decal texture 'game/objects/Env/01_nuia/001_housing/housing_house/housing_house_equipment_glow.dds' in path '' [File=game/objects/Env/01_nuia/001_housing/housing_house/housing_house_equipment_glow.dds]
<22:36:32> [188BF914][Warning] [EntityLoader] invalid entity pos(0.298, -2.719, 0.001) name(B_gear_light)
<22:36:32> [DE20B351][Warning] Flow Graph Node targets unknown entity guid: 4e27a4809eea4e4f
<22:36:32> [B42C333F] In World Loading Finished
<22:36:33> [82321C2B][Warning] [net 02:36:33.069] [time] remote time estimation restarted; estimate accumulator age was 2.288117
<22:36:33> [CA175C82][Warning] non-stream IO. system(Material), filePath(game/objects/env/01_nuia/001_housing/housing_farm/hs_f_scarecrow_moon.mtl)
<22:36:33> [EFC67A6D][Warning] Error: CShaderMan::mfCreateShaderResources: Couldn't find detail texture
'game/objects/env/01_nuia/001_housing/housing_house/nuia_housing_tree07_ddn.dds' in path '' [File=game/objects/env/01_nuia/001_housing/housing_house/nuia_housing_tree07_ddn.dds]
<22:36:33> [637AF710][Warning] missing chr material : game/objects/characters/elf/female/parts/bo/obj/el_f_bo_cloth486.mtl (chr: game/objects/characters/elf/female/parts/bo/obj/el_f_1bf004_1bo201.chr)
<22:36:33> [62232BEA][Warning] deferred xml stream error - game/animations/animals/calf/lmg_files/normal_run.lmg : f0000003
<22:36:33> [A4D70365][Warning] rigid-body own-entity; prefab=prefabs/interaction_c.xml/house.door_anp node=AnimObject_1
<22:36:34> [000004EE][Warning] [CGF Error] game/objects/env/01_nuia/001_ndeco/making/ndeco_powerfulmaking.cga [:] LOD1 of geometry parts01 contains too many polygons comparing to the LOD0 [1592 against 1130] :
<22:36:34> [CE0EF930][Warning] failed to stream cgf : default
<22:36:38> [3EF08C47] seamless loading cell object(W24, 10), (L6, 2)
<22:36:38> [745BAE2F][Warning] failed to stream material xml(game/objects/env/01_nuia/001_ndeco/ndeco_backpack_fertilizer.mtl)
<22:36:39> [FCD07016][Warning] Cannot load texture objects/characters/ferre/male/hair/fe_m_hair02/fe_m_hair02_df.dds, file missing [File=objects/characters/ferre/male/hair/fe_m_hair02/fe_m_hair02_df.dds]
<22:36:39> [C53E6FFE][Warning] non cached CDF material(objects/Characters/animals/pangolin/pangolin_grey/pangolin_grey.mtl, game/objects/characters/animals/pangolin/pangolin_grey/pangolin_grey.cdf)
<22:36:39> [CA175C82][Warning] non-stream IO. system(Material), filePath(game/objects/characters/animals/pangolin/pangolin_grey/pangolin_grey.mtl)
<22:36:39> [2363981C][Warning] chr material is not precached : game/objects/characters/animals/pangolin/pangolin_red/Pangolin_red.mtl (chr: game/objects/characters/animals/pangolin/pangolin_red/pangolin_red.chr)
<22:36:39> [CE2F4035][Warning] chr physical geom is not precached. (game/objects/characters/animals/pangolin/pangolin_red/pangolin_red.chr)
<22:36:39> [63ABB424][Warning] Facial sequence "fist_ac_whistle" not listed in CAL file for character "game/objects/characters/warborn/female/nude/wa_f_base.chr".
<22:36:41> [B95EE41B][Error] invalid parent unit id(75147)
<22:36:47> [BF8BE32F][Warning] Cannot load texture game/objects/env/01_nuia/001_housing/housing_house/housing_tree_base_sp.dds, file missing [File=game/objects/env/01_nuia/001_housing/housing_house/housing_tree_base_sp.dds]
<22:36:47> [755A3546][Warning] Error: CShaderMan::mfCreateShaderResources: Couldn't find custom secondary texture 'game/objects/env/01_nuia/001_housing/housing_house/nuia_housing_treemossy03_ddn.dds' in path '' [File=game/objects/env/01_nuia/001_housing/housing_house/nuia_housing_treemossy03_ddn.dds]
<22:36:48> [745BAE2F][Warning] failed to stream material xml(game/objects/env/01_nuia/001_housing/housing_house/gw_elfremain_b.mtl)
<22:36:48> [000004EE][Warning] I3DEngine::RegisterEntity: entity reports invalid position: Name: LightEntityName (), Class: LightEntityClass, Pos=(180.4,9351.6,285.5), aabb center=(4338.0,3720.1,256.0)
<22:36:49> [637AF710][Warning] missing chr material : game/objects/characters/hariharan/male/parts/ar/obj/ha_m_ar_cloth501.mtl (chr: game/objects/characters/hariharan/male/parts/ar/obj/ha_m_1ar306_1arm002_1bt008.chr)
<22:36:50> [000004EE][Warning] Independent immortal particle effect spawned: X2_EFFECT_O.Interaction.enchant_wpn_range_honor_3g
<22:36:54> [745BAE2F][Warning] failed to stream material xml(game/objects/characters/hariharan/female/parts/hm/obj/ha_f_hm_cloth158.mtl)
<22:36:58> [DE20B351][Warning] Flow Graph Node targets unknown entity guid: 49e17e029614af26
<22:36:58> [62232BEA][Warning] deferred xml stream error - game/animations/animals/calf/lmg_files/normal_run.lmg : f0000003
<22:37:03> [745BAE2F][Warning] failed to stream material xml(game/objects/characters/animals/cow/cow_black.mtl)
<22:37:12> [7590A2FA][Warning] Cannot load texture textures/p_effects/keffect/z_env_01.dds, file missing [File=textures/p_effects/keffect/z_env_01.dds]
<22:37:12> [B95EE41B][Error] invalid parent unit id(75147)
<22:37:13> [7AB931CE] seamless unloading cell object(W20, 23), (L2, 5)
<22:37:13> [F9376E0D][Warning] [flow] FG-0x828100AC-Entity 'B_gear_light' was destroyed with pending updates/activations. Report follows...
<22:37:13> [A8F1529E][Warning] [flow] Pending nodes:
<22:37:14> [B866A294] seamless unloading cell terrain(W19, 24), (L1, 6)
<22:37:16> [2363981C][Warning] chr material is not precached : game/objects/env/06_unit/05_carriage/transfers_trailer_b_8box.mtl (chr: game/objects/env/06_unit/05_carriage/transfers_trailer_b_8box_damage.chr)
<22:37:16> [CA175C82][Warning] non-stream IO. system(Material), filePath(game/objects/env/06_unit/05_carriage/transfers_trailer_b_8box.mtl)
<22:37:16> [CE2F4035][Warning] chr physical geom is not precached. (game/objects/env/06_unit/05_carriage/transfers_trailer_b_8box_damage.chr)
<22:37:16> [A4D70365][Warning] rigid-body own-entity; prefab=prefabs/vehicle_tractor.xml/vehicle_tractor_b_8box.tractor_b_8box_body_dying node=AnimObject_1
<22:37:25> [000004EE][Warning] [Lua Error] 1_3_0/scripts/x2ui/characterinfo/character_info.lua:520: attempt to call method 'AnimForEquipped' (a nil value)
<22:37:29> [CA175C82][Warning] non-stream IO. system(CGF), filePath(objects/env/01_nuia/001_ncom/ncom_pile_a01_test.cgf)
<22:37:32> [000004EE][Warning] [Lua Error] 1_3_0/scripts/x2ui/characterinfo/character_info.lua:520: attempt to call method 'AnimForEquipped' (a nil value)
<22:37:38> [000004EE][Warning] [Lua Error] 1_3_0/scripts/x2ui/characterinfo/character_info.lua:520: attempt to call method 'AnimForEquipped' (a nil value)
<22:37:44> [000004EE][Warning] [Lua Error] 1_3_0/scripts/x2ui/characterinfo/character_info.lua:520: attempt to call method 'AnimForEquipped' (a nil value)
<22:37:49> [000004EE][Warning] [Lua Error] 1_3_0/scripts/x2ui/characterinfo/character_info.lua:520: attempt to call method 'AnimForEquipped' (a nil value)
<22:37:50> [B95EE41B][Error] invalid parent unit id(85277)
<22:37:59> [000004EE][Warning] [Lua Error] 1_3_0/scripts/x2ui/characterinfo/character_info.lua:520: attempt to call method 'AnimForEquipped' (a nil value)
<22:38:05> [000004EE][Warning] [Lua Error] 1_3_0/scripts/x2ui/characterinfo/character_info.lua:520: attempt to call method 'AnimForEquipped' (a nil value)
<22:38:11> [000004EE][Warning] [Lua Error] 1_3_0/scripts/x2ui/characterinfo/character_info.lua:520: attempt to call method 'AnimForEquipped' (a nil value)
<22:38:15> [A4D70365][Warning] rigid-body own-entity; prefab=prefabs/carriage.xml/carriage.carriageb node=AnimObject_55
<22:38:23> [CA175C82][Warning] non-stream IO. system(CGF), filePath(objects/env/01_nuia/001_ncom/ncom_pile_a01_test.cgf)
<22:39:09> [B95EE41B][Error] invalid parent unit id(85277)
<22:39:25> [745BAE2F][Warning] failed to stream material xml(game/objects/characters/hariharan/male/parts/gv/obj/ha_m_gv_cloth037.mtl)
<22:39:25> [637AF710][Warning] missing chr material : game/objects/characters/hariharan/male/parts/ar/obj/ha_m_ar_cloth501.mtl (chr: game/objects/characters/hariharan/male/parts/ar/obj/ha_m_1ar306_1arm002_1bt008.chr)
<22:39:36> [B866A294] seamless unloading cell terrain(W23, 25), (L5, 7)
<22:39:38> [F9376E0D][Warning] [flow] FG-0x57313F0C-Entity 'AnimObject_19' was destroyed with pending updates/activations. Report follows...
<22:39:38> [A8F1529E][Warning] [flow] Pending nodes:
<22:39:46> [745BAE2F][Warning] failed to stream material xml(game/objects/characters/monster/wisp/wisp_meadow/picking.mtl)
<22:39:47> [B866A294] seamless unloading cell terrain(W21, 25), (L3, 7)
<22:39:50> [637AF710][Warning] missing chr material : game/objects/characters/hariharan/male/parts/gv/obj/ha_m_gv_cloth231.mtl (chr: game/objects/characters/hariharan/male/parts/gv/obj/ha_m_1gv201.chr)
<22:39:51> [04FA8364][Warning] Cannot load texture game/objects/characters/nuian/male/hair/hair_texture/, file missing [File=game/objects/characters/nuian/male/hair/hair_texture/]
<22:39:52> [745BAE2F][Warning] failed to stream material xml(game/objects/characters/nuian/male/parts/ar/obj/nu_m_ar_cloth265.mtl)
<22:39:52> [7B1A973B] seamless loading cell terrain(W19, 8), (L1, 0)
<22:39:53> [3EF08C47] seamless loading cell object(W20, 9), (L2, 1)
<22:39:54> [D42935C5][Warning] Error: CShaderMan::mfCreateShaderResources: Couldn't find subsurface texture 'game/objects/characters/animals/cat_baby_cat/cat_baby_stripes_pet_df.dds' in path '' [File=game/objects/characters/animals/cat_baby_cat/cat_baby_stripes_pet_df.dds]
<22:39:55> [637AF710][Warning] missing chr material : game/objects/characters/nuian/male/parts/hm/obj/nu_m_hm_cloth001.mtl (chr: game/objects/characters/nuian/male/parts/hm/obj/nu_m_1hm106.chr)
<22:39:56> [F724A392][Error] CryAnimation:: Trying to load animation with alias "fist_ba_relaxed_idle_rand_3" from file "animations/monster/yata/fist/fist_ba_relaxed_idle_rand_3.caf" into the animation container. Such animation alias already exists and uses file "animations/monster/yata/fist/fist_ba_relaxed_idle_rand_1.caf". Please use another animation alias.
<22:39:57> [B866A294] seamless unloading cell terrain(W22, 25), (L4, 7)
<22:40:19> [7B1A973B] seamless loading cell terrain(W18, 9), (L0, 1)
<22:40:21> [7AB931CE] seamless unloading cell object(W24, 22), (L6, 4)
<22:40:24> [3EF08C47] seamless loading cell object(W19, 11), (L1, 3)
<22:40:24> [CE0EF930][Warning] failed to stream cgf : default
<22:40:28> [B866A294] seamless unloading cell terrain(W25, 23), (L7, 5)
<22:40:28> [7AB931CE] seamless unloading cell object(W23, 23), (L5, 5)
<22:40:32> [B866A294] seamless unloading cell terrain(W24, 24), (L6, 6)
<22:40:37> [3EF08C47] seamless loading cell object(W19, 10), (L1, 2)
<22:40:56> [7AB931CE] seamless unloading cell object(W24, 20), (L6, 2)
<22:41:01> [7AB931CE] seamless unloading cell object(W24, 21), (L6, 3)
<22:41:11> [745BAE2F][Warning] failed to stream material xml(game/objects/characters/hariharan/male/parts/pt/obj/ha_m_pt_metal211.mtl)
<22:41:11> [637AF710][Warning] missing chr material : game/objects/characters/hariharan/male/parts/ar/obj/ha_m_ar_metal211.mtl (chr: game/objects/characters/hariharan/male/parts/ar/obj/ha_m_1arm005_3ar901_3arm002_3sh006.chr)
<22:41:12> [04FA8364][Warning] Cannot load texture game/objects/characters/nuian/male/hair/hair_texture/, file missing [File=game/objects/characters/nuian/male/hair/hair_texture/]
<22:41:21> [04FA8364][Warning] Cannot load texture game/objects/characters/nuian/male/hair/hair_texture/, file missing [File=game/objects/characters/nuian/male/hair/hair_texture/]
<22:41:22> [745BAE2F][Warning] failed to stream material xml(game/objects/characters/hariharan/female/parts/ar/obj/ha_f_ar_cloth270.mtl)
<22:41:22> [637AF710][Warning] missing chr material : game/objects/characters/hariharan/female/parts/bo/obj/ha_f_bo_cloth216.mtl (chr: game/objects/characters/hariharan/female/parts/bo/obj/ha_f_1bo401.chr)
<22:41:23> [BB790A81] origin change campos : 3736.40, 3071.993896
<22:41:23> [00000020]  
<22:41:23> [00000020]  
<22:41:23> [A581FA6D] -----------------------------------------------------------------------------
<22:41:23> [1DAA5677] SeamlessSystem::ChangeOrigin() : Here we go. Old(18,8) -> New(18,7)
<22:41:23> [A581FA6D] -----------------------------------------------------------------------------
<22:41:23> [00000020]  
<22:41:23> [00000020]  
<22:41:23> [7B1A973B] seamless loading cell terrain(W21, 7), (L3, 0)
<22:41:23> [3EF08C47] seamless loading cell object(W21, 8), (L3, 1)
<22:41:23> [7B1A973B] seamless loading cell terrain(W22, 7), (L4, 0)
<22:41:23> [7B1A973B] seamless loading cell terrain(W20, 7), (L2, 0)
<22:41:23> [7B1A973B] seamless loading cell terrain(W23, 7), (L5, 0)
<22:41:24> [000004EE][Warning] [CGF Error] game/objects/env/02_harihara/001_hdeco/hdeco_workprop_b01.cgf [:] LOD1 of geometry hdeco_workprop_b01 contains too many polygons comparing to the LOD0 [408 against 608] :
<22:41:24> [7B1A973B] seamless loading cell terrain(W18, 8), (L0, 1)
<22:41:24> [B866A294] seamless unloading cell terrain(W25, 23), (L7, 5)
<22:41:24> [CE0EF930][Warning] failed to stream cgf : default
<22:41:25> [000004EE][Warning] [CGF Error] game/objects/env/02_harihara/03_ti/ti_factorymain_a.cga [:] Invalid BBox : has Invalid BBox node(Object32)
<22:41:25> [000004EE][Warning] [CGF Error] game/objects/env/02_harihara/03_ti/ti_factorymain_a.cga [:] Duplicate LOD helper $lod1 factorymain_a_wing02
<22:41:25> [B866A294] seamless unloading cell terrain(W25, 20), (L7, 2)
<22:41:25> [7B1A973B] seamless loading cell terrain(W18, 13), (L0, 6)
<22:41:27> [3EF08C47] seamless loading cell object(W19, 9), (L1, 2)
<22:41:31> [CE0EF930][Warning] failed to stream cgf : default
<22:41:33> [7AB931CE] seamless unloading cell object(W22, 24), (L4, 6)
<22:41:35> [3EF08C47] seamless loading cell object(W22, 8), (L4, 1)
<22:41:35> [000004EE][Warning] [CGF Error] game/objects/env/02_harihara/001_hdeco/hdeco_workprop_b01.cgf [:] LOD1 of geometry hdeco_workprop_b01 contains too many polygons comparing to the LOD0 [408 against 608] :
<22:41:35> [A4D70365][Warning] rigid-body own-entity; prefab=prefabs/interaction_b.xml/quest.ferre_machine1 node=AnimObject_41
<22:41:36> [CE0EF930][Warning] failed to stream cgf : default
<22:41:36> [7B1A973B] seamless loading cell terrain(W19, 7), (L1, 0)
<22:41:37> [0E5C1F7F][Warning] Cannot load texture game/objects/characters/ferre/male/hair/fe_m_hair02/fe_m_hair02_blu_df.dds, file missing [File=game/objects/characters/ferre/male/hair/fe_m_hair02/fe_m_hair02_blu_df.dds]
<22:41:44> [3EF08C47] seamless loading cell object(W20, 8), (L2, 1)
<22:41:45> [745BAE2F][Warning] failed to stream material xml(game/materials/aa_terrain/decals/quest_golddust.mtl)
<22:41:45> [CE0EF930][Warning] failed to stream cgf : default
<22:41:59> [04FA8364][Warning] Cannot load texture game/objects/characters/nuian/male/hair/hair_texture/, file missing [File=game/objects/characters/nuian/male/hair/hair_texture/]
<22:42:02> [745BAE2F][Warning] failed to stream material xml(game/objects/characters/hariharan/female/parts/ar/obj/ha_f_ar_cloth270.mtl)
<22:42:02> [637AF710][Warning] missing chr material : game/objects/characters/hariharan/female/parts/ar/obj/ha_f_ar_cloth270.mtl (chr: game/objects/characters/hariharan/female/parts/ar/obj/ha_f_1ar906_1arm012.chr)
<22:42:03> [CE0EF930][Warning] failed to stream cgf : default
<22:42:05> [3EF08C47] seamless loading cell object(W19, 12), (L1, 5)
<22:42:25> [B866A294] seamless unloading cell terrain(W23, 25), (L5, 7)
<22:42:26> [B866A294] seamless unloading cell terrain(W25, 22), (L7, 4)
<22:42:29> [B866A294] seamless unloading cell terrain(W25, 21), (L7, 3)
<22:42:38> [7AB931CE] seamless unloading cell object(W23, 23), (L5, 5)
<22:42:41> [7B1A973B] seamless loading cell terrain(W19, 14), (L1, 7)
<22:42:42> [B866A294] seamless unloading cell terrain(W24, 24), (L6, 6)
<22:42:46> [7AB931CE] seamless unloading cell object(W22, 19), (L4, 1)
<22:42:47> [745BAE2F][Warning] failed to stream material xml(game/objects/characters/monster/drowned/Standard_7.mtl)
<22:42:47> [62AE7A26][Warning] Cannot load texture objects/characters/monster/brokencorpse/test01.dds, file missing [File=objects/characters/monster/brokencorpse/test01.dds]
<22:42:47> [A894C680][Warning] Error: CShaderMan::mfCreateShaderResources: Couldn't find custom texture 'objects/characters/monster/brokencorpse/test01.tif' in path '' [File=objects/characters/monster/brokencorpse/test01.tif]
<22:42:47> [637AF710][Warning] missing chr material : game/objects/characters/nuian/female/parts/ar/obj/nu_f_ar_cloth495.mtl (chr: game/objects/characters/nuian/female/parts/ar/obj/nu_f_1ar906_1arm012_1sh010_n.chr)
<22:43:00> [000004EE][Warning] Particle effect not found: 'game/abillity_skill_table_m.death.life_absorb_form', from unknown 
<22:43:00> [B95EE41B][Error] invalid parent unit id(110550)
<22:43:00> [745BAE2F][Warning] failed to stream material xml(game/objects/characters/ferre/male/parts/gv/cloth/gv_cloth214/fe_m_gv_cloth214_brop01.mtl)
<22:43:00> [491B3718][Warning] Cannot load texture objects/characters/ferre/female/face/face01/fe_f_face01_fur_sss.dds, file missing [File=objects/characters/ferre/female/face/face01/fe_f_face01_fur_sss.dds]
<22:43:00> [5243B464][Warning] Error: CShaderMan::mfCreateShaderResources: Couldn't find subsurface texture 'objects/characters/ferre/female/face/face01/fe_f_face01_fur_sss.dds' in path '' [File=objects/characters/ferre/female/face/face01/fe_f_face01_fur_sss.dds]
<22:43:00> [637AF710][Warning] missing chr material : game/objects/characters/ferre/male/parts/pt/obj/fe_m_pt_leather001.mtl (chr: game/objects/characters/ferre/male/parts/pt/obj/fe_m_1pt201.chr)
<22:43:00> [000004EE][Warning] Independent immortal particle effect spawned: X2_EFFECT_O.Interaction.enchant_wpn_range_honor_3g
<22:43:04> [7AB931CE] seamless unloading cell object(W21, 24), (L3, 6)
<22:43:06> [A4D70365][Warning] rigid-body own-entity; prefab=prefabs/carriage.xml/carriage.carriageb node=AnimObject_55
<22:43:13> [B95EE41B][Error] invalid parent unit id(110550)
<22:43:16> [7AB931CE] seamless unloading cell object(W23, 20), (L5, 2)
<22:43:17> [A4D70365][Warning] rigid-body own-entity; prefab=Prefabs/interaction_c.xml/furniture.aquarium_c_fish node=AnimObject_38
<22:43:17> [745BAE2F][Warning] failed to stream material xml(game/$picking.mtl)
<22:43:17> [C9209D07][Warning] Cannot load texture game/objects/env/01_nuia/001_housing/housing_house/hs_addon_a_sp.dds, file missing [File=game/objects/env/01_nuia/001_housing/housing_house/hs_addon_a_sp.dds]
<22:43:17> [000004EE][Warning] [CGF Error] game/objects/env/01_nuia/001_housing/housing_house/housing_addon_roof_a.cgf [:] LOD1 of geometry  contains too many polygons comparing to the LOD0 [2104 against 3035] :
<22:43:19> [755A3546][Warning] Error: CShaderMan::mfCreateShaderResources: Couldn't find custom secondary texture 'game/objects/env/01_nuia/001_housing/housing_house/nuia_housing_treemossy03_ddn.dds' in path '' [File=game/objects/env/01_nuia/001_housing/housing_house/nuia_housing_treemossy03_ddn.dds]
<22:43:21> [5132FEDE][Warning] invalid attached position(2.12, -29.17, -0.61)
<22:43:21> [000004EE][Warning] I3DEngine::RegisterEntity: entity reports invalid position: Name: LightEntityName (), Class: LightEntityClass, Pos=(5993.1,-49.7,5189.1), aabb center=(3092.4,3790.5,105.9)
<22:43:22> [745BAE2F][Warning] failed to stream material xml(game/objects/env/01_nuia/001_housing/housing_house/ndeco_mining_machinery_small.mtl)
<22:43:22> [A7901A9A][Warning] Cannot load texture game/objects/env/02_harihara/01_ma/ma_tant02_ddn.dds, file missing [File=game/objects/env/02_harihara/01_ma/ma_tant02_ddn.dds]
<22:43:24> [F724A392][Error] CryAnimation:: Trying to load animation with alias "fist_ba_relaxed_idle_rand_2" from file "animations/animals/welsh_corgi/fist/fist_ba_relaxed_idle_rand.caf" into the animation container. Such animation alias already exists and uses file "animations/animals/welsh_corgi/fist/fist_ba_relaxed_idle_rand_2.caf". Please use another animation alias.
<22:43:25> [CE0EF930][Warning] failed to stream cgf : game/objects/env/01_nuia/001_housing/housing_house/housing_addon_foor_b02.cgf
<22:43:26> [5132FEDE][Warning] invalid attached position(-0.02, 20.92, -1.36)
<22:43:26> [A6BCA44B][Warning] Error: CShaderMan::mfCreateShaderResources: Couldn't find custom secondary texture 'game/objects/env/01_nuia/001_housing/housing_furniture/test8.tif' in path '' [File=game/objects/env/01_nuia/001_housing/housing_furniture/test8.tif]
<22:43:26> [000004EE][Warning] I3DEngine::RegisterEntity: entity reports invalid position: Name: LightEntityName (), Class: LightEntityClass, Pos=(5943.4,-91.2,5196.7), aabb center=(3060.2,3758.0,110.3)
<22:43:27> [745BAE2F][Warning] failed to stream material xml(game/objects/env/01_nuia/001_housing/housing_house/hari_housing_test.mtl)
<22:43:28> [BB790A81] origin change campos : 3071.95, 3773.070068
<22:43:28> [00000020]  
<22:43:28> [00000020]  
<22:43:28> [A581FA6D] -----------------------------------------------------------------------------
<22:43:28> [1DAA5677] SeamlessSystem::ChangeOrigin() : Here we go. Old(18,7) -> New(17,7)
<22:43:28> [A581FA6D] -----------------------------------------------------------------------------
<22:43:28> [00000020]  
<22:43:28> [00000020]  
<22:43:28> [7B1A973B] seamless loading cell terrain(W17, 10), (L0, 3)
<22:43:28> [3EF08C47] seamless loading cell object(W18, 10), (L1, 3)
<22:43:28> [7B1A973B] seamless loading cell terrain(W17, 11), (L0, 4)
<22:43:28> [7B1A973B] seamless loading cell terrain(W17, 9), (L0, 2)
<22:43:28> [7B1A973B] seamless loading cell terrain(W17, 12), (L0, 5)
<22:43:31> [A4D70365][Warning] rigid-body own-entity; prefab=Prefabs/interaction_c.xml/furniture.aquarium_a_fish node=AnimObject_38
<22:43:32> [7B1A973B] seamless loading cell terrain(W18, 7), (L1, 0)
<22:43:33> [B866A294] seamless unloading cell terrain(W22, 24), (L5, 7)
<22:43:35> [3EF08C47] seamless loading cell object(W19, 8), (L2, 1)
<22:43:36> [000004EE][Warning] [CGF Error] game/objects/env/02_harihara/001_hdeco/hdeco_workprop_b01.cgf [:] LOD1 of geometry hdeco_workprop_b01 contains too many polygons comparing to the LOD0 [408 against 608] :
<22:43:36> [CE0EF930][Warning] failed to stream cgf : default
<22:43:37> [745BAE2F][Warning] failed to stream material xml(game/materials/aa_terrain/decals/quest_golddust.mtl)
<22:43:38> [B95EE41B][Error] invalid parent unit id(73912)
<22:43:38> [2363981C][Warning] chr material is not precached : game/objects/characters/hariharan/male/hair/ha_m_hair019/ha_m_hair019.mtl (chr: game/objects/characters/hariharan/male/hair/ha_m_hair019/ha_m_hair019.chr)
<22:43:38> [CA175C82][Warning] non-stream IO. system(Material), filePath(game/objects/characters/hariharan/male/hair/ha_m_hair019/ha_m_hair019.mtl)
<22:43:38> [B866A294] seamless unloading cell terrain(W19, 24), (L2, 7)
<22:43:42> [7AB931CE] seamless unloading cell object(W23, 21), (L6, 4)
<22:43:43> [745BAE2F][Warning] failed to stream material xml(game/$picking.mtl)
<22:43:44> [7B1A973B] seamless loading cell terrain(W17, 8), (L0, 1)
<22:43:49> [3EF08C47] seamless loading cell object(W22, 8), (L5, 1)
<22:43:49> [000004EE][Warning] [CGF Error] game/objects/env/02_harihara/001_hdeco/hdeco_workprop_b01.cgf [:] LOD1 of geometry hdeco_workprop_b01 contains too many polygons comparing to the LOD0 [408 against 608] :
<22:43:49> [3EF08C47] seamless loading cell object(W18, 11), (L1, 4)
<22:43:49> [A4D70365][Warning] rigid-body own-entity; prefab=prefabs/interaction_b.xml/quest.ferre_machine1 node=AnimObject_41
<22:43:50> [CE0EF930][Warning] failed to stream cgf : default
<22:43:50> [13A1FD5A][Warning] AWD vehicle has different tire size. model type(2159)
<22:43:50> [0A101ACD][Warning] doodad with no entity can't be attached to vehicle/ship/actor models(Coffincart)
<22:43:51> [B866A294] seamless unloading cell terrain(W24, 18), (L7, 1)
<22:43:51> [B95EE41B][Error] invalid parent unit id(67692)
<22:43:51> [745BAE2F][Warning] failed to stream material xml(game/objects/characters/hariharan/female/parts/gv/obj/ha_f_gv_cloth158.mtl)
<22:43:51> [637AF710][Warning] missing chr material : game/objects/characters/hariharan/female/parts/gv/obj/ha_f_gv_cloth158.mtl (chr: game/objects/characters/hariharan/female/parts/gv/obj/ha_f_1gv302.chr)
<22:43:51> [0E5C1F7F][Warning] Cannot load texture game/objects/characters/ferre/male/hair/fe_m_hair02/fe_m_hair02_blu_df.dds, file missing [File=game/objects/characters/ferre/male/hair/fe_m_hair02/fe_m_hair02_blu_df.dds]
<22:43:52> [B866A294] seamless unloading cell terrain(W24, 22), (L7, 5)
<22:43:59> [7AB931CE] seamless unloading cell object(W23, 20), (L6, 3)
<22:43:59> [B866A294] seamless unloading cell terrain(W21, 24), (L4, 7)
<22:44:02> [7AB931CE] seamless unloading cell object(W22, 22), (L5, 5)
<22:44:03> [B866A294] seamless unloading cell terrain(W20, 24), (L3, 7)
<22:44:03> [745BAE2F][Warning] failed to stream material xml(game/objects/characters/hariharan/male/parts/ar/obj/ha_m_ar_cloth502.mtl)
<22:44:03> [637AF710][Warning] missing chr material : game/objects/characters/hariharan/male/parts/ar/obj/ha_m_ar_cloth502.mtl (chr: game/objects/characters/hariharan/male/parts/ar/obj/ha_m_1ar306_1arm002_1bt007.chr)
<22:44:04> [B866A294] seamless unloading cell terrain(W23, 23), (L6, 6)
<22:44:05> [3EF08C47] seamless loading cell object(W18, 9), (L1, 2)
<22:44:05> [04F52114][Warning] Cannot load texture game/objects/env/02_harihara/01_ma/ma_top_mhouse12_sp.dds, file missing [File=game/objects/env/02_harihara/01_ma/ma_top_mhouse12_sp.dds]
<22:44:05> [000004EE][Warning] [CGF Error] game/objects/env/02_harihara/001_hdeco/hdeco_workprop_b01.cgf [:] LOD1 of geometry hdeco_workprop_b01 contains too many polygons comparing to the LOD0 [408 against 608] :
<22:44:08> [745BAE2F][Warning] failed to stream material xml(game/objects/characters/hariharan/male/parts/hm/obj/ha_m_hm_cloth001.mtl)
<22:44:08> [637AF710][Warning] missing chr material : game/objects/characters/hariharan/male/parts/hm/obj/ha_m_hm_cloth001.mtl (chr: game/objects/characters/hariharan/male/parts/hm/obj/ha_m_3hm108.chr)
<22:44:09> [CE0EF930][Warning] failed to stream cgf : default
<22:44:14> [745BAE2F][Warning] failed to stream material xml(game/objects/characters/hariharan/female/parts/hm/obj/ha_f_hm_cloth207.mtl)
<22:44:14> [637AF710][Warning] missing chr material : game/objects/characters/hariharan/female/parts/gv/obj/ha_f_gv_cloth037.mtl (chr: game/objects/characters/hariharan/female/parts/gv/obj/ha_f_1gv102.chr)
<22:44:15> [7AB931CE] seamless unloading cell object(W22, 18), (L5, 1)
<22:44:16> [B95EE41B][Error] invalid parent unit id(67692)
<22:44:20> [745BAE2F][Warning] failed to stream material xml(game/objects/characters/hariharan/female/parts/bo/obj/ha_f_bo_cloth137.mtl)
<22:44:20> [637AF710][Warning] missing chr material : game/objects/characters/hariharan/female/parts/bo/obj/ha_f_bo_cloth137.mtl (chr: game/objects/characters/hariharan/female/parts/bo/obj/ha_f_1bo201.chr)
<22:44:25> [00DCF04C][Warning] Cannot load texture game/objects/characters/ferre/female/test/fe_f_nude_fur_df.dds, file missing [File=game/objects/characters/ferre/female/test/fe_f_nude_fur_df.dds]
<22:44:25> [B866A294] seamless unloading cell terrain(W24, 21), (L7, 4)
<22:44:25> [745BAE2F][Warning] failed to stream material xml(game/objects/characters/elf/female/parts/ar/obj/el_f_ar_cloth230.mtl)
<22:44:25> [637AF710][Warning] missing chr material : game/objects/characters/elf/female/parts/ar/obj/el_f_ar_cloth230.mtl (chr: game/objects/characters/elf/female/parts/ar/obj/el_f_1ar901_1arm012_1bt003_1sh010.chr)
<22:44:27> [5243B464][Warning] Error: CShaderMan::mfCreateShaderResources: Couldn't find subsurface texture 'objects/characters/ferre/female/face/face01/fe_f_face01_fur_sss.dds' in path '' [File=objects/characters/ferre/female/face/face01/fe_f_face01_fur_sss.dds]
<22:44:29> [7AB931CE] seamless unloading cell object(W19, 22), (L2, 5)
<22:44:32> [7AB931CE] seamless unloading cell object(W18, 21), (L1, 4)
<22:44:35> [745BAE2F][Warning] failed to stream material xml(game/objects/effects/ksw_effect/qilin.mtl)
<22:44:35> [B95EE41B][Error] invalid parent unit id(117099)
<22:44:36> [B866A294] seamless unloading cell terrain(W18, 23), (L1, 6)
<22:44:38> [CA175C82][Warning] non-stream IO. system(Material), filePath(game/objects/characters/ferre/female/face/fe_f_face_grap01.mtl)
<22:44:40> [745BAE2F][Warning] failed to stream material xml(game/objects/characters/hariharan/male/parts/hm/obj/ha_m_hm_cloth001.mtl)
<22:44:40> [04FA8364][Warning] Cannot load texture game/objects/characters/nuian/male/hair/hair_texture/, file missing [File=game/objects/characters/nuian/male/hair/hair_texture/]
<22:44:40> [637AF710][Warning] missing chr material : game/objects/characters/hariharan/male/parts/hm/obj/ha_m_hm_cloth001.mtl (chr: game/objects/characters/hariharan/male/parts/hm/obj/ha_m_1hm156.chr)
<22:44:47> [B95EE41B][Error] invalid parent unit id(117099)
<22:44:52> [745BAE2F][Warning] failed to stream material xml(game/objects/env/02_harihara/06_sr/09 - Default.mtl)
<22:44:55> [3EF08C47] seamless loading cell object(W22, 8), (L5, 1)
<22:44:55> [000004EE][Warning] [CGF Error] game/objects/env/02_harihara/001_hdeco/hdeco_workprop_b01.cgf [:] LOD1 of geometry hdeco_workprop_b01 contains too many polygons comparing to the LOD0 [408 against 608] :
<22:44:56> [A4D70365][Warning] rigid-body own-entity; prefab=prefabs/interaction_b.xml/quest.ferre_machine1 node=AnimObject_41
<22:44:56> [CE0EF930][Warning] failed to stream cgf : default
<22:44:58> [0E5C1F7F][Warning] Cannot load texture game/objects/characters/ferre/male/hair/fe_m_hair02/fe_m_hair02_blu_df.dds, file missing [File=game/objects/characters/ferre/male/hair/fe_m_hair02/fe_m_hair02_blu_df.dds]
<22:45:06> [7AB931CE] seamless unloading cell object(W21, 22), (L4, 5)
<22:45:07> [745BAE2F][Warning] failed to stream material xml(game/objects/characters/hariharan/male/parts/pt/obj/ha_m_pt_metal211.mtl)
<22:45:07> [637AF710][Warning] missing chr material : game/objects/characters/hariharan/male/parts/pt/obj/ha_m_pt_metal211.mtl (chr: game/objects/characters/hariharan/male/parts/pt/obj/ha_m_1pt302.chr)
<22:45:07> [240CA9B0][Warning] Cannot load texture game/textures/cubemaps/reflect_sky3e.dds, file missing [File=game/textures/cubemaps/reflect_sky3e.dds]
<22:45:08> [CE0EF930][Warning] failed to stream cgf : game/objects/Env/05_nature/08_cry_source/rocks/forest_rocks/forest_rock_small_a.cgf
<22:45:10> [BB790A81] origin change campos : 3663.33, 3071.949951
<22:45:10> [00000020]  
<22:45:10> [00000020]  
<22:45:10> [A581FA6D] -----------------------------------------------------------------------------
<22:45:10> [1DAA5677] SeamlessSystem::ChangeOrigin() : Here we go. Old(17,7) -> New(17,6)
<22:45:10> [A581FA6D] -----------------------------------------------------------------------------
<22:45:10> [00000020]  
<22:45:10> [00000020]  
<22:45:10> [7B1A973B] seamless loading cell terrain(W20, 6), (L3, 0)
<22:45:10> [3EF08C47] seamless loading cell object(W20, 7), (L3, 1)
<22:45:10> [1054BE80][Warning] WaterVolume Origin Change error : Err(0.0, -1024.0), CurrPos(19776.3, 7474.4), Origin Frame(11, 12)
<22:45:10> [7B1A973B] seamless loading cell terrain(W21, 6), (L4, 0)
<22:45:10> [7B1A973B] seamless loading cell terrain(W19, 6), (L2, 0)
<22:45:12> [000004EE][Warning] [CGF Error] game/objects/env/02_harihara/001_hdeco/quest/hdeco_qust_cocoon01.cgf [:] non-uniform scale(0.87, 0.87, 1.00) at node(hdeco_qust_cocoon01_proxy)
<22:45:12> [A4D70365][Warning] rigid-body own-entity; prefab=prefabs/interaction_d.xml/tool.lever_right node=AnimObject_1
<22:45:12> [7B1A973B] seamless loading cell terrain(W17, 7), (L0, 1)
<22:45:13> [7B1A973B] seamless loading cell terrain(W22, 6), (L5, 0)
<22:45:13> [B95EE41B][Error] invalid parent unit id(77653)
<22:45:14> [745BAE2F][Warning] failed to stream material xml(game/objects/characters/hariharan/female/parts/hm/obj/ha_f_hm_cloth158.mtl)
<22:45:14> [637AF710][Warning] missing chr material : game/objects/characters/hariharan/female/parts/hm/obj/ha_f_hm_cloth158.mtl (chr: game/objects/characters/hariharan/female/parts/hm/obj/ha_f_1hm190.chr)
<22:45:14> [000004EE][Warning] [CGF Error] game/objects/env/02_harihara/001_hdeco/hdeco_workprop_b01.cgf [:] LOD1 of geometry hdeco_workprop_b01 contains too many polygons comparing to the LOD0 [408 against 608] :
<22:45:14> [04FA8364][Warning] Cannot load texture game/objects/characters/nuian/male/hair/hair_texture/, file missing [File=game/objects/characters/nuian/male/hair/hair_texture/]
<22:45:16> [3EF08C47] seamless loading cell object(W18, 8), (L1, 2)
<22:45:20> [3EF08C47] seamless loading cell object(W21, 7), (L4, 1)
<22:45:20> [745BAE2F][Warning] failed to stream material xml(game/rock_06.mtl)
<22:45:21> [7B1A973B] seamless loading cell terrain(W18, 6), (L1, 0)
<22:45:23> [000004EE][Warning] [CGF Error] game/objects/env/01_nuia/001_housing/housing_furniture/hs_f_safe_e.cgf [:] non-uniform scale(1.00, 1.03, 1.00) at node(hs_f_safe_e)
<22:45:23> [A7901A9A][Warning] Cannot load texture game/objects/env/02_harihara/01_ma/ma_tant02_ddn.dds, file missing [File=game/objects/env/02_harihara/01_ma/ma_tant02_ddn.dds]
<22:45:23> [EFC67A6D][Warning] Error: CShaderMan::mfCreateShaderResources: Couldn't find detail texture
'game/objects/env/01_nuia/001_housing/housing_house/nuia_housing_tree07_ddn.dds' in path '' [File=game/objects/env/01_nuia/001_housing/housing_house/nuia_housing_tree07_ddn.dds]
<22:45:24> [CE0EF930][Warning] failed to stream cgf : default
<22:45:28> [4ABF8F2E][Warning] Cannot load texture game/objects/env/02_harihara/001_hdeco/quest/hdeco_quest_book_a_ddn.dds, file missing [File=game/objects/env/02_harihara/001_hdeco/quest/hdeco_quest_book_a_ddn.dds]
<22:45:30> [3EF08C47] seamless loading cell object(W19, 7), (L2, 1)
<22:45:30> [A4D70365][Warning] rigid-body own-entity; prefab=Prefabs/interaction.xml/toy.crane node=AnimObject_1
<22:45:30> [8BC8B87E][Warning] Error: CShaderMan::mfCreateShaderResources: Couldn't find subsurface texture 'game/objects/characters/animals/cat_baby_cat/cat_baby_black_pet_df.dds' in path '' [File=game/objects/characters/animals/cat_baby_cat/cat_baby_black_pet_df.dds]
<22:45:30> [F724A392][Error] CryAnimation:: Trying to load animation with alias "fist_ba_relaxed_idle_rand_2" from file "animations/animals/welsh_corgi_baby/fist/fist_ba_relaxed_idle_rand.caf" into the animation container. Such animation alias already exists and uses file "animations/animals/welsh_corgi_baby/fist/fist_ba_relaxed_idle_rand_2.caf". Please use another animation alias.
<22:45:31> [B95EE41B][Error] invalid parent unit id(77653)
<22:45:31> [CE0EF930][Warning] failed to stream cgf : default
<22:45:32> [B866A294] seamless unloading cell terrain(W22, 24), (L5, 7)
<22:45:33> [E46B221E][Warning] Cannot load texture game/objects/characters/monster/daru/daru_tamer/daru_tamer_sp.dds, file missing [File=game/objects/characters/monster/daru/daru_tamer/daru_tamer_sp.dds]
<22:45:34> [745BAE2F][Warning] failed to stream material xml(game/objects/characters/hariharan/female/parts/hm/obj/ha_f_hm_cloth027.mtl)
<22:45:34> [637AF710][Warning] missing chr material : game/objects/characters/hariharan/female/parts/hm/obj/ha_f_hm_cloth027.mtl (chr: game/objects/characters/hariharan/female/parts/hm/obj/ha_f_1hm118.chr)
<22:45:37> [7AB931CE] seamless unloading cell object(W20, 23), (L3, 6)
<22:45:40> [745BAE2F][Warning] failed to stream material xml(game/objects/characters/hariharan/male/parts/hm/obj/ha_m_hm_cloth001.mtl)
<22:45:40> [637AF710][Warning] missing chr material : game/objects/characters/hariharan/male/parts/ar/obj/ha_m_ar_cloth257.mtl (chr: game/objects/characters/hariharan/male/parts/ar/obj/ha_m_1ar306_1arm002.chr)
<22:45:48> [745BAE2F][Warning] failed to stream material xml(game/objects/characters/hariharan/male/parts/ar/obj/ha_m_ar_metal211.mtl)
<22:45:48> [637AF710][Warning] missing chr material : game/objects/characters/hariharan/male/parts/hm/obj/ha_m_hm_cloth001.mtl (chr: game/objects/characters/hariharan/male/parts/hm/obj/ha_m_3hm109.chr)
<22:45:50> [A4D70365][Warning] rigid-body own-entity; prefab=Prefabs/interaction_c.xml/furniture.aquarium_a_fish node=AnimObject_38
<22:45:50> [B866A294] seamless unloading cell terrain(W17, 23), (L0, 6)
<22:45:53> [745BAE2F][Warning] failed to stream material xml(game/objects/characters/nuian/female/parts/bo/obj/nu_f_bo_cloth142.mtl)
<22:45:53> [637AF710][Warning] missing chr material : game/objects/characters/nuian/female/parts/ar/obj/nu_f_ar_cloth495.mtl (chr: game/objects/characters/nuian/female/parts/ar/obj/nu_f_1ar906_1arm012_1sh010_n.chr)
<22:45:56> [CA175C82][Warning] non-stream IO. system(CGF), filePath(Objects/Env/01_nuia/001_housing/housing_house/housing_tree_spider.cgf)
<22:45:56> [A4D70365][Warning] rigid-body own-entity; prefab=prefabs/interaction_c.xml/furniture.kraken_prop_a node=AnimObject_144
<22:45:56> [95829CAD][Warning] Cannot load texture game/objects/env/01_nuia/001_housing/housing_house/housing_tree_bodywood_sp.dds, file missing [File=game/objects/env/01_nuia/001_housing/housing_house/housing_tree_bodywood_sp.dds]
<22:45:56> [755A3546][Warning] Error: CShaderMan::mfCreateShaderResources: Couldn't find custom secondary texture 'game/objects/env/01_nuia/001_housing/housing_house/nuia_housing_treemossy03_ddn.dds' in path '' [File=game/objects/env/01_nuia/001_housing/housing_house/nuia_housing_treemossy03_ddn.dds]
<22:45:57> [000004EE][Warning] [CGF Error] game/objects/env/01_nuia/001_housing/housing_furniture/hs_f_safe_d.cgf [:] LOD1 of geometry hs_f_safe_d contains too many polygons comparing to the LOD0 [1606 against 2318] :
<22:45:59> [62232BEA][Warning] deferred xml stream error - game/animations/animals/kid/lmg_files/normal_run.lmg : f0000003
<22:46:00> [745BAE2F][Warning] failed to stream material xml(game/$picking.mtl)
<22:46:00> [000004EE][Warning] [CGF Error] game/objects/item/ins_w/ins_w_festival05/ins_w_festival05.cgf [:] LOD1 of geometry  contains too many polygons comparing to the LOD0 [776 against 1122] :
<22:46:02> [C9209D07][Warning] Cannot load texture game/objects/env/01_nuia/001_housing/housing_house/hs_addon_a_sp.dds, file missing [File=game/objects/env/01_nuia/001_housing/housing_house/hs_addon_a_sp.dds]
<22:46:02> [7AB931CE] seamless unloading cell object(W22, 22), (L5, 5)
<22:46:03> [000004EE][Warning] I3DEngine::RegisterEntity: entity reports invalid position: Name: LightEntityName (), Class: LightEntityClass, Pos=(6127.2,-391.8,5377.7), aabb center=(3634.3,3642.0,228.5)
<22:46:04> [B866A294] seamless unloading cell terrain(W23, 23), (L6, 6)
<22:46:05> [A4D70365][Warning] rigid-body own-entity; prefab=Prefabs/interaction_c.xml/furniture.aquarium_a_fish node=AnimObject_38
<22:46:06> [745BAE2F][Warning] failed to stream material xml(game/objects/env/01_nuia/001_ndeco/02 - Default.mtl)
<22:46:10> [88A91B4F][Warning] Cannot load texture game/objects/env/03_origin_continent/001_odeco/ndeco_crystal_kraken_ddn.dds, file missing [File=game/objects/env/03_origin_continent/001_odeco/ndeco_crystal_kraken_ddn.dds]
<22:46:14> [745BAE2F][Warning] failed to stream material xml(game/objects/characters/hariharan/male/parts/ar/obj/ha_m_ar_cloth486.mtl)
<22:46:14> [637AF710][Warning] missing chr material : game/objects/characters/hariharan/male/parts/ar/obj/ha_m_ar_cloth486.mtl (chr: game/objects/characters/hariharan/male/parts/ar/obj/ha_m_2ac002_2sh019_5ar101.chr)
<22:46:14> [DE20B351][Warning] Flow Graph Node targets unknown entity guid: 45671b71c0b06ecd
<22:46:14> [CF2CE049][Warning] CMTSafeHeap::m_pBigPool is full. (6291456, CImageDDSFile::CImageDDSFile())
<22:46:14> [0F8B8D75][Warning] Non 3dc normal map used (wrong on DX10): game/objects/item/aac/all/aa_summer/1h_sword/BigMyr/aa_summer_bubble_ddn.dds [File=game/objects/item/aac/all/aa_summer/1h_sword/BigMyr/aa_summer_bubble_ddn.dds]
<22:46:14> [7EEC34C8][Warning] Not a normal map texture tried to be used as a normal map: game/objects/item/aac/all/aa_summer/1h_sword/BigMyr/aa_summer_bubble_sp.dds [File=game/objects/item/aac/all/aa_summer/1h_sword/BigMyr/aa_summer_bubble_sp.dds]
<22:46:15> [14C85809][Error] AttachObjectToBone is called for bone "item_book_c", which is not in the model "game/objects/characters/warborn/female/nude/wa_f_base.chr". Ignoring, but this may cause a crash because the corresponding object won't be detached after it's destroyed
<22:46:15> [CA175C82][Warning] non-stream IO. system(Material), filePath(game/objects/characters/warborn/female/horns/wa_f_horns010/wa_f_horns010_hc02.mtl)
<22:46:15> [000004EE][Warning] Independent immortal particle effect spawned: X2_EFFECT_O.Interaction.enchant_wpn_range_honor_3g
<22:46:16> [B866A294] seamless unloading cell terrain(W19, 24), (L2, 7)
<22:46:17> [B866A294] seamless unloading cell terrain(W21, 24), (L4, 7)
<22:46:18> [F9376E0D][Warning] [flow] FG-0x9FEF8BBC-Entity 'AnimObject_19' was destroyed with pending updates/activations. Report follows...
<22:46:18> [A8F1529E][Warning] [flow] Pending nodes:
<22:46:21> [745BAE2F][Warning] failed to stream material xml(game/objects/characters/hariharan/female/parts/hm/obj/ha_f_hm_cloth027.mtl)
<22:46:21> [637AF710][Warning] missing chr material : game/objects/characters/hariharan/female/parts/bo/obj/ha_f_bo_cloth216.mtl (chr: game/objects/characters/hariharan/female/parts/bo/obj/ha_f_1bo401.chr)
<22:46:24> [B866A294] seamless unloading cell terrain(W24, 21), (L7, 4)
<22:46:25> [B95EE41B][Error] invalid parent unit id(90228)
<22:46:29> [A4D70365][Warning] rigid-body own-entity; prefab=Prefabs/interaction_c.xml/furniture.aquarium_b_fish node=AnimObject_38
<22:46:29> [745BAE2F][Warning] failed to stream material xml(game/$picking.mtl)
<22:46:29> [4554E71F][Warning] Cannot load texture users/xlgames/desktop/11 copy.dds, file missing [File=users/xlgames/desktop/11 copy.dds]
<22:46:29> [FF6D52B4][Warning] Error: CShaderMan::mfCreateShaderResources: Couldn't find subsurface texture 'game/objects/characters/animals/cat_baby_cat/cat_baby_siamese_pet_df.dds' in path '' [File=game/objects/characters/animals/cat_baby_cat/cat_baby_siamese_pet_df.dds]
<22:46:29> [637AF710][Warning] missing chr material : game/objects/characters/nuian/male/parts/hm/obj/nu_m_hm_cloth001.mtl (chr: game/objects/characters/nuian/male/parts/hm/obj/nu_m_4hm138.chr)
<22:46:29> [000004EE][Warning] [CGF Error] game/objects/env/02_harihara/01_ma/ma_top05.cgf [:] non-uniform scale(0.70, 1.00, 0.70) at node(Box11)
<22:46:30> [DE20B351][Warning] Flow Graph Node targets unknown entity guid: 45671b71c0b06ecd
<22:46:35> [A4D70365][Warning] rigid-body own-entity; prefab=prefabs/interaction_c.xml/furniture.baby_cat_d node=AnimObject_144
<22:46:36> [745BAE2F][Warning] failed to stream material xml(game/objects/characters/hariharan/male/parts/bo/obj/ha_m_bo_cloth140.mtl)
<22:46:36> [637AF710][Warning] missing chr material : game/objects/characters/hariharan/male/parts/bo/obj/ha_m_bo_cloth140.mtl (chr: game/objects/characters/hariharan/male/parts/bo/obj/ha_m_1bo201.chr)
<22:46:40> [B95EE41B][Error] invalid parent unit id(90228)
<22:46:40> [F9376E0D][Warning] [flow] FG-0x9FEFA074-Entity 'AnimObject_19' was destroyed with pending updates/activations. Report follows...
<22:46:40> [A8F1529E][Warning] [flow] Pending nodes:
<22:46:42> [B866A294] seamless unloading cell terrain(W24, 20), (L7, 3)
<22:46:42> [B866A294] seamless unloading cell terrain(W20, 24), (L3, 7)
<22:46:43> [04FA8364][Warning] Cannot load texture game/objects/characters/nuian/male/hair/hair_texture/, file missing [File=game/objects/characters/nuian/male/hair/hair_texture/]
<22:46:46> [7B1A973B] seamless loading cell terrain(W17, 6), (L0, 0)
<22:46:47> [3EF08C47] seamless loading cell object(W18, 7), (L1, 1)
<22:46:47> [CE0EF930][Warning] failed to stream cgf : objects/env/05_nature/08_cry_source/rocks/road_rocks/road_rocks_flat_grey_a.cgf
<22:46:48> [04FA8364][Warning] Cannot load texture game/objects/characters/nuian/male/hair/hair_texture/, file missing [File=game/objects/characters/nuian/male/hair/hair_texture/]
<22:46:52> [F9376E0D][Warning] [flow] FG-0x9DC66E0C-Entity 'AnimObject_19' was destroyed with pending updates/activations. Report follows...
<22:46:52> [A8F1529E][Warning] [flow] Pending nodes:
<22:47:11> [7AB931CE] seamless unloading cell object(W21, 22), (L4, 5)
<22:47:13> [7AB931CE] seamless unloading cell object(W22, 21), (L5, 4)
<22:47:14> [B866A294] seamless unloading cell terrain(W22, 23), (L5, 6)
<22:47:17> [B866A294] seamless unloading cell terrain(W23, 22), (L6, 5)
<22:47:28> [7AB931CE] seamless unloading cell object(W19, 22), (L2, 5)
<22:47:41> [BB790A81] origin change campos : 3142.42, 3071.988037
<22:47:41> [00000020]  
<22:47:41> [00000020]  
<22:47:41> [A581FA6D] -----------------------------------------------------------------------------
<22:47:41> [1DAA5677] SeamlessSystem::ChangeOrigin() : Here we go. Old(17,6) -> New(16,5)
<22:47:41> [A581FA6D] -----------------------------------------------------------------------------
<22:47:41> [00000020]  
<22:47:41> [00000020]  
<22:47:41> [7B1A973B] seamless loading cell terrain(W20, 5), (L4, 0)
<22:47:41> [7B1A973B] seamless loading cell terrain(W19, 5), (L3, 0)
<22:47:41> [7B1A973B] seamless loading cell terrain(W16, 8), (L0, 3)
<22:47:41> [7B1A973B] seamless loading cell terrain(W16, 9), (L0, 4)
<22:47:41> [7B1A973B] seamless loading cell terrain(W21, 5), (L5, 0)
<22:47:41> [7B1A973B] seamless loading cell terrain(W18, 5), (L2, 0)
<22:47:42> [7AB931CE] seamless unloading cell object(W20, 22), (L4, 6)
<22:47:45> [7B1A973B] seamless loading cell terrain(W16, 7), (L0, 2)
<22:47:46> [7B1A973B] seamless loading cell terrain(W16, 10), (L0, 5)
<22:47:48> [7AB931CE] seamless unloading cell object(W22, 20), (L6, 4)
<22:47:49> [7AB931CE] seamless unloading cell object(W22, 19), (L6, 3)
<22:47:51> [745BAE2F][Warning] failed to stream material xml(game/objects/characters/hariharan/female/parts/ar/obj/ha_f_ar_cloth227.mtl)
<22:47:51> [637AF710][Warning] missing chr material : game/objects/characters/hariharan/female/parts/ar/obj/ha_f_ar_cloth227.mtl (chr: game/objects/characters/hariharan/female/parts/ar/obj/ha_f_1ar106_1arm010.chr)
<22:48:01> [63ABB424][Warning] Facial sequence "fist_ba_combat_idle_rand_1" not listed in CAL file for character "game/objects/characters/hariharan/male/nude/ha_m_base.chr".
<22:48:05> [3EF08C47] seamless loading cell object(W17, 8), (L1, 3)
<22:48:07> [B866A294] seamless unloading cell terrain(W23, 21), (L7, 5)
<22:48:08> [3EF08C47] seamless loading cell object(W17, 9), (L1, 4)
<22:48:14> [B866A294] seamless unloading cell terrain(W23, 18), (L7, 2)
<22:48:16> [B866A294] seamless unloading cell terrain(W21, 23), (L5, 7)
<22:48:22> [3EF08C47] seamless loading cell object(W19, 6), (L3, 1)
<22:48:22> [A4D70365][Warning] rigid-body own-entity; prefab=Prefabs/interaction.xml/toy.crane node=AnimObject_1
<22:48:23> [745BAE2F][Warning] failed to stream material xml(game/objects/env/02_harihara/04_su/Standardmaterial.mtl)
<22:48:23> [CE0EF930][Warning] failed to stream cgf : default
<22:48:23> [637AF710][Warning] missing chr material : game/objects/characters/nuian/female/parts/ar/obj/nu_f_ar_cloth495.mtl (chr: game/objects/characters/nuian/female/parts/ar/obj/nu_f_1ar906_1arm012_1sh010_n.chr)
<22:48:40> [7AB931CE] seamless unloading cell object(W21, 21), (L5, 5)
<22:48:41> [B866A294] seamless unloading cell terrain(W22, 22), (L6, 6)
<22:48:44> [B866A294] seamless unloading cell terrain(W23, 20), (L7, 4)
<22:48:44> [7B1A973B] seamless loading cell terrain(W16, 6), (L0, 1)
<22:48:48> [3EF08C47] seamless loading cell object(W17, 7), (L1, 2)
<22:48:48> [188BF914][Warning] [EntityLoader] invalid entity pos(1172.249, 2147.883, 0.000) name(AAC_Mahadevi_Ext_1)
<22:48:49> [7B1A973B] seamless loading cell terrain(W17, 5), (L1, 0)
<22:48:52> [B866A294] seamless unloading cell terrain(W23, 19), (L7, 3)
<22:48:59> [3EF08C47] seamless loading cell object(W18, 6), (L2, 1)
<22:48:59> [745BAE2F][Warning] failed to stream material xml(game/objects/env/02_harihara/04_su/Standardmaterial.mtl)
<22:48:59> [A4D70365][Warning] rigid-body own-entity; prefab=Prefabs/interaction.xml/toy.crane node=AnimObject_1
<22:48:59> [CF3B9C70][Warning] Cannot load texture game/objects/characters/animals/pangolin_baby/pangolin_red_baby/pangolin_red_baby_sss.dds, file missing [File=game/objects/characters/animals/pangolin_baby/pangolin_red_baby/pangolin_red_baby_sss.dds]
<22:48:59> [48F1D8BC][Warning] Error: CShaderMan::mfCreateShaderResources: Couldn't find subsurface texture 'game/objects/characters/animals/pangolin_baby/pangolin_red_baby/pangolin_red_baby_sss.dds' in path '' [File=game/objects/characters/animals/pangolin_baby/pangolin_red_baby/pangolin_red_baby_sss.dds]
<22:48:59> [62232BEA][Warning] deferred xml stream error - game/animations/animals/pangolin_baby/lmg_files/normal_run.lmg : f0000003
<22:48:59> [CE0EF930][Warning] failed to stream cgf : default
<22:48:59> [3EF08C47] seamless loading cell object(W20, 6), (L4, 1)
<22:49:03> [B866A294] seamless unloading cell terrain(W20, 23), (L4, 7)
<22:49:08> [B866A294] seamless unloading cell terrain(W18, 23), (L2, 7)
<22:49:11> [A4D70365][Warning] rigid-body own-entity; prefab=prefabs/carriage.xml/carriage.carriageb node=AnimObject_55
<22:49:16> [745BAE2F][Warning] failed to stream material xml(game/objects/characters/hariharan/male/parts/pt/obj/ha_m_pt_cloth139.mtl)
<22:49:16> [637AF710][Warning] missing chr material : game/objects/characters/hariharan/male/parts/ar/obj/ha_m_ar_cloth239.mtl (chr: game/objects/characters/hariharan/male/parts/ar/obj/ha_m_1ar105.chr)
<22:49:20> [CCFBC94A][Warning] Cannot load texture game/objects/characters/animals/cat_baby_cat/cat_baby_black_pet_df.dds, file missing [File=game/objects/characters/animals/cat_baby_cat/cat_baby_black_pet_df.dds]
<22:49:20> [8BC8B87E][Warning] Error: CShaderMan::mfCreateShaderResources: Couldn't find subsurface texture 'game/objects/characters/animals/cat_baby_cat/cat_baby_black_pet_df.dds' in path '' [File=game/objects/characters/animals/cat_baby_cat/cat_baby_black_pet_df.dds]
<22:49:20> [F724A392][Error] CryAnimation:: Trying to load animation with alias "fist_ba_relaxed_idle_rand_2" from file "animations/animals/welsh_corgi/fist/fist_ba_relaxed_idle_rand.caf" into the animation container. Such animation alias already exists and uses file "animations/animals/welsh_corgi/fist/fist_ba_relaxed_idle_rand_2.caf". Please use another animation alias.
<22:49:22> [A4D70365][Warning] rigid-body own-entity; prefab=Prefabs/interaction_c.xml/furniture.aquarium_a_fish node=AnimObject_38
<22:49:23> [745BAE2F][Warning] failed to stream material xml(game/objects/characters/monster/library_monsterbook/library_monsterbook_a.mtl)
<22:49:23> [637AF710][Warning] missing chr material : game/objects/characters/monster/library_monsterbook/library_monsterbook_a.mtl (chr: game/objects/characters/monster/library_monsterbook/library_monsterbook_a.chr)
<22:49:23> [000004EE][Warning] [CGF Error] game/objects/env/01_nuia/001_ndeco/ndeco_dboss.cgf [:] LOD1 of geometry  contains too many polygons comparing to the LOD0 [2373 against 3082] :
<22:49:23> [000004EE][Warning] I3DEngine::RegisterEntity: entity reports invalid position: Name: LightEntityName (), Class: LightEntityClass, Pos=(5349.2,-597.5,5426.2), aabb center=(3391.8,3644.0,212.9)
<22:49:27> [73EB452A][Warning] Cannot load texture game/objects/env/01_nuia/06_mari/mari_city_templein_relic_a_ddn.dds, file missing [File=game/objects/env/01_nuia/06_mari/mari_city_templein_relic_a_ddn.dds]
<22:49:29> [745BAE2F][Warning] failed to stream material xml(game/objects/env/01_nuia/001_housing/housing_house/hari_housing_test.mtl)
<22:49:30> [000004EE][Warning] [CGF Error] game/objects/env/01_nuia/001_housing/housing_house/housing_addon_roof_a.cgf [:] LOD1 of geometry  contains too many polygons comparing to the LOD0 [2104 against 3035] :
<22:49:30> [B866A294] seamless unloading cell terrain(W19, 23), (L3, 7)
<22:49:31> [000004EE][Warning] I3DEngine::RegisterEntity: entity reports invalid position: Name: LightEntityName (), Class: LightEntityClass, Pos=(5285.4,-653.0,5432.6), aabb center=(3341.9,3593.3,218.1)
<22:49:34> [A4D70365][Warning] rigid-body own-entity; prefab=prefabs/interaction_c.xml/toy.slotmachine_ca node=AnimObject_64
<22:49:34> [CC9C1C00][Warning] Cannot load texture game/objects/env/01_nuia/001_ndeco/ndeco_slotboard_a.dds, file missing [File=game/objects/env/01_nuia/001_ndeco/ndeco_slotboard_a.dds]
<22:49:41> [745BAE2F][Warning] failed to stream material xml(game/objects/env/01_nuia/001_housing/housing_furniture/Standard_13.mtl)
<22:49:41> [000004EE][Warning] [CGF Error] game/objects/env/01_nuia/001_housing/housing_furniture/hs_f_safe_d.cgf [:] LOD1 of geometry hs_f_safe_d contains too many polygons comparing to the LOD0 [1606 against 2318] :
<22:49:41> [000004EE][Warning] [CGF Error] game/objects/env/01_nuia/001_housing/housing_furniture/hs_f_safe_e.cgf [:] non-uniform scale(1.00, 1.03, 1.00) at node(hs_f_safe_e)
<22:49:46> [745BAE2F][Warning] failed to stream material xml(game/objects/env/06_unit/06_glider/glider_b_lv_c_brop01.mtl)
<22:49:46> [00DCF04C][Warning] Cannot load texture game/objects/characters/ferre/female/test/fe_f_nude_fur_df.dds, file missing [File=game/objects/characters/ferre/female/test/fe_f_nude_fur_df.dds]
<22:49:48> [7AB931CE] seamless unloading cell object(W21, 20), (L5, 4)
<22:49:57> [745BAE2F][Warning] failed to stream material xml(game/$picking.mtl)
<22:49:57> [637AF710][Warning] missing chr material : game/objects/characters/nuian/male/parts/hm/obj/nu_m_hm_cloth135.mtl (chr: game/objects/characters/nuian/male/parts/hm/obj/nu_m_2hm104.chr)
<22:49:57> [4BF1C05C][Warning] Cannot load texture game/objects/env/01_nuia/001_housing/housing_house/housing_house_equipment_glow.dds, file missing [File=game/objects/env/01_nuia/001_housing/housing_house/housing_house_equipment_glow.dds]
<22:49:57> [BF0124EC][Warning] Error: CShaderMan::mfCreateShaderResources: Couldn't find decal texture 'game/objects/Env/01_nuia/001_housing/housing_house/housing_house_equipment_glow.dds' in path '' [File=game/objects/Env/01_nuia/001_housing/housing_house/housing_house_equipment_glow.dds]
<22:49:59> [B866A294] seamless unloading cell terrain(W22, 21), (L6, 5)
<22:49:59> [7AB931CE] seamless unloading cell object(W20, 21), (L4, 5)
<22:50:04> [B866A294] seamless unloading cell terrain(W21, 22), (L5, 6)
<22:50:07> [7B1A973B] seamless loading cell terrain(W16, 5), (L0, 0)
<22:50:08> [3EF08C47] seamless loading cell object(W17, 6), (L1, 1)
<22:50:13> [F9376E0D][Warning] [flow] FG-0x87F6FBA4-Entity 'AnimObject_19' was destroyed with pending updates/activations. Report follows...
<22:50:13> [A8F1529E][Warning] [flow] Pending nodes:
<22:50:19> [745BAE2F][Warning] failed to stream material xml(game/objects/env/02_harihara/04_su/Standardmaterial.mtl)
<22:50:23> [000004EE][Warning] [CGF Error] game/objects/item/interaction/dragon_statue/dragon_tree_statue.cgf [:] LOD1 of geometry  contains too many polygons comparing to the LOD0 [1622 against 2418] :
<22:50:23> [000004EE][Warning] I3DEngine::RegisterEntity: entity reports invalid position: Name: LightEntityName (), Class: LightEntityClass, Pos=(4952.2,-1102.9,5428.3), aabb center=(3155.5,3191.4,200.4)
<22:50:23> [CA175C82][Warning] non-stream IO. system(CGF), filePath(Objects/Env/01_nuia/001_housing/housing_house/housing_tree_spider.cgf)
<22:50:23> [BF8BE32F][Warning] Cannot load texture game/objects/env/01_nuia/001_housing/housing_house/housing_tree_base_sp.dds, file missing [File=game/objects/env/01_nuia/001_housing/housing_house/housing_tree_base_sp.dds]
<22:50:23> [755A3546][Warning] Error: CShaderMan::mfCreateShaderResources: Couldn't find custom secondary texture 'game/objects/env/01_nuia/001_housing/housing_house/nuia_housing_treemossy03_ddn.dds' in path '' [File=game/objects/env/01_nuia/001_housing/housing_house/nuia_housing_treemossy03_ddn.dds]
<22:50:30> [5132FEDE][Warning] invalid attached position(17.04, -24.13, -0.33)
<22:50:30> [A4D70365][Warning] rigid-body own-entity; prefab=prefabs/interaction_c.xml/furniture.kraken_prop_am node=AnimObject_144
<22:50:30> [745BAE2F][Warning] failed to stream material xml(game/$picking.mtl)
<22:50:30> [83CB8AF3][Warning] Cannot load texture game/objects/env/01_nuia/001_housing/housing_house/jack_house_low_wallout_sp.dds, file missing [File=game/objects/env/01_nuia/001_housing/housing_house/jack_house_low_wallout_sp.dds]
<22:50:36> [7AB931CE] seamless unloading cell object(W21, 18), (L5, 2)
<22:50:38> [5132FEDE][Warning] invalid attached position(-20.98, -20.95, -0.20)
<22:50:38> [745BAE2F][Warning] failed to stream material xml(game/$picking.mtl)
<22:50:39> [7AB931CE] seamless unloading cell object(W21, 19), (L5, 3)
<22:50:40> [BB790A81] origin change campos : 3071.94, 3121.005615
<22:50:40> [00000020]  
<22:50:40> [00000020]  
<22:50:40> [A581FA6D] -----------------------------------------------------------------------------
<22:50:40> [1DAA5677] SeamlessSystem::ChangeOrigin() : Here we go. Old(16,5) -> New(15,4)
<22:50:40> [A581FA6D] -----------------------------------------------------------------------------
<22:50:40> [00000020]  
<22:50:40> [00000020]  
<22:50:40> [7B1A973B] seamless loading cell terrain(W15, 8), (L0, 4)
<22:50:40> [1054BE80][Warning] WaterVolume Origin Change error : Err(-1024.0, -1024.0), CurrPos(17741.8, 7790.1), Origin Frame(13, 14)
<22:50:40> [7B1A973B] seamless loading cell terrain(W15, 7), (L0, 3)
<22:50:40> [7B1A973B] seamless loading cell terrain(W18, 4), (L3, 0)
<22:50:40> [7B1A973B] seamless loading cell terrain(W19, 4), (L4, 0)
<22:50:40> [7B1A973B] seamless loading cell terrain(W15, 9), (L0, 5)
<22:50:40> [7B1A973B] seamless loading cell terrain(W15, 6), (L0, 2)
<22:50:41> [7B1A973B] seamless loading cell terrain(W17, 4), (L2, 0)
<22:50:45> [A4D70365][Warning] rigid-body own-entity; prefab=prefabs/interaction_c.xml/furniture.kraken_prop_al node=AnimObject_144
<22:50:45> [745BAE2F][Warning] failed to stream material xml(game/$picking.mtl)
<22:50:45> [13B09A43][Warning] Cannot load texture game/textures/cubemaps/cxpgame/objects/env/01_nuia/001_housing/housing_furniture/hs_f_cookie_chair_df.dds_river.dds, file missing [File=game/textures/cubemaps/cxpgame/objects/env/01_nuia/001_housing/housing_furniture/hs_f_cookie_chair_df.dds_river.dds]
<22:50:45> [C4901C15][Warning] Error: CShaderMan::mfCreateShaderResources: Couldn't find detail texture
'game/textures/cubemaps/cxpgame/objects/env/01_nuia/001_housing/housing_furniture/hs_f_cookie_chair_df.dds_river.dds' in path '' [File=game/textures/cubemaps/cxpgame/objects/env/01_nuia/001_housing/housing_furniture/hs_f_cookie_chair_df.dds_river.dds]
<22:50:45> [DE20B351][Warning] Flow Graph Node targets unknown entity guid: 4aeefc04e8c803c0
<22:50:48> [7AB931CE] seamless unloading cell object(W19, 21), (L4, 6)
<22:50:55> [F9376E0D][Warning] [flow] FG-0x8A29F184-Entity 'AnimObject_19' was destroyed with pending updates/activations. Report follows...
<22:50:55> [A8F1529E][Warning] [flow] Pending nodes:
<22:50:56> [3EF08C47] seamless loading cell object(W16, 8), (L1, 4)
<22:50:56> [9684057F][Warning] Cannot load texture game/objects/env/01_nuia/001_ndeco/old/rope_a_ddn.dds, file missing [File=game/objects/env/01_nuia/001_ndeco/old/rope_a_ddn.dds]
<22:50:56> [745BAE2F][Warning] failed to stream material xml(game/objects/env/08_dungeon/06_instance_prologue/sr_harbor_stair.mtl)
<22:50:57> [3EF08C47] seamless loading cell object(W16, 7), (L1, 3)
<22:50:59> [B866A294] seamless unloading cell terrain(W22, 17), (L7, 2)
<22:51:00> [F9376E0D][Warning] [flow] FG-0x9FEF957C-Entity 'AnimObject_19' was destroyed with pending updates/activations. Report follows...
<22:51:00> [A8F1529E][Warning] [flow] Pending nodes:
<22:51:01> [B866A294] seamless unloading cell terrain(W22, 20), (L7, 5)
<22:51:07> [745BAE2F][Warning] failed to stream material xml(game/objects/characters/hariharan/female/parts/gv/obj/ha_f_gv_cloth158.mtl)
<22:51:07> [637AF710][Warning] missing chr material : game/objects/characters/hariharan/female/parts/bo/obj/ha_f_bo_cloth156.mtl (chr: game/objects/characters/hariharan/female/parts/bo/obj/ha_f_1bo403.chr)
<22:51:14> [F9376E0D][Warning] [flow] FG-0x82813C64-Entity 'AnimObject_19' was destroyed with pending updates/activations. Report follows...
<22:51:14> [A8F1529E][Warning] [flow] Pending nodes:
<22:51:32> [B866A294] seamless unloading cell terrain(W22, 18), (L7, 3)
<22:51:33> [A4D70365][Warning] rigid-body own-entity; prefab=prefabs/interaction_c.xml/furniture.kraken_prop_am node=AnimObject_144
<22:51:34> [CCFBC94A][Warning] Cannot load texture game/objects/characters/animals/cat_baby_cat/cat_baby_black_pet_df.dds, file missing [File=game/objects/characters/animals/cat_baby_cat/cat_baby_black_pet_df.dds]
<22:51:34> [8BC8B87E][Warning] Error: CShaderMan::mfCreateShaderResources: Couldn't find subsurface texture 'game/objects/characters/animals/cat_baby_cat/cat_baby_black_pet_df.dds' in path '' [File=game/objects/characters/animals/cat_baby_cat/cat_baby_black_pet_df.dds]
<22:51:34> [000004EE][Warning] [CGF Error] game/objects/env/01_nuia/001_ncom/ncom_xmas_musicbox.cga [:] Duplicate LOD helper $lod1 ncom_xmas_musicbox_top
<22:51:34> [7AB931CE] seamless unloading cell object(W20, 17), (L5, 2)
<22:51:36> [5132FEDE][Warning] invalid attached position(19.21, -20.49, 80.04)
<22:51:36> [745BAE2F][Warning] failed to stream material xml(game/$picking.mtl)
<22:51:36> [000004EE][Warning] I3DEngine::RegisterEntity: entity reports invalid position: Name: LightEntityName (), Class: LightEntityClass, Pos=(5225.9,-65.5,5452.0), aabb center=(3623.8,4287.4,209.3)
<22:51:36> [B866A294] seamless unloading cell terrain(W21, 16), (L6, 1)
<22:51:38> [7B1A973B] seamless loading cell terrain(W15, 10), (L0, 6)
<22:51:39> [637AF710][Warning] missing chr material : game/objects/characters/ferre/male/parts/bo/obj/fe_m_bo_cloth209.mtl (chr: game/objects/characters/ferre/male/parts/bo/obj/fe_m_1bo301.chr)
<22:51:39> [B866A294] seamless unloading cell terrain(W22, 19), (L7, 4)
<22:51:39> [4ABF8F2E][Warning] Cannot load texture game/objects/env/02_harihara/001_hdeco/quest/hdeco_quest_book_a_ddn.dds, file missing [File=game/objects/env/02_harihara/001_hdeco/quest/hdeco_quest_book_a_ddn.dds]
<22:51:41> [3EF08C47] seamless loading cell object(W16, 9), (L1, 5)
<22:51:41> [745BAE2F][Warning] failed to stream material xml(game/objects/env/08_dungeon/06_instance_prologue/sr_harbor_stair.mtl)
<22:51:54> [7B1A973B] seamless loading cell terrain(W16, 11), (L1, 7)
<22:52:04> [F9376E0D][Warning] [flow] FG-0x9ADD09F4-Entity 'AnimObject_46' was destroyed with pending updates/activations. Report follows...
<22:52:04> [A8F1529E][Warning] [flow] Pending nodes:
<22:52:12> [A4D70365][Warning] rigid-body own-entity; prefab=Prefabs/interaction_c.xml/furniture.aquarium_a_fish node=AnimObject_38
<22:52:12> [745BAE2F][Warning] failed to stream material xml(game/$picking.mtl)
<22:52:13> [637AF710][Warning] missing chr material : game/objects/characters/hariharan/male/parts/pt/obj/ha_m_pt_cloth250.mtl (chr: game/objects/characters/hariharan/male/parts/pt/obj/ha_m_1pt900.chr)
<22:52:14> [3EF08C47] seamless loading cell object(W17, 10), (L2, 6)
<22:52:16> [000004EE][Warning] [CGF Error] game/objects/env/01_nuia/001_housing/housing_furniture/hs_f_safe_d.cgf [:] LOD1 of geometry hs_f_safe_d contains too many polygons comparing to the LOD0 [1606 against 2318] :
<22:52:17> [CD7EA36C][Warning] Cannot load texture game/objects/characters/monster/1111/bee_df.dds, file missing [File=game/objects/characters/monster/1111/bee_df.dds]
<22:52:17> [32D9BEB8][Warning] Error: CShaderMan::mfCreateShaderResources: Couldn't find subsurface texture 'game/objects/characters/monster/1111/bee_df.dds' in path '' [File=game/objects/characters/monster/1111/bee_df.dds]
<22:52:22> [7AB931CE] seamless unloading cell object(W20, 20), (L5, 5)
<22:52:22> [B866A294] seamless unloading cell terrain(W19, 15), (L4, 0)
<22:52:33> [B866A294] seamless unloading cell terrain(W21, 21), (L6, 6)
<22:52:33> [62AE7A26][Warning] Cannot load texture objects/characters/monster/brokencorpse/test01.dds, file missing [File=objects/characters/monster/brokencorpse/test01.dds]
<22:52:33> [A894C680][Warning] Error: CShaderMan::mfCreateShaderResources: Couldn't find custom texture 'objects/characters/monster/brokencorpse/test01.tif' in path '' [File=objects/characters/monster/brokencorpse/test01.tif]
<22:52:33> [745BAE2F][Warning] failed to stream material xml(game/objects/characters/hariharan/male/parts/hm/obj/ha_m_hm_cloth001.mtl)
<22:52:33> [637AF710][Warning] missing chr material : game/objects/characters/hariharan/male/parts/hm/obj/ha_m_hm_cloth001.mtl (chr: game/objects/characters/hariharan/male/parts/hm/obj/ha_m_3hm108.chr)
<22:52:41> [B866A294] seamless unloading cell terrain(W20, 22), (L5, 7)
<22:52:44> [7AB931CE] seamless unloading cell object(W20, 18), (L5, 3)
<22:52:45> [7B1A973B] seamless loading cell terrain(W15, 5), (L0, 1)
<22:52:47> [3EF08C47] seamless loading cell object(W16, 6), (L1, 2)
<22:52:57> [BB790A81] origin change campos : 3071.93, 4393.958008
<22:52:57> [00000020]  
<22:52:57> [00000020]  
<22:52:57> [A581FA6D] -----------------------------------------------------------------------------
<22:52:57> [1DAA5677] SeamlessSystem::ChangeOrigin() : Here we go. Old(15,4) -> New(14,4)
<22:52:57> [A581FA6D] -----------------------------------------------------------------------------
<22:52:57> [00000020]  
<22:52:57> [00000020]  
<22:52:57> [7B1A973B] seamless loading cell terrain(W14, 8), (L0, 4)
<22:52:57> [1054BE80][Warning] WaterVolume Origin Change error : Err(-1024.0, 0.0), CurrPos(18699.6, 8256.4), Origin Frame(14, 15)
<22:52:57> [7B1A973B] seamless loading cell terrain(W14, 7), (L0, 3)
<22:52:57> [7B1A973B] seamless loading cell terrain(W14, 9), (L0, 5)
<22:52:59> [A4D70365][Warning] rigid-body own-entity; prefab=prefabs/carriage.xml/carriage.carriageb node=AnimObject_55
<22:53:01> [7AB931CE] seamless unloading cell object(W20, 18), (L6, 4)
<22:53:01> [B866A294] seamless unloading cell terrain(W21, 16), (L7, 2)
<22:53:08> [3EF08C47] seamless loading cell object(W15, 8), (L1, 4)
<22:53:09> [745BAE2F][Warning] failed to stream material xml(game/objects/characters/hariharan/male/parts/ar/obj/ha_m_ar_metal225.mtl)
<22:53:09> [637AF710][Warning] missing chr material : game/objects/characters/hariharan/male/parts/ar/obj/ha_m_ar_metal225.mtl (chr: game/objects/characters/hariharan/male/parts/ar/obj/ha_m_1ar107_1arm001_3arm003_3bt002_3sh022_4ac001.chr)
<22:53:10> [7B1A973B] seamless loading cell terrain(W14, 6), (L0, 2)
<22:53:23> [3EF08C47] seamless loading cell object(W15, 7), (L1, 3)
<22:53:26> [745BAE2F][Warning] failed to stream material xml(game/objects/env/08_dungeon/06_instance_prologue/sr_harbor_stair.mtl)
<22:53:30> [B866A294] seamless unloading cell terrain(W21, 19), (L7, 5)
<22:53:35> [7AB931CE] seamless unloading cell object(W19, 16), (L5, 2)
<22:53:36> [B866A294] seamless unloading cell terrain(W20, 15), (L6, 1)
<22:53:42> [7B1A973B] seamless loading cell terrain(W14, 10), (L0, 6)
<22:53:43> [745BAE2F][Warning] failed to stream material xml(game/objects/characters/nuian/female/parts/bo/obj/nu_f_bo_cloth142.mtl)
<22:53:43> [637AF710][Warning] missing chr material : game/objects/characters/nuian/female/parts/ar/obj/nu_f_ar_cloth495.mtl (chr: game/objects/characters/nuian/female/parts/ar/obj/nu_f_1ar906_1arm012_1sh010_n.chr)
<22:53:45> [B866A294] seamless unloading cell terrain(W21, 17), (L7, 3)
<22:53:49> [3EF08C47] seamless loading cell object(W15, 9), (L1, 5)
<22:53:49> [7B1A973B] seamless loading cell terrain(W15, 11), (L1, 7)
<22:53:53> [B866A294] seamless unloading cell terrain(W21, 18), (L7, 4)
<22:53:59> [7B1A973B] seamless loading cell terrain(W16, 4), (L2, 0)
<22:54:01> [745BAE2F][Warning] failed to stream material xml(game/objects/characters/hariharan/female/parts/pt/obj/ha_f_pt_leather205.mtl)
<22:54:01> [637AF710][Warning] missing chr material : game/objects/characters/hariharan/female/parts/ar/obj/ha_f_ar_cloth059.mtl (chr: game/objects/characters/hariharan/female/parts/ar/obj/ha_f_1ar110_1arm006.chr)
<22:54:05> [CE0EF930][Warning] failed to stream cgf : default
<22:54:05> [000004EE][Warning] Particle effect not found: 'game/abillity_skill_table_m.magic.vital_absorb_form', from unknown 
<22:54:06> [4FC35136][Warning] Cannot load texture game/objects/characters/texture/cp/nu_m_cp_cloth044_df.dds, file missing [File=game/objects/characters/texture/cp/nu_m_cp_cloth044_df.dds]
<22:54:06> [745BAE2F][Warning] failed to stream material xml(game/objects/characters/hariharan/male/parts/hm/obj/ha_m_hm_cloth001.mtl)
<22:54:06> [637AF710][Warning] missing chr material : game/objects/characters/hariharan/male/parts/hm/obj/ha_m_hm_cloth001.mtl (chr: game/objects/characters/hariharan/male/parts/hm/obj/ha_m_1hm106.chr)
<22:54:08> [3EF08C47] seamless loading cell object(W16, 10), (L2, 6)
<22:54:14> [7B1A973B] seamless loading cell terrain(W14, 5), (L0, 1)
<22:54:15> [3EF08C47] seamless loading cell object(W15, 6), (L1, 2)
<22:54:25> [63ABB424][Warning] Facial sequence "fist_ac_whistle" not listed in CAL file for character "game/objects/characters/hariharan/male/nude/ha_m_base.chr".
<22:54:26> [B95EE41B][Error] invalid parent unit id(23382)
<22:54:34> [A4D70365][Warning] rigid-body own-entity; prefab=prefabs/carriage.xml/carriage.carriageb node=AnimObject_55
<22:54:43> [7B1A973B] seamless loading cell terrain(W15, 4), (L1, 0)
<22:54:46> [7AB931CE] seamless unloading cell object(W19, 19), (L5, 5)
<22:54:48> [7AB931CE] seamless unloading cell object(W18, 20), (L4, 6)
<22:54:53> [B866A294] seamless unloading cell terrain(W20, 20), (L6, 6)
<22:54:58> [B866A294] seamless unloading cell terrain(W19, 21), (L5, 7)
<22:54:59> [745BAE2F][Warning] failed to stream material xml(game/objects/characters/hariharan/male/parts/hm/obj/ha_m_hm_cloth001.mtl)
<22:54:59> [637AF710][Warning] missing chr material : game/objects/characters/hariharan/male/parts/gv/obj/ha_m_gv_cloth037.mtl (chr: game/objects/characters/hariharan/male/parts/gv/obj/ha_m_1gv102.chr)
<22:55:02> [BB790A81] origin change campos : 3071.98, 4286.419922
<22:55:02> [00000020]  
<22:55:02> [00000020]  
<22:55:02> [A581FA6D] -----------------------------------------------------------------------------
<22:55:02> [1DAA5677] SeamlessSystem::ChangeOrigin() : Here we go. Old(14,4) -> New(13,4)
<22:55:02> [A581FA6D] -----------------------------------------------------------------------------
<22:55:02> [00000020]  
<22:55:02> [00000020]  
<22:55:02> [7B1A973B] seamless loading cell terrain(W13, 8), (L0, 4)
<22:55:02> [3EF08C47] seamless loading cell object(W14, 8), (L1, 4)
<22:55:02> [7B1A973B] seamless loading cell terrain(W13, 7), (L0, 3)
<22:55:02> [7B1A973B] seamless loading cell terrain(W13, 9), (L0, 5)
<22:55:02> [7B1A973B] seamless loading cell terrain(W13, 6), (L0, 2)
<22:55:02> [3EF08C47] seamless loading cell object(W14, 7), (L1, 3)
<22:55:17> [7AB931CE] seamless unloading cell object(W19, 16), (L6, 3)
<22:55:23> [7B1A973B] seamless loading cell terrain(W14, 11), (L1, 7)
<22:55:28> [7B1A973B] seamless loading cell terrain(W13, 10), (L0, 6)
<22:55:30> [3EF08C47] seamless loading cell object(W15, 10), (L2, 6)
<22:55:31> [B866A294] seamless unloading cell terrain(W18, 13), (L5, 0)
<22:55:42> [3EF08C47] seamless loading cell object(W14, 9), (L1, 5)
<22:55:47> [B866A294] seamless unloading cell terrain(W20, 15), (L7, 2)
<22:55:53> [04FA8364][Warning] Cannot load texture game/objects/characters/nuian/male/hair/hair_texture/, file missing [File=game/objects/characters/nuian/male/hair/hair_texture/]
<22:55:53> [745BAE2F][Warning] failed to stream material xml(game/objects/characters/hariharan/male/parts/pt/obj/ha_m_pt_cloth250.mtl)
<22:55:53> [637AF710][Warning] missing chr material : game/objects/characters/hariharan/male/parts/pt/obj/ha_m_pt_cloth250.mtl (chr: game/objects/characters/hariharan/male/parts/pt/obj/ha_m_1pt900.chr)
<22:55:56> [7AB931CE] seamless unloading cell object(W19, 17), (L6, 4)
<22:56:02> [04FA8364][Warning] Cannot load texture game/objects/characters/nuian/male/hair/hair_texture/, file missing [File=game/objects/characters/nuian/male/hair/hair_texture/]
<22:56:32> [7AB931CE] seamless unloading cell object(W18, 15), (L5, 2)
<22:56:35> [B866A294] seamless unloading cell terrain(W19, 14), (L6, 1)
<22:56:48> [745BAE2F][Warning] failed to stream material xml(game/objects/characters/nuian/female/parts/bo/obj/nu_f_bo_cloth142.mtl)
<22:56:48> [637AF710][Warning] missing chr material : game/objects/characters/nuian/female/parts/ar/obj/nu_f_ar_cloth495.mtl (chr: game/objects/characters/nuian/female/parts/ar/obj/nu_f_1ar906_1arm012_1sh010_n.chr)
<22:56:53> [745BAE2F][Warning] failed to stream material xml(game/objects/characters/ferre/male/parts/bo/metal/bo_metal205/fe_m_bo_metal205_grap01.mtl)
<22:56:53> [491B3718][Warning] Cannot load texture objects/characters/ferre/female/face/face01/fe_f_face01_fur_sss.dds, file missing [File=objects/characters/ferre/female/face/face01/fe_f_face01_fur_sss.dds]
<22:56:53> [5243B464][Warning] Error: CShaderMan::mfCreateShaderResources: Couldn't find subsurface texture 'objects/characters/ferre/female/face/face01/fe_f_face01_fur_sss.dds' in path '' [File=objects/characters/ferre/female/face/face01/fe_f_face01_fur_sss.dds]
<22:56:53> [637AF710][Warning] missing chr material : game/objects/characters/ferre/male/parts/bo/obj/fe_m_bo_metal205.mtl (chr: game/objects/characters/ferre/male/parts/bo/obj/fe_m_4bo101.chr)
<22:57:02> [B866A294] seamless unloading cell terrain(W17, 13), (L4, 0)
<22:57:03> [B866A294] seamless unloading cell terrain(W20, 16), (L7, 3)
<22:57:05> [B866A294] seamless unloading cell terrain(W15, 13), (L2, 0)
<22:57:06> [B866A294] seamless unloading cell terrain(W20, 18), (L7, 5)
<22:57:06> [745BAE2F][Warning] failed to stream material xml(game/objects/characters/hariharan/male/parts/bo/obj/ha_m_bo_cloth232.mtl)
<22:57:06> [637AF710][Warning] missing chr material : game/objects/characters/hariharan/male/parts/bo/obj/ha_m_bo_cloth232.mtl (chr: game/objects/characters/hariharan/male/parts/bo/obj/ha_m_1bf004_1bo901.chr)
<22:57:07> [04FA8364][Warning] Cannot load texture game/objects/characters/nuian/male/hair/hair_texture/, file missing [File=game/objects/characters/nuian/male/hair/hair_texture/]
<22:57:07> [BCCDC555][Warning] MakeSprite - too many sprite update (10). dropping.. (sprites : 43)
<22:57:12> [745BAE2F][Warning] failed to stream material xml(game/objects/characters/hariharan/male/parts/bo/obj/ha_m_bo_leather227.mtl)
<22:57:12> [04FA8364][Warning] Cannot load texture game/objects/characters/nuian/male/hair/hair_texture/, file missing [File=game/objects/characters/nuian/male/hair/hair_texture/]
<22:57:12> [637AF710][Warning] missing chr material : game/objects/characters/hariharan/male/parts/gv/obj/ha_m_gv_leather226.mtl (chr: game/objects/characters/hariharan/male/parts/gv/obj/ha_m_2gv201.chr)
<22:57:18> [745BAE2F][Warning] failed to stream material xml(game/objects/characters/ferre/female/face/fe_f_face00_whtp03.mtl)
<22:57:24> [745BAE2F][Warning] failed to stream material xml(game/objects/characters/ferre/male/hair/fe_m_hair002/fe_m_hair002_hm_type3_brop01.mtl)
<22:57:26> [637AF710][Warning] missing chr material : game/objects/characters/ferre/male/parts/ar/obj/fe_m_ar_cloth486.mtl (chr: game/objects/characters/ferre/male/parts/ar/obj/fe_m_2ac002_2sh019_5ar101.chr)
<22:57:29> [745BAE2F][Warning] failed to stream material xml(game/objects/characters/hariharan/male/parts/hm/obj/ha_m_hm_cloth999.mtl)
<22:57:32> [637AF710][Warning] missing chr material : game/objects/characters/hariharan/male/parts/hm/obj/ha_m_hm_cloth001.mtl (chr: game/objects/characters/hariharan/male/parts/hm/obj/ha_m_1hm172.chr)
<22:57:37> [B866A294] seamless unloading cell terrain(W20, 17), (L7, 4)
<22:57:42> [CE0EF930][Warning] failed to stream cgf : default
<22:57:42> [A5DDEC33][Warning] Warning: CShaderMan::mfForName: NULL name
<22:57:42> [B866A294] seamless unloading cell terrain(W16, 13), (L3, 0)
<22:57:43> [745BAE2F][Warning] failed to stream material xml(game/objects/characters/hariharan/female/parts/pt/obj/ha_f_pt_cloth201.mtl)
<22:57:43> [637AF710][Warning] missing chr material : game/objects/characters/hariharan/female/parts/pt/obj/ha_f_pt_cloth201.mtl (chr: game/objects/characters/hariharan/female/parts/pt/obj/ha_f_1pt702.chr)
<22:57:46> [7B1A973B] seamless loading cell terrain(W13, 11), (L0, 7)
<22:57:48> [3EF08C47] seamless loading cell object(W14, 10), (L1, 6)
<22:57:49> [745BAE2F][Warning] failed to stream material xml(game/objects/characters/hariharan/male/parts/ar/obj/ha_m_ar_metal042.mtl)
<22:57:49> [637AF710][Warning] missing chr material : game/objects/characters/hariharan/male/parts/ar/obj/ha_m_ar_metal042.mtl (chr: game/objects/characters/hariharan/male/parts/ar/obj/ha_m_1ar107_1arm001_3arm003_3bt002_3pv001_4ac001.chr)
<22:57:50> [4315AF15][Warning] Non 3dc normal map used (wrong on DX10): game/objects/item/aac/all/aa_summer/2h_spear/Powerpoint/aa_summer_pool_noodle_ddn.dds [File=game/objects/item/aac/all/aa_summer/2h_spear/Powerpoint/aa_summer_pool_noodle_ddn.dds]
<22:57:50> [5CE0EBF8][Warning] Not a normal map texture tried to be used as a normal map: game/objects/item/aac/all/aa_summer/2h_spear/Powerpoint/aa_summer_pool_noodle_sp.dds [File=game/objects/item/aac/all/aa_summer/2h_spear/Powerpoint/aa_summer_pool_noodle_sp.dds]
<22:57:50> [C45FAC6E][Warning] Cannot load texture game/objects/characters/test/glider_squirrel/glider_squirrel_df.dds, file missing [File=game/objects/characters/test/glider_squirrel/glider_squirrel_df.dds]
<22:57:50> [CD8829BA][Warning] Error: CShaderMan::mfCreateShaderResources: Couldn't find subsurface texture 'game/objects/characters/test/glider_squirrel/glider_squirrel_df.dds' in path '' [File=game/objects/characters/test/glider_squirrel/glider_squirrel_df.dds]
<22:57:52> [2363981C][Warning] chr material is not precached : game/objects/characters/ferre/male/hair/fe_m_hair014/fe_m_hair014.mtl (chr: game/objects/characters/ferre/male/hair/fe_m_hair014/fe_m_hair014.chr)
<22:57:52> [CA175C82][Warning] non-stream IO. system(Material), filePath(game/objects/characters/ferre/male/hair/fe_m_hair014/fe_m_hair014.mtl)
<22:57:55> [5132FEDE][Warning] invalid attached position(0.00, 21.44, 6.09)
<22:57:55> [745BAE2F][Warning] failed to stream material xml(game/objects/env/01_nuia/001_ncom/01 - Default.mtl)
<22:57:56> [637AF710][Warning] missing chr material : game/objects/env/06_unit/01_ship/w_middleship/galleon_01.mtl (chr: game/objects/env/06_unit/01_ship/w_middleship/w_middleship_sail_b.chr)
<22:57:56> [DD6CD685][Warning] grand child physical proxy is not supported. grandpa(Enoan Galleon: Sample), dad(prefab_doodad_model_572346_prefab://Prefabs/galleon.xml/galleon.galleon_helms), child(galleon_helms_1)
<22:58:01> [745BAE2F][Warning] failed to stream material xml(game/objects/characters/hariharan/male/parts/all/leather/leather182/Material #988.mtl)
<22:58:01> [637AF710][Warning] missing chr material : game/objects/characters/hariharan/male/parts/cp/obj/ha_m_cp_leather002.mtl (chr: game/objects/characters/hariharan/male/parts/cp/obj/ha_m_1cp113.chr)
<22:58:07> [DD6CD685][Warning] grand child physical proxy is not supported. grandpa(Enoan Galleon: Sample), dad(prefab_doodad_model_572320_prefab://Prefabs/galleon.xml/galleon.galleon_helms), child(galleon_helms_1)
<22:58:07> [5132FEDE][Warning] invalid attached position(0.00, 21.44, 6.09)
<22:58:07> [CE0EF930][Warning] failed to stream cgf : default
<22:58:09> [745BAE2F][Warning] failed to stream material xml(game/objects/characters/hariharan/female/parts/hm/obj/ha_f_hm_cloth001.mtl)
<22:58:09> [637AF710][Warning] missing chr material : game/objects/characters/hariharan/female/parts/hm/obj/ha_f_hm_cloth001.mtl (chr: game/objects/characters/hariharan/female/parts/hm/obj/ha_f_1hm141.chr)
<22:58:09> [E46B221E][Warning] Cannot load texture game/objects/characters/monster/daru/daru_tamer/daru_tamer_sp.dds, file missing [File=game/objects/characters/monster/daru/daru_tamer/daru_tamer_sp.dds]
<22:58:11> [000004EE][Warning] Independent immortal particle effect spawned: X2_EFFECT_O.Interaction.enchant_wpn_range_honor_3g
<22:58:13> [000004EE][Warning] [CGF Error] game/objects/item/mace_2h/mace_2h_55_4/mace_2h_55_4.cgf [:] LOD1 of geometry  contains too many polygons comparing to the LOD0 [1110 against 1628] :
<22:58:13> [000004EE][Warning] Failed to load shader "Dynamiceffect_pul" in material "game/objects/characters/nuian/female/costume/nu_f_sk_tech001/nu_f_sk_tech_fx1"
<22:58:15> [745BAE2F][Warning] failed to stream material xml(game/objects/characters/ferre/male/parts/gv/cloth/gv_cloth226/fe_m_gv_cloth226_grap01.mtl)
<22:58:15> [637AF710][Warning] missing chr material : game/objects/characters/ferre/male/parts/gv/obj/fe_m_gv_cloth001.mtl (chr: game/objects/characters/ferre/male/parts/gv/obj/fe_m_1gv201.chr)
<22:58:19> [A0AEF1D1][Warning] Cannot load texture game/objects/characters/texture/cp/nu_m_1cp101_c_v01100_ddn.dds, file missing [File=game/objects/characters/texture/cp/nu_m_1cp101_c_v01100_ddn.dds]
<22:58:21> [745BAE2F][Warning] failed to stream material xml(game/objects/effects/keffect/p_fire_blue1a.mtl)
<22:58:22> [CA175C82][Warning] non-stream IO. system(CGF), filePath(objects/box.cgf)
<22:58:24> [5243B464][Warning] Error: CShaderMan::mfCreateShaderResources: Couldn't find subsurface texture 'objects/characters/ferre/female/face/face01/fe_f_face01_fur_sss.dds' in path '' [File=objects/characters/ferre/female/face/face01/fe_f_face01_fur_sss.dds]
<22:58:24> [CFFE1C46][Error] Error streaming texture: Error 'Cannot open the file', Texture: game/objects/editor/suithelper/gradf.dds
<22:58:24> [B95EE41B][Error] invalid parent unit id(90560)
<22:58:25> [DD6CD685][Warning] grand child physical proxy is not supported. grandpa(Badmotherfckr), dad(prefab_doodad_model_583839_prefab://Prefabs/galleon.xml/galleon.galleon_helms), child(galleon_helms_1)
<22:58:26> [637AF710][Warning] missing chr material : game/objects/characters/hariharan/male/parts/hm/obj/ha_m_hm_cloth001.mtl (chr: game/objects/characters/hariharan/male/parts/hm/obj/ha_m_1hm133.chr)
<22:58:29> [CFFE1C46][Error] Error streaming texture: Error 'Cannot open the file', Texture: game/objects/editor/suithelper/gradf.dds
<22:58:34> [CFFE1C46][Error] Error streaming texture: Error 'Cannot open the file', Texture: game/objects/editor/suithelper/gradf.dds
<22:58:37> [CA175C82][Warning] non-stream IO. system(Material), filePath(game/materials/misc/rope/rope_fishing.mtl)
<22:58:39> [CFFE1C46][Error] Error streaming texture: Error 'Cannot open the file', Texture: game/objects/editor/suithelper/gradf.dds
<22:58:39> [B95EE41B][Error] invalid parent unit id(85277)
<22:58:43> [000004EE][Warning] [Lua Error] 1_3_0/scripts/x2ui/characterinfo/character_info.lua:520: attempt to call method 'AnimForEquipped' (a nil value)
<22:58:44> [CFFE1C46][Error] Error streaming texture: Error 'Cannot open the file', Texture: game/objects/editor/suithelper/gradf.dds
<22:58:49> [000004EE][Warning] [Lua Error] 1_3_0/scripts/x2ui/characterinfo/character_info.lua:520: attempt to call method 'AnimForEquipped' (a nil value)
<22:58:49> [CFFE1C46][Error] Error streaming texture: Error 'Cannot open the file', Texture: game/objects/editor/suithelper/gradf.dds
<22:58:54> [B95EE41B][Error] invalid parent unit id(90560)
<22:58:54> [CFFE1C46][Error] Error streaming texture: Error 'Cannot open the file', Texture: game/objects/editor/suithelper/gradf.dds
<22:58:55> [000004EE][Warning] [Lua Error] 1_3_0/scripts/x2ui/characterinfo/character_info.lua:520: attempt to call method 'AnimForEquipped' (a nil value)
<22:58:58> [CA175C82][Warning] non-stream IO. system(Material), filePath(game/materials/misc/rope/rope_fishing.mtl)
<22:58:59> [CFFE1C46][Error] Error streaming texture: Error 'Cannot open the file', Texture: game/objects/editor/suithelper/gradf.dds
<22:59:00> [000004EE][Warning] [Lua Error] 1_3_0/scripts/x2ui/characterinfo/character_info.lua:520: attempt to call method 'AnimForEquipped' (a nil value)
<22:59:04> [CFFE1C46][Error] Error streaming texture: Error 'Cannot open the file', Texture: game/objects/editor/suithelper/gradf.dds
<22:59:05> [745BAE2F][Warning] failed to stream material xml(game/materials/effects/fume_h_ssd.mtl)
<22:59:07> [000004EE][Warning] [Lua Error] 1_3_0/scripts/x2ui/characterinfo/character_info.lua:520: attempt to call method 'AnimForEquipped' (a nil value)
<22:59:09> [CFFE1C46][Error] Error streaming texture: Error 'Cannot open the file', Texture: game/objects/editor/suithelper/gradf.dds
<22:59:10> [CA175C82][Warning] non-stream IO. system(Material), filePath(game/materials/misc/rope/rope_fishing.mtl)
<22:59:14> [CFFE1C46][Error] Error streaming texture: Error 'Cannot open the file', Texture: game/objects/editor/suithelper/gradf.dds
<22:59:19> [CFFE1C46][Error] Error streaming texture: Error 'Cannot open the file', Texture: game/objects/editor/suithelper/gradf.dds
<22:59:24> [CFFE1C46][Error] Error streaming texture: Error 'Cannot open the file', Texture: game/objects/editor/suithelper/gradf.dds
<22:59:24> [CA175C82][Warning] non-stream IO. system(Material), filePath(game/materials/misc/rope/rope_fishing.mtl)
<22:59:29> [CFFE1C46][Error] Error streaming texture: Error 'Cannot open the file', Texture: game/objects/editor/suithelper/gradf.dds
<22:59:31> [000004EE][Warning] Particle effect not found: 'game/abillity_skill_table_m.fight.full_dot_end', from unknown 
<22:59:31> [B95EE41B][Error] invalid parent unit id(74358)
<22:59:31> [745BAE2F][Warning] failed to stream material xml(game/objects/characters/hariharan/female/parts/cp/obj/ha_f_cp_leather002.mtl)
<22:59:31> [637AF710][Warning] missing chr material : game/objects/characters/hariharan/female/parts/bo/obj/ha_f_bo_cloth486.mtl (chr: game/objects/characters/hariharan/female/parts/bo/obj/ha_f_1bf004_1bo201.chr)
<22:59:34> [CFFE1C46][Error] Error streaming texture: Error 'Cannot open the file', Texture: game/objects/editor/suithelper/gradf.dds
<22:59:39> [CFFE1C46][Error] Error streaming texture: Error 'Cannot open the file', Texture: game/objects/editor/suithelper/gradf.dds
<22:59:42> [CA175C82][Warning] non-stream IO. system(Material), filePath(game/materials/misc/rope/rope_fishing.mtl)
<22:59:44> [CFFE1C46][Error] Error streaming texture: Error 'Cannot open the file', Texture: game/objects/editor/suithelper/gradf.dds
<22:59:48> [CA175C82][Warning] non-stream IO. system(Material), filePath(game/materials/misc/rope/rope_fishing.mtl)
<22:59:49> [CFFE1C46][Error] Error streaming texture: Error 'Cannot open the file', Texture: game/objects/editor/suithelper/gradf.dds
<22:59:51> [B95EE41B][Error] invalid parent unit id(74358)
<22:59:54> [CFFE1C46][Error] Error streaming texture: Error 'Cannot open the file', Texture: game/objects/editor/suithelper/gradf.dds
<22:59:59> [CFFE1C46][Error] Error streaming texture: Error 'Cannot open the file', Texture: game/objects/editor/suithelper/gradf.dds
<23:00:02> [745BAE2F][Warning] failed to stream material xml(game/objects/characters/ferre/male/hair/fe_m_hair007/fe_m_hair007_hm_type3_brop02.mtl)
<23:00:03> [637AF710][Warning] missing chr material : game/objects/characters/ferre/male/parts/pt/obj/fe_m_pt_metal229.mtl (chr: game/objects/characters/ferre/male/parts/pt/obj/fe_m_1pt201_4th002.chr)
<23:00:05> [CFFE1C46][Error] Error streaming texture: Error 'Cannot open the file', Texture: game/objects/editor/suithelper/gradf.dds
<23:00:10> [CFFE1C46][Error] Error streaming texture: Error 'Cannot open the file', Texture: game/objects/editor/suithelper/gradf.dds
<23:00:15> [CFFE1C46][Error] Error streaming texture: Error 'Cannot open the file', Texture: game/objects/editor/suithelper/gradf.dds
<23:00:20> [CFFE1C46][Error] Error streaming texture: Error 'Cannot open the file', Texture: game/objects/editor/suithelper/gradf.dds
<23:00:24> [5F2B49C4][Warning] cell get sector zone : invalid sector pos (-15, -15)
<23:00:25> [CFFE1C46][Error] Error streaming texture: Error 'Cannot open the file', Texture: game/objects/editor/suithelper/gradf.dds
<23:00:28> [745BAE2F][Warning] failed to stream material xml(game/objects/characters/ferre/male/parts/gv/cloth/gv_cloth485/fe_m_gv_cloth485_grap02.mtl)
<23:00:28> [637AF710][Warning] missing chr material : game/objects/characters/ferre/male/parts/pt/obj/fe_m_pt_cloth159.mtl (chr: game/objects/characters/ferre/male/parts/pt/obj/fe_m_1pt901.chr)
<23:00:28> [4FC35136][Warning] Cannot load texture game/objects/characters/texture/cp/nu_m_cp_cloth044_df.dds, file missing [File=game/objects/characters/texture/cp/nu_m_cp_cloth044_df.dds]
<23:00:30> [CFFE1C46][Error] Error streaming texture: Error 'Cannot open the file', Texture: game/objects/editor/suithelper/gradf.dds
<23:00:35> [CFFE1C46][Error] Error streaming texture: Error 'Cannot open the file', Texture: game/objects/editor/suithelper/gradf.dds
<23:00:40> [CFFE1C46][Error] Error streaming texture: Error 'Cannot open the file', Texture: game/objects/editor/suithelper/gradf.dds
<23:00:42> [CA175C82][Warning] non-stream IO. system(Material), filePath(game/materials/misc/rope/rope_fishing.mtl)
<23:00:45> [CFFE1C46][Error] Error streaming texture: Error 'Cannot open the file', Texture: game/objects/editor/suithelper/gradf.dds
<23:00:50> [CFFE1C46][Error] Error streaming texture: Error 'Cannot open the file', Texture: game/objects/editor/suithelper/gradf.dds
<23:00:55> [CFFE1C46][Error] Error streaming texture: Error 'Cannot open the file', Texture: game/objects/editor/suithelper/gradf.dds
<23:01:00> [CFFE1C46][Error] Error streaming texture: Error 'Cannot open the file', Texture: game/objects/editor/suithelper/gradf.dds
<23:01:02> [745BAE2F][Warning] failed to stream material xml(game/objects/characters/ferre/male/parts/ar/cloth/ar_cloth168/fe_m_ar_cloth168_grap01.mtl)
<23:01:03> [637AF710][Warning] missing chr material : game/objects/characters/ferre/male/parts/gv/obj/fe_m_gv_cloth168.mtl (chr: game/objects/characters/ferre/male/parts/gv/obj/fe_m_2gv302.chr)
<23:01:05> [CFFE1C46][Error] Error streaming texture: Error 'Cannot open the file', Texture: game/objects/editor/suithelper/gradf.dds
<23:01:10> [CFFE1C46][Error] Error streaming texture: Error 'Cannot open the file', Texture: game/objects/editor/suithelper/gradf.dds
<23:01:12> [DD6CD685][Warning] grand child physical proxy is not supported. grandpa(Somalicoastguard), dad(prefab_doodad_model_587126_prefab://Prefabs/galleon.xml/galleon.galleon_helms), child(galleon_helms_1)
<23:01:15> [CA175C82][Warning] non-stream IO. system(Material), filePath(game/materials/misc/rope/rope_fishing.mtl)
<23:01:15> [CFFE1C46][Error] Error streaming texture: Error 'Cannot open the file', Texture: game/objects/editor/suithelper/gradf.dds
<23:01:20> [CFFE1C46][Error] Error streaming texture: Error 'Cannot open the file', Texture: game/objects/editor/suithelper/gradf.dds
<23:01:25> [745BAE2F][Warning] failed to stream material xml(game/objects/characters/ferre/male/costume/fe_m_sk_butler001/fe_m_sk_butler001_grap02.mtl)
<23:01:26> [CFFE1C46][Error] Error streaming texture: Error 'Cannot open the file', Texture: game/objects/editor/suithelper/gradf.dds
<23:01:29> [B95EE41B][Error] invalid parent unit id(88609)
<23:01:31> [CFFE1C46][Error] Error streaming texture: Error 'Cannot open the file', Texture: game/objects/editor/suithelper/gradf.dds
<23:01:34> [B95EE41B][Error] invalid parent unit id(88609)
<23:01:36> [CFFE1C46][Error] Error streaming texture: Error 'Cannot open the file', Texture: game/objects/editor/suithelper/gradf.dds
<23:01:41> [CFFE1C46][Error] Error streaming texture: Error 'Cannot open the file', Texture: game/objects/editor/suithelper/gradf.dds
<23:01:46> [CFFE1C46][Error] Error streaming texture: Error 'Cannot open the file', Texture: game/objects/editor/suithelper/gradf.dds
<23:01:51> [CFFE1C46][Error] Error streaming texture: Error 'Cannot open the file', Texture: game/objects/editor/suithelper/gradf.dds
<23:01:53> [745BAE2F][Warning] failed to stream material xml(game/materials/effects/fume_h_ssd.mtl)
<23:01:54> [637AF710][Warning] missing chr material : game/objects/characters/ferre/male/parts/pt/obj/fe_m_pt_metal229.mtl (chr: game/objects/characters/ferre/male/parts/pt/obj/fe_m_1pt201_4th002.chr)
<23:01:56> [CFFE1C46][Error] Error streaming texture: Error 'Cannot open the file', Texture: game/objects/editor/suithelper/gradf.dds
<23:01:59> [CA175C82][Warning] non-stream IO. system(Material), filePath(game/materials/misc/rope/rope_fishing.mtl)
<23:02:01> [CFFE1C46][Error] Error streaming texture: Error 'Cannot open the file', Texture: game/objects/editor/suithelper/gradf.dds
<23:02:06> [CFFE1C46][Error] Error streaming texture: Error 'Cannot open the file', Texture: game/objects/editor/suithelper/gradf.dds
<23:02:11> [CFFE1C46][Error] Error streaming texture: Error 'Cannot open the file', Texture: game/objects/editor/suithelper/gradf.dds
<23:02:16> [CFFE1C46][Error] Error streaming texture: Error 'Cannot open the file', Texture: game/objects/editor/suithelper/gradf.dds
<23:02:21> [CFFE1C46][Error] Error streaming texture: Error 'Cannot open the file', Texture: game/objects/editor/suithelper/gradf.dds
<23:02:26> [CFFE1C46][Error] Error streaming texture: Error 'Cannot open the file', Texture: game/objects/editor/suithelper/gradf.dds
<23:02:29> [CA175C82][Warning] non-stream IO. system(Material), filePath(game/materials/misc/rope/rope_fishing.mtl)
<23:02:31> [C45FAC6E][Warning] Cannot load texture game/objects/characters/test/glider_squirrel/glider_squirrel_df.dds, file missing [File=game/objects/characters/test/glider_squirrel/glider_squirrel_df.dds]
<23:02:31> [CD8829BA][Warning] Error: CShaderMan::mfCreateShaderResources: Couldn't find subsurface texture 'game/objects/characters/test/glider_squirrel/glider_squirrel_df.dds' in path '' [File=game/objects/characters/test/glider_squirrel/glider_squirrel_df.dds]
<23:02:31> [745BAE2F][Warning] failed to stream material xml(game/objects/characters/warborn/female/parts/hm/obj/wa_f_hm_cloth170.mtl)
<23:02:31> [637AF710][Warning] missing chr material : game/objects/characters/warborn/female/parts/ar/obj/wa_f_ar_cloth170.mtl (chr: game/objects/characters/warborn/female/parts/ar/obj/wa_f_2sh018_5ar204.chr)
<23:02:31> [CFFE1C46][Error] Error streaming texture: Error 'Cannot open the file', Texture: game/objects/editor/suithelper/gradf.dds
<23:02:36> [CFFE1C46][Error] Error streaming texture: Error 'Cannot open the file', Texture: game/objects/editor/suithelper/gradf.dds
<23:02:38> [22545D91][Warning] Cannot load texture game/objects/env/03_origin_continent/22_dew_plains/dummy_middletree_df.dds, file missing [File=game/objects/env/03_origin_continent/22_dew_plains/dummy_middletree_df.dds]
<23:02:40> [0D01BD65] start to parse systm mail
<23:02:40> [BFBA8B5E] end to parse systm mail
<23:02:40> [0D01BD65] start to parse systm mail
<23:02:40> [BFBA8B5E] end to parse systm mail
<23:02:41> [CFFE1C46][Error] Error streaming texture: Error 'Cannot open the file', Texture: game/objects/editor/suithelper/gradf.dds
<23:02:42> [CA175C82][Warning] non-stream IO. system(Material), filePath(game/materials/misc/rope/rope_fishing.mtl)
<23:02:43> [0D01BD65] start to parse systm mail
<23:02:43> [BFBA8B5E] end to parse systm mail
<23:02:43> [000004EE][Warning] [Lua Error] 1_3_0/scripts/x2ui/mailbox/mail/read_mail.lua:197: attempt to index local 'bodyInfo' (a nil value)
<23:02:43> [0D01BD65] start to parse systm mail
<23:02:43> [BFBA8B5E] end to parse systm mail
<23:02:46> [0D01BD65] start to parse systm mail
<23:02:46> [BFBA8B5E] end to parse systm mail
<23:02:46> [CFFE1C46][Error] Error streaming texture: Error 'Cannot open the file', Texture: game/objects/editor/suithelper/gradf.dds
<23:02:51> [CFFE1C46][Error] Error streaming texture: Error 'Cannot open the file', Texture: game/objects/editor/suithelper/gradf.dds
<23:02:52> [745BAE2F][Warning] failed to stream material xml(game/objects/item/shield/shield_monster/shield_baeksojeong02/shield_baeksojeong02_blan01.mtl)
<23:02:52> [23C0332B][Warning] Cannot load texture objects/characters/ferre/female/nude/fe_f_nude_fur_yel_sp.dds, file missing [File=objects/characters/ferre/female/nude/fe_f_nude_fur_yel_sp.dds]
<23:02:52> [000004EE][Warning] Independent immortal particle effect spawned: X2_EFFECT_O.Interaction.enchant_wpn_range_honor_3g
<23:02:53> [637AF710][Warning] missing chr material : game/objects/characters/hariharan/female/parts/hm/obj/ha_f_hm_cloth207.mtl (chr: game/objects/characters/hariharan/female/parts/hm/obj/ha_f_1hm112.chr)
<23:02:56> [CFFE1C46][Error] Error streaming texture: Error 'Cannot open the file', Texture: game/objects/editor/suithelper/gradf.dds
<23:03:00> [CA175C82][Warning] non-stream IO. system(Material), filePath(game/materials/misc/rope/rope_fishing.mtl)
<23:03:00> [745BAE2F][Warning] failed to stream material xml(game/objects/characters/hariharan/male/parts/ar/obj/ha_m_ar_cloth486.mtl)
<23:03:00> [637AF710][Warning] missing chr material : game/objects/characters/hariharan/male/parts/ar/obj/ha_m_ar_cloth486.mtl (chr: game/objects/characters/hariharan/male/parts/ar/obj/ha_m_2ac002_2sh019_5ar101.chr)
<23:03:01> [CFFE1C46][Error] Error streaming texture: Error 'Cannot open the file', Texture: game/objects/editor/suithelper/gradf.dds
<23:03:06> [CFFE1C46][Error] Error streaming texture: Error 'Cannot open the file', Texture: game/objects/editor/suithelper/gradf.dds
<23:03:08> [745BAE2F][Warning] failed to stream material xml(game/materials/effects/fume_h_ssd.mtl)
<23:03:09> [B95EE41B][Error] invalid parent unit id(83031)
<23:03:11> [CFFE1C46][Error] Error streaming texture: Error 'Cannot open the file', Texture: game/objects/editor/suithelper/gradf.dds
<23:03:12> [CA175C82][Warning] non-stream IO. system(Material), filePath(game/materials/misc/rope/rope_fishing.mtl)
<23:03:15> [745BAE2F][Warning] failed to stream material xml(objects/effects/peffect/magic_sphere_mesh_a.mtl)
<23:03:16> [CFFE1C46][Error] Error streaming texture: Error 'Cannot open the file', Texture: game/objects/editor/suithelper/gradf.dds
<23:03:18> [CA175C82][Warning] non-stream IO. system(Material), filePath(game/materials/misc/rope/rope_fishing.mtl)
<23:03:21> [CFFE1C46][Error] Error streaming texture: Error 'Cannot open the file', Texture: game/objects/editor/suithelper/gradf.dds
<23:03:23> [CE0EF930][Warning] failed to stream cgf : objects/effects/portal_gate.cgf
<23:03:23> [BB790A81] origin change campos : 16691.44, 4642.716797
<23:03:23> [00000020]  
<23:03:23> [00000020]  
<23:03:23> [A581FA6D] -----------------------------------------------------------------------------
<23:03:23> [1DAA5677] SeamlessSystem::ChangeOrigin() : Here we go. Old(13,4) -> New(25,5)
<23:03:23> [A581FA6D] -----------------------------------------------------------------------------
<23:03:23> [00000020]  
<23:03:23> [00000020]  
<23:03:23> [B866A294] seamless unloading cell terrain(W13, 15), (L0, 2)
<23:03:23> [B866A294] seamless unloading cell terrain(W13, 16), (L0, 3)
<23:03:23> [B866A294] seamless unloading cell terrain(W13, 17), (L0, 4)
<23:03:23> [B866A294] seamless unloading cell terrain(W13, 18), (L0, 5)
<23:03:23> [B866A294] seamless unloading cell terrain(W13, 19), (L0, 6)
<23:03:23> [B866A294] seamless unloading cell terrain(W13, 20), (L0, 7)
<23:03:23> [B866A294] seamless unloading cell terrain(W14, 14), (L1, 1)
<23:03:23> [B866A294] seamless unloading cell terrain(W14, 15), (L1, 2)
<23:03:23> [B866A294] seamless unloading cell terrain(W14, 16), (L1, 3)
<23:03:23> [7AB931CE] seamless unloading cell object(W14, 16), (L1, 3)
<23:03:23> [4B1E8B22] unload cell object count : 232
<23:03:23> [B866A294] seamless unloading cell terrain(W14, 17), (L1, 4)
<23:03:23> [7AB931CE] seamless unloading cell object(W14, 17), (L1, 4)
<23:03:23> [4B1E8B22] unload cell object count : 793
<23:03:23> [B866A294] seamless unloading cell terrain(W14, 18), (L1, 5)
<23:03:23> [7AB931CE] seamless unloading cell object(W14, 18), (L1, 5)
<23:03:23> [4B1E8B22] unload cell object count : 295
<23:03:23> [B866A294] seamless unloading cell terrain(W14, 19), (L1, 6)
<23:03:23> [7AB931CE] seamless unloading cell object(W14, 19), (L1, 6)
<23:03:23> [4B1E8B22] unload cell object count : 5953
<23:03:23> [B866A294] seamless unloading cell terrain(W14, 20), (L1, 7)
<23:03:23> [B866A294] seamless unloading cell terrain(W15, 14), (L2, 1)
<23:03:23> [B866A294] seamless unloading cell terrain(W15, 15), (L2, 2)
<23:03:23> [7AB931CE] seamless unloading cell object(W15, 15), (L2, 2)
<23:03:23> [4B1E8B22] unload cell object count : 0
<23:03:23> [B866A294] seamless unloading cell terrain(W15, 16), (L2, 3)
<23:03:23> [7AB931CE] seamless unloading cell object(W15, 16), (L2, 3)
<23:03:23> [4B1E8B22] unload cell object count : 12919
<23:03:23> [B866A294] seamless unloading cell terrain(W15, 17), (L2, 4)
<23:03:23> [7AB931CE] seamless unloading cell object(W15, 17), (L2, 4)
<23:03:23> [4B1E8B22] unload cell object count : 2237
<23:03:23> [B866A294] seamless unloading cell terrain(W15, 18), (L2, 5)
<23:03:23> [7AB931CE] seamless unloading cell object(W15, 18), (L2, 5)
<23:03:23> [4B1E8B22] unload cell object count : 5508
<23:03:23> [B866A294] seamless unloading cell terrain(W15, 19), (L2, 6)
<23:03:23> [7AB931CE] seamless unloading cell object(W15, 19), (L2, 6)
<23:03:23> [4B1E8B22] unload cell object count : 0
<23:03:23> [B866A294] seamless unloading cell terrain(W15, 20), (L2, 7)
<23:03:23> [B866A294] seamless unloading cell terrain(W16, 14), (L3, 1)
<23:03:23> [B866A294] seamless unloading cell terrain(W16, 15), (L3, 2)
<23:03:23> [7AB931CE] seamless unloading cell object(W16, 15), (L3, 2)
<23:03:23> [4B1E8B22] unload cell object count : 0
<23:03:23> [B866A294] seamless unloading cell terrain(W16, 16), (L3, 3)
<23:03:23> [7AB931CE] seamless unloading cell object(W16, 16), (L3, 3)
<23:03:23> [4B1E8B22] unload cell object count : 3484
<23:03:23> [B866A294] seamless unloading cell terrain(W16, 17), (L3, 4)
<23:03:23> [7AB931CE] seamless unloading cell object(W16, 17), (L3, 4)
<23:03:23> [4B1E8B22] unload cell object count : 2750
<23:03:23> [B866A294] seamless unloading cell terrain(W16, 18), (L3, 5)
<23:03:23> [7AB931CE] seamless unloading cell object(W16, 18), (L3, 5)
<23:03:23> [4B1E8B22] unload cell object count : 677
<23:03:23> [B866A294] seamless unloading cell terrain(W16, 19), (L3, 6)
<23:03:23> [7AB931CE] seamless unloading cell object(W16, 19), (L3, 6)
<23:03:23> [4B1E8B22] unload cell object count : 1407
<23:03:23> [B866A294] seamless unloading cell terrain(W16, 20), (L3, 7)
<23:03:23> [B866A294] seamless unloading cell terrain(W17, 14), (L4, 1)
<23:03:23> [B866A294] seamless unloading cell terrain(W17, 15), (L4, 2)
<23:03:23> [7AB931CE] seamless unloading cell object(W17, 15), (L4, 2)
<23:03:23> [4B1E8B22] unload cell object count : 0
<23:03:23> [B866A294] seamless unloading cell terrain(W17, 16), (L4, 3)
<23:03:23> [7AB931CE] seamless unloading cell object(W17, 16), (L4, 3)
<23:03:23> [4B1E8B22] unload cell object count : 5949
<23:03:23> [B866A294] seamless unloading cell terrain(W17, 17), (L4, 4)
<23:03:23> [7AB931CE] seamless unloading cell object(W17, 17), (L4, 4)
<23:03:23> [4B1E8B22] unload cell object count : 4815
<23:03:23> [B866A294] seamless unloading cell terrain(W17, 18), (L4, 5)
<23:03:23> [7AB931CE] seamless unloading cell object(W17, 18), (L4, 5)
<23:03:23> [4B1E8B22] unload cell object count : 4387
<23:03:23> [B866A294] seamless unloading cell terrain(W17, 19), (L4, 6)
<23:03:23> [7AB931CE] seamless unloading cell object(W17, 19), (L4, 6)
<23:03:23> [4B1E8B22] unload cell object count : 33
<23:03:23> [B866A294] seamless unloading cell terrain(W17, 20), (L4, 7)
<23:03:23> [B866A294] seamless unloading cell terrain(W18, 14), (L5, 1)
<23:03:23> [B866A294] seamless unloading cell terrain(W18, 15), (L5, 2)
<23:03:23> [B866A294] seamless unloading cell terrain(W18, 16), (L5, 3)
<23:03:23> [7AB931CE] seamless unloading cell object(W18, 16), (L5, 3)
<23:03:23> [4B1E8B22] unload cell object count : 7198
<23:03:23> [B866A294] seamless unloading cell terrain(W18, 17), (L5, 4)
<23:03:23> [7AB931CE] seamless unloading cell object(W18, 17), (L5, 4)
<23:03:23> [4B1E8B22] unload cell object count : 30287
<23:03:23> [B866A294] seamless unloading cell terrain(W18, 18), (L5, 5)
<23:03:23> [7AB931CE] seamless unloading cell object(W18, 18), (L5, 5)
<23:03:23> [4B1E8B22] unload cell object count : 17778
<23:03:23> [B866A294] seamless unloading cell terrain(W18, 19), (L5, 6)
<23:03:23> [B866A294] seamless unloading cell terrain(W18, 20), (L5, 7)
<23:03:23> [B866A294] seamless unloading cell terrain(W19, 15), (L6, 2)
<23:03:23> [B866A294] seamless unloading cell terrain(W19, 16), (L6, 3)
<23:03:23> [B866A294] seamless unloading cell terrain(W19, 17), (L6, 4)
<23:03:23> [B866A294] seamless unloading cell terrain(W19, 18), (L6, 5)
<23:03:23> [B866A294] seamless unloading cell terrain(W19, 19), (L6, 6)
<23:03:23> [3623F74F] [Seamless] camera has been warped
<23:03:23> [9CAE9693] Starting In World Loading
<23:03:23> [7B1A973B] seamless loading cell terrain(W29, 8), (L4, 3)
<23:03:23> [7B1A973B] seamless loading cell terrain(W28, 8), (L3, 3)
<23:03:23> [7B1A973B] seamless loading cell terrain(W29, 9), (L4, 4)
<23:03:23> [7B1A973B] seamless loading cell terrain(W29, 7), (L4, 2)
<23:03:23> [7B1A973B] seamless loading cell terrain(W30, 8), (L5, 3)
<23:03:23> [7B1A973B] seamless loading cell terrain(W28, 9), (L3, 4)
<23:03:23> [7B1A973B] seamless loading cell terrain(W28, 7), (L3, 2)
<23:03:23> [7B1A973B] seamless loading cell terrain(W30, 9), (L5, 4)
<23:03:23> [7B1A973B] seamless loading cell terrain(W30, 7), (L5, 2)
<23:03:23> [7B1A973B] seamless loading cell terrain(W27, 8), (L2, 3)
<23:03:23> [7B1A973B] seamless loading cell terrain(W29, 10), (L4, 5)
<23:03:23> [7B1A973B] seamless loading cell terrain(W27, 9), (L2, 4)
<23:03:23> [7B1A973B] seamless loading cell terrain(W29, 6), (L4, 1)
<23:03:23> [7B1A973B] seamless loading cell terrain(W27, 7), (L2, 2)
<23:03:23> [7B1A973B] seamless loading cell terrain(W28, 10), (L3, 5)
<23:03:23> [7B1A973B] seamless loading cell terrain(W28, 6), (L3, 1)
<23:03:23> [7B1A973B] seamless loading cell terrain(W31, 8), (L6, 3)
<23:03:23> [7B1A973B] seamless loading cell terrain(W30, 6), (L5, 1)
<23:03:23> [7B1A973B] seamless loading cell terrain(W31, 9), (L6, 4)
<23:03:23> [7B1A973B] seamless loading cell terrain(W31, 7), (L6, 2)
<23:03:23> [7B1A973B] seamless loading cell terrain(W27, 10), (L2, 5)
<23:03:23> [7B1A973B] seamless loading cell terrain(W27, 6), (L2, 1)
<23:03:23> [7B1A973B] seamless loading cell terrain(W26, 8), (L1, 3)
<23:03:23> [7B1A973B] seamless loading cell terrain(W26, 9), (L1, 4)
<23:03:23> [7B1A973B] seamless loading cell terrain(W29, 11), (L4, 6)
<23:03:23> [7B1A973B] seamless loading cell terrain(W26, 7), (L1, 2)
<23:03:23> [7B1A973B] seamless loading cell terrain(W31, 6), (L6, 1)
<23:03:23> [7B1A973B] seamless loading cell terrain(W29, 5), (L4, 0)
<23:03:23> [7B1A973B] seamless loading cell terrain(W28, 11), (L3, 6)
<23:03:23> [7B1A973B] seamless loading cell terrain(W28, 5), (L3, 0)
<23:03:23> [7B1A973B] seamless loading cell terrain(W32, 8), (L7, 3)
<23:03:23> [7B1A973B] seamless loading cell terrain(W30, 5), (L5, 0)
<23:03:23> [7B1A973B] seamless loading cell terrain(W32, 9), (L7, 4)
<23:03:23> [7B1A973B] seamless loading cell terrain(W32, 7), (L7, 2)
<23:03:23> [7B1A973B] seamless loading cell terrain(W26, 10), (L1, 5)
<23:03:23> [7B1A973B] seamless loading cell terrain(W26, 6), (L1, 1)
<23:03:23> [7B1A973B] seamless loading cell terrain(W27, 11), (L2, 6)
<23:03:23> [7B1A973B] seamless loading cell terrain(W27, 5), (L2, 0)
<23:03:23> [7B1A973B] seamless loading cell terrain(W31, 5), (L6, 0)
<23:03:23> [7B1A973B] seamless loading cell terrain(W32, 6), (L7, 1)
<23:03:23> [7B1A973B] seamless loading cell terrain(W25, 8), (L0, 3)
<23:03:23> [7B1A973B] seamless loading cell terrain(W25, 9), (L0, 4)
<23:03:23> [7B1A973B] seamless loading cell terrain(W25, 7), (L0, 2)
<23:03:23> [7B1A973B] seamless loading cell terrain(W29, 12), (L4, 7)
<23:03:23> [3EF08C47] seamless loading cell object(W29, 8), (L4, 3)
<23:03:23> [3EF08C47] seamless loading cell object(W28, 8), (L3, 3)
<23:03:23> [3EF08C47] seamless loading cell object(W29, 9), (L4, 4)
<23:03:23> [3EF08C47] seamless loading cell object(W29, 7), (L4, 2)
<23:03:23> [3EF08C47] seamless loading cell object(W30, 8), (L5, 3)
<23:03:23> [3EF08C47] seamless loading cell object(W28, 9), (L3, 4)
<23:03:23> [3EF08C47] seamless loading cell object(W28, 7), (L3, 2)
<23:03:23> [3EF08C47] seamless loading cell object(W30, 9), (L5, 4)
<23:03:23> [3EF08C47] seamless loading cell object(W30, 7), (L5, 2)
<23:03:23> [3EF08C47] seamless loading cell object(W27, 8), (L2, 3)
<23:03:23> [3EF08C47] seamless loading cell object(W29, 10), (L4, 5)
<23:03:23> [3EF08C47] seamless loading cell object(W27, 9), (L2, 4)
<23:03:23> [3EF08C47] seamless loading cell object(W29, 6), (L4, 1)
<23:03:23> [3EF08C47] seamless loading cell object(W27, 7), (L2, 2)
<23:03:23> [3EF08C47] seamless loading cell object(W28, 10), (L3, 5)
<23:03:23> [3EF08C47] seamless loading cell object(W28, 6), (L3, 1)
<23:03:23> [3EF08C47] seamless loading cell object(W31, 8), (L6, 3)
<23:03:23> [3EF08C47] seamless loading cell object(W30, 6), (L5, 1)
<23:03:23> [3EF08C47] seamless loading cell object(W31, 9), (L6, 4)
<23:03:23> [3EF08C47] seamless loading cell object(W31, 7), (L6, 2)
<23:03:24> [000004EE][Warning] [CGF Error] game/objects/env/02_harihara/001_hdeco/hdeco_sundries_r.cgf [:] LOD1 of geometry hdeco_sundries_r contains too many polygons comparing to the LOD0 [398 against 522] :
<23:03:24> [93C1E75A][Warning] Cannot load texture game/objects/env/02_harihara/001_housing/housing_castle/hari_tower0d2_df.dds, file missing [File=game/objects/env/02_harihara/001_housing/housing_castle/hari_tower0d2_df.dds]
<23:03:24> [745BAE2F][Warning] failed to stream material xml(game/objects/env/01_nuia/001_housing/housing_house/hari_housing_test.mtl)
<23:03:24> [000004EE][Warning] [CGF Error] game/objects/env/02_harihara/03_ti/ti_factorymain_a.cga [:] Invalid BBox : has Invalid BBox node(Object32)
<23:03:24> [000004EE][Warning] [CGF Error] game/objects/env/02_harihara/03_ti/ti_factorymain_a.cga [:] Duplicate LOD helper $lod1 factorymain_a_wing02
<23:03:25> [B42C333F] In World Loading Finished
<23:03:25> [82321C2B][Warning] [net 03:03:25.462] [time] remote time estimation restarted; estimate accumulator age was 1.672794
<23:03:25> [637AF710][Warning] missing chr material : game/objects/characters/hariharan/male/parts/bo/obj/ha_m_bo_metal226.mtl (chr: game/objects/characters/hariharan/male/parts/bo/obj/ha_m_3bo101.chr)
<23:03:28> [000004EE][Warning] Particle effect not found: 'game/x2_effect_o.mon_effects.mon_confusion_launch', from unknown 
<23:03:28> [BCCDC555][Warning] MakeSprite - too many sprite update (10). dropping.. (sprites : 160)
<23:03:32> [000004EE][Warning] [Lua Error] 1_3_0/scripts/x2ui/characterinfo/character_info.lua:520: attempt to call method 'AnimForEquipped' (a nil value)
<23:03:32> [2363981C][Warning] chr material is not precached : game/objects/characters/warborn/female/nude/wa_f_nude.mtl (chr: game/objects/characters/warborn/female/nude/wa_f_nude.chr)
<23:03:32> [CA175C82][Warning] non-stream IO. system(Material), filePath(game/objects/characters/warborn/female/nude/wa_f_nude.mtl)
<23:03:33> [000004EE][Warning] [CGF Error] game/objects/env/01_nuia/001_housing/housing_furniture/hs_f_safe_d.cgf [:] LOD1 of geometry hs_f_safe_d contains too many polygons comparing to the LOD0 [1606 against 2318] :
<23:03:33> [4ABF8F2E][Warning] Cannot load texture game/objects/env/02_harihara/001_hdeco/quest/hdeco_quest_book_a_ddn.dds, file missing [File=game/objects/env/02_harihara/001_hdeco/quest/hdeco_quest_book_a_ddn.dds]
<23:03:33> [745BAE2F][Warning] failed to stream material xml(game/objects/env/01_nuia/001_housing/housing_house/housing_hari_2t.mtl)
<23:03:33> [EFC67A6D][Warning] Error: CShaderMan::mfCreateShaderResources: Couldn't find detail texture
'game/objects/env/01_nuia/001_housing/housing_house/nuia_housing_tree07_ddn.dds' in path '' [File=game/objects/env/01_nuia/001_housing/housing_house/nuia_housing_tree07_ddn.dds]
<23:03:33> [910643CC][Warning] cutter mesh is not correctly triangulated. source=[game/objects/characters/animals/fish/fish_tropical_greenhouse/fish_tropical_greenhouse_small.chr, Indices:3]
<23:03:33> [EFA8E813][Warning] cutter mesh is zero indices
<23:03:33> [F724A392][Error] CryAnimation:: Trying to load animation with alias "fist_ba_relaxed_idle_rand_2" from file "animations/animals/welsh_corgi/fist/fist_ba_relaxed_idle_rand.caf" into the animation container. Such animation alias already exists and uses file "animations/animals/welsh_corgi/fist/fist_ba_relaxed_idle_rand_2.caf". Please use another animation alias.
<23:03:35> Loading Particle Library: X2_EFFECTS_C1
<23:03:35> [000004EE][Warning] Particle effect not found: 'X2_EFFECTS_C1.Glider.Crystal_Wing.wing_start1', from unknown 
<23:03:35> [A181AEBC][Warning] Anim events cannot find effect "X2_EFFECTS_C1.Glider.Crystal_Wing.wing_start1", requested by animation "animations/env/glider_wing_crystal/fist_ac_gliding_start.caf".
<23:03:43> [A181AEBC][Warning] Anim events cannot find effect "X2_EFFECTS_C1.Glider.Crystal_Wing.front_trail1", requested by animation "animations/env/glider_wing_crystal/fist_ac_gliding_front.caf".
<23:03:49> [A181AEBC][Warning] Anim events cannot find effect "X2_EFFECTS_C1.Glider.Crystal_Wing.front_trail1", requested by animation "animations/env/glider_wing_crystal/fist_ac_gliding_front.caf".
<23:03:52> [A4D70365][Warning] rigid-body own-entity; prefab=Prefabs/interaction_c.xml/furniture.aquarium_c_fish node=AnimObject_38
<23:03:52> [745BAE2F][Warning] failed to stream material xml(game/objects/env/01_nuia/001_housing/housing_house/ndeco_mining_machinery_small.mtl)
<23:03:55> [000004EE][Warning] I3DEngine::RegisterEntity: entity reports invalid position: Name: LightEntityName (), Class: LightEntityClass, Pos=(4146.8,-1122.9,5662.4), aabb center=(4604.9,3502.1,427.9)
<23:03:55> [A7901A9A][Warning] Cannot load texture game/objects/env/02_harihara/01_ma/ma_tant02_ddn.dds, file missing [File=game/objects/env/02_harihara/01_ma/ma_tant02_ddn.dds]
<23:03:56> [A181AEBC][Warning] Anim events cannot find effect "X2_EFFECTS_C1.Glider.Crystal_Wing.front_trail1", requested by animation "animations/env/glider_wing_crystal/fist_ac_gliding_front.caf".
<23:03:56> [CA175C82][Warning] non-stream IO. system(CGF), filePath(Objects/Env/01_nuia/001_housing/housing_house/housing_tree_spider.cgf)
<23:03:56> [755A3546][Warning] Error: CShaderMan::mfCreateShaderResources: Couldn't find custom secondary texture 'game/objects/env/01_nuia/001_housing/housing_house/nuia_housing_treemossy03_ddn.dds' in path '' [File=game/objects/env/01_nuia/001_housing/housing_house/nuia_housing_treemossy03_ddn.dds]
<23:03:58> [000004EE][Warning] [CGF Error] game/objects/env/01_nuia/001_housing/housing_furniture/hs_f_safe_e.cgf [:] non-uniform scale(1.00, 1.03, 1.00) at node(hs_f_safe_e)
<23:03:58> [B866A294] seamless unloading cell terrain(W25, 29), (L0, 4)
<23:04:00> [745BAE2F][Warning] failed to stream material xml(game/$picking.mtl)
<23:04:00> [83CB8AF3][Warning] Cannot load texture game/objects/env/01_nuia/001_housing/housing_house/jack_house_low_wallout_sp.dds, file missing [File=game/objects/env/01_nuia/001_housing/housing_house/jack_house_low_wallout_sp.dds]
<23:04:02> [B866A294] seamless unloading cell terrain(W25, 27), (L0, 2)
<23:04:03> [A181AEBC][Warning] Anim events cannot find effect "X2_EFFECTS_C1.Glider.Crystal_Wing.front_trail1", requested by animation "animations/env/glider_wing_crystal/fist_ac_gliding_front.caf".
<23:04:05> [A4D70365][Warning] rigid-body own-entity; prefab=prefabs/interaction_c.xml/furniture.baby_cat_d node=AnimObject_144
<23:04:05> [383B4859][Warning] Cannot load texture game/objects/characters/animals/cat_baby_cat/cat_baby_threecolors_pet_df.dds, file missing [File=game/objects/characters/animals/cat_baby_cat/cat_baby_threecolors_pet_df.dds]
<23:04:05> [5E1D008D][Warning] Error: CShaderMan::mfCreateShaderResources: Couldn't find subsurface texture 'game/objects/characters/animals/cat_baby_cat/cat_baby_threecolors_pet_df.dds' in path '' [File=game/objects/characters/animals/cat_baby_cat/cat_baby_threecolors_pet_df.dds]
<23:04:05> [F724A392][Error] CryAnimation:: Trying to load animation with alias "fist_ba_relaxed_idle_rand_2" from file "animations/animals/welsh_corgi_baby/fist/fist_ba_relaxed_idle_rand.caf" into the animation container. Such animation alias already exists and uses file "animations/animals/welsh_corgi_baby/fist/fist_ba_relaxed_idle_rand_2.caf". Please use another animation alias.
<23:04:07> [745BAE2F][Warning] failed to stream material xml(game/objects/characters/animals/cow/cow_black.mtl)
<23:04:07> [62232BEA][Warning] deferred xml stream error - game/animations/animals/calf/lmg_files/normal_run.lmg : f0000003
<23:04:09> [A181AEBC][Warning] Anim events cannot find effect "X2_EFFECTS_C1.Glider.Crystal_Wing.front_trail1", requested by animation "animations/env/glider_wing_crystal/fist_ac_gliding_front.caf".
<23:04:11> [B866A294] seamless unloading cell terrain(W25, 28), (L0, 3)
<23:04:11> [CA175C82][Warning] non-stream IO. system(Material), filePath(game/objects/effects/pointer_a.mtl)
<23:04:17> [000004EE][Warning] [CGF Error] game/objects/env/06_unit/06_glider/glider_wing_crystal/glider_wing_crystal_back.cgf [:] LOD1 of geometry  contains too many polygons comparing to the LOD0 [2720 against 4064] :
<23:04:22> [3EF08C47] seamless loading cell object(W31, 6), (L6, 1)
<23:04:22> [CFFE1C46][Error] Error streaming texture: Error 'Offset out of range', Texture: game/objects/characters/animals/cat_baby_pet/cat_baby_pet_df.dds
<23:04:27> [CFFE1C46][Error] Error streaming texture: Error 'Offset out of range', Texture: game/objects/characters/animals/cat_baby_pet/cat_baby_pet_df.dds
<23:04:32> [CFFE1C46][Error] Error streaming texture: Error 'Offset out of range', Texture: game/objects/characters/animals/cat_baby_pet/cat_baby_pet_df.dds
<23:04:37> [CFFE1C46][Error] Error streaming texture: Error 'Offset out of range', Texture: game/objects/characters/animals/cat_baby_pet/cat_baby_pet_df.dds
<23:04:42> [CFFE1C46][Error] Error streaming texture: Error 'Offset out of range', Texture: game/objects/characters/animals/cat_baby_pet/cat_baby_pet_df.dds
<23:04:47> [CFFE1C46][Error] Error streaming texture: Error 'Offset out of range', Texture: game/objects/characters/animals/cat_baby_pet/cat_baby_pet_df.dds
<23:04:52> [CFFE1C46][Error] Error streaming texture: Error 'Offset out of range', Texture: game/objects/characters/animals/cat_baby_pet/cat_baby_pet_df.dds
<23:04:57> [CFFE1C46][Error] Error streaming texture: Error 'Offset out of range', Texture: game/objects/characters/animals/cat_baby_pet/cat_baby_pet_df.dds
<23:05:02> [CFFE1C46][Error] Error streaming texture: Error 'Offset out of range', Texture: game/objects/characters/animals/cat_baby_pet/cat_baby_pet_df.dds
<23:05:07> [CFFE1C46][Error] Error streaming texture: Error 'Offset out of range', Texture: game/objects/characters/animals/cat_baby_pet/cat_baby_pet_df.dds
<23:05:12> [CFFE1C46][Error] Error streaming texture: Error 'Offset out of range', Texture: game/objects/characters/animals/cat_baby_pet/cat_baby_pet_df.dds
<23:05:17> [CFFE1C46][Error] Error streaming texture: Error 'Offset out of range', Texture: game/objects/characters/animals/cat_baby_pet/cat_baby_pet_df.dds
<23:05:23> [CFFE1C46][Error] Error streaming texture: Error 'Offset out of range', Texture: game/objects/characters/animals/cat_baby_pet/cat_baby_pet_df.dds
<23:05:28> [CFFE1C46][Error] Error streaming texture: Error 'Offset out of range', Texture: game/objects/characters/animals/cat_baby_pet/cat_baby_pet_df.dds
<23:05:33> [CFFE1C46][Error] Error streaming texture: Error 'Offset out of range', Texture: game/objects/characters/animals/cat_baby_pet/cat_baby_pet_df.dds
<23:05:38> [CFFE1C46][Error] Error streaming texture: Error 'Offset out of range', Texture: game/objects/characters/animals/cat_baby_pet/cat_baby_pet_df.dds
<23:05:43> [CFFE1C46][Error] Error streaming texture: Error 'Offset out of range', Texture: game/objects/characters/animals/cat_baby_pet/cat_baby_pet_df.dds
<23:05:48> [CFFE1C46][Error] Error streaming texture: Error 'Offset out of range', Texture: game/objects/characters/animals/cat_baby_pet/cat_baby_pet_df.dds
<23:05:53> [CFFE1C46][Error] Error streaming texture: Error 'Offset out of range', Texture: game/objects/characters/animals/cat_baby_pet/cat_baby_pet_df.dds
<23:05:58> [CFFE1C46][Error] Error streaming texture: Error 'Offset out of range', Texture: game/objects/characters/animals/cat_baby_pet/cat_baby_pet_df.dds
<23:06:03> [CFFE1C46][Error] Error streaming texture: Error 'Offset out of range', Texture: game/objects/characters/animals/cat_baby_pet/cat_baby_pet_df.dds
<23:06:08> [CFFE1C46][Error] Error streaming texture: Error 'Offset out of range', Texture: game/objects/characters/animals/cat_baby_pet/cat_baby_pet_df.dds
<23:06:13> [CFFE1C46][Error] Error streaming texture: Error 'Offset out of range', Texture: game/objects/characters/animals/cat_baby_pet/cat_baby_pet_df.dds
<23:06:18> [CFFE1C46][Error] Error streaming texture: Error 'Offset out of range', Texture: game/objects/characters/animals/cat_baby_pet/cat_baby_pet_df.dds
<23:06:21> [2363981C][Warning] chr material is not precached : game/objects/characters/warborn/female/horns/wa_f_horns002/wa_f_horns002.mtl (chr: game/objects/characters/warborn/female/horns/wa_f_horns002/wa_f_horns002.chr)
<23:06:21> [CA175C82][Warning] non-stream IO. system(Material), filePath(game/objects/characters/warborn/female/horns/wa_f_horns002/wa_f_horns002.mtl)
<23:06:23> [CFFE1C46][Error] Error streaming texture: Error 'Offset out of range', Texture: game/objects/characters/animals/cat_baby_pet/cat_baby_pet_df.dds
<23:06:28> [CFFE1C46][Error] Error streaming texture: Error 'Offset out of range', Texture: game/objects/characters/animals/cat_baby_pet/cat_baby_pet_df.dds
<23:06:33> [CFFE1C46][Error] Error streaming texture: Error 'Offset out of range', Texture: game/objects/characters/animals/cat_baby_pet/cat_baby_pet_df.dds
<23:06:38> [CFFE1C46][Error] Error streaming texture: Error 'Offset out of range', Texture: game/objects/characters/animals/cat_baby_pet/cat_baby_pet_df.dds
<23:06:43> [CFFE1C46][Error] Error streaming texture: Error 'Offset out of range', Texture: game/objects/characters/animals/cat_baby_pet/cat_baby_pet_df.dds
<23:06:48> [CFFE1C46][Error] Error streaming texture: Error 'Offset out of range', Texture: game/objects/characters/animals/cat_baby_pet/cat_baby_pet_df.dds
<23:06:53> [CFFE1C46][Error] Error streaming texture: Error 'Offset out of range', Texture: game/objects/characters/animals/cat_baby_pet/cat_baby_pet_df.dds
<23:06:56> [9C3B69E3][Warning] Cannot load texture game/ui/icon/costume_set
u_m_sk_gudetama001.dds, file missing [File=game/ui/icon/costume_set
u_m_sk_gudetama001.dds]
<23:06:59> [82321C2B][Warning] [net 03:06:59.675] [time] remote time estimation restarted; estimate accumulator age was 2.725969
<23:07:00> [CFFE1C46][Error] Error streaming texture: Error 'Offset out of range', Texture: game/objects/characters/animals/cat_baby_pet/cat_baby_pet_df.dds
<23:07:05> [CFFE1C46][Error] Error streaming texture: Error 'Offset out of range', Texture: game/objects/characters/animals/cat_baby_pet/cat_baby_pet_df.dds
<23:07:10> [CFFE1C46][Error] Error streaming texture: Error 'Offset out of range', Texture: game/objects/characters/animals/cat_baby_pet/cat_baby_pet_df.dds
<23:07:15> [CFFE1C46][Error] Error streaming texture: Error 'Offset out of range', Texture: game/objects/characters/animals/cat_baby_pet/cat_baby_pet_df.dds
<23:07:20> [CFFE1C46][Error] Error streaming texture: Error 'Offset out of range', Texture: game/objects/characters/animals/cat_baby_pet/cat_baby_pet_df.dds
<23:07:25> [CFFE1C46][Error] Error streaming texture: Error 'Offset out of range', Texture: game/objects/characters/animals/cat_baby_pet/cat_baby_pet_df.dds
<23:07:30> [CFFE1C46][Error] Error streaming texture: Error 'Offset out of range', Texture: game/objects/characters/animals/cat_baby_pet/cat_baby_pet_df.dds
<23:07:35> [CFFE1C46][Error] Error streaming texture: Error 'Offset out of range', Texture: game/objects/characters/animals/cat_baby_pet/cat_baby_pet_df.dds
<23:07:40> [CFFE1C46][Error] Error streaming texture: Error 'Offset out of range', Texture: game/objects/characters/animals/cat_baby_pet/cat_baby_pet_df.dds
<23:07:45> [CFFE1C46][Error] Error streaming texture: Error 'Offset out of range', Texture: game/objects/characters/animals/cat_baby_pet/cat_baby_pet_df.dds
<23:07:58> [CFFE1C46][Error] Error streaming texture: Error 'Offset out of range', Texture: game/objects/characters/animals/cat_baby_pet/cat_baby_pet_df.dds
<23:08:03> [CFFE1C46][Error] Error streaming texture: Error 'Offset out of range', Texture: game/objects/characters/animals/cat_baby_pet/cat_baby_pet_df.dds
<23:08:08> [CFFE1C46][Error] Error streaming texture: Error 'Offset out of range', Texture: game/objects/characters/animals/cat_baby_pet/cat_baby_pet_df.dds
<23:08:14> [CFFE1C46][Error] Error streaming texture: Error 'Offset out of range', Texture: game/objects/characters/animals/cat_baby_pet/cat_baby_pet_df.dds
<23:08:21> [CFFE1C46][Error] Error streaming texture: Error 'Offset out of range', Texture: game/objects/characters/animals/cat_baby_pet/cat_baby_pet_df.dds
<23:08:26> [CFFE1C46][Error] Error streaming texture: Error 'Offset out of range', Texture: game/objects/characters/animals/cat_baby_pet/cat_baby_pet_df.dds
<23:08:37> [CFFE1C46][Error] Error streaming texture: Error 'Offset out of range', Texture: game/objects/characters/animals/cat_baby_pet/cat_baby_pet_df.dds
<23:08:42> [CFFE1C46][Error] Error streaming texture: Error 'Offset out of range', Texture: game/objects/characters/animals/cat_baby_pet/cat_baby_pet_df.dds
<23:08:50> [CFFE1C46][Error] Error streaming texture: Error 'Offset out of range', Texture: game/objects/characters/animals/cat_baby_pet/cat_baby_pet_df.dds
<23:09:24> [CE0EF930][Warning] failed to stream cgf : objects/effects/portal_gate.cgf
<23:09:25> [5F2B49C4][Warning] cell get sector zone : invalid sector pos (-15, 13)
<23:09:25> [BB790A81] origin change campos : -2027.68, 7021.393066
<23:09:25> [00000020]  
<23:09:25> [00000020]  
<23:09:25> [A581FA6D] -----------------------------------------------------------------------------
<23:09:25> [1DAA5677] SeamlessSystem::ChangeOrigin() : Here we go. Old(25,5) -> New(20,8)
<23:09:25> [A581FA6D] -----------------------------------------------------------------------------
<23:09:25> [00000020]  
<23:09:25> [00000020]  
<23:09:25> [B866A294] seamless unloading cell terrain(W32, 26), (L7, 1)
<23:09:25> [B866A294] seamless unloading cell terrain(W32, 27), (L7, 2)
<23:09:25> [B866A294] seamless unloading cell terrain(W32, 28), (L7, 3)
<23:09:25> [B866A294] seamless unloading cell terrain(W32, 29), (L7, 4)
<23:09:25> [B866A294] seamless unloading cell terrain(W31, 25), (L6, 0)
<23:09:25> [B866A294] seamless unloading cell terrain(W31, 26), (L6, 1)
<23:09:25> [7AB931CE] seamless unloading cell object(W31, 26), (L6, 1)
<23:09:25> [4B1E8B22] unload cell object count : 0
<23:09:25> [B866A294] seamless unloading cell terrain(W31, 27), (L6, 2)
<23:09:25> [7AB931CE] seamless unloading cell object(W31, 27), (L6, 2)
<23:09:25> [4B1E8B22] unload cell object count : 0
<23:09:25> [B866A294] seamless unloading cell terrain(W31, 28), (L6, 3)
<23:09:25> [7AB931CE] seamless unloading cell object(W31, 28), (L6, 3)
<23:09:25> [4B1E8B22] unload cell object count : 0
<23:09:25> [B866A294] seamless unloading cell terrain(W31, 29), (L6, 4)
<23:09:25> [7AB931CE] seamless unloading cell object(W31, 29), (L6, 4)
<23:09:25> [4B1E8B22] unload cell object count : 0
<23:09:25> [B866A294] seamless unloading cell terrain(W30, 25), (L5, 0)
<23:09:25> [B866A294] seamless unloading cell terrain(W30, 26), (L5, 1)
<23:09:25> [7AB931CE] seamless unloading cell object(W30, 26), (L5, 1)
<23:09:25> [4B1E8B22] unload cell object count : 0
<23:09:25> [B866A294] seamless unloading cell terrain(W30, 27), (L5, 2)
<23:09:25> [7AB931CE] seamless unloading cell object(W30, 27), (L5, 2)
<23:09:25> [4B1E8B22] unload cell object count : 0
<23:09:25> [B866A294] seamless unloading cell terrain(W30, 28), (L5, 3)
<23:09:25> [7AB931CE] seamless unloading cell object(W30, 28), (L5, 3)
<23:09:25> [4B1E8B22] unload cell object count : 0
<23:09:25> [B866A294] seamless unloading cell terrain(W30, 29), (L5, 4)
<23:09:25> [7AB931CE] seamless unloading cell object(W30, 29), (L5, 4)
<23:09:25> [4B1E8B22] unload cell object count : 0
<23:09:25> [B866A294] seamless unloading cell terrain(W29, 25), (L4, 0)
<23:09:25> [B866A294] seamless unloading cell terrain(W29, 26), (L4, 1)
<23:09:25> [7AB931CE] seamless unloading cell object(W29, 26), (L4, 1)
<23:09:25> [4B1E8B22] unload cell object count : 6233
<23:09:25> [B866A294] seamless unloading cell terrain(W29, 27), (L4, 2)
<23:09:25> [7AB931CE] seamless unloading cell object(W29, 27), (L4, 2)
<23:09:25> [4B1E8B22] unload cell object count : 4516
<23:09:25> [B866A294] seamless unloading cell terrain(W29, 28), (L4, 3)
<23:09:25> [7AB931CE] seamless unloading cell object(W29, 28), (L4, 3)
<23:09:25> [4B1E8B22] unload cell object count : 4990
<23:09:25> [B866A294] seamless unloading cell terrain(W29, 29), (L4, 4)
<23:09:25> [7AB931CE] seamless unloading cell object(W29, 29), (L4, 4)
<23:09:25> [4B1E8B22] unload cell object count : 3501
<23:09:25> [B866A294] seamless unloading cell terrain(W29, 30), (L4, 5)
<23:09:25> [7AB931CE] seamless unloading cell object(W29, 30), (L4, 5)
<23:09:25> [4B1E8B22] unload cell object count : 0
<23:09:25> [B866A294] seamless unloading cell terrain(W29, 31), (L4, 6)
<23:09:25> [B866A294] seamless unloading cell terrain(W29, 32), (L4, 7)
<23:09:25> [B866A294] seamless unloading cell terrain(W28, 25), (L3, 0)
<23:09:25> [B866A294] seamless unloading cell terrain(W28, 26), (L3, 1)
<23:09:25> [7AB931CE] seamless unloading cell object(W28, 26), (L3, 1)
<23:09:25> [4B1E8B22] unload cell object count : 13369
<23:09:25> [B866A294] seamless unloading cell terrain(W28, 27), (L3, 2)
<23:09:25> [7AB931CE] seamless unloading cell object(W28, 27), (L3, 2)
<23:09:25> [4B1E8B22] unload cell object count : 15580
<23:09:25> [B866A294] seamless unloading cell terrain(W28, 28), (L3, 3)
<23:09:25> [7AB931CE] seamless unloading cell object(W28, 28), (L3, 3)
<23:09:25> [4B1E8B22] unload cell object count : 18022
<23:09:25> [B866A294] seamless unloading cell terrain(W28, 29), (L3, 4)
<23:09:25> [7AB931CE] seamless unloading cell object(W28, 29), (L3, 4)
<23:09:25> [4B1E8B22] unload cell object count : 6444
<23:09:25> [B866A294] seamless unloading cell terrain(W28, 30), (L3, 5)
<23:09:25> [7AB931CE] seamless unloading cell object(W28, 30), (L3, 5)
<23:09:25> [4B1E8B22] unload cell object count : 574
<23:09:25> [B866A294] seamless unloading cell terrain(W28, 31), (L3, 6)
<23:09:25> [B866A294] seamless unloading cell terrain(W27, 25), (L2, 0)
<23:09:25> [B866A294] seamless unloading cell terrain(W27, 26), (L2, 1)
<23:09:25> [B866A294] seamless unloading cell terrain(W27, 27), (L2, 2)
<23:09:25> [7AB931CE] seamless unloading cell object(W27, 27), (L2, 2)
<23:09:25> [4B1E8B22] unload cell object count : 7493
<23:09:25> [B866A294] seamless unloading cell terrain(W26, 26), (L1, 1)
<23:09:25> [B866A294] seamless unloading cell terrain(W26, 27), (L1, 2)
<23:09:25> [3623F74F] [Seamless] camera has been warped
<23:09:25> [9CAE9693] Starting In World Loading
<23:09:25> [7B1A973B] seamless loading cell terrain(W23, 11), (L3, 3)
<23:09:25> [7B1A973B] seamless loading cell terrain(W22, 11), (L2, 3)
<23:09:25> [7B1A973B] seamless loading cell terrain(W23, 12), (L3, 4)
<23:09:25> [7B1A973B] seamless loading cell terrain(W22, 12), (L2, 4)
<23:09:25> [7B1A973B] seamless loading cell terrain(W23, 10), (L3, 2)
<23:09:25> [7B1A973B] seamless loading cell terrain(W22, 10), (L2, 2)
<23:09:25> [7B1A973B] seamless loading cell terrain(W24, 11), (L4, 3)
<23:09:25> [7B1A973B] seamless loading cell terrain(W21, 11), (L1, 3)
<23:09:25> [7B1A973B] seamless loading cell terrain(W24, 12), (L4, 4)
<23:09:25> [7B1A973B] seamless loading cell terrain(W21, 12), (L1, 4)
<23:09:25> [7B1A973B] seamless loading cell terrain(W23, 13), (L3, 5)
<23:09:25> [7B1A973B] seamless loading cell terrain(W22, 13), (L2, 5)
<23:09:25> [7B1A973B] seamless loading cell terrain(W24, 10), (L4, 2)
<23:09:25> [7B1A973B] seamless loading cell terrain(W21, 10), (L1, 2)
<23:09:25> [7B1A973B] seamless loading cell terrain(W24, 13), (L4, 5)
<23:09:25> [7B1A973B] seamless loading cell terrain(W21, 13), (L1, 5)
<23:09:25> [7B1A973B] seamless loading cell terrain(W23, 9), (L3, 1)
<23:09:25> [7B1A973B] seamless loading cell terrain(W22, 9), (L2, 1)
<23:09:25> [7B1A973B] seamless loading cell terrain(W25, 11), (L5, 3)
<23:09:25> [7B1A973B] seamless loading cell terrain(W20, 11), (L0, 3)
<23:09:25> [7B1A973B] seamless loading cell terrain(W25, 12), (L5, 4)
<23:09:25> [7B1A973B] seamless loading cell terrain(W20, 12), (L0, 4)
<23:09:25> [7B1A973B] seamless loading cell terrain(W23, 14), (L3, 6)
<23:09:25> [7B1A973B] seamless loading cell terrain(W22, 14), (L2, 6)
<23:09:25> [7B1A973B] seamless loading cell terrain(W24, 9), (L4, 1)
<23:09:25> [7B1A973B] seamless loading cell terrain(W21, 9), (L1, 1)
<23:09:25> [7B1A973B] seamless loading cell terrain(W25, 10), (L5, 2)
<23:09:25> [7B1A973B] seamless loading cell terrain(W20, 10), (L0, 2)
<23:09:25> [7B1A973B] seamless loading cell terrain(W25, 13), (L5, 5)
<23:09:25> [7B1A973B] seamless loading cell terrain(W20, 13), (L0, 5)
<23:09:25> [7B1A973B] seamless loading cell terrain(W24, 14), (L4, 6)
<23:09:25> [7B1A973B] seamless loading cell terrain(W21, 14), (L1, 6)
<23:09:25> [7B1A973B] seamless loading cell terrain(W23, 8), (L3, 0)
<23:09:25> [7B1A973B] seamless loading cell terrain(W22, 8), (L2, 0)
<23:09:25> [7B1A973B] seamless loading cell terrain(W25, 9), (L5, 1)
<23:09:25> [7B1A973B] seamless loading cell terrain(W20, 9), (L0, 1)
<23:09:25> [7B1A973B] seamless loading cell terrain(W26, 11), (L6, 3)
<23:09:25> [7B1A973B] seamless loading cell terrain(W26, 12), (L6, 4)
<23:09:25> [7B1A973B] seamless loading cell terrain(W25, 14), (L5, 6)
<23:09:25> [7B1A973B] seamless loading cell terrain(W20, 14), (L0, 6)
<23:09:25> [7B1A973B] seamless loading cell terrain(W24, 8), (L4, 0)
<23:09:25> [7B1A973B] seamless loading cell terrain(W23, 15), (L3, 7)
<23:09:25> [7B1A973B] seamless loading cell terrain(W22, 15), (L2, 7)
<23:09:25> [7B1A973B] seamless loading cell terrain(W21, 8), (L1, 0)
<23:09:25> [7B1A973B] seamless loading cell terrain(W26, 13), (L6, 5)
<23:09:25> [7B1A973B] seamless loading cell terrain(W24, 15), (L4, 7)
<23:09:25> [7B1A973B] seamless loading cell terrain(W21, 15), (L1, 7)
<23:09:25> [B866A294] seamless unloading cell terrain(W27, 20), (L7, 0)
<23:09:25> [B866A294] seamless unloading cell terrain(W27, 21), (L7, 1)
<23:09:25> [B866A294] seamless unloading cell terrain(W26, 20), (L6, 0)
<23:09:25> [B866A294] seamless unloading cell terrain(W27, 22), (L7, 2)
<23:09:25> [B866A294] seamless unloading cell terrain(W27, 23), (L7, 3)
<23:09:25> [B866A294] seamless unloading cell terrain(W26, 21), (L6, 1)
<23:09:25> [3EF08C47] seamless loading cell object(W23, 11), (L3, 3)
<23:09:25> [3EF08C47] seamless loading cell object(W22, 11), (L2, 3)
<23:09:25> [3EF08C47] seamless loading cell object(W23, 12), (L3, 4)
<23:09:25> [3EF08C47] seamless loading cell object(W22, 12), (L2, 4)
<23:09:25> [3EF08C47] seamless loading cell object(W23, 10), (L3, 2)
<23:09:25> [3EF08C47] seamless loading cell object(W22, 10), (L2, 2)
<23:09:25> [3EF08C47] seamless loading cell object(W24, 11), (L4, 3)
<23:09:25> [3EF08C47] seamless loading cell object(W21, 11), (L1, 3)
<23:09:25> [3EF08C47] seamless loading cell object(W24, 12), (L4, 4)
<23:09:25> [3EF08C47] seamless loading cell object(W21, 12), (L1, 4)
<23:09:25> [3EF08C47] seamless loading cell object(W23, 13), (L3, 5)
<23:09:25> [3EF08C47] seamless loading cell object(W22, 13), (L2, 5)
<23:09:25> [3EF08C47] seamless loading cell object(W24, 10), (L4, 2)
<23:09:25> [3EF08C47] seamless loading cell object(W21, 10), (L1, 2)
<23:09:25> [3EF08C47] seamless loading cell object(W24, 13), (L4, 5)
<23:09:25> [3EF08C47] seamless loading cell object(W21, 13), (L1, 5)
<23:09:25> [3EF08C47] seamless loading cell object(W23, 9), (L3, 1)
<23:09:25> [3EF08C47] seamless loading cell object(W22, 9), (L2, 1)
<23:09:25> [3EF08C47] seamless loading cell object(W25, 11), (L5, 3)
<23:09:25> [3EF08C47] seamless loading cell object(W25, 12), (L5, 4)
<23:09:25> [7AB931CE] seamless unloading cell object(W27, 20), (L7, 0)
<23:09:25> [7AB931CE] seamless unloading cell object(W27, 21), (L7, 1)
<23:09:25> [A5DDEC33][Warning] Warning: CShaderMan::mfForName: NULL name
<23:09:25> [000004EE][Warning] [CGF Error] game/objects/env/02_harihara/001_hdeco/quest/hdeco_qust_cocoon01.cgf [:] non-uniform scale(0.87, 0.87, 1.00) at node(hdeco_qust_cocoon01_proxy)
<23:09:25> [000004EE][Warning] [CGF Error] game/objects/env/02_harihara/001_hdeco/hdeco_workprop_b01.cgf [:] LOD1 of geometry hdeco_workprop_b01 contains too many polygons comparing to the LOD0 [408 against 608] :
<23:09:26> [4BF1C05C][Warning] Cannot load texture game/objects/env/01_nuia/001_housing/housing_house/housing_house_equipment_glow.dds, file missing [File=game/objects/env/01_nuia/001_housing/housing_house/housing_house_equipment_glow.dds]
<23:09:26> [BF0124EC][Warning] Error: CShaderMan::mfCreateShaderResources: Couldn't find decal texture 'game/objects/Env/01_nuia/001_housing/housing_house/housing_house_equipment_glow.dds' in path '' [File=game/objects/Env/01_nuia/001_housing/housing_house/housing_house_equipment_glow.dds]
<23:09:26> [B42C333F] In World Loading Finished
<23:09:27> [82321C2B][Warning] [net 03:09:27.036] [time] remote time estimation restarted; estimate accumulator age was 1.584159
<23:09:27> [CA175C82][Warning] non-stream IO. system(Material), filePath(game/objects/env/01_nuia/001_housing/housing_farm/hs_f_scarecrow_g.mtl)
<23:09:27> [A4D70365][Warning] rigid-body own-entity; prefab=prefabs/interaction_c.xml/furniture.kraken_prop_am node=AnimObject_144
<23:09:27> [745BAE2F][Warning] failed to stream material xml(game/objects/characters/nuian/female/parts/gv/obj/nu_f_gv_cloth150.mtl)
<23:09:27> [637AF710][Warning] missing chr material : game/objects/characters/nuian/female/parts/ar/obj/nu_f_ar_cloth259.mtl (chr: game/objects/characters/nuian/female/parts/ar/obj/nu_f_1ar307_1arm002.chr)
<23:09:29> [BCCDC555][Warning] MakeSprite - too many sprite update (10). dropping.. (sprites : 17)
<23:09:31> [BB790A81] origin change campos : 3071.69, 3954.333008
<23:09:31> [00000020]  
<23:09:31> [00000020]  
<23:09:31> [A581FA6D] -----------------------------------------------------------------------------
<23:09:31> [1DAA5677] SeamlessSystem::ChangeOrigin() : Here we go. Old(20,8) -> New(19,8)
<23:09:31> [A581FA6D] -----------------------------------------------------------------------------
<23:09:31> [00000020]  
<23:09:31> [00000020]  
<23:09:31> [7B1A973B] seamless loading cell terrain(W19, 11), (L0, 3)
<23:09:31> [3EF08C47] seamless loading cell object(W20, 11), (L1, 3)
<23:09:31> [7B1A973B] seamless loading cell terrain(W19, 12), (L0, 4)
<23:09:31> [3EF08C47] seamless loading cell object(W20, 12), (L1, 4)
<23:09:31> [7B1A973B] seamless loading cell terrain(W19, 10), (L0, 2)
<23:09:31> [7B1A973B] seamless loading cell terrain(W19, 13), (L0, 5)
<23:09:34> [C53E6FFE][Warning] non cached CDF material(objects/Characters/animals/pangolin/pangolin_grey/pangolin_grey.mtl, game/objects/characters/animals/pangolin/pangolin_grey/pangolin_grey.cdf)
<23:09:34> [CA175C82][Warning] non-stream IO. system(Material), filePath(game/objects/characters/animals/pangolin/pangolin_grey/pangolin_grey.mtl)
<23:09:34> [2363981C][Warning] chr material is not precached : game/objects/characters/animals/pangolin/pangolin_red/Pangolin_red.mtl (chr: game/objects/characters/animals/pangolin/pangolin_red/pangolin_red.chr)
<23:09:34> [CE2F4035][Warning] chr physical geom is not precached. (game/objects/characters/animals/pangolin/pangolin_red/pangolin_red.chr)
<23:09:35> [63ABB424][Warning] Facial sequence "fist_ac_whistle" not listed in CAL file for character "game/objects/characters/warborn/female/nude/wa_f_base.chr".
<23:09:35> [745BAE2F][Warning] failed to stream material xml(game/objects/characters/warborn/female/parts/ar/obj/wa_f_ar_metal170.mtl)
<23:09:35> [637AF710][Warning] missing chr material : game/objects/characters/warborn/female/parts/ar/obj/wa_f_ar_metal170.mtl (chr: game/objects/characters/warborn/female/parts/ar/obj/wa_f_1ac016_1arm030_3ar902_3arm006_3bt008_3eb001_3pv003_3sh024.chr)
<23:09:36> [B95EE41B][Error] invalid parent unit id(96544)
<23:09:47> [7AB931CE] seamless unloading cell object(W20, 23), (L1, 4)
<23:09:53> [7AB931CE] seamless unloading cell object(W20, 22), (L1, 3)
<23:09:55> [000004EE][Warning] [Lua] invalid style type...  / brown
<23:10:23> [3EF08C47] seamless loading cell object(W23, 14), (L4, 6)
<23:10:33> [3EF08C47] seamless loading cell object(W22, 14), (L3, 6)
<23:10:47> [7B1A973B] seamless loading cell terrain(W26, 9), (L7, 1)
<23:10:48> [B866A294] seamless unloading cell terrain(W19, 24), (L0, 5)
<23:10:48> [B866A294] seamless unloading cell terrain(W19, 21), (L0, 2)
<23:10:48> [7B1A973B] seamless loading cell terrain(W26, 14), (L7, 6)
<23:10:50> [3EF08C47] seamless loading cell object(W25, 10), (L6, 2)
<23:10:50> [745BAE2F][Warning] failed to stream material xml(game/objects/env/01_nuia/001_ndeco/ndeco_backpack_fertilizer.mtl)
<23:10:50> [01117796][Warning] Cannot load texture game/objects/characters/ferre/female/hair/fe_f_hair03/fe_f_hair03_red_df.dds, file missing [File=game/objects/characters/ferre/female/hair/fe_f_hair03/fe_f_hair03_red_df.dds]
<23:10:50> [CE0EF930][Warning] failed to stream cgf : default
<23:10:50> [62232BEA][Warning] deferred xml stream error - game/animations/animals/owl_postman/lmg_files/normal_run.lmg : f0000003
<23:10:57> [B95EE41B][Error] invalid parent unit id(96544)
<23:10:58> [7AB931CE] seamless unloading cell object(W22, 25), (L3, 6)
<23:10:59> [A181AEBC][Warning] Anim events cannot find effect "X2_EFFECTS_C1.Glider.Crystal_Wing.wing_start1", requested by animation "animations/env/glider_wing_crystal/fist_ac_gliding_start.caf".
<23:11:00> [3EF08C47] seamless loading cell object(W25, 13), (L6, 5)
<23:11:06> [A181AEBC][Warning] Anim events cannot find effect "X2_EFFECTS_C1.Glider.Crystal_Wing.front_trail1", requested by animation "animations/env/glider_wing_crystal/fist_ac_gliding_front.caf".
<23:11:10> [7B1A973B] seamless loading cell terrain(W25, 15), (L6, 7)
<23:11:11> [7AB931CE] seamless unloading cell object(W22, 20), (L3, 1)
<23:11:12> [A181AEBC][Warning] Anim events cannot find effect "X2_EFFECTS_C1.Glider.Crystal_Wing.front_trail1", requested by animation "animations/env/glider_wing_crystal/fist_ac_gliding_front.caf".
<23:11:19> [B866A294] seamless unloading cell terrain(W19, 22), (L0, 3)
<23:11:19> [A181AEBC][Warning] Anim events cannot find effect "X2_EFFECTS_C1.Glider.Crystal_Wing.front_trail1", requested by animation "animations/env/glider_wing_crystal/fist_ac_gliding_front.caf".
<23:11:20> [B866A294] seamless unloading cell terrain(W21, 19), (L2, 0)
<23:11:20> [3EF08C47] seamless loading cell object(W24, 14), (L5, 6)
<23:11:23> [B866A294] seamless unloading cell terrain(W19, 23), (L0, 4)
<23:11:26> [A181AEBC][Warning] Anim events cannot find effect "X2_EFFECTS_C1.Glider.Crystal_Wing.front_trail1", requested by animation "animations/env/glider_wing_crystal/fist_ac_gliding_front.caf".
<23:11:29> [7AB931CE] seamless unloading cell object(W21, 21), (L2, 2)
<23:11:31> [B866A294] seamless unloading cell terrain(W20, 20), (L1, 1)
<23:11:32> [A181AEBC][Warning] Anim events cannot find effect "X2_EFFECTS_C1.Glider.Crystal_Wing.front_trail1", requested by animation "animations/env/glider_wing_crystal/fist_ac_gliding_front.caf".
<23:11:39> [A181AEBC][Warning] Anim events cannot find effect "X2_EFFECTS_C1.Glider.Crystal_Wing.front_trail1", requested by animation "animations/env/glider_wing_crystal/fist_ac_gliding_front.caf".
<23:11:46> [A181AEBC][Warning] Anim events cannot find effect "X2_EFFECTS_C1.Glider.Crystal_Wing.front_trail1", requested by animation "animations/env/glider_wing_crystal/fist_ac_gliding_front.caf".
<23:11:52> [A181AEBC][Warning] Anim events cannot find effect "X2_EFFECTS_C1.Glider.Crystal_Wing.front_trail1", requested by animation "animations/env/glider_wing_crystal/fist_ac_gliding_front.caf".
<23:11:58> [7B1A973B] seamless loading cell terrain(W25, 8), (L6, 0)
<23:11:59> [A181AEBC][Warning] Anim events cannot find effect "X2_EFFECTS_C1.Glider.Crystal_Wing.front_trail1", requested by animation "animations/env/glider_wing_crystal/fist_ac_gliding_front.caf".
<23:12:06> [A181AEBC][Warning] Anim events cannot find effect "X2_EFFECTS_C1.Glider.Crystal_Wing.front_trail1", requested by animation "animations/env/glider_wing_crystal/fist_ac_gliding_front.caf".
<23:12:12> [A181AEBC][Warning] Anim events cannot find effect "X2_EFFECTS_C1.Glider.Crystal_Wing.front_trail1", requested by animation "animations/env/glider_wing_crystal/fist_ac_gliding_front.caf".
<23:12:19> [A181AEBC][Warning] Anim events cannot find effect "X2_EFFECTS_C1.Glider.Crystal_Wing.front_trail1", requested by animation "animations/env/glider_wing_crystal/fist_ac_gliding_front.caf".
<23:12:26> [A181AEBC][Warning] Anim events cannot find effect "X2_EFFECTS_C1.Glider.Crystal_Wing.front_trail1", requested by animation "animations/env/glider_wing_crystal/fist_ac_gliding_front.caf".
<23:12:32> [A181AEBC][Warning] Anim events cannot find effect "X2_EFFECTS_C1.Glider.Crystal_Wing.front_trail1", requested by animation "animations/env/glider_wing_crystal/fist_ac_gliding_front.caf".
<23:12:36> [745BAE2F][Warning] failed to stream material xml(game/objects/characters/hariharan/female/parts/cp/obj/ha_f_cp_leather002.mtl)
<23:12:36> [637AF710][Warning] missing chr material : game/objects/characters/hariharan/female/parts/cp/obj/ha_f_cp_leather002.mtl (chr: game/objects/characters/hariharan/female/parts/cp/obj/ha_f_1cp113.chr)
<23:12:38> [CA175C82][Warning] non-stream IO. system(Material), filePath(game/objects/effects/pointer_a.mtl)
<23:12:39> [A181AEBC][Warning] Anim events cannot find effect "X2_EFFECTS_C1.Glider.Crystal_Wing.front_trail1", requested by animation "animations/env/glider_wing_crystal/fist_ac_gliding_front.caf".
<23:12:41> [000004EE][Warning] [CGF Error] game/objects/env/06_unit/06_glider/glider_wing_crystal/glider_wing_crystal_back.cgf [:] LOD1 of geometry  contains too many polygons comparing to the LOD0 [2720 against 4064] :
<23:12:43> [745BAE2F][Warning] failed to stream material xml(game/materials/effects/fume_h_ssd.mtl)
<23:12:46> [A181AEBC][Warning] Anim events cannot find effect "X2_EFFECTS_C1.Glider.Crystal_Wing.wing_start1", requested by animation "animations/env/glider_wing_crystal/fist_ac_gliding_start.caf".
<23:12:51> [000004EE][Warning] [CGF Error] game/objects/env/06_unit/06_glider/glider_wing_crystal/glider_wing_crystal_back.cgf [:] LOD1 of geometry  contains too many polygons comparing to the LOD0 [2720 against 4064] :
<23:14:32> [CA175C82][Warning] non-stream IO. system(CGF), filePath(objects/ui/grow_mark/guide_leaf_r.cgf)
<23:15:01> [CA175C82][Warning] non-stream IO. system(CGF), filePath(objects/ui/grow_mark/guide_leaf_r.cgf)
<23:15:07> [7AB931CE] seamless unloading cell object(W21, 24), (L2, 5)
<23:15:24> [CA175C82][Warning] non-stream IO. system(CGF), filePath(objects/ui/grow_mark/guide_leaf_r.cgf)
<23:15:34> [A181AEBC][Warning] Anim events cannot find effect "X2_EFFECTS_C1.Glider.Crystal_Wing.wing_start1", requested by animation "animations/env/glider_wing_crystal/fist_ac_gliding_start.caf".
<23:15:38> [000004EE][Warning] Particle effect not found: 'X2_EFFECTS_K.J_Inter_effects.Glider_crystal_particles', from unknown 
<23:15:39> [000004EE][Warning] [CGF Error] game/objects/env/06_unit/06_glider/glider_wing_crystal/glider_wing_crystal_back.cgf [:] LOD1 of geometry  contains too many polygons comparing to the LOD0 [2720 against 4064] :
<23:15:42> [CA175C82][Warning] non-stream IO. system(CGF), filePath(objects/ui/grow_mark/guide_leaf_r.cgf)
<23:15:47> [A181AEBC][Warning] Anim events cannot find effect "X2_EFFECTS_C1.Glider.Crystal_Wing.wing_start1", requested by animation "animations/env/glider_wing_crystal/fist_ac_gliding_start.caf".
<23:15:52> [000004EE][Warning] [CGF Error] game/objects/env/06_unit/06_glider/glider_wing_crystal/glider_wing_crystal_back.cgf [:] LOD1 of geometry  contains too many polygons comparing to the LOD0 [2720 against 4064] :
<23:15:53> [745BAE2F][Warning] failed to stream material xml(game/materials/effects/fume_h_ssd.mtl)
<23:15:58> [CA175C82][Warning] non-stream IO. system(CGF), filePath(objects/ui/grow_mark/guide_leaf_r.cgf)
<23:16:06> [CA175C82][Warning] non-stream IO. system(CGF), filePath(objects/ui/grow_mark/guide_leaf_r.cgf)
<23:16:14> [CA175C82][Warning] non-stream IO. system(CGF), filePath(objects/ui/grow_mark/guide_leaf_r.cgf)
<23:16:21> [CA175C82][Warning] non-stream IO. system(CGF), filePath(objects/ui/grow_mark/guide_leaf_r.cgf)
<23:16:28> [CA175C82][Warning] non-stream IO. system(CGF), filePath(objects/ui/grow_mark/guide_leaf_r.cgf)
<23:16:35> [CA175C82][Warning] non-stream IO. system(CGF), filePath(objects/ui/grow_mark/guide_leaf_r.cgf)
<23:16:43> [CA175C82][Warning] non-stream IO. system(CGF), filePath(objects/ui/grow_mark/guide_leaf_r.cgf)
<23:16:52> [CA175C82][Warning] non-stream IO. system(CGF), filePath(objects/ui/grow_mark/guide_leaf_r.cgf)
<23:16:59> [CA175C82][Warning] non-stream IO. system(CGF), filePath(objects/ui/grow_mark/guide_leaf_r.cgf)
<23:17:06> [CA175C82][Warning] non-stream IO. system(CGF), filePath(objects/ui/grow_mark/guide_leaf_r.cgf)
<23:17:14> [CA175C82][Warning] non-stream IO. system(CGF), filePath(objects/ui/grow_mark/guide_leaf_r.cgf)
<23:17:21> [CA175C82][Warning] non-stream IO. system(CGF), filePath(objects/ui/grow_mark/guide_leaf_r.cgf)
<23:17:29> [CA175C82][Warning] non-stream IO. system(CGF), filePath(objects/ui/grow_mark/guide_leaf_r.cgf)
<23:17:36> [CA175C82][Warning] non-stream IO. system(CGF), filePath(objects/ui/grow_mark/guide_leaf_r.cgf)
<23:17:44> [CA175C82][Warning] non-stream IO. system(CGF), filePath(objects/ui/grow_mark/guide_leaf_r.cgf)
<23:17:51> [CA175C82][Warning] non-stream IO. system(CGF), filePath(objects/ui/grow_mark/guide_leaf_r.cgf)
<23:17:58> [CA175C82][Warning] non-stream IO. system(CGF), filePath(objects/ui/grow_mark/guide_leaf_r.cgf)
<23:18:05> [CA175C82][Warning] non-stream IO. system(CGF), filePath(objects/ui/grow_mark/guide_leaf_r.cgf)
<23:18:13> [6FF68EA5] SetInstantTime: type 0 time 1760757643
<23:18:15> [6FF68EA5] SetInstantTime: type 0 time 0
<23:18:15> [6FF68EA5] SetInstantTime: type 2 time 1760761094
<23:18:15> [5F2B49C4][Warning] cell get sector zone : invalid sector pos (-9, 15)
<23:18:15> [BB790A81] origin change campos : -2649.00, 957.665527
<23:18:15> [00000020]  
<23:18:15> [00000020]  
<23:18:15> [A581FA6D] -----------------------------------------------------------------------------
<23:18:15> [1DAA5677] SeamlessSystem::ChangeOrigin() : Here we go. Old(19,8) -> New(13,5)
<23:18:15> [A581FA6D] -----------------------------------------------------------------------------
<23:18:15> [00000020]  
<23:18:15> [00000020]  
<23:18:15> [B866A294] seamless unloading cell terrain(W26, 25), (L7, 6)
<23:18:15> [B866A294] seamless unloading cell terrain(W26, 24), (L7, 5)
<23:18:15> [B866A294] seamless unloading cell terrain(W26, 23), (L7, 4)
<23:18:15> [B866A294] seamless unloading cell terrain(W26, 22), (L7, 3)
<23:18:15> [B866A294] seamless unloading cell terrain(W26, 21), (L7, 2)
<23:18:15> [B866A294] seamless unloading cell terrain(W26, 20), (L7, 1)
<23:18:15> [B866A294] seamless unloading cell terrain(W25, 26), (L6, 7)
<23:18:15> [B866A294] seamless unloading cell terrain(W25, 25), (L6, 6)
<23:18:15> [B866A294] seamless unloading cell terrain(W25, 24), (L6, 5)
<23:18:15> [7AB931CE] seamless unloading cell object(W25, 24), (L6, 5)
<23:18:15> [4B1E8B22] unload cell object count : 0
<23:18:15> [B866A294] seamless unloading cell terrain(W25, 23), (L6, 4)
<23:18:15> [7AB931CE] seamless unloading cell object(W25, 23), (L6, 4)
<23:18:15> [4B1E8B22] unload cell object count : 0
<23:18:15> [B866A294] seamless unloading cell terrain(W25, 22), (L6, 3)
<23:18:15> [7AB931CE] seamless unloading cell object(W25, 22), (L6, 3)
<23:18:15> [4B1E8B22] unload cell object count : 219
<23:18:15> [B866A294] seamless unloading cell terrain(W25, 21), (L6, 2)
<23:18:15> [7AB931CE] seamless unloading cell object(W25, 21), (L6, 2)
<23:18:15> [4B1E8B22] unload cell object count : 7281
<23:18:15> [B866A294] seamless unloading cell terrain(W25, 20), (L6, 1)
<23:18:15> [B866A294] seamless unloading cell terrain(W25, 19), (L6, 0)
<23:18:15> [B866A294] seamless unloading cell terrain(W24, 26), (L5, 7)
<23:18:15> [B866A294] seamless unloading cell terrain(W24, 25), (L5, 6)
<23:18:15> [7AB931CE] seamless unloading cell object(W24, 25), (L5, 6)
<23:18:15> [4B1E8B22] unload cell object count : 0
<23:18:15> [B866A294] seamless unloading cell terrain(W24, 24), (L5, 5)
<23:18:15> [7AB931CE] seamless unloading cell object(W24, 24), (L5, 5)
<23:18:15> [4B1E8B22] unload cell object count : 0
<23:18:15> [B866A294] seamless unloading cell terrain(W24, 23), (L5, 4)
<23:18:15> [7AB931CE] seamless unloading cell object(W24, 23), (L5, 4)
<23:18:15> [4B1E8B22] unload cell object count : 0
<23:18:15> [B866A294] seamless unloading cell terrain(W24, 22), (L5, 3)
<23:18:15> [7AB931CE] seamless unloading cell object(W24, 22), (L5, 3)
<23:18:15> [4B1E8B22] unload cell object count : 5
<23:18:15> [B866A294] seamless unloading cell terrain(W24, 21), (L5, 2)
<23:18:15> [7AB931CE] seamless unloading cell object(W24, 21), (L5, 2)
<23:18:15> [4B1E8B22] unload cell object count : 13763
<23:18:15> [B866A294] seamless unloading cell terrain(W24, 20), (L5, 1)
<23:18:15> [B866A294] seamless unloading cell terrain(W24, 19), (L5, 0)
<23:18:15> [B866A294] seamless unloading cell terrain(W23, 26), (L4, 7)
<23:18:15> [B866A294] seamless unloading cell terrain(W23, 25), (L4, 6)
<23:18:15> [7AB931CE] seamless unloading cell object(W23, 25), (L4, 6)
<23:18:15> [4B1E8B22] unload cell object count : 0
<23:18:15> [B866A294] seamless unloading cell terrain(W23, 24), (L4, 5)
<23:18:15> [7AB931CE] seamless unloading cell object(W23, 24), (L4, 5)
<23:18:15> [4B1E8B22] unload cell object count : 0
<23:18:15> [B866A294] seamless unloading cell terrain(W23, 23), (L4, 4)
<23:18:15> [7AB931CE] seamless unloading cell object(W23, 23), (L4, 4)
<23:18:15> [4B1E8B22] unload cell object count : 0
<23:18:15> [B866A294] seamless unloading cell terrain(W23, 22), (L4, 3)
<23:18:15> [7AB931CE] seamless unloading cell object(W23, 22), (L4, 3)
<23:18:15> [4B1E8B22] unload cell object count : 6723
<23:18:15> [B866A294] seamless unloading cell terrain(W23, 21), (L4, 2)
<23:18:15> [7AB931CE] seamless unloading cell object(W23, 21), (L4, 2)
<23:18:15> [4B1E8B22] unload cell object count : 1987
<23:18:15> [B866A294] seamless unloading cell terrain(W23, 20), (L4, 1)
<23:18:15> [7AB931CE] seamless unloading cell object(W23, 20), (L4, 1)
<23:18:15> [4B1E8B22] unload cell object count : 17555
<23:18:15> [B866A294] seamless unloading cell terrain(W23, 19), (L4, 0)
<23:18:15> [B866A294] seamless unloading cell terrain(W22, 26), (L3, 7)
<23:18:15> [B866A294] seamless unloading cell terrain(W22, 25), (L3, 6)
<23:18:15> [B866A294] seamless unloading cell terrain(W22, 24), (L3, 5)
<23:18:15> [7AB931CE] seamless unloading cell object(W22, 24), (L3, 5)
<23:18:15> [4B1E8B22] unload cell object count : 4
<23:18:15> [B866A294] seamless unloading cell terrain(W22, 23), (L3, 4)
<23:18:15> [7AB931CE] seamless unloading cell object(W22, 23), (L3, 4)
<23:18:15> [4B1E8B22] unload cell object count : 8322
<23:18:15> [B866A294] seamless unloading cell terrain(W22, 22), (L3, 3)
<23:18:15> [7AB931CE] seamless unloading cell object(W22, 22), (L3, 3)
<23:18:15> [4B1E8B22] unload cell object count : 14124
<23:18:15> [B866A294] seamless unloading cell terrain(W22, 21), (L3, 2)
<23:18:15> [7AB931CE] seamless unloading cell object(W22, 21), (L3, 2)
<23:18:15> [4B1E8B22] unload cell object count : 2173
<23:18:15> [B866A294] seamless unloading cell terrain(W22, 20), (L3, 1)
<23:18:15> [B866A294] seamless unloading cell terrain(W22, 19), (L3, 0)
<23:18:15> [B866A294] seamless unloading cell terrain(W21, 26), (L2, 7)
<23:18:15> [B866A294] seamless unloading cell terrain(W21, 25), (L2, 6)
<23:18:15> [B866A294] seamless unloading cell terrain(W21, 24), (L2, 5)
<23:18:15> [B866A294] seamless unloading cell terrain(W21, 23), (L2, 4)
<23:18:15> [7AB931CE] seamless unloading cell object(W21, 23), (L2, 4)
<23:18:15> [4B1E8B22] unload cell object count : 14039
<23:18:15> [B866A294] seamless unloading cell terrain(W21, 22), (L2, 3)
<23:18:15> [7AB931CE] seamless unloading cell object(W21, 22), (L2, 3)
<23:18:15> [4B1E8B22] unload cell object count : 16351
<23:18:15> [B866A294] seamless unloading cell terrain(W21, 21), (L2, 2)
<23:18:15> [B866A294] seamless unloading cell terrain(W21, 20), (L2, 1)
<23:18:15> [B866A294] seamless unloading cell terrain(W20, 25), (L1, 6)
<23:18:15> [B866A294] seamless unloading cell terrain(W20, 24), (L1, 5)
<23:18:15> [3623F74F] [Seamless] camera has been warped
<23:18:15> [9CAE9693] Starting In World Loading
<23:18:15> [7B1A973B] seamless loading cell terrain(W16, 8), (L3, 3)
<23:18:15> [7B1A973B] seamless loading cell terrain(W16, 9), (L3, 4)
<23:18:15> [7B1A973B] seamless loading cell terrain(W15, 8), (L2, 3)
<23:18:15> [7B1A973B] seamless loading cell terrain(W15, 9), (L2, 4)
<23:18:15> [7B1A973B] seamless loading cell terrain(W17, 8), (L4, 3)
<23:18:15> [7B1A973B] seamless loading cell terrain(W17, 9), (L4, 4)
<23:18:15> [7B1A973B] seamless loading cell terrain(W16, 7), (L3, 2)
<23:18:15> [7B1A973B] seamless loading cell terrain(W16, 10), (L3, 5)
<23:18:15> [7B1A973B] seamless loading cell terrain(W15, 7), (L2, 2)
<23:18:15> [7B1A973B] seamless loading cell terrain(W17, 7), (L4, 2)
<23:18:15> [7B1A973B] seamless loading cell terrain(W15, 10), (L2, 5)
<23:18:15> [7B1A973B] seamless loading cell terrain(W17, 10), (L4, 5)
<23:18:15> [7B1A973B] seamless loading cell terrain(W14, 8), (L1, 3)
<23:18:15> [7B1A973B] seamless loading cell terrain(W14, 9), (L1, 4)
<23:18:15> [7B1A973B] seamless loading cell terrain(W18, 8), (L5, 3)
<23:18:15> [7B1A973B] seamless loading cell terrain(W18, 9), (L5, 4)
<23:18:15> [7B1A973B] seamless loading cell terrain(W14, 7), (L1, 2)
<23:18:15> [7B1A973B] seamless loading cell terrain(W16, 6), (L3, 1)
<23:18:15> [7B1A973B] seamless loading cell terrain(W14, 10), (L1, 5)
<23:18:15> [7B1A973B] seamless loading cell terrain(W18, 7), (L5, 2)
<23:18:15> [7B1A973B] seamless loading cell terrain(W16, 11), (L3, 6)
<23:18:15> [7B1A973B] seamless loading cell terrain(W15, 6), (L2, 1)
<23:18:15> [7B1A973B] seamless loading cell terrain(W18, 10), (L5, 5)
<23:18:15> [7B1A973B] seamless loading cell terrain(W17, 6), (L4, 1)
<23:18:15> [7B1A973B] seamless loading cell terrain(W15, 11), (L2, 6)
<23:18:15> [7B1A973B] seamless loading cell terrain(W17, 11), (L4, 6)
<23:18:15> [7B1A973B] seamless loading cell terrain(W13, 8), (L0, 3)
<23:18:15> [7B1A973B] seamless loading cell terrain(W13, 9), (L0, 4)
<23:18:15> [7B1A973B] seamless loading cell terrain(W14, 6), (L1, 1)
<23:18:15> [7B1A973B] seamless loading cell terrain(W19, 8), (L6, 3)
<23:18:15> [7B1A973B] seamless loading cell terrain(W19, 9), (L6, 4)
<23:18:15> [7B1A973B] seamless loading cell terrain(W14, 11), (L1, 6)
<23:18:15> [7B1A973B] seamless loading cell terrain(W18, 6), (L5, 1)
<23:18:15> [7B1A973B] seamless loading cell terrain(W13, 7), (L0, 2)
<23:18:15> [7B1A973B] seamless loading cell terrain(W18, 11), (L5, 6)
<23:18:15> [7B1A973B] seamless loading cell terrain(W13, 10), (L0, 5)
<23:18:15> [7B1A973B] seamless loading cell terrain(W19, 7), (L6, 2)
<23:18:15> [7B1A973B] seamless loading cell terrain(W16, 5), (L3, 0)
<23:18:15> [7B1A973B] seamless loading cell terrain(W19, 10), (L6, 5)
<23:18:15> [7B1A973B] seamless loading cell terrain(W15, 5), (L2, 0)
<23:18:15> [7B1A973B] seamless loading cell terrain(W16, 12), (L3, 7)
<23:18:15> [7B1A973B] seamless loading cell terrain(W17, 5), (L4, 0)
<23:18:15> [7B1A973B] seamless loading cell terrain(W15, 12), (L2, 7)
<23:18:15> [7B1A973B] seamless loading cell terrain(W17, 12), (L4, 7)
<23:18:15> [7B1A973B] seamless loading cell terrain(W13, 6), (L0, 1)
<23:18:15> [7B1A973B] seamless loading cell terrain(W13, 11), (L0, 6)
<23:18:15> [7B1A973B] seamless loading cell terrain(W19, 6), (L6, 1)
<23:18:15> [7B1A973B] seamless loading cell terrain(W14, 5), (L1, 0)
<23:18:15> [7B1A973B] seamless loading cell terrain(W19, 11), (L6, 6)
<23:18:15> [B866A294] seamless unloading cell terrain(W20, 20), (L7, 7)
<23:18:15> [B866A294] seamless unloading cell terrain(W20, 19), (L7, 6)
<23:18:15> [B866A294] seamless unloading cell terrain(W20, 18), (L7, 5)
<23:18:15> [3EF08C47] seamless loading cell object(W16, 8), (L3, 3)
<23:18:15> [3EF08C47] seamless loading cell object(W16, 9), (L3, 4)
<23:18:15> [3EF08C47] seamless loading cell object(W15, 8), (L2, 3)
<23:18:15> [3EF08C47] seamless loading cell object(W15, 9), (L2, 4)
<23:18:15> [3EF08C47] seamless loading cell object(W17, 8), (L4, 3)
<23:18:15> [3EF08C47] seamless loading cell object(W17, 9), (L4, 4)
<23:18:15> [3EF08C47] seamless loading cell object(W16, 7), (L3, 2)
<23:18:15> [3EF08C47] seamless loading cell object(W16, 10), (L3, 5)
<23:18:15> [3EF08C47] seamless loading cell object(W15, 7), (L2, 2)
<23:18:15> [3EF08C47] seamless loading cell object(W17, 7), (L4, 2)
<23:18:15> [3EF08C47] seamless loading cell object(W15, 10), (L2, 5)
<23:18:15> [3EF08C47] seamless loading cell object(W17, 10), (L4, 5)
<23:18:15> [3EF08C47] seamless loading cell object(W14, 8), (L1, 3)
<23:18:15> [3EF08C47] seamless loading cell object(W14, 9), (L1, 4)
<23:18:15> [3EF08C47] seamless loading cell object(W18, 8), (L5, 3)
<23:18:15> [3EF08C47] seamless loading cell object(W18, 9), (L5, 4)
<23:18:15> [3EF08C47] seamless loading cell object(W14, 7), (L1, 2)
<23:18:15> [3EF08C47] seamless loading cell object(W16, 6), (L3, 1)
<23:18:15> [3EF08C47] seamless loading cell object(W14, 10), (L1, 5)
<23:18:15> [3EF08C47] seamless loading cell object(W18, 7), (L5, 2)
<23:18:15> [3EF08C47] seamless loading cell object(W16, 11), (L3, 6)
<23:18:15> [BB89797D][Warning] Cannot load texture  , file missing [File= ]
<23:18:15> [000004EE][Warning] [CGF Error] game/objects/env/02_harihara/01_ma/ma_top05.cgf [:] non-uniform scale(0.70, 1.00, 0.70) at node(Box11)
<23:18:15> [000004EE][Warning] [CGF Error] game/objects/env/02_harihara/001_hcom/hcom_cart_b.cgf [:] LOD1 of geometry hcom_cart_b contains too many polygons comparing to the LOD0 [770 against 1114] :
<23:18:15> [188BF914][Warning] [EntityLoader] invalid entity pos(1172.249, 2147.883, 0.000) name(AAC_Mahadevi_Ext_1)
<23:18:16> [B42C333F] In World Loading Finished
<23:18:16> [82321C2B][Warning] [net 03:18:16.651] [time] remote time estimation restarted; estimate accumulator age was 1.438809
<23:18:16> [5132FEDE][Warning] invalid attached position(0.00, 21.44, 6.09)
<23:18:16> [745BAE2F][Warning] failed to stream material xml(game/objects/env/06_unit/01_ship/w_middleship/galleon_01.mtl)
<23:18:16> [637AF710][Warning] missing chr material : game/objects/env/06_unit/01_ship/w_middleship/galleon_01.mtl (chr: game/objects/env/06_unit/01_ship/w_middleship/w_middleship_sail_a.chr)
<23:18:17> [CE0EF930][Warning] failed to stream cgf : objects/env/05_nature/08_cry_source/rocks/road_rocks/road_rocks_flat_grey_a.cgf
<23:18:17> [A4D70365][Warning] rigid-body own-entity; prefab=Prefabs/interaction.xml/toy.crane node=AnimObject_1
<23:18:17> [000004EE][Warning] Particle effect not found: 'game/x2_effects_k.j_pc_effects.skill_hatred_df_soultrap_cs', from unknown 
<23:18:17> [DD6CD685][Warning] grand child physical proxy is not supported. grandpa(Enoan Galleon: Sample), dad(prefab_doodad_model_572346_prefab://Prefabs/galleon.xml/galleon.galleon_helms), child(galleon_helms_1)
<23:18:17> [41E5F602][Warning] CRigidEntity::AddGeometry: ( at 380382394877381150000000000000000000000000000000000000000000000000000000000000000000000000000000000000000000000000000000000000000000000000000000000000000000000000000000000000000000000000000000000000000000000000000000000000000000000000000000000000000000000000000000000000000000000000000000000000000.0,2653145486515805000000000000000000000000000000000000000000000000000000000000000000000000000000000000000000000000000000000000000000.0,0.0) Trying to add bad geometry
<23:18:18> [000004EE][Warning] [CGF Error] game/objects/item/shield/shield_monster/shield_baeksojeong01/shield_baeksojeong01.cgf [:] LOD1 of geometry  contains too many polygons comparing to the LOD0 [872 against 1145] :
<23:18:18> [CA175C82][Warning] non-stream IO. system(Material), filePath(game/objects/characters/hariharan/female/hair/ha_f_hair036/ha_f_hair036.mtl)
<23:18:18> [5243B464][Warning] Error: CShaderMan::mfCreateShaderResources: Couldn't find subsurface texture 'objects/characters/ferre/female/face/face01/fe_f_face01_fur_sss.dds' in path '' [File=objects/characters/ferre/female/face/face01/fe_f_face01_fur_sss.dds]
<23:18:18> [000004EE][Warning] Independent immortal particle effect spawned: X2_EFFECT_O.Interaction.enchant_wpn_range_honor_3g
<23:18:18> [186EDA89][Warning] Cannot load texture game/objects/characters/ferre/female/face/fe_f_face_yel_df.dds, file missing [File=game/objects/characters/ferre/female/face/fe_f_face_yel_df.dds]
<23:18:18> [2363981C][Warning] chr material is not precached : game/objects/characters/ferre/male/costume/fe_m_sk_witcher001/fe_m_sk_witcher001_h.mtl (chr: game/objects/characters/ferre/male/costume/fe_m_sk_witcher001/fe_m_sk_witcher001_h.chr)
<23:18:18> [FC50B0AC][Warning] Non 3dc normal map used (wrong on DX10): game/objects/item/aac/all/aa_summer/1h_spear/Sunphira/aa_summer_shish_kebab_ddn.dds [File=game/objects/item/aac/all/aa_summer/1h_spear/Sunphira/aa_summer_shish_kebab_ddn.dds]
<23:18:18> [42C3B581][Warning] Not a normal map texture tried to be used as a normal map: game/objects/item/aac/all/aa_summer/1h_spear/Sunphira/aa_summer_shish_kebab_sp.dds [File=game/objects/item/aac/all/aa_summer/1h_spear/Sunphira/aa_summer_shish_kebab_sp.dds]
<23:18:19> [62232BEA][Warning] deferred xml stream error - game/animations/monster/daru_shadow_seller/lmg_files/fist_mo_normal_walk.lmg : f0000003
<23:18:22> [745BAE2F][Warning] failed to stream material xml(game/objects/characters/ferre/female/costume/fe_f_sk_lucius001/fe_f_sk_lucius001_brop03.mtl)
<23:18:24> [3EF08C47] seamless loading cell object(W18, 10), (L5, 5)
<23:18:24> [CA175C82][Warning] non-stream IO. system(Material), filePath(game/materials/decals/default.mtl)
<23:18:25> [0C909E39][Warning] Cannot load texture game/objects/characters/texture/cp/nu_m_cp_cloth047_df.dds, file missing [File=game/objects/characters/texture/cp/nu_m_cp_cloth047_df.dds]
<23:18:25> [637AF710][Warning] missing chr material : game/objects/characters/warborn/male/parts/cp/obj/01 - Default.mtl (chr: game/objects/characters/warborn/male/parts/cp/obj/wa_m_1cp101.chr)
<23:18:29> [745BAE2F][Warning] failed to stream material xml(game/objects/env/06_unit/06_glider/glider_b_lv_c_brop01.mtl)
<23:18:41> [745BAE2F][Warning] failed to stream material xml(game/objects/characters/hariharan/female/parts/hm/obj/ha_f_hm_leather120.mtl)
<23:18:41> [637AF710][Warning] missing chr material : game/objects/characters/hariharan/female/parts/hm/obj/ha_f_hm_leather120.mtl (chr: game/objects/characters/hariharan/female/parts/hm/obj/ha_f_1hm110.chr)
<23:18:41> [000004EE][Warning] Independent immortal particle effect spawned: X2_EFFECT_O.Interaction.enchant_wpn_range_1g
<23:18:45> [CE0EF930][Warning] failed to stream cgf : objects/effects/portal_gate.cgf
<23:18:47> [BB790A81] origin change campos : 6669.69, 22258.408203
<23:18:47> [00000020]  
<23:18:47> [00000020]  
<23:18:47> [A581FA6D] -----------------------------------------------------------------------------
<23:18:47> [1DAA5677] SeamlessSystem::ChangeOrigin() : Here we go. Old(13,5) -> New(16,23)
<23:18:47> [A581FA6D] -----------------------------------------------------------------------------
<23:18:47> [00000020]  
<23:18:47> [00000020]  
<23:18:47> [B866A294] seamless unloading cell terrain(W13, 14), (L0, 1)
<23:18:47> [B866A294] seamless unloading cell terrain(W13, 15), (L0, 2)
<23:18:47> [B866A294] seamless unloading cell terrain(W13, 16), (L0, 3)
<23:18:47> [B866A294] seamless unloading cell terrain(W13, 17), (L0, 4)
<23:18:47> [B866A294] seamless unloading cell terrain(W13, 18), (L0, 5)
<23:18:47> [B866A294] seamless unloading cell terrain(W13, 19), (L0, 6)
<23:18:47> [B866A294] seamless unloading cell terrain(W14, 13), (L1, 0)
<23:18:47> [B866A294] seamless unloading cell terrain(W14, 14), (L1, 1)
<23:18:47> [B866A294] seamless unloading cell terrain(W14, 15), (L1, 2)
<23:18:47> [7AB931CE] seamless unloading cell object(W14, 15), (L1, 2)
<23:18:47> [4B1E8B22] unload cell object count : 232
<23:18:47> [B866A294] seamless unloading cell terrain(W14, 16), (L1, 3)
<23:18:47> [7AB931CE] seamless unloading cell object(W14, 16), (L1, 3)
<23:18:47> [4B1E8B22] unload cell object count : 793
<23:18:47> [B866A294] seamless unloading cell terrain(W14, 17), (L1, 4)
<23:18:47> [7AB931CE] seamless unloading cell object(W14, 17), (L1, 4)
<23:18:47> [4B1E8B22] unload cell object count : 295
<23:18:47> [B866A294] seamless unloading cell terrain(W14, 18), (L1, 5)
<23:18:47> [7AB931CE] seamless unloading cell object(W14, 18), (L1, 5)
<23:18:47> [4B1E8B22] unload cell object count : 5953
<23:18:47> [B866A294] seamless unloading cell terrain(W14, 19), (L1, 6)
<23:18:47> [B866A294] seamless unloading cell terrain(W15, 13), (L2, 0)
<23:18:47> [B866A294] seamless unloading cell terrain(W15, 14), (L2, 1)
<23:18:47> [B866A294] seamless unloading cell terrain(W15, 15), (L2, 2)
<23:18:47> [7AB931CE] seamless unloading cell object(W15, 15), (L2, 2)
<23:18:47> [4B1E8B22] unload cell object count : 12919
<23:18:47> [B866A294] seamless unloading cell terrain(W15, 16), (L2, 3)
<23:18:47> [7AB931CE] seamless unloading cell object(W15, 16), (L2, 3)
<23:18:47> [4B1E8B22] unload cell object count : 2237
<23:18:47> [B866A294] seamless unloading cell terrain(W15, 17), (L2, 4)
<23:18:47> [7AB931CE] seamless unloading cell object(W15, 17), (L2, 4)
<23:18:47> [4B1E8B22] unload cell object count : 5508
<23:18:47> [B866A294] seamless unloading cell terrain(W15, 18), (L2, 5)
<23:18:47> [7AB931CE] seamless unloading cell object(W15, 18), (L2, 5)
<23:18:47> [4B1E8B22] unload cell object count : 0
<23:18:47> [B866A294] seamless unloading cell terrain(W15, 19), (L2, 6)
<23:18:47> [B866A294] seamless unloading cell terrain(W15, 20), (L2, 7)
<23:18:47> [B866A294] seamless unloading cell terrain(W16, 13), (L3, 0)
<23:18:47> [B866A294] seamless unloading cell terrain(W16, 14), (L3, 1)
<23:18:47> [7AB931CE] seamless unloading cell object(W16, 14), (L3, 1)
<23:18:47> [4B1E8B22] unload cell object count : 0
<23:18:47> [B866A294] seamless unloading cell terrain(W16, 15), (L3, 2)
<23:18:47> [7AB931CE] seamless unloading cell object(W16, 15), (L3, 2)
<23:18:47> [4B1E8B22] unload cell object count : 3484
<23:18:47> [B866A294] seamless unloading cell terrain(W16, 16), (L3, 3)
<23:18:47> [7AB931CE] seamless unloading cell object(W16, 16), (L3, 3)
<23:18:47> [4B1E8B22] unload cell object count : 2750
<23:18:47> [B866A294] seamless unloading cell terrain(W16, 17), (L3, 4)
<23:18:47> [7AB931CE] seamless unloading cell object(W16, 17), (L3, 4)
<23:18:47> [4B1E8B22] unload cell object count : 677
<23:18:47> [B866A294] seamless unloading cell terrain(W16, 18), (L3, 5)
<23:18:47> [7AB931CE] seamless unloading cell object(W16, 18), (L3, 5)
<23:18:47> [4B1E8B22] unload cell object count : 1407
<23:18:47> [B866A294] seamless unloading cell terrain(W16, 19), (L3, 6)
<23:18:47> [7AB931CE] seamless unloading cell object(W16, 19), (L3, 6)
<23:18:47> [4B1E8B22] unload cell object count : 5774
<23:18:47> [B866A294] seamless unloading cell terrain(W16, 20), (L3, 7)
<23:18:47> [B866A294] seamless unloading cell terrain(W17, 13), (L4, 0)
<23:18:47> [B866A294] seamless unloading cell terrain(W17, 14), (L4, 1)
<23:18:47> [B866A294] seamless unloading cell terrain(W17, 15), (L4, 2)
<23:18:47> [7AB931CE] seamless unloading cell object(W17, 15), (L4, 2)
<23:18:47> [4B1E8B22] unload cell object count : 5949
<23:18:47> [B866A294] seamless unloading cell terrain(W17, 16), (L4, 3)
<23:18:47> [7AB931CE] seamless unloading cell object(W17, 16), (L4, 3)
<23:18:47> [4B1E8B22] unload cell object count : 4842
<23:18:47> [B866A294] seamless unloading cell terrain(W17, 17), (L4, 4)
<23:18:47> [7AB931CE] seamless unloading cell object(W17, 17), (L4, 4)
<23:18:47> [4B1E8B22] unload cell object count : 4387
<23:18:47> [B866A294] seamless unloading cell terrain(W17, 18), (L4, 5)
<23:18:47> [7AB931CE] seamless unloading cell object(W17, 18), (L4, 5)
<23:18:47> [4B1E8B22] unload cell object count : 33
<23:18:47> [B866A294] seamless unloading cell terrain(W17, 19), (L4, 6)
<23:18:47> [B866A294] seamless unloading cell terrain(W17, 20), (L4, 7)
<23:18:47> [B866A294] seamless unloading cell terrain(W18, 14), (L5, 1)
<23:18:47> [B866A294] seamless unloading cell terrain(W18, 15), (L5, 2)
<23:18:47> [7AB931CE] seamless unloading cell object(W18, 15), (L5, 2)
<23:18:47> [4B1E8B22] unload cell object count : 7198
<23:18:47> [B866A294] seamless unloading cell terrain(W18, 16), (L5, 3)
<23:18:47> [7AB931CE] seamless unloading cell object(W18, 16), (L5, 3)
<23:18:47> [4B1E8B22] unload cell object count : 30287
<23:18:47> [B866A294] seamless unloading cell terrain(W18, 17), (L5, 4)
<23:18:47> [7AB931CE] seamless unloading cell object(W18, 17), (L5, 4)
<23:18:47> [4B1E8B22] unload cell object count : 17778
<23:18:47> [B866A294] seamless unloading cell terrain(W18, 18), (L5, 5)
<23:18:47> [7AB931CE] seamless unloading cell object(W18, 18), (L5, 5)
<23:18:47> [4B1E8B22] unload cell object count : 2909
<23:18:47> [B866A294] seamless unloading cell terrain(W18, 19), (L5, 6)
<23:18:47> [B866A294] seamless unloading cell terrain(W19, 14), (L6, 1)
<23:18:47> [B866A294] seamless unloading cell terrain(W19, 15), (L6, 2)
<23:18:47> [B866A294] seamless unloading cell terrain(W19, 16), (L6, 3)
<23:18:47> [B866A294] seamless unloading cell terrain(W19, 17), (L6, 4)
<23:18:47> [B866A294] seamless unloading cell terrain(W19, 18), (L6, 5)
<23:18:47> [B866A294] seamless unloading cell terrain(W19, 19), (L6, 6)
<23:18:47> [3623F74F] [Seamless] camera has been warped
<23:18:47> [9CAE9693] Starting In World Loading
<23:18:47> [7B1A973B] seamless loading cell terrain(W19, 26), (L3, 3)
<23:18:47> [7B1A973B] seamless loading cell terrain(W19, 27), (L3, 4)
<23:18:47> [7B1A973B] seamless loading cell terrain(W20, 26), (L4, 3)
<23:18:47> [7B1A973B] seamless loading cell terrain(W18, 26), (L2, 3)
<23:18:47> [7B1A973B] seamless loading cell terrain(W19, 25), (L3, 2)
<23:18:47> [7B1A973B] seamless loading cell terrain(W20, 27), (L4, 4)
<23:18:47> [7B1A973B] seamless loading cell terrain(W18, 27), (L2, 4)
<23:18:47> [7B1A973B] seamless loading cell terrain(W20, 25), (L4, 2)
<23:18:47> [7B1A973B] seamless loading cell terrain(W18, 25), (L2, 2)
<23:18:47> [7B1A973B] seamless loading cell terrain(W19, 28), (L3, 5)
<23:18:47> [7B1A973B] seamless loading cell terrain(W21, 26), (L5, 3)
<23:18:47> [7B1A973B] seamless loading cell terrain(W20, 28), (L4, 5)
<23:18:47> [7B1A973B] seamless loading cell terrain(W17, 26), (L1, 3)
<23:18:47> [7B1A973B] seamless loading cell terrain(W18, 28), (L2, 5)
<23:18:47> [7B1A973B] seamless loading cell terrain(W21, 27), (L5, 4)
<23:18:47> [7B1A973B] seamless loading cell terrain(W17, 27), (L1, 4)
<23:18:47> [7B1A973B] seamless loading cell terrain(W19, 24), (L3, 1)
<23:18:47> [7B1A973B] seamless loading cell terrain(W21, 25), (L5, 2)
<23:18:47> [7B1A973B] seamless loading cell terrain(W17, 25), (L1, 2)
<23:18:47> [7B1A973B] seamless loading cell terrain(W20, 24), (L4, 1)
<23:18:47> [7B1A973B] seamless loading cell terrain(W18, 24), (L2, 1)
<23:18:47> [7B1A973B] seamless loading cell terrain(W21, 28), (L5, 5)
<23:18:47> [7B1A973B] seamless loading cell terrain(W17, 28), (L1, 5)
<23:18:47> [7B1A973B] seamless loading cell terrain(W19, 29), (L3, 6)
<23:18:47> [7B1A973B] seamless loading cell terrain(W20, 29), (L4, 6)
<23:18:47> [7B1A973B] seamless loading cell terrain(W18, 29), (L2, 6)
<23:18:47> [7B1A973B] seamless loading cell terrain(W21, 24), (L5, 1)
<23:18:47> [7B1A973B] seamless loading cell terrain(W22, 26), (L6, 3)
<23:18:47> [7B1A973B] seamless loading cell terrain(W17, 24), (L1, 1)
<23:18:47> [7B1A973B] seamless loading cell terrain(W16, 26), (L0, 3)
<23:18:47> [7B1A973B] seamless loading cell terrain(W22, 27), (L6, 4)
<23:18:47> [7B1A973B] seamless loading cell terrain(W16, 27), (L0, 4)
<23:18:47> [7B1A973B] seamless loading cell terrain(W22, 25), (L6, 2)
<23:18:47> [7B1A973B] seamless loading cell terrain(W19, 23), (L3, 0)
<23:18:47> [7B1A973B] seamless loading cell terrain(W16, 25), (L0, 2)
<23:18:47> [7B1A973B] seamless loading cell terrain(W20, 23), (L4, 0)
<23:18:47> [7B1A973B] seamless loading cell terrain(W18, 23), (L2, 0)
<23:18:47> [7B1A973B] seamless loading cell terrain(W21, 29), (L5, 6)
<23:18:47> [7B1A973B] seamless loading cell terrain(W17, 29), (L1, 6)
<23:18:47> [7B1A973B] seamless loading cell terrain(W22, 28), (L6, 5)
<23:18:47> [7B1A973B] seamless loading cell terrain(W16, 28), (L0, 5)
<23:18:47> [7B1A973B] seamless loading cell terrain(W22, 24), (L6, 1)
<23:18:47> [7B1A973B] seamless loading cell terrain(W16, 24), (L0, 1)
<23:18:47> [7B1A973B] seamless loading cell terrain(W19, 30), (L3, 7)
<23:18:47> [7B1A973B] seamless loading cell terrain(W21, 23), (L5, 0)
<23:18:47> [7B1A973B] seamless loading cell terrain(W17, 23), (L1, 0)
<23:18:47> [7B1A973B] seamless loading cell terrain(W20, 30), (L4, 7)
<23:18:47> [7B1A973B] seamless loading cell terrain(W18, 30), (L2, 7)
<23:18:47> [7B1A973B] seamless loading cell terrain(W23, 26), (L7, 3)
<23:18:47> [3EF08C47] seamless loading cell object(W19, 26), (L3, 3)
<23:18:47> [3EF08C47] seamless loading cell object(W19, 27), (L3, 4)
<23:18:47> [3EF08C47] seamless loading cell object(W20, 26), (L4, 3)
<23:18:47> [3EF08C47] seamless loading cell object(W18, 26), (L2, 3)
<23:18:47> [3EF08C47] seamless loading cell object(W19, 25), (L3, 2)
<23:18:47> [3EF08C47] seamless loading cell object(W20, 27), (L4, 4)
<23:18:47> [3EF08C47] seamless loading cell object(W18, 27), (L2, 4)
<23:18:47> [3EF08C47] seamless loading cell object(W20, 25), (L4, 2)
<23:18:47> [3EF08C47] seamless loading cell object(W18, 25), (L2, 2)
<23:18:47> [3EF08C47] seamless loading cell object(W19, 28), (L3, 5)
<23:18:47> [3EF08C47] seamless loading cell object(W21, 26), (L5, 3)
<23:18:47> [3EF08C47] seamless loading cell object(W20, 28), (L4, 5)
<23:18:47> [3EF08C47] seamless loading cell object(W17, 26), (L1, 3)
<23:18:47> [3EF08C47] seamless loading cell object(W18, 28), (L2, 5)
<23:18:47> [3EF08C47] seamless loading cell object(W21, 27), (L5, 4)
<23:18:47> [3EF08C47] seamless loading cell object(W17, 27), (L1, 4)
<23:18:47> [3EF08C47] seamless loading cell object(W19, 24), (L3, 1)
<23:18:47> [3EF08C47] seamless loading cell object(W21, 25), (L5, 2)
<23:18:47> [3EF08C47] seamless loading cell object(W17, 25), (L1, 2)
<23:18:47> [3EF08C47] seamless loading cell object(W20, 24), (L4, 1)
<23:18:47> [3EF08C47] seamless loading cell object(W18, 24), (L2, 1)
<23:18:47> [C53DD221][Warning] Cannot load texture game/objects/env/01_nuia/001_ncom/ncom_city_old_multi_in_prison_cave_rock_aa_df.dds, file missing [File=game/objects/env/01_nuia/001_ncom/ncom_city_old_multi_in_prison_cave_rock_aa_df.dds]
<23:18:47> [FCC3CF4D][Warning] Error: CShaderMan::mfCreateShaderResources: Couldn't find subsurface texture 'game/objects/Env/01_nuia/001_ncom/ncom_city_old_multi_in_prison_cave_rock_aa_df.dds' in path '' [File=game/objects/Env/01_nuia/001_ncom/ncom_city_old_multi_in_prison_cave_rock_aa_df.dds]
<23:18:47> [000004EE][Warning] [CGF Error] game/objects/env/03_origin_continent/25_shining_shore/o_shining_ostcamp_column_b.cgf [:] LOD1 of geometry  contains too many polygons comparing to the LOD0 [488 against 684] :
<23:18:47> [A5DDEC33][Warning] Warning: CShaderMan::mfForName: NULL name
<23:18:48> [B42C333F] In World Loading Finished
<23:18:48> [82321C2B][Warning] [net 03:18:48.216] [time] remote time estimation restarted; estimate accumulator age was 1.171455
<23:18:48> [CA175C82][Warning] non-stream IO. system(Material), filePath(game/objects/env/01_nuia/001_housing/housing_farm/hs_f_scarecrow_moon.mtl)
<23:18:48> [EFC67A6D][Warning] Error: CShaderMan::mfCreateShaderResources: Couldn't find detail texture
'game/objects/env/01_nuia/001_housing/housing_house/nuia_housing_tree07_ddn.dds' in path '' [File=game/objects/env/01_nuia/001_housing/housing_house/nuia_housing_tree07_ddn.dds]
<23:18:48> [A4D70365][Warning] rigid-body own-entity; prefab=prefabs/interaction_c.xml/furniture.baby_cat_c node=AnimObject_144
<23:18:48> [F724A392][Error] CryAnimation:: Trying to load animation with alias "fist_ba_relaxed_idle_rand_2" from file "animations/animals/welsh_corgi_baby/fist/fist_ba_relaxed_idle_rand.caf" into the animation container. Such animation alias already exists and uses file "animations/animals/welsh_corgi_baby/fist/fist_ba_relaxed_idle_rand_2.caf". Please use another animation alias.
<23:18:48> [745BAE2F][Warning] failed to stream material xml(game/$picking.mtl)
<23:18:48> [910643CC][Warning] cutter mesh is not correctly triangulated. source=[game/objects/characters/animals/fish/fish_tropical_greenhouse/fish_tropical_greenhouse.chr, Indices:3]
<23:18:48> [EFA8E813][Warning] cutter mesh is zero indices
<23:18:49> [CE2F4035][Warning] chr physical geom is not precached. (game/objects/env/01_nuia/001_housing/housing_house/housing_house_equipment.chr)
<23:18:49> [637AF710][Warning] missing chr material : game/objects/characters/nuian/male/parts/hm/obj/nu_m_hm_cloth999.mtl (chr: game/objects/characters/nuian/male/parts/hm/obj/nu_m_1hm187.chr)
<23:18:49> [000004EE][Warning] [CGF Error] game/objects/env/01_nuia/001_housing/housing_furniture/hs_f_safe_d.cgf [:] LOD1 of geometry hs_f_safe_d contains too many polygons comparing to the LOD0 [1606 against 2318] :
<23:18:50> [000004EE][Warning] I3DEngine::RegisterEntity: entity reports invalid position: Name: LightEntityName (), Class: LightEntityClass, Pos=(6028.4,10581.8,161.7), aabb center=(3482.2,4061.5,106.4)
<23:18:50> [755A3546][Warning] Error: CShaderMan::mfCreateShaderResources: Couldn't find custom secondary texture 'game/objects/env/01_nuia/001_housing/housing_house/nuia_housing_treemossy03_ddn.dds' in path '' [File=game/objects/env/01_nuia/001_housing/housing_house/nuia_housing_treemossy03_ddn.dds]
<23:18:50> [000004EE][Warning] [CGF Error] game/objects/env/01_nuia/001_ncom/ncom_xmas_musicbox.cga [:] Duplicate LOD helper $lod1 ncom_xmas_musicbox_top
<23:18:50> [73EB452A][Warning] Cannot load texture game/objects/env/01_nuia/06_mari/mari_city_templein_relic_a_ddn.dds, file missing [File=game/objects/env/01_nuia/06_mari/mari_city_templein_relic_a_ddn.dds]
<23:18:54> [BCCDC555][Warning] MakeSprite - too many sprite update (10). dropping.. (sprites : 67)
<23:18:59> [A181AEBC][Warning] Anim events cannot find effect "X2_EFFECTS_C1.Glider.Crystal_Wing.wing_start1", requested by animation "animations/env/glider_wing_crystal/fist_ac_gliding_start.caf".
<23:19:04> [000004EE][Warning] Particle effect not found: 'game/x2_effects.doodad_effect.quest_magiclamp', from unknown 
<23:19:05> [A181AEBC][Warning] Anim events cannot find effect "X2_EFFECTS_K.J_Inter_effects.Glider_crystal_particles", requested by animation "animations/env/glider_wing_crystal/fist_ac_gliding_back.caf".
<23:19:12> [A181AEBC][Warning] Anim events cannot find effect "X2_EFFECTS_K.J_Inter_effects.Glider_crystal_particles", requested by animation "animations/env/glider_wing_crystal/fist_ac_gliding_back.caf".
<23:19:13> [CA175C82][Warning] non-stream IO. system(Material), filePath(game/objects/effects/pointer_a.mtl)
<23:19:16> [000004EE][Warning] [CGF Error] game/objects/env/06_unit/06_glider/glider_wing_crystal/glider_wing_crystal_back.cgf [:] LOD1 of geometry  contains too many polygons comparing to the LOD0 [2720 against 4064] :
<23:19:18> [A181AEBC][Warning] Anim events cannot find effect "X2_EFFECTS_C1.Glider.Crystal_Wing.wing_start1", requested by animation "animations/env/glider_wing_crystal/fist_ac_gliding_start.caf".
<23:19:24> [62232BEA][Warning] deferred xml stream error - game/animations/env/03_origin_continent/25_shining_shore/o_shining_shatigon_bunker/lmg_files/normal_run.lmg : f0000003
<23:19:24> [A181AEBC][Warning] Anim events cannot find effect "X2_EFFECTS_C1.Glider.Crystal_Wing.front_trail1", requested by animation "animations/env/glider_wing_crystal/fist_ac_gliding_front.caf".
<23:19:27> [000004EE][Warning] Particle effect not found: 'game/x2_effect_o.mon_effects.mon_wide_blast_launch', from unknown 
<23:19:31> [A181AEBC][Warning] Anim events cannot find effect "X2_EFFECTS_C1.Glider.Crystal_Wing.front_trail1", requested by animation "animations/env/glider_wing_crystal/fist_ac_gliding_front.caf".
<23:19:31> [7B1A973B] seamless loading cell terrain(W16, 29), (L0, 6)
<23:19:32> [B866A294] seamless unloading cell terrain(W23, 19), (L7, 3)
<23:19:32> [3EF08C47] seamless loading cell object(W17, 28), (L1, 5)
<23:19:34> [745BAE2F][Warning] failed to stream material xml(game/objects/env/01_nuia/001_ndeco/making/ndeco_making_rock01_second.mtl)
<23:19:38> [A181AEBC][Warning] Anim events cannot find effect "X2_EFFECTS_C1.Glider.Crystal_Wing.front_trail1", requested by animation "animations/env/glider_wing_crystal/fist_ac_gliding_front.caf".
<23:19:44> [000004EE][Warning] [CGF Error] game/objects/env/06_unit/06_glider/glider_wing_crystal/glider_wing_crystal_back.cgf [:] LOD1 of geometry  contains too many polygons comparing to the LOD0 [2720 against 4064] :
<23:20:16> [000004EE][Warning] Independent immortal particle effect spawned: X2_EFFECT_O.Interaction.enchant_wpn_range_honor_3g
<23:20:20> [240CA9B0][Warning] Cannot load texture game/textures/cubemaps/reflect_sky3e.dds, file missing [File=game/textures/cubemaps/reflect_sky3e.dds]
<23:20:23> [745BAE2F][Warning] failed to stream material xml(game/objects/effects/ksw_effect/qilin.mtl)
<23:20:24> [B95EE41B][Error] invalid parent unit id(90821)
<23:20:24> [637AF710][Warning] missing chr material : game/objects/characters/warborn/female/parts/cp/obj/03 - Default.mtl (chr: game/objects/characters/warborn/female/parts/cp/obj/wa_f_1cp101.chr)
<23:20:24> [CA175C82][Warning] non-stream IO. system(Material), filePath(game/objects/characters/warborn/female/horns/wa_f_horns010/wa_f_horns010_hc02.mtl)
<23:20:24> [000004EE][Warning] Independent immortal particle effect spawned: X2_EFFECT_O.Interaction.enchant_wpn_range_honor_3g
<23:20:27> [A4D70365][Warning] rigid-body own-entity; prefab=prefabs/interaction_c.xml/furniture.baby_cat_c node=AnimObject_144
<23:20:35> [A181AEBC][Warning] Anim events cannot find effect "X2_EFFECTS_C1.Glider.Crystal_Wing.wing_start1", requested by animation "animations/env/glider_wing_crystal/fist_ac_gliding_start.caf".
<23:20:36> [B95EE41B][Error] invalid parent unit id(90821)
<23:20:38> [000004EE][Warning] [CGF Error] game/objects/env/06_unit/06_glider/glider_wing_crystal/glider_wing_crystal_back.cgf [:] LOD1 of geometry  contains too many polygons comparing to the LOD0 [2720 against 4064] :
<23:20:39> [000004EE][Warning] Independent immortal particle effect spawned: X2_EFFECT_O.Interaction.enchant_wpn_range_honor_3g
<23:20:40> [000004EE][Warning] [Lua Error] 1_3_0/scripts/x2ui/characterinfo/character_info.lua:520: attempt to call method 'AnimForEquipped' (a nil value)
<23:20:55> [745BAE2F][Warning] failed to stream material xml(game/$picking.mtl)
<23:20:56> [A181AEBC][Warning] Anim events cannot find effect "X2_EFFECTS_C1.Glider.Crystal_Wing.wing_start1", requested by animation "animations/env/glider_wing_crystal/fist_ac_gliding_start.caf".
<23:20:57> [A4D70365][Warning] rigid-body own-entity; prefab=prefabs/interaction_c.xml/furniture.baby_cat_c node=AnimObject_144
<23:20:58> [491B3718][Warning] Cannot load texture objects/characters/ferre/female/face/face01/fe_f_face01_fur_sss.dds, file missing [File=objects/characters/ferre/female/face/face01/fe_f_face01_fur_sss.dds]
<23:20:58> [5243B464][Warning] Error: CShaderMan::mfCreateShaderResources: Couldn't find subsurface texture 'objects/characters/ferre/female/face/face01/fe_f_face01_fur_sss.dds' in path '' [File=objects/characters/ferre/female/face/face01/fe_f_face01_fur_sss.dds]
<23:20:58> [637AF710][Warning] missing chr material : game/objects/characters/ferre/male/parts/pt/obj/fe_m_pt_leather001.mtl (chr: game/objects/characters/ferre/male/parts/pt/obj/fe_m_1pt201.chr)
<23:20:58> [000004EE][Warning] Independent immortal particle effect spawned: X2_EFFECT_O.Interaction.enchant_wpn_range_honor_3g
<23:21:01> [000004EE][Warning] [CGF Error] game/objects/env/06_unit/06_glider/glider_wing_crystal/glider_wing_crystal_back.cgf [:] LOD1 of geometry  contains too many polygons comparing to the LOD0 [2720 against 4064] :
<23:21:03> [F9376E0D][Warning] [flow] FG-0x89745E7C-Entity 'AnimObject_48' was destroyed with pending updates/activations. Report follows...
<23:21:03> [A8F1529E][Warning] [flow] Pending nodes:
<23:21:04> [000004EE][Warning] Independent immortal particle effect spawned: X2_EFFECT_O.Interaction.enchant_wpn_range_honor_3g
<23:21:24> [000004EE][Warning] Independent immortal particle effect spawned: X2_EFFECT_O.Interaction.enchant_wpn_range_honor_3g
<23:21:29> [745BAE2F][Warning] failed to stream material xml(game/objects/effects/ksw_effect/qilin.mtl)
<23:21:30> [B95EE41B][Error] invalid parent unit id(97109)
<23:21:30> [637AF710][Warning] missing chr material : game/objects/characters/warborn/female/parts/cp/obj/03 - Default.mtl (chr: game/objects/characters/warborn/female/parts/cp/obj/wa_f_1cp101.chr)
<23:21:30> [CA175C82][Warning] non-stream IO. system(Material), filePath(game/objects/characters/warborn/female/horns/wa_f_horns010/wa_f_horns010_hc02.mtl)
<23:21:30> [000004EE][Warning] Independent immortal particle effect spawned: X2_EFFECT_O.Interaction.enchant_wpn_range_honor_3g
<23:21:38> [B95EE41B][Error] invalid parent unit id(97109)
<23:21:40> [62232BEA][Warning] deferred xml stream error - game/animations/monster/polarbear/lmg_files/normal_run.lmg : f0000003
<23:21:44> [745BAE2F][Warning] failed to stream material xml(game/$picking.mtl)
<23:21:48> [000004EE][Warning] Independent immortal particle effect spawned: X2_EFFECT_O.Interaction.enchant_wpn_range_honor_3g
<23:21:55> [745BAE2F][Warning] failed to stream material xml(game/$picking.mtl)
<23:21:56> [A4D70365][Warning] rigid-body own-entity; prefab=prefabs/interaction_c.xml/furniture.kraken_prop_am node=AnimObject_144
<23:21:56> [CCFBC94A][Warning] Cannot load texture game/objects/characters/animals/cat_baby_cat/cat_baby_black_pet_df.dds, file missing [File=game/objects/characters/animals/cat_baby_cat/cat_baby_black_pet_df.dds]
<23:21:56> [8BC8B87E][Warning] Error: CShaderMan::mfCreateShaderResources: Couldn't find subsurface texture 'game/objects/characters/animals/cat_baby_cat/cat_baby_black_pet_df.dds' in path '' [File=game/objects/characters/animals/cat_baby_cat/cat_baby_black_pet_df.dds]
<23:21:56> [000004EE][Warning] [CGF Error] game/objects/env/01_nuia/001_housing/housing_furniture/hs_f_safe_d.cgf [:] LOD1 of geometry hs_f_safe_d contains too many polygons comparing to the LOD0 [1606 against 2318] :
<23:21:56> [910643CC][Warning] cutter mesh is not correctly triangulated. source=[game/objects/characters/animals/fish/fish_tropical_greenhouse/fish_tropical_greenhouse.chr, Indices:3]
<23:21:56> [EFA8E813][Warning] cutter mesh is zero indices
<23:21:58> [5132FEDE][Warning] invalid attached position(28.91, -1.87, -12.33)
<23:21:58> [73C0D09F][Warning] Not a normal map texture tried to be used as a normal map: game/objects/env/99_aac/001_ndeco/ndeco_backpack_kraken_p/primal_tent_df.dds [File=game/objects/env/99_aac/001_ndeco/ndeco_backpack_kraken_p/primal_tent_df.dds]
<23:21:58> [000004EE][Warning] I3DEngine::RegisterEntity: entity reports invalid position: Name: LightEntityName (), Class: LightEntityClass, Pos=(6389.1,10237.8,284.5), aabb center=(3372.2,3924.0,97.3)
<23:21:58> [000004EE][Warning] [CGF Error] game/objects/env/01_nuia/001_housing/housing_furniture/hs_f_safe_e.cgf [:] non-uniform scale(1.00, 1.03, 1.00) at node(hs_f_safe_e)
<23:22:03> [000004EE][Warning] Independent immortal particle effect spawned: X2_EFFECT_O.Interaction.enchant_wpn_range_honor_3g
<23:22:06> [F9376E0D][Warning] [flow] FG-0x86D3F45C-Entity 'AnimObject_48' was destroyed with pending updates/activations. Report follows...
<23:22:06> [A8F1529E][Warning] [flow] Pending nodes:
<23:22:13> [745BAE2F][Warning] failed to stream material xml(game/materials/effects/fume_h_ssd.mtl)
<23:22:15> [A181AEBC][Warning] Anim events cannot find effect "X2_EFFECTS_C1.Glider.Crystal_Wing.wing_start1", requested by animation "animations/env/glider_wing_crystal/fist_ac_gliding_start.caf".
<23:22:20> [A181AEBC][Warning] Anim events cannot find effect "X2_EFFECTS_K.J_Inter_effects.Glider_crystal_particles", requested by animation "animations/env/glider_wing_crystal/fist_ac_gliding_back.caf".
<23:22:22> [000004EE][Warning] [CGF Error] game/objects/env/06_unit/06_glider/glider_wing_crystal/glider_wing_crystal_back.cgf [:] LOD1 of geometry  contains too many polygons comparing to the LOD0 [2720 against 4064] :
<23:22:22> [7B1A973B] seamless loading cell terrain(W17, 30), (L1, 7)
<23:22:25> [000004EE][Warning] Independent immortal particle effect spawned: X2_EFFECT_O.Interaction.enchant_wpn_range_honor_3g
<23:22:26> [7AB931CE] seamless unloading cell object(W20, 17), (L4, 1)
<23:22:34> [CA175C82][Warning] non-stream IO. system(CGF), filePath(Objects/Env/01_nuia/001_housing/housing_house/housing_tree_spider.cgf)
<23:22:34> [BF8BE32F][Warning] Cannot load texture game/objects/env/01_nuia/001_housing/housing_house/housing_tree_base_sp.dds, file missing [File=game/objects/env/01_nuia/001_housing/housing_house/housing_tree_base_sp.dds]
<23:22:34> [755A3546][Warning] Error: CShaderMan::mfCreateShaderResources: Couldn't find custom secondary texture 'game/objects/env/01_nuia/001_housing/housing_house/nuia_housing_treemossy03_ddn.dds' in path '' [File=game/objects/env/01_nuia/001_housing/housing_house/nuia_housing_treemossy03_ddn.dds]
<23:22:34> [745BAE2F][Warning] failed to stream material xml(game/objects/env/01_nuia/001_housing/housing_house/gw_elfremain_b.mtl)
<23:22:37> [000004EE][Warning] Independent immortal particle effect spawned: X2_EFFECT_O.Interaction.enchant_wpn_range_honor_3g
<23:22:40> [240CA9B0][Warning] Cannot load texture game/textures/cubemaps/reflect_sky3e.dds, file missing [File=game/textures/cubemaps/reflect_sky3e.dds]
<23:22:46> [000004EE][Warning] [Lua Error] 1_3_0/scripts/x2ui/characterinfo/character_info.lua:520: attempt to call method 'AnimForEquipped' (a nil value)
<23:22:57> [A181AEBC][Warning] Anim events cannot find effect "X2_EFFECTS_C1.Glider.Crystal_Wing.wing_start1", requested by animation "animations/env/glider_wing_crystal/fist_ac_gliding_start.caf".
<23:22:58> [745BAE2F][Warning] failed to stream material xml(game/$picking.mtl)
<23:22:58> [4554E71F][Warning] Cannot load texture users/xlgames/desktop/11 copy.dds, file missing [File=users/xlgames/desktop/11 copy.dds]
<23:22:58> [000004EE][Warning] [CGF Error] game/objects/env/01_nuia/001_housing/housing_house/housing_addon_roof_a.cgf [:] LOD1 of geometry  contains too many polygons comparing to the LOD0 [2104 against 3035] :
<23:22:59> [CA175C82][Warning] non-stream IO. system(Material), filePath(game/objects/effects/pointer_a.mtl)
<23:23:00> [62232BEA][Warning] deferred xml stream error - game/animations/monster/polarbear/lmg_files/normal_run.lmg : f0000003
<23:23:03> [000004EE][Warning] Independent immortal particle effect spawned: X2_EFFECT_O.Interaction.enchant_wpn_range_honor_3g
<23:23:06> [5132FEDE][Warning] invalid attached position(28.91, -1.87, -12.33)
<23:23:06> [A4D70365][Warning] rigid-body own-entity; prefab=prefabs/aac_custom.xml/primal.primal_kraken_prop_large node=AnimObject_144
<23:23:06> [745BAE2F][Warning] failed to stream material xml(game/$picking.mtl)
<23:23:06> [73C0D09F][Warning] Not a normal map texture tried to be used as a normal map: game/objects/env/99_aac/001_ndeco/ndeco_backpack_kraken_p/primal_tent_df.dds [File=game/objects/env/99_aac/001_ndeco/ndeco_backpack_kraken_p/primal_tent_df.dds]
<23:23:06> [000004EE][Warning] [CGF Error] game/objects/env/02_harihara/001_hdeco/hdeco_workprop_b01.cgf [:] LOD1 of geometry hdeco_workprop_b01 contains too many polygons comparing to the LOD0 [408 against 608] :
<23:23:06> [2046412A][Warning] Cannot load texture game/objects/env/08_dungeon/12_hanging_gardens_of_ipna/ipna_middle_room_wallblend_a_df.dds, file missing [File=game/objects/env/08_dungeon/12_hanging_gardens_of_ipna/ipna_middle_room_wallblend_a_df.dds]
<23:23:06> [DD578E5E][Warning] Error: CShaderMan::mfCreateShaderResources: Couldn't find subsurface texture 'game/objects/env/08_dungeon/12_hanging_gardens_of_ipna/ipna_middle_room_wallblend_a_df.dds' in path '' [File=game/objects/env/08_dungeon/12_hanging_gardens_of_ipna/ipna_middle_room_wallblend_a_df.dds]
<23:23:06> [000004EE][Warning] [CGF Error] game/objects/env/01_nuia/001_housing/housing_furniture/hs_f_safe_e.cgf [:] non-uniform scale(1.00, 1.03, 1.00) at node(hs_f_safe_e)
<23:23:12> [240CA9B0][Warning] Cannot load texture game/textures/cubemaps/reflect_sky3e.dds, file missing [File=game/textures/cubemaps/reflect_sky3e.dds]
<23:23:17> [000004EE][Warning] [Lua Error] 1_3_0/scripts/x2ui/characterinfo/character_info.lua:520: attempt to call method 'AnimForEquipped' (a nil value)
<23:23:27> [56A42620][Warning] Cannot load texture game/objects/env/01_nuia/001_ndeco/ndeco_halloween_decal_df.dds, file missing [File=game/objects/env/01_nuia/001_ndeco/ndeco_halloween_decal_df.dds]
<23:23:28> [745BAE2F][Warning] failed to stream material xml(game/objects/env/01_nuia/001_housing/housing_furniture/mushroom_bed.mtl)
<23:23:28> [000004EE][Warning] I3DEngine::RegisterEntity: entity reports invalid position: Name: LightEntityName (), Class: LightEntityClass, Pos=(6587.2,10104.8,354.5), aabb center=(3351.9,3902.6,98.5)
<23:23:33> [000004EE][Warning] Independent immortal particle effect spawned: X2_EFFECT_O.Interaction.enchant_wpn_range_honor_3g
<23:23:37> [745BAE2F][Warning] failed to stream material xml(game/$picking.mtl)
<23:23:38> [A4D70365][Warning] rigid-body own-entity; prefab=prefabs/interaction_c.xml/furniture.kraken_prop_am node=AnimObject_144
<23:23:38> [94DB4391][Warning] Cannot load texture game/objects/characters/animals/cat_baby_cat/cat_baby_stripes_pet_df.dds, file missing [File=game/objects/characters/animals/cat_baby_cat/cat_baby_stripes_pet_df.dds]
<23:23:38> [D42935C5][Warning] Error: CShaderMan::mfCreateShaderResources: Couldn't find subsurface texture 'game/objects/characters/animals/cat_baby_cat/cat_baby_stripes_pet_df.dds' in path '' [File=game/objects/characters/animals/cat_baby_cat/cat_baby_stripes_pet_df.dds]
<23:23:38> [000004EE][Warning] [CGF Error] game/objects/env/01_nuia/001_housing/housing_furniture/hs_f_safe_d.cgf [:] LOD1 of geometry hs_f_safe_d contains too many polygons comparing to the LOD0 [1606 against 2318] :
<23:23:38> [910643CC][Warning] cutter mesh is not correctly triangulated. source=[game/objects/characters/animals/fish/fish_tropical_greenhouse/fish_tropical_greenhouse.chr, Indices:3]
<23:23:38> [EFA8E813][Warning] cutter mesh is zero indices
<23:23:40> [BCCDC555][Warning] MakeSprite - too many sprite update (10). dropping.. (sprites : 144)
<23:23:41> [3EF08C47] seamless loading cell object(W20, 24), (L4, 1)
<23:23:48> [000004EE][Warning] Independent immortal particle effect spawned: X2_EFFECT_O.Interaction.enchant_wpn_range_honor_3g
<23:23:50> [A4D70365][Warning] rigid-body own-entity; prefab=prefabs/interaction_c.xml/furniture.baby_cat_c node=AnimObject_144
<23:23:54> [5132FEDE][Warning] invalid attached position(28.91, -1.87, -12.33)
<23:23:54> [745BAE2F][Warning] failed to stream material xml(game/$picking.mtl)
<23:23:54> [73C0D09F][Warning] Not a normal map texture tried to be used as a normal map: game/objects/env/99_aac/001_ndeco/ndeco_backpack_kraken_p/primal_tent_df.dds [File=game/objects/env/99_aac/001_ndeco/ndeco_backpack_kraken_p/primal_tent_df.dds]
<23:23:54> [000004EE][Warning] [CGF Error] game/objects/env/02_harihara/001_hdeco/hdeco_workprop_b01.cgf [:] LOD1 of geometry hdeco_workprop_b01 contains too many polygons comparing to the LOD0 [408 against 608] :
<23:23:54> [2046412A][Warning] Cannot load texture game/objects/env/08_dungeon/12_hanging_gardens_of_ipna/ipna_middle_room_wallblend_a_df.dds, file missing [File=game/objects/env/08_dungeon/12_hanging_gardens_of_ipna/ipna_middle_room_wallblend_a_df.dds]
<23:23:54> [DD578E5E][Warning] Error: CShaderMan::mfCreateShaderResources: Couldn't find subsurface texture 'game/objects/env/08_dungeon/12_hanging_gardens_of_ipna/ipna_middle_room_wallblend_a_df.dds' in path '' [File=game/objects/env/08_dungeon/12_hanging_gardens_of_ipna/ipna_middle_room_wallblend_a_df.dds]
<23:23:54> [000004EE][Warning] [CGF Error] game/objects/env/01_nuia/001_housing/housing_furniture/hs_f_safe_e.cgf [:] non-uniform scale(1.00, 1.03, 1.00) at node(hs_f_safe_e)
<23:24:04> [F9376E0D][Warning] [flow] FG-0x86D3DAC4-Entity 'AnimObject_48' was destroyed with pending updates/activations. Report follows...
<23:24:04> [A8F1529E][Warning] [flow] Pending nodes:
<23:24:05> [000004EE][Warning] Independent immortal particle effect spawned: X2_EFFECT_O.Interaction.enchant_wpn_range_honor_3g
<23:24:17> [000004EE][Warning] Independent immortal particle effect spawned: X2_EFFECT_O.Interaction.enchant_wpn_range_honor_3g
<23:24:19> [745BAE2F][Warning] failed to stream material xml(game/$picking.mtl)
<23:24:20> [A4D70365][Warning] rigid-body own-entity; prefab=prefabs/interaction_c.xml/furniture.kraken_prop_am node=AnimObject_144
<23:24:20> [94DB4391][Warning] Cannot load texture game/objects/characters/animals/cat_baby_cat/cat_baby_stripes_pet_df.dds, file missing [File=game/objects/characters/animals/cat_baby_cat/cat_baby_stripes_pet_df.dds]
<23:24:20> [D42935C5][Warning] Error: CShaderMan::mfCreateShaderResources: Couldn't find subsurface texture 'game/objects/characters/animals/cat_baby_cat/cat_baby_stripes_pet_df.dds' in path '' [File=game/objects/characters/animals/cat_baby_cat/cat_baby_stripes_pet_df.dds]
<23:24:20> [000004EE][Warning] [CGF Error] game/objects/env/01_nuia/001_housing/housing_furniture/hs_f_safe_d.cgf [:] LOD1 of geometry hs_f_safe_d contains too many polygons comparing to the LOD0 [1606 against 2318] :
<23:24:25> [5132FEDE][Warning] invalid attached position(28.91, -1.87, -12.33)
<23:24:25> [745BAE2F][Warning] failed to stream material xml(game/$picking.mtl)
<23:24:25> [73C0D09F][Warning] Not a normal map texture tried to be used as a normal map: game/objects/env/99_aac/001_ndeco/ndeco_backpack_kraken_p/primal_tent_df.dds [File=game/objects/env/99_aac/001_ndeco/ndeco_backpack_kraken_p/primal_tent_df.dds]
<23:24:25> [000004EE][Warning] [CGF Error] game/objects/env/01_nuia/001_housing/housing_furniture/hs_f_safe_e.cgf [:] non-uniform scale(1.00, 1.03, 1.00) at node(hs_f_safe_e)
<23:24:27> [000004EE][Warning] Independent immortal particle effect spawned: X2_EFFECT_O.Interaction.enchant_wpn_range_honor_3g
<23:24:33> [000004EE][Warning] [Lua Error] 1_3_0/scripts/x2ui/characterinfo/character_info.lua:520: attempt to call method 'AnimForEquipped' (a nil value)
<23:24:33> [F9376E0D][Warning] [flow] FG-0x8D9A57CC-Entity 'AnimObject_48' was destroyed with pending updates/activations. Report follows...
<23:24:33> [A8F1529E][Warning] [flow] Pending nodes:
<23:24:39> [000004EE][Warning] Independent immortal particle effect spawned: X2_EFFECT_O.Interaction.enchant_wpn_range_honor_3g
<23:24:40> [745BAE2F][Warning] failed to stream material xml(game/$picking.mtl)
<23:24:43> [A4D70365][Warning] rigid-body own-entity; prefab=prefabs/interaction_c.xml/furniture.baby_cat_c node=AnimObject_144
<23:24:43> [94DB4391][Warning] Cannot load texture game/objects/characters/animals/cat_baby_cat/cat_baby_stripes_pet_df.dds, file missing [File=game/objects/characters/animals/cat_baby_cat/cat_baby_stripes_pet_df.dds]
<23:24:43> [D42935C5][Warning] Error: CShaderMan::mfCreateShaderResources: Couldn't find subsurface texture 'game/objects/characters/animals/cat_baby_cat/cat_baby_stripes_pet_df.dds' in path '' [File=game/objects/characters/animals/cat_baby_cat/cat_baby_stripes_pet_df.dds]
<23:24:43> [000004EE][Warning] [CGF Error] game/objects/env/01_nuia/001_housing/housing_furniture/hs_f_safe_d.cgf [:] LOD1 of geometry hs_f_safe_d contains too many polygons comparing to the LOD0 [1606 against 2318] :
<23:24:44> [5132FEDE][Warning] invalid attached position(28.91, -1.87, -12.33)
<23:24:44> [73C0D09F][Warning] Not a normal map texture tried to be used as a normal map: game/objects/env/99_aac/001_ndeco/ndeco_backpack_kraken_p/primal_tent_df.dds [File=game/objects/env/99_aac/001_ndeco/ndeco_backpack_kraken_p/primal_tent_df.dds]
<23:24:44> [000004EE][Warning] [CGF Error] game/objects/env/01_nuia/001_housing/housing_furniture/hs_f_safe_e.cgf [:] non-uniform scale(1.00, 1.03, 1.00) at node(hs_f_safe_e)
<23:24:48> [F9376E0D][Warning] [flow] FG-0x8D9A1E84-Entity 'AnimObject_48' was destroyed with pending updates/activations. Report follows...
<23:24:48> [A8F1529E][Warning] [flow] Pending nodes:
<23:24:50> [000004EE][Warning] Independent immortal particle effect spawned: X2_EFFECT_O.Interaction.enchant_wpn_range_honor_3g
<23:25:06> [A181AEBC][Warning] Anim events cannot find effect "X2_EFFECTS_C1.Glider.Crystal_Wing.wing_start1", requested by animation "animations/env/glider_wing_crystal/fist_ac_gliding_start.caf".
<23:25:12> [A181AEBC][Warning] Anim events cannot find effect "X2_EFFECTS_K.J_Inter_effects.Glider_crystal_particles", requested by animation "animations/env/glider_wing_crystal/fist_ac_gliding_back.caf".
<23:25:13> [745BAE2F][Warning] failed to stream material xml(game/$picking.mtl)
<23:25:14> [A4D70365][Warning] rigid-body own-entity; prefab=prefabs/interaction_c.xml/furniture.kraken_prop_am node=AnimObject_144
<23:25:14> [94DB4391][Warning] Cannot load texture game/objects/characters/animals/cat_baby_cat/cat_baby_stripes_pet_df.dds, file missing [File=game/objects/characters/animals/cat_baby_cat/cat_baby_stripes_pet_df.dds]
<23:25:14> [D42935C5][Warning] Error: CShaderMan::mfCreateShaderResources: Couldn't find subsurface texture 'game/objects/characters/animals/cat_baby_cat/cat_baby_stripes_pet_df.dds' in path '' [File=game/objects/characters/animals/cat_baby_cat/cat_baby_stripes_pet_df.dds]
<23:25:14> [000004EE][Warning] [CGF Error] game/objects/env/01_nuia/001_housing/housing_furniture/hs_f_safe_d.cgf [:] LOD1 of geometry hs_f_safe_d contains too many polygons comparing to the LOD0 [1606 against 2318] :
<23:25:17> [A181AEBC][Warning] Anim events cannot find effect "X2_EFFECTS_C1.Glider.Crystal_Wing.front_trail1", requested by animation "animations/env/glider_wing_crystal/fist_ac_gliding_front.caf".
<23:25:18> [B866A294] seamless unloading cell terrain(W17, 23), (L1, 7)
<23:25:20> [745BAE2F][Warning] failed to stream material xml(game/objects/characters/hariharan/female/parts/gv/obj/ha_f_gv_leather179.mtl)
<23:25:20> [637AF710][Warning] missing chr material : game/objects/characters/hariharan/female/parts/gv/obj/ha_f_gv_leather179.mtl (chr: game/objects/characters/hariharan/female/parts/gv/obj/ha_f_2gv102.chr)
<23:25:23> [000004EE][Warning] [CGF Error] game/objects/env/06_unit/06_glider/glider_wing_crystal/glider_wing_crystal_back.cgf [:] LOD1 of geometry  contains too many polygons comparing to the LOD0 [2720 against 4064] :
<23:25:24> [000004EE][Warning] Independent immortal particle effect spawned: X2_EFFECT_O.Interaction.enchant_wpn_range_honor_3g
<23:25:30> [745BAE2F][Warning] failed to stream material xml(game/$picking.mtl)
<23:25:33> [000004EE][Warning] Independent immortal particle effect spawned: X2_EFFECT_O.Interaction.enchant_wpn_range_honor_3g
<23:25:38> [000004EE][Warning] [Lua Error] 1_3_0/scripts/x2ui/characterinfo/character_info.lua:520: attempt to call method 'AnimForEquipped' (a nil value)
<23:25:39> [745BAE2F][Warning] failed to stream material xml(game/$picking.mtl)
<23:25:44> [A4D70365][Warning] rigid-body own-entity; prefab=prefabs/interaction_c.xml/furniture.baby_cat_c node=AnimObject_144
<23:25:44> [000004EE][Warning] I3DEngine::RegisterEntity: entity reports invalid position: Name: LightEntityName (), Class: LightEntityClass, Pos=(6923.6,9856.0,465.3), aabb center=(3366.1,3838.5,98.2)
<23:25:49> [A181AEBC][Warning] Anim events cannot find effect "X2_EFFECTS_C1.Glider.Crystal_Wing.wing_start1", requested by animation "animations/env/glider_wing_crystal/fist_ac_gliding_start.caf".
<23:25:51> [000004EE][Warning] Independent immortal particle effect spawned: X2_EFFECT_O.Interaction.enchant_wpn_range_honor_3g
<23:25:52> [F9376E0D][Warning] [flow] FG-0x8226359C-Entity 'AnimObject_48' was destroyed with pending updates/activations. Report follows...
<23:25:52> [A8F1529E][Warning] [flow] Pending nodes:
<23:25:53> [000004EE][Warning] [CGF Error] game/objects/env/06_unit/06_glider/glider_wing_crystal/glider_wing_crystal_back.cgf [:] LOD1 of geometry  contains too many polygons comparing to the LOD0 [2720 against 4064] :
<23:26:06> [745BAE2F][Warning] failed to stream material xml(game/materials/effects/fume_h_ssd.mtl)
<23:26:10> [000004EE][Warning] Independent immortal particle effect spawned: X2_EFFECT_O.Interaction.enchant_wpn_range_honor_3g
<23:26:23> [2363981C][Warning] chr material is not precached : game/objects/characters/warborn/female/nude/wa_f_nude.mtl (chr: game/objects/characters/warborn/female/nude/wa_f_nude.chr)
<23:26:23> [CA175C82][Warning] non-stream IO. system(Material), filePath(game/objects/characters/warborn/female/nude/wa_f_nude.mtl)
<23:26:23> [000004EE][Warning] [Lua Error] 1_3_0/scripts/x2ui/characterinfo/character_info.lua:520: attempt to call method 'AnimForEquipped' (a nil value)
<23:26:46> [000004EE][Warning] [Lua Error] 1_3_0/scripts/x2ui/characterinfo/character_info.lua:520: attempt to call method 'AnimForEquipped' (a nil value)
<23:26:48> [000004EE][Warning] Independent immortal particle effect spawned: X2_EFFECT_O.Interaction.enchant_wpn_range_honor_3g
<23:27:06> [000004EE][Warning] Independent immortal particle effect spawned: X2_EFFECT_O.Interaction.enchant_wpn_range_honor_3g
<23:27:11> [240CA9B0][Warning] Cannot load texture game/textures/cubemaps/reflect_sky3e.dds, file missing [File=game/textures/cubemaps/reflect_sky3e.dds]
<23:27:19> [7B1A973B] seamless loading cell terrain(W17, 30), (L1, 7)
<23:27:28> [000004EE][Warning] Independent immortal particle effect spawned: X2_EFFECT_O.Interaction.enchant_wpn_range_honor_3g
<23:27:35> [745BAE2F][Warning] failed to stream material xml(game/objects/effects/ksw_effect/qilin.mtl)
<23:27:36> [B95EE41B][Error] invalid parent unit id(56866)
<23:27:36> [637AF710][Warning] missing chr material : game/objects/characters/warborn/female/parts/cp/obj/03 - Default.mtl (chr: game/objects/characters/warborn/female/parts/cp/obj/wa_f_1cp101.chr)
<23:27:36> [CA175C82][Warning] non-stream IO. system(Material), filePath(game/objects/characters/warborn/female/horns/wa_f_horns010/wa_f_horns010_hc02.mtl)
<23:27:36> [000004EE][Warning] Independent immortal particle effect spawned: X2_EFFECT_O.Interaction.enchant_wpn_range_honor_3g
<23:27:41> [B95EE41B][Error] invalid parent unit id(56866)
<23:27:42> [000004EE][Warning] Independent immortal particle effect spawned: X2_EFFECT_O.Interaction.enchant_wpn_range_honor_3g
<23:28:00> [000004EE][Warning] Independent immortal particle effect spawned: X2_EFFECT_O.Interaction.enchant_wpn_range_honor_3g
<23:28:08> [000004EE][Warning] [Lua Error] 1_3_0/scripts/x2ui/characterinfo/character_info.lua:520: attempt to call method 'AnimForEquipped' (a nil value)
<23:28:12> [000004EE][Warning] Independent immortal particle effect spawned: X2_EFFECT_O.Interaction.enchant_wpn_range_honor_3g
<23:28:24> [000004EE][Warning] Independent immortal particle effect spawned: X2_EFFECT_O.Interaction.enchant_wpn_range_honor_3g
<23:28:25> [56A42620][Warning] Cannot load texture game/objects/env/01_nuia/001_ndeco/ndeco_halloween_decal_df.dds, file missing [File=game/objects/env/01_nuia/001_ndeco/ndeco_halloween_decal_df.dds]
<23:28:25> [62232BEA][Warning] deferred xml stream error - game/animations/monster/polarbear/lmg_files/normal_run.lmg : f0000003
<23:28:26> [000004EE][Warning] [Lua Error] 1_3_0/scripts/x2ui/characterinfo/character_info.lua:520: attempt to call method 'AnimForEquipped' (a nil value)
<23:28:26> [745BAE2F][Warning] failed to stream material xml(game/objects/env/01_nuia/001_housing/housing_furniture/mushroom_bed.mtl)
<23:28:27> [000004EE][Warning] I3DEngine::RegisterEntity: entity reports invalid position: Name: LightEntityName (), Class: LightEntityClass, Pos=(7271.3,9724.6,607.1), aabb center=(3353.3,3945.9,100.2)
<23:28:33> [745BAE2F][Warning] failed to stream material xml(game/materials/effects/fume_h_ssd.mtl)
<23:28:34> [000004EE][Warning] Independent immortal particle effect spawned: X2_EFFECT_O.Interaction.enchant_wpn_range_honor_3g
<23:28:38> [B95EE41B][Error] invalid parent unit id(56866)
<23:28:38> [745BAE2F][Warning] failed to stream material xml(game/objects/effects/ksw_effect/qilin.mtl)
<23:28:38> [CA175C82][Warning] non-stream IO. system(Material), filePath(game/objects/characters/warborn/female/horns/wa_f_horns010/wa_f_horns010_hc02.mtl)
<23:28:43> [000004EE][Warning] Independent immortal particle effect spawned: X2_EFFECT_O.Interaction.enchant_wpn_range_honor_3g
<23:28:44> [CE0EF930][Warning] failed to stream cgf : Game/objects/Env/nuia/gweonid/statue/godofprophecy_statue/returnpoint_statue.cgf
<23:28:46> [56A42620][Warning] Cannot load texture game/objects/env/01_nuia/001_ndeco/ndeco_halloween_decal_df.dds, file missing [File=game/objects/env/01_nuia/001_ndeco/ndeco_halloween_decal_df.dds]
<23:28:50> [B95EE41B][Error] invalid parent unit id(56866)
<23:29:00> [B95EE41B][Error] invalid parent unit id(56866)
<23:29:00> [000004EE][Warning] Independent immortal particle effect spawned: X2_EFFECT_O.Interaction.enchant_wpn_range_honor_3g
<23:29:08> [5132FEDE][Warning] invalid attached position(28.91, -1.87, -12.33)
<23:29:08> [A4D70365][Warning] rigid-body own-entity; prefab=prefabs/aac_custom.xml/primal.primal_kraken_prop_large node=AnimObject_144
<23:29:08> [745BAE2F][Warning] failed to stream material xml(game/$picking.mtl)
<23:29:08> [73C0D09F][Warning] Not a normal map texture tried to be used as a normal map: game/objects/env/99_aac/001_ndeco/ndeco_backpack_kraken_p/primal_tent_df.dds [File=game/objects/env/99_aac/001_ndeco/ndeco_backpack_kraken_p/primal_tent_df.dds]
<23:29:09> [000004EE][Warning] [CGF Error] game/objects/env/02_harihara/001_hdeco/hdeco_workprop_b01.cgf [:] LOD1 of geometry hdeco_workprop_b01 contains too many polygons comparing to the LOD0 [408 against 608] :
<23:29:09> [2046412A][Warning] Cannot load texture game/objects/env/08_dungeon/12_hanging_gardens_of_ipna/ipna_middle_room_wallblend_a_df.dds, file missing [File=game/objects/env/08_dungeon/12_hanging_gardens_of_ipna/ipna_middle_room_wallblend_a_df.dds]
<23:29:09> [DD578E5E][Warning] Error: CShaderMan::mfCreateShaderResources: Couldn't find subsurface texture 'game/objects/env/08_dungeon/12_hanging_gardens_of_ipna/ipna_middle_room_wallblend_a_df.dds' in path '' [File=game/objects/env/08_dungeon/12_hanging_gardens_of_ipna/ipna_middle_room_wallblend_a_df.dds]
<23:29:09> [000004EE][Warning] [CGF Error] game/objects/env/01_nuia/001_housing/housing_furniture/hs_f_safe_e.cgf [:] non-uniform scale(1.00, 1.03, 1.00) at node(hs_f_safe_e)
<23:29:09> [000004EE][Warning] Independent immortal particle effect spawned: X2_EFFECT_O.Interaction.enchant_wpn_range_honor_3g
<23:29:11> [B95EE41B][Error] invalid parent unit id(56866)
<23:29:16> [B95EE41B][Error] invalid parent unit id(56866)
<23:29:24> [000004EE][Warning] Independent immortal particle effect spawned: X2_EFFECT_O.Interaction.enchant_wpn_range_honor_3g
<23:29:36> [000004EE][Warning] Independent immortal particle effect spawned: X2_EFFECT_O.Interaction.enchant_wpn_range_honor_3g
<23:29:36> [B95EE41B][Error] invalid parent unit id(56866)
<23:29:36> [745BAE2F][Warning] failed to stream material xml(game/objects/characters/warborn/female/parts/cp/obj/03 - Default.mtl)
<23:29:36> [637AF710][Warning] missing chr material : game/objects/characters/warborn/female/parts/cp/obj/03 - Default.mtl (chr: game/objects/characters/warborn/female/parts/cp/obj/wa_f_1cp101.chr)
<23:29:37> [CA175C82][Warning] non-stream IO. system(Material), filePath(game/objects/characters/warborn/female/horns/wa_f_horns010/wa_f_horns010_hc02.mtl)
<23:29:43> [000004EE][Warning] Independent immortal particle effect spawned: X2_EFFECT_O.Interaction.enchant_wpn_range_honor_3g
<23:29:47> [B95EE41B][Error] invalid parent unit id(56866)
<23:29:48> [CE0EF930][Warning] failed to stream cgf : Game/objects/Env/nuia/gweonid/statue/godofprophecy_statue/returnpoint_statue.cgf
<23:29:49> [000004EE][Warning] [Lua Error] 1_3_0/scripts/x2ui/characterinfo/character_info.lua:520: attempt to call method 'AnimForEquipped' (a nil value)
<23:29:49> [240CA9B0][Warning] Cannot load texture game/textures/cubemaps/reflect_sky3e.dds, file missing [File=game/textures/cubemaps/reflect_sky3e.dds]
<23:29:49> [E5DF1C60][Warning] XML parser: Buffer is null. (data size: 0)
<23:29:49> [C3348E9C][Warning] Failed to stream facial sequence (game/animations/warborn/female/facial/twohand_re_combat_hit.fsq)
<23:29:56> [000004EE][Warning] Independent immortal particle effect spawned: X2_EFFECT_O.Interaction.enchant_wpn_range_honor_3g
<23:30:02> [5132FEDE][Warning] invalid attached position(28.91, -1.87, -12.33)
<23:30:02> [A4D70365][Warning] rigid-body own-entity; prefab=prefabs/aac_custom.xml/primal.primal_kraken_prop_large node=AnimObject_144
<23:30:02> [745BAE2F][Warning] failed to stream material xml(game/$picking.mtl)
<23:30:02> [73C0D09F][Warning] Not a normal map texture tried to be used as a normal map: game/objects/env/99_aac/001_ndeco/ndeco_backpack_kraken_p/primal_tent_df.dds [File=game/objects/env/99_aac/001_ndeco/ndeco_backpack_kraken_p/primal_tent_df.dds]
<23:30:02> [000004EE][Warning] [CGF Error] game/objects/env/02_harihara/001_hdeco/hdeco_workprop_b01.cgf [:] LOD1 of geometry hdeco_workprop_b01 contains too many polygons comparing to the LOD0 [408 against 608] :
<23:30:03> [2046412A][Warning] Cannot load texture game/objects/env/08_dungeon/12_hanging_gardens_of_ipna/ipna_middle_room_wallblend_a_df.dds, file missing [File=game/objects/env/08_dungeon/12_hanging_gardens_of_ipna/ipna_middle_room_wallblend_a_df.dds]
<23:30:03> [DD578E5E][Warning] Error: CShaderMan::mfCreateShaderResources: Couldn't find subsurface texture 'game/objects/env/08_dungeon/12_hanging_gardens_of_ipna/ipna_middle_room_wallblend_a_df.dds' in path '' [File=game/objects/env/08_dungeon/12_hanging_gardens_of_ipna/ipna_middle_room_wallblend_a_df.dds]
<23:30:03> [000004EE][Warning] [CGF Error] game/objects/env/01_nuia/001_housing/housing_furniture/hs_f_safe_e.cgf [:] non-uniform scale(1.00, 1.03, 1.00) at node(hs_f_safe_e)
<23:30:07> [CA175C82][Warning] non-stream IO. system(Material), filePath(game/objects/characters/warborn/female/horns/wa_f_horns010/wa_f_horns010_hc02.mtl)
<23:30:07> [000004EE][Warning] Independent immortal particle effect spawned: X2_EFFECT_O.Interaction.enchant_wpn_range_honor_3g
<23:30:13> [B95EE41B][Error] invalid parent unit id(56866)
<23:30:25> [000004EE][Warning] Independent immortal particle effect spawned: X2_EFFECT_O.Interaction.enchant_wpn_range_honor_3g
<23:30:28> [5132FEDE][Warning] invalid attached position(28.91, -1.87, -12.33)
<23:30:28> [A4D70365][Warning] rigid-body own-entity; prefab=prefabs/aac_custom.xml/primal.primal_kraken_prop_large node=AnimObject_144
<23:30:28> [745BAE2F][Warning] failed to stream material xml(game/$picking.mtl)
<23:30:28> [73C0D09F][Warning] Not a normal map texture tried to be used as a normal map: game/objects/env/99_aac/001_ndeco/ndeco_backpack_kraken_p/primal_tent_df.dds [File=game/objects/env/99_aac/001_ndeco/ndeco_backpack_kraken_p/primal_tent_df.dds]
<23:30:28> [000004EE][Warning] [CGF Error] game/objects/env/02_harihara/001_hdeco/hdeco_workprop_b01.cgf [:] LOD1 of geometry hdeco_workprop_b01 contains too many polygons comparing to the LOD0 [408 against 608] :
<23:30:29> [2046412A][Warning] Cannot load texture game/objects/env/08_dungeon/12_hanging_gardens_of_ipna/ipna_middle_room_wallblend_a_df.dds, file missing [File=game/objects/env/08_dungeon/12_hanging_gardens_of_ipna/ipna_middle_room_wallblend_a_df.dds]
<23:30:29> [DD578E5E][Warning] Error: CShaderMan::mfCreateShaderResources: Couldn't find subsurface texture 'game/objects/env/08_dungeon/12_hanging_gardens_of_ipna/ipna_middle_room_wallblend_a_df.dds' in path '' [File=game/objects/env/08_dungeon/12_hanging_gardens_of_ipna/ipna_middle_room_wallblend_a_df.dds]
<23:30:29> [000004EE][Warning] [CGF Error] game/objects/env/01_nuia/001_housing/housing_furniture/hs_f_safe_e.cgf [:] non-uniform scale(1.00, 1.03, 1.00) at node(hs_f_safe_e)
<23:30:38> [745BAE2F][Warning] failed to stream material xml(game/materials/effects/fume_h_ssd.mtl)
<23:30:39> [000004EE][Warning] Independent immortal particle effect spawned: X2_EFFECT_O.Interaction.enchant_wpn_range_honor_3g
<23:30:52> [000004EE][Warning] Independent immortal particle effect spawned: X2_EFFECT_O.Interaction.enchant_wpn_range_honor_3g
<23:31:10> [000004EE][Warning] Independent immortal particle effect spawned: X2_EFFECT_O.Interaction.enchant_wpn_range_honor_3g
<23:31:20> [000004EE][Warning] Independent immortal particle effect spawned: X2_EFFECT_O.Interaction.enchant_wpn_range_honor_3g
<23:31:21> [745BAE2F][Warning] failed to stream material xml(game/objects/effects/ksw_effect/qilin.mtl)
<23:31:22> [637AF710][Warning] missing chr material : game/objects/characters/warborn/female/parts/cp/obj/03 - Default.mtl (chr: game/objects/characters/warborn/female/parts/cp/obj/wa_f_1cp101.chr)
<23:31:22> [CA175C82][Warning] non-stream IO. system(Material), filePath(game/objects/characters/warborn/female/horns/wa_f_horns010/wa_f_horns010_hc02.mtl)
<23:31:22> [CE0EF930][Warning] failed to stream cgf : Game/objects/Env/nuia/gweonid/statue/godofprophecy_statue/returnpoint_statue.cgf
<23:31:27> [000004EE][Warning] Independent immortal particle effect spawned: X2_EFFECT_O.Interaction.enchant_wpn_range_honor_3g
<23:31:33> [B95EE41B][Error] invalid parent unit id(91251)
<23:31:37> [000004EE][Warning] Independent immortal particle effect spawned: X2_EFFECT_O.Interaction.enchant_wpn_range_honor_3g
<23:31:45> [56A42620][Warning] Cannot load texture game/objects/env/01_nuia/001_ndeco/ndeco_halloween_decal_df.dds, file missing [File=game/objects/env/01_nuia/001_ndeco/ndeco_halloween_decal_df.dds]
<23:31:46> [745BAE2F][Warning] failed to stream material xml(game/objects/env/01_nuia/001_housing/housing_furniture/mushroom_bed.mtl)
<23:31:46> [5132FEDE][Warning] invalid attached position(28.91, -1.87, -12.33)
<23:31:46> [A4D70365][Warning] rigid-body own-entity; prefab=prefabs/aac_custom.xml/primal.primal_kraken_prop_large node=AnimObject_144
<23:31:46> [73C0D09F][Warning] Not a normal map texture tried to be used as a normal map: game/objects/env/99_aac/001_ndeco/ndeco_backpack_kraken_p/primal_tent_df.dds [File=game/objects/env/99_aac/001_ndeco/ndeco_backpack_kraken_p/primal_tent_df.dds]
<23:31:46> [000004EE][Warning] [CGF Error] game/objects/env/02_harihara/001_hdeco/hdeco_workprop_b01.cgf [:] LOD1 of geometry hdeco_workprop_b01 contains too many polygons comparing to the LOD0 [408 against 608] :
<23:31:46> [DD578E5E][Warning] Error: CShaderMan::mfCreateShaderResources: Couldn't find subsurface texture 'game/objects/env/08_dungeon/12_hanging_gardens_of_ipna/ipna_middle_room_wallblend_a_df.dds' in path '' [File=game/objects/env/08_dungeon/12_hanging_gardens_of_ipna/ipna_middle_room_wallblend_a_df.dds]
<23:31:46> [000004EE][Warning] [CGF Error] game/objects/env/01_nuia/001_housing/housing_furniture/hs_f_safe_e.cgf [:] non-uniform scale(1.00, 1.03, 1.00) at node(hs_f_safe_e)
<23:31:55> [000004EE][Warning] Independent immortal particle effect spawned: X2_EFFECT_O.Interaction.enchant_wpn_range_honor_3g
<23:31:56> [B95EE41B][Error] invalid parent unit id(91251)
<23:31:56> [CA175C82][Warning] non-stream IO. system(Material), filePath(game/objects/characters/warborn/female/horns/wa_f_horns010/wa_f_horns010_hc02.mtl)
<23:31:59> [000004EE][Warning] [Lua Error] 1_3_0/scripts/x2ui/characterinfo/character_info.lua:520: attempt to call method 'AnimForEquipped' (a nil value)
<23:32:01> [E5DF1C60][Warning] XML parser: Buffer is null. (data size: 0)
<23:32:01> [C3348E9C][Warning] Failed to stream facial sequence (game/animations/warborn/female/facial/twohand_re_combat_hit.fsq)
<23:32:09> [000004EE][Warning] Independent immortal particle effect spawned: X2_EFFECT_O.Interaction.enchant_wpn_range_honor_3g
<23:32:16> [745BAE2F][Warning] failed to stream material xml(game/materials/effects/fume_h_ssd.mtl)
<23:32:21> [000004EE][Warning] [Lua Error] 1_3_0/scripts/x2ui/characterinfo/character_info.lua:520: attempt to call method 'AnimForEquipped' (a nil value)
<23:32:23> [000004EE][Warning] Independent immortal particle effect spawned: X2_EFFECT_O.Interaction.enchant_wpn_range_honor_3g
<23:32:29> [745BAE2F][Warning] failed to stream material xml(game/materials/effects/fume_h_ssd.mtl)
<23:32:29> [000004EE][Warning] Independent immortal particle effect spawned: X2_EFFECT_O.Interaction.enchant_wpn_range_honor_3g
<23:32:31> [5132FEDE][Warning] invalid attached position(28.91, -1.87, -12.33)
<23:32:31> [A4D70365][Warning] rigid-body own-entity; prefab=prefabs/aac_custom.xml/primal.primal_kraken_prop_large node=AnimObject_144
<23:32:31> [73C0D09F][Warning] Not a normal map texture tried to be used as a normal map: game/objects/env/99_aac/001_ndeco/ndeco_backpack_kraken_p/primal_tent_df.dds [File=game/objects/env/99_aac/001_ndeco/ndeco_backpack_kraken_p/primal_tent_df.dds]
<23:32:31> [000004EE][Warning] [CGF Error] game/objects/env/02_harihara/001_hdeco/hdeco_workprop_b01.cgf [:] LOD1 of geometry hdeco_workprop_b01 contains too many polygons comparing to the LOD0 [408 against 608] :
<23:32:31> [2046412A][Warning] Cannot load texture game/objects/env/08_dungeon/12_hanging_gardens_of_ipna/ipna_middle_room_wallblend_a_df.dds, file missing [File=game/objects/env/08_dungeon/12_hanging_gardens_of_ipna/ipna_middle_room_wallblend_a_df.dds]
<23:32:31> [DD578E5E][Warning] Error: CShaderMan::mfCreateShaderResources: Couldn't find subsurface texture 'game/objects/env/08_dungeon/12_hanging_gardens_of_ipna/ipna_middle_room_wallblend_a_df.dds' in path '' [File=game/objects/env/08_dungeon/12_hanging_gardens_of_ipna/ipna_middle_room_wallblend_a_df.dds]
<23:32:31> [000004EE][Warning] [CGF Error] game/objects/env/01_nuia/001_housing/housing_furniture/hs_f_safe_e.cgf [:] non-uniform scale(1.00, 1.03, 1.00) at node(hs_f_safe_e)
<23:32:38> [000004EE][Warning] Independent immortal particle effect spawned: X2_EFFECT_O.Interaction.enchant_wpn_range_honor_3g
<23:32:39> [CE0EF930][Warning] failed to stream cgf : Game/objects/Env/nuia/gweonid/statue/godofprophecy_statue/returnpoint_statue.cgf
<23:32:57> [000004EE][Warning] Independent immortal particle effect spawned: X2_EFFECT_O.Interaction.enchant_wpn_range_honor_3g
<23:33:04> [745BAE2F][Warning] failed to stream material xml(game/objects/env/01_nuia/001_housing/housing_furniture/mushroom_bed.mtl)
<23:33:05> [62232BEA][Warning] deferred xml stream error - game/animations/monster/polarbear/lmg_files/normal_run.lmg : f0000003
<23:33:14> [CA175C82][Warning] non-stream IO. system(Material), filePath(game/objects/characters/warborn/female/horns/wa_f_horns010/wa_f_horns010_hc02.mtl)
<23:33:14> [000004EE][Warning] Independent immortal particle effect spawned: X2_EFFECT_O.Interaction.enchant_wpn_range_honor_3g
<23:33:30> [CA175C82][Warning] non-stream IO. system(Material), filePath(game/objects/characters/warborn/female/horns/wa_f_horns010/wa_f_horns010_hc02.mtl)
<23:33:30> [000004EE][Warning] Independent immortal particle effect spawned: X2_EFFECT_O.Interaction.enchant_wpn_range_honor_3g
<23:33:48> [000004EE][Warning] [Lua Error] 1_3_0/scripts/x2ui/characterinfo/character_info.lua:520: attempt to call method 'AnimForEquipped' (a nil value)
<23:33:50> [745BAE2F][Warning] failed to stream material xml(game/materials/effects/fume_h_ssd.mtl)
<23:33:51> [000004EE][Warning] Independent immortal particle effect spawned: X2_EFFECT_O.Interaction.enchant_wpn_range_honor_3g
<23:34:03> [CA175C82][Warning] non-stream IO. system(Material), filePath(game/objects/characters/warborn/female/horns/wa_f_horns010/wa_f_horns010_hc02.mtl)
<23:34:03> [000004EE][Warning] Independent immortal particle effect spawned: X2_EFFECT_O.Interaction.enchant_wpn_range_honor_3g
<23:34:04> [240CA9B0][Warning] Cannot load texture game/textures/cubemaps/reflect_sky3e.dds, file missing [File=game/textures/cubemaps/reflect_sky3e.dds]
<23:34:15> [000004EE][Warning] Independent immortal particle effect spawned: X2_EFFECT_O.Interaction.enchant_wpn_range_honor_3g
<23:34:19> [E5DF1C60][Warning] XML parser: Buffer is null. (data size: 0)
<23:34:19> [C3348E9C][Warning] Failed to stream facial sequence (game/animations/warborn/female/facial/twohand_re_combat_hit.fsq)
<23:34:22> [745BAE2F][Warning] failed to stream material xml(game/objects/characters/ferre/male/parts/ar/metal/ar_metal173/fe_m_ar_metal173_brop01.mtl)
<23:34:22> [637AF710][Warning] missing chr material : game/objects/characters/ferre/male/parts/ar/obj/fe_m_ar_metal173.mtl (chr: game/objects/characters/ferre/male/parts/ar/obj/fe_m_4sh047_5ar203.chr)
<23:34:22> [491B3718][Warning] Cannot load texture objects/characters/ferre/female/face/face01/fe_f_face01_fur_sss.dds, file missing [File=objects/characters/ferre/female/face/face01/fe_f_face01_fur_sss.dds]
<23:34:22> [5243B464][Warning] Error: CShaderMan::mfCreateShaderResources: Couldn't find subsurface texture 'objects/characters/ferre/female/face/face01/fe_f_face01_fur_sss.dds' in path '' [File=objects/characters/ferre/female/face/face01/fe_f_face01_fur_sss.dds]
<23:34:22> [000004EE][Warning] Independent immortal particle effect spawned: X2_EFFECT_O.Interaction.enchant_wpn_range_honor_3g
<23:34:40> [A181AEBC][Warning] Anim events cannot find effect "X2_EFFECTS_C1.Glider.Crystal_Wing.wing_start1", requested by animation "animations/env/glider_wing_crystal/fist_ac_gliding_start.caf".
<23:34:42> [745BAE2F][Warning] failed to stream material xml(game/materials/effects/fume_h_ssd.mtl)
<23:34:43> [000004EE][Warning] Independent immortal particle effect spawned: X2_EFFECT_O.Interaction.enchant_wpn_range_honor_3g
<23:34:47> [B95EE41B][Error] invalid parent unit id(53948)
<23:34:56> [B95EE41B][Error] invalid parent unit id(53948)
<23:34:58> [A181AEBC][Warning] Anim events cannot find effect "X2_EFFECTS_C1.Glider.Crystal_Wing.wing_start1", requested by animation "animations/env/glider_wing_crystal/fist_ac_gliding_start.caf".
<23:34:59> [000004EE][Warning] [Lua Error] 1_3_0/scripts/x2ui/characterinfo/character_info.lua:520: attempt to call method 'AnimForEquipped' (a nil value)
<23:35:00> [000004EE][Warning] Independent immortal particle effect spawned: X2_EFFECT_O.Interaction.enchant_wpn_range_honor_3g
<23:35:05> [56A42620][Warning] Cannot load texture game/objects/env/01_nuia/001_ndeco/ndeco_halloween_decal_df.dds, file missing [File=game/objects/env/01_nuia/001_ndeco/ndeco_halloween_decal_df.dds]
<23:35:06> [745BAE2F][Warning] failed to stream material xml(game/objects/env/01_nuia/001_housing/housing_furniture/mushroom_bed.mtl)
<23:35:19> [000004EE][Warning] Independent immortal particle effect spawned: X2_EFFECT_O.Interaction.enchant_wpn_range_honor_3g
<23:35:21> [62232BEA][Warning] deferred xml stream error - game/animations/monster/polarbear/lmg_files/normal_run.lmg : f0000003
<23:35:31> [240CA9B0][Warning] Cannot load texture game/textures/cubemaps/reflect_sky3e.dds, file missing [File=game/textures/cubemaps/reflect_sky3e.dds]
<23:35:45> [63ABB424][Warning] Facial sequence "fist_ba_combat_idle_rand_2" not listed in CAL file for character "game/objects/characters/warborn/female/nude/wa_f_base.chr".
<23:35:53> [2363981C][Warning] chr material is not precached : game/objects/characters/warborn/female/nude/wa_f_nude.mtl (chr: game/objects/characters/warborn/female/nude/wa_f_nude.chr)
<23:35:53> [CA175C82][Warning] non-stream IO. system(Material), filePath(game/objects/characters/warborn/female/nude/wa_f_nude.mtl)
<23:35:53> [000004EE][Warning] [Lua Error] 1_3_0/scripts/x2ui/characterinfo/character_info.lua:520: attempt to call method 'AnimForEquipped' (a nil value)
<23:35:54> [63ABB424][Warning] Facial sequence "fist_ba_combat_idle_rand_4" not listed in CAL file for character "game/objects/characters/warborn/female/nude/wa_f_base.chr".
<23:36:17> [000004EE][Warning] [Lua Error] 1_3_0/scripts/x2ui/characterinfo/character_info.lua:520: attempt to call method 'AnimForEquipped' (a nil value)
<23:36:20> [000004EE][Warning] Independent immortal particle effect spawned: X2_EFFECT_O.Interaction.enchant_wpn_range_honor_3g
<23:36:22> [745BAE2F][Warning] failed to stream material xml(game/materials/effects/fume_h_ssd.mtl)
<23:36:23> [56A42620][Warning] Cannot load texture game/objects/env/01_nuia/001_ndeco/ndeco_halloween_decal_df.dds, file missing [File=game/objects/env/01_nuia/001_ndeco/ndeco_halloween_decal_df.dds]
<23:36:36> [000004EE][Warning] Independent immortal particle effect spawned: X2_EFFECT_O.Interaction.enchant_wpn_range_honor_3g
<23:36:49> [745BAE2F][Warning] failed to stream material xml(game/objects/characters/warborn/female/parts/cp/obj/03 - Default.mtl)
<23:36:49> [637AF710][Warning] missing chr material : game/objects/characters/warborn/female/parts/cp/obj/03 - Default.mtl (chr: game/objects/characters/warborn/female/parts/cp/obj/wa_f_1cp101.chr)
<23:36:49> [CA175C82][Warning] non-stream IO. system(Material), filePath(game/objects/characters/warborn/female/horns/wa_f_horns010/wa_f_horns010_hc02.mtl)
<23:36:49> [000004EE][Warning] Independent immortal particle effect spawned: X2_EFFECT_O.Interaction.enchant_wpn_range_honor_3g
<23:36:56> [56A42620][Warning] Cannot load texture game/objects/env/01_nuia/001_ndeco/ndeco_halloween_decal_df.dds, file missing [File=game/objects/env/01_nuia/001_ndeco/ndeco_halloween_decal_df.dds]
<23:36:56> [745BAE2F][Warning] failed to stream material xml(game/objects/env/01_nuia/001_housing/housing_furniture/mushroom_bed.mtl)
<23:37:05> [CA175C82][Warning] non-stream IO. system(Material), filePath(game/objects/characters/warborn/female/horns/wa_f_horns010/wa_f_horns010_hc02.mtl)
<23:37:05> [000004EE][Warning] Independent immortal particle effect spawned: X2_EFFECT_O.Interaction.enchant_wpn_range_honor_3g
<23:37:11> [000004EE][Warning] Independent immortal particle effect spawned: X2_EFFECT_O.Interaction.enchant_wpn_range_honor_3g
<23:37:14> [240CA9B0][Warning] Cannot load texture game/textures/cubemaps/reflect_sky3e.dds, file missing [File=game/textures/cubemaps/reflect_sky3e.dds]
<23:37:21> [000004EE][Warning] [Lua Error] 1_3_0/scripts/x2ui/characterinfo/character_info.lua:520: attempt to call method 'AnimForEquipped' (a nil value)
<23:37:23> [5132FEDE][Warning] invalid attached position(28.91, -1.87, -12.33)
<23:37:23> [A4D70365][Warning] rigid-body own-entity; prefab=prefabs/aac_custom.xml/primal.primal_kraken_prop_large node=AnimObject_144
<23:37:23> [000004EE][Warning] I3DEngine::RegisterEntity: entity reports invalid position: Name: LightEntityName (), Class: LightEntityClass, Pos=(8294.3,8777.0,1135.6), aabb center=(3330.5,3951.9,97.4)
<23:37:23> [745BAE2F][Warning] failed to stream material xml(game/$picking.mtl)
<23:37:23> [56A42620][Warning] Cannot load texture game/objects/env/01_nuia/001_ndeco/ndeco_halloween_decal_df.dds, file missing [File=game/objects/env/01_nuia/001_ndeco/ndeco_halloween_decal_df.dds]
<23:37:23> [73C0D09F][Warning] Not a normal map texture tried to be used as a normal map: game/objects/env/99_aac/001_ndeco/ndeco_backpack_kraken_p/primal_tent_df.dds [File=game/objects/env/99_aac/001_ndeco/ndeco_backpack_kraken_p/primal_tent_df.dds]
<23:37:23> [000004EE][Warning] [CGF Error] game/objects/env/02_harihara/001_hdeco/hdeco_workprop_b01.cgf [:] LOD1 of geometry hdeco_workprop_b01 contains too many polygons comparing to the LOD0 [408 against 608] :
<23:37:23> [DD578E5E][Warning] Error: CShaderMan::mfCreateShaderResources: Couldn't find subsurface texture 'game/objects/env/08_dungeon/12_hanging_gardens_of_ipna/ipna_middle_room_wallblend_a_df.dds' in path '' [File=game/objects/env/08_dungeon/12_hanging_gardens_of_ipna/ipna_middle_room_wallblend_a_df.dds]
<23:37:24> [000004EE][Warning] [CGF Error] game/objects/env/01_nuia/001_housing/housing_furniture/hs_f_safe_e.cgf [:] non-uniform scale(1.00, 1.03, 1.00) at node(hs_f_safe_e)
<23:37:31> [CA175C82][Warning] non-stream IO. system(Material), filePath(game/objects/characters/warborn/female/horns/wa_f_horns010/wa_f_horns010_hc02.mtl)
<23:37:31> [000004EE][Warning] Independent immortal particle effect spawned: X2_EFFECT_O.Interaction.enchant_wpn_range_honor_3g
<23:37:35> [745BAE2F][Warning] failed to stream material xml(game/objects/effects/ksw_effect/qilin.mtl)
<23:37:37> [000004EE][Warning] Independent immortal particle effect spawned: X2_EFFECT_O.Interaction.enchant_wpn_range_honor_3g
<23:37:53> [000004EE][Warning] Independent immortal particle effect spawned: X2_EFFECT_O.Interaction.enchant_wpn_range_honor_3g
<23:37:53> [B95EE41B][Error] invalid parent unit id(103688)
<23:37:53> [CA175C82][Warning] non-stream IO. system(Material), filePath(game/objects/characters/warborn/female/horns/wa_f_horns010/wa_f_horns010_hc02.mtl)
<23:38:01> [745BAE2F][Warning] failed to stream material xml(game/materials/effects/fume_h_ssd.mtl)
<23:38:04> [B95EE41B][Error] invalid parent unit id(103688)
<23:38:04> [000004EE][Warning] Independent immortal particle effect spawned: X2_EFFECT_O.Interaction.enchant_wpn_range_honor_3g
<23:38:07> [62232BEA][Warning] deferred xml stream error - game/animations/monster/polarbear/lmg_files/normal_run.lmg : f0000003
<23:38:08> [56A42620][Warning] Cannot load texture game/objects/env/01_nuia/001_ndeco/ndeco_halloween_decal_df.dds, file missing [File=game/objects/env/01_nuia/001_ndeco/ndeco_halloween_decal_df.dds]
<23:38:21> [000004EE][Warning] Independent immortal particle effect spawned: X2_EFFECT_O.Interaction.enchant_wpn_range_honor_3g
<23:38:32> [56A42620][Warning] Cannot load texture game/objects/env/01_nuia/001_ndeco/ndeco_halloween_decal_df.dds, file missing [File=game/objects/env/01_nuia/001_ndeco/ndeco_halloween_decal_df.dds]
<23:38:32> [5132FEDE][Warning] invalid attached position(28.91, -1.87, -12.33)
<23:38:32> [A4D70365][Warning] rigid-body own-entity; prefab=prefabs/aac_custom.xml/primal.primal_kraken_prop_large node=AnimObject_144
<23:38:32> [745BAE2F][Warning] failed to stream material xml(game/$picking.mtl)
<23:38:32> [73C0D09F][Warning] Not a normal map texture tried to be used as a normal map: game/objects/env/99_aac/001_ndeco/ndeco_backpack_kraken_p/primal_tent_df.dds [File=game/objects/env/99_aac/001_ndeco/ndeco_backpack_kraken_p/primal_tent_df.dds]
<23:38:32> [000004EE][Warning] [CGF Error] game/objects/env/02_harihara/001_hdeco/hdeco_workprop_b01.cgf [:] LOD1 of geometry hdeco_workprop_b01 contains too many polygons comparing to the LOD0 [408 against 608] :
<23:38:32> [DD578E5E][Warning] Error: CShaderMan::mfCreateShaderResources: Couldn't find subsurface texture 'game/objects/env/08_dungeon/12_hanging_gardens_of_ipna/ipna_middle_room_wallblend_a_df.dds' in path '' [File=game/objects/env/08_dungeon/12_hanging_gardens_of_ipna/ipna_middle_room_wallblend_a_df.dds]
<23:38:32> [000004EE][Warning] [CGF Error] game/objects/env/01_nuia/001_housing/housing_furniture/hs_f_safe_e.cgf [:] non-uniform scale(1.00, 1.03, 1.00) at node(hs_f_safe_e)
<23:38:36> [637AF710][Warning] missing chr material : game/objects/characters/ferre/male/parts/ar/obj/fe_m_ar_metal173.mtl (chr: game/objects/characters/ferre/male/parts/ar/obj/fe_m_4sh047_5ar203.chr)
<23:38:36> [000004EE][Warning] Independent immortal particle effect spawned: X2_EFFECT_O.Interaction.enchant_wpn_range_honor_3g
<23:38:37> [A181AEBC][Warning] Anim events cannot find effect "X2_EFFECTS_C1.Glider.Crystal_Wing.front_trail1", requested by animation "animations/env/glider_wing_crystal/fist_ac_gliding_front.caf".
<23:38:37> [B95EE41B][Error] invalid parent unit id(103688)
<23:38:37> [CA175C82][Warning] non-stream IO. system(Material), filePath(game/objects/characters/warborn/female/horns/wa_f_horns010/wa_f_horns010_hc02.mtl)
<23:38:42> [B95EE41B][Error] invalid parent unit id(103688)
<23:38:47> [B95EE41B][Error] invalid parent unit id(62381)
<23:38:57> [000004EE][Warning] Independent immortal particle effect spawned: X2_EFFECT_O.Interaction.enchant_wpn_range_honor_3g
<23:39:09> [56A42620][Warning] Cannot load texture game/objects/env/01_nuia/001_ndeco/ndeco_halloween_decal_df.dds, file missing [File=game/objects/env/01_nuia/001_ndeco/ndeco_halloween_decal_df.dds]
<23:39:10> [745BAE2F][Warning] failed to stream material xml(game/objects/env/01_nuia/001_housing/housing_furniture/mushroom_bed.mtl)
<23:39:13> [B95EE41B][Error] invalid parent unit id(103688)
<23:39:13> [637AF710][Warning] missing chr material : game/objects/characters/warborn/female/parts/cp/obj/03 - Default.mtl (chr: game/objects/characters/warborn/female/parts/cp/obj/wa_f_1cp101.chr)
<23:39:13> [CA175C82][Warning] non-stream IO. system(Material), filePath(game/objects/characters/warborn/female/horns/wa_f_horns010/wa_f_horns010_hc02.mtl)
<23:39:13> [000004EE][Warning] Independent immortal particle effect spawned: X2_EFFECT_O.Interaction.enchant_wpn_range_honor_3g
<23:39:19> [B95EE41B][Error] invalid parent unit id(103688)
<23:39:19> [000004EE][Warning] Independent immortal particle effect spawned: X2_EFFECT_O.Interaction.enchant_wpn_range_honor_3g
<23:39:20> [745BAE2F][Warning] failed to stream material xml(game/objects/characters/ferre/male/parts/ar/metal/ar_metal173/fe_m_ar_metal173_brop01.mtl)
<23:39:20> [637AF710][Warning] missing chr material : game/objects/characters/ferre/male/parts/pt/obj/fe_m_pt_leather001.mtl (chr: game/objects/characters/ferre/male/parts/pt/obj/fe_m_1pt201.chr)
<23:39:20> [491B3718][Warning] Cannot load texture objects/characters/ferre/female/face/face01/fe_f_face01_fur_sss.dds, file missing [File=objects/characters/ferre/female/face/face01/fe_f_face01_fur_sss.dds]
<23:39:20> [5243B464][Warning] Error: CShaderMan::mfCreateShaderResources: Couldn't find subsurface texture 'objects/characters/ferre/female/face/face01/fe_f_face01_fur_sss.dds' in path '' [File=objects/characters/ferre/female/face/face01/fe_f_face01_fur_sss.dds]
<23:39:23> [000004EE][Warning] [Lua Error] 1_3_0/scripts/x2ui/characterinfo/character_info.lua:520: attempt to call method 'AnimForEquipped' (a nil value)
<23:39:25> [5132FEDE][Warning] invalid attached position(28.91, -1.87, -12.33)
<23:39:25> [A4D70365][Warning] rigid-body own-entity; prefab=prefabs/aac_custom.xml/primal.primal_kraken_prop_large node=AnimObject_144
<23:39:25> [745BAE2F][Warning] failed to stream material xml(game/$picking.mtl)
<23:39:25> [73C0D09F][Warning] Not a normal map texture tried to be used as a normal map: game/objects/env/99_aac/001_ndeco/ndeco_backpack_kraken_p/primal_tent_df.dds [File=game/objects/env/99_aac/001_ndeco/ndeco_backpack_kraken_p/primal_tent_df.dds]
<23:39:25> [000004EE][Warning] [CGF Error] game/objects/env/02_harihara/001_hdeco/hdeco_workprop_b01.cgf [:] LOD1 of geometry hdeco_workprop_b01 contains too many polygons comparing to the LOD0 [408 against 608] :
<23:39:25> [2046412A][Warning] Cannot load texture game/objects/env/08_dungeon/12_hanging_gardens_of_ipna/ipna_middle_room_wallblend_a_df.dds, file missing [File=game/objects/env/08_dungeon/12_hanging_gardens_of_ipna/ipna_middle_room_wallblend_a_df.dds]
<23:39:25> [DD578E5E][Warning] Error: CShaderMan::mfCreateShaderResources: Couldn't find subsurface texture 'game/objects/env/08_dungeon/12_hanging_gardens_of_ipna/ipna_middle_room_wallblend_a_df.dds' in path '' [File=game/objects/env/08_dungeon/12_hanging_gardens_of_ipna/ipna_middle_room_wallblend_a_df.dds]
<23:39:25> [000004EE][Warning] [CGF Error] game/objects/env/01_nuia/001_housing/housing_furniture/hs_f_safe_e.cgf [:] non-uniform scale(1.00, 1.03, 1.00) at node(hs_f_safe_e)
<23:39:26> [000004EE][Warning] Independent immortal particle effect spawned: X2_EFFECT_O.Interaction.enchant_wpn_range_honor_3g
<23:39:30> [B95EE41B][Error] invalid parent unit id(62381)
<23:39:40> [000004EE][Warning] Independent immortal particle effect spawned: X2_EFFECT_O.Interaction.enchant_wpn_range_honor_3g
<23:39:48> [745BAE2F][Warning] failed to stream material xml(game/$picking.mtl)
<23:39:59> [745BAE2F][Warning] failed to stream material xml(objects/Characters/ferre/male/parts/ar/metal/ar_metal173/fe_m_ar_metal173_brop01.mtl)
<23:39:59> [000004EE][Warning] Independent immortal particle effect spawned: X2_EFFECT_O.Interaction.enchant_wpn_range_honor_3g
<23:40:04> [000004EE][Warning] Independent immortal particle effect spawned: X2_EFFECT_O.Interaction.enchant_wpn_range_honor_3g
<23:40:12> [745BAE2F][Warning] failed to stream material xml(game/objects/effects/ksw_effect/qilin.mtl)
<23:40:14> [63ABB424][Warning] Facial sequence "fist_ac_whistle" not listed in CAL file for character "game/objects/characters/ferre/male/nude/fe_m_base.chr".
<23:40:15> [B95EE41B][Error] invalid parent unit id(100351)
<23:40:17> [000004EE][Warning] Independent immortal particle effect spawned: X2_EFFECT_O.Interaction.enchant_wpn_range_honor_3g
<23:40:29> [000004EE][Warning] Independent immortal particle effect spawned: X2_EFFECT_O.Interaction.enchant_wpn_range_honor_3g
<23:40:35> [000004EE][Warning] [Lua Error] 1_3_0/scripts/x2ui/characterinfo/character_info.lua:520: attempt to call method 'AnimForEquipped' (a nil value)
<23:40:39> [745BAE2F][Warning] failed to stream material xml(game/materials/effects/fume_h_ssd.mtl)
<23:40:46> [B95EE41B][Error] invalid parent unit id(103688)
<23:40:46> [745BAE2F][Warning] failed to stream material xml(game/objects/characters/warborn/female/parts/cp/obj/03 - Default.mtl)
<23:40:46> [637AF710][Warning] missing chr material : game/objects/characters/warborn/female/parts/cp/obj/03 - Default.mtl (chr: game/objects/characters/warborn/female/parts/cp/obj/wa_f_1cp101.chr)
<23:40:46> [CA175C82][Warning] non-stream IO. system(Material), filePath(game/objects/characters/warborn/female/horns/wa_f_horns010/wa_f_horns010_hc02.mtl)
<23:40:46> [000004EE][Warning] Independent immortal particle effect spawned: X2_EFFECT_O.Interaction.enchant_wpn_range_honor_3g
<23:40:52> [B95EE41B][Error] invalid parent unit id(103688)
<23:40:55> [000004EE][Warning] Independent immortal particle effect spawned: X2_EFFECT_O.Interaction.enchant_wpn_range_honor_3g
<23:41:04> [5132FEDE][Warning] invalid attached position(28.91, -1.87, -12.33)
<23:41:04> [A4D70365][Warning] rigid-body own-entity; prefab=prefabs/aac_custom.xml/primal.primal_kraken_prop_large node=AnimObject_144
<23:41:04> [745BAE2F][Warning] failed to stream material xml(game/$picking.mtl)
<23:41:04> [73C0D09F][Warning] Not a normal map texture tried to be used as a normal map: game/objects/env/99_aac/001_ndeco/ndeco_backpack_kraken_p/primal_tent_df.dds [File=game/objects/env/99_aac/001_ndeco/ndeco_backpack_kraken_p/primal_tent_df.dds]
<23:41:04> [000004EE][Warning] I3DEngine::RegisterEntity: entity reports invalid position: Name: LightEntityName (), Class: LightEntityClass, Pos=(8638.5,8336.5,1380.6), aabb center=(3324.6,3963.6,100.0)
<23:41:04> [000004EE][Warning] [CGF Error] game/objects/env/02_harihara/001_hdeco/hdeco_workprop_b01.cgf [:] LOD1 of geometry hdeco_workprop_b01 contains too many polygons comparing to the LOD0 [408 against 608] :
<23:41:04> [2046412A][Warning] Cannot load texture game/objects/env/08_dungeon/12_hanging_gardens_of_ipna/ipna_middle_room_wallblend_a_df.dds, file missing [File=game/objects/env/08_dungeon/12_hanging_gardens_of_ipna/ipna_middle_room_wallblend_a_df.dds]
<23:41:04> [DD578E5E][Warning] Error: CShaderMan::mfCreateShaderResources: Couldn't find subsurface texture 'game/objects/env/08_dungeon/12_hanging_gardens_of_ipna/ipna_middle_room_wallblend_a_df.dds' in path '' [File=game/objects/env/08_dungeon/12_hanging_gardens_of_ipna/ipna_middle_room_wallblend_a_df.dds]
<23:41:04> [000004EE][Warning] [CGF Error] game/objects/env/01_nuia/001_housing/housing_furniture/hs_f_safe_e.cgf [:] non-uniform scale(1.00, 1.03, 1.00) at node(hs_f_safe_e)
<23:41:08> [000004EE][Warning] Independent immortal particle effect spawned: X2_EFFECT_O.Interaction.enchant_wpn_range_honor_3g
<23:41:17> [000004EE][Warning] Independent immortal particle effect spawned: X2_EFFECT_O.Interaction.enchant_wpn_range_honor_3g
<23:41:17> [73EB452A][Warning] Cannot load texture game/objects/env/01_nuia/06_mari/mari_city_templein_relic_a_ddn.dds, file missing [File=game/objects/env/01_nuia/06_mari/mari_city_templein_relic_a_ddn.dds]
<23:41:18> [E9AF7F49][Warning] Error: CShaderMan::mfCreateShaderResources: Couldn't find detail texture
'textures/terrain/detail/cliff_grey_blue_with_dry_bushes_ddn.dds' in path '' [File=textures/terrain/detail/cliff_grey_blue_with_dry_bushes_ddn.dds]
<23:41:18> [62232BEA][Warning] deferred xml stream error - game/animations/monster/polarbear/lmg_files/normal_run.lmg : f0000003
<23:41:18> [745BAE2F][Warning] failed to stream material xml(game/objects/env/01_nuia/001_housing/housing_house/housing_hari_2t.mtl)
<23:41:25> [000004EE][Warning] Independent immortal particle effect spawned: X2_EFFECT_O.Interaction.enchant_wpn_range_honor_3g
<23:41:31> [CA175C82][Warning] non-stream IO. system(Material), filePath(game/objects/effects/peffect/decal_white_pattern_02_b.mtl)
<23:41:31> [000004EE][Warning] Independent immortal particle effect spawned: X2_EFFECT_O.Interaction.enchant_wpn_range_honor_3g
<23:41:36> [745BAE2F][Warning] failed to stream material xml(objects/Characters/ferre/male/parts/ar/metal/ar_metal173/fe_m_ar_metal173_brop01.mtl)
<23:41:38> [000004EE][Warning] Independent immortal particle effect spawned: X2_EFFECT_O.Interaction.enchant_wpn_range_honor_3g
<23:41:43> [745BAE2F][Warning] failed to stream material xml(game/materials/effects/fume_h_ssd.mtl)
<23:41:47> [000004EE][Warning] Independent immortal particle effect spawned: X2_EFFECT_O.Interaction.enchant_wpn_range_honor_3g
<23:41:54> [000004EE][Warning] [Lua Error] 1_3_0/scripts/x2ui/characterinfo/character_info.lua:520: attempt to call method 'AnimForEquipped' (a nil value)
<23:42:10> [000004EE][Warning] Independent immortal particle effect spawned: X2_EFFECT_O.Interaction.enchant_wpn_range_honor_3g
<23:42:23> [745BAE2F][Warning] failed to stream material xml(game/objects/effects/ksw_effect/qilin.mtl)
<23:42:26> [000004EE][Warning] Independent immortal particle effect spawned: X2_EFFECT_O.Interaction.enchant_wpn_range_honor_3g
<23:42:35> [000004EE][Warning] Independent immortal particle effect spawned: X2_EFFECT_O.Interaction.enchant_wpn_range_honor_3g
<23:42:36> [000004EE][Warning] [Lua Error] 1_3_0/scripts/x2ui/characterinfo/character_info.lua:520: attempt to call method 'AnimForEquipped' (a nil value)
<23:42:40> [000004EE][Warning] Particle effect not found: 'abillity_skill_table_m.illusion.tired_curse_form', from unknown 
<23:42:43> [745BAE2F][Warning] failed to stream material xml(game/materials/effects/fume_h_ssd.mtl)
<23:42:44> [CA175C82][Warning] non-stream IO. system(CGF), filePath(objects/env/01_nuia/001_ncom/ncom_pile_a01_test.cgf)
<23:42:51> [B95EE41B][Error] invalid parent unit id(75538)
<23:42:51> [745BAE2F][Warning] failed to stream material xml(game/objects/characters/warborn/female/parts/cp/obj/03 - Default.mtl)
<23:42:51> [637AF710][Warning] missing chr material : game/objects/characters/warborn/female/parts/cp/obj/03 - Default.mtl (chr: game/objects/characters/warborn/female/parts/cp/obj/wa_f_1cp101.chr)
<23:42:51> [CA175C82][Warning] non-stream IO. system(Material), filePath(game/objects/characters/warborn/female/horns/wa_f_horns010/wa_f_horns010_hc02.mtl)
<23:42:51> [000004EE][Warning] Independent immortal particle effect spawned: X2_EFFECT_O.Interaction.enchant_wpn_range_honor_3g
<23:43:01> [000004EE][Warning] Independent immortal particle effect spawned: X2_EFFECT_O.Interaction.enchant_wpn_range_honor_3g
<23:43:10> [B95EE41B][Error] invalid parent unit id(75538)
<23:43:23> [000004EE][Warning] Independent immortal particle effect spawned: X2_EFFECT_O.Interaction.enchant_wpn_range_honor_3g
<23:43:25> [745BAE2F][Warning] failed to stream material xml(game/$picking.mtl)
<23:43:25> [4554E71F][Warning] Cannot load texture users/xlgames/desktop/11 copy.dds, file missing [File=users/xlgames/desktop/11 copy.dds]
<23:43:25> [000004EE][Warning] [CGF Error] game/objects/env/01_nuia/001_housing/housing_house/housing_addon_roof_a.cgf [:] LOD1 of geometry  contains too many polygons comparing to the LOD0 [2104 against 3035] :
<23:43:28> [B95EE41B][Error] invalid parent unit id(75538)
<23:43:28> [CA175C82][Warning] non-stream IO. system(Material), filePath(game/objects/characters/warborn/female/horns/wa_f_horns010/wa_f_horns010_hc02.mtl)
<23:43:30> [000004EE][Warning] Independent immortal particle effect spawned: X2_EFFECT_O.Interaction.enchant_wpn_range_honor_3g
<23:43:37> [A181AEBC][Warning] Anim events cannot find effect "X2_EFFECTS_C1.Glider.Crystal_Wing.wing_start1", requested by animation "animations/env/glider_wing_crystal/fist_ac_gliding_start.caf".
<23:43:37> [000004EE][Warning] Independent immortal particle effect spawned: X2_EFFECT_O.Interaction.enchant_wpn_range_honor_3g
<23:43:42> [B95EE41B][Error] invalid parent unit id(75538)
<23:43:49> [000004EE][Warning] [Lua Error] 1_3_0/scripts/x2ui/characterinfo/character_info.lua:520: attempt to call method 'AnimForEquipped' (a nil value)
<23:43:50> [745BAE2F][Warning] failed to stream material xml(game/materials/effects/fume_h_ssd.mtl)
<23:43:54> [000004EE][Warning] Independent immortal particle effect spawned: X2_EFFECT_O.Interaction.enchant_wpn_range_honor_3g
<23:43:56> [000004EE][Warning] Particle effect not found: 'game/x2_effect_o.mon_effects.mon_groundstrike_hit', from unknown 
<23:43:58> [745BAE2F][Warning] failed to stream material xml(objects/Characters/ferre/male/parts/ar/metal/ar_metal173/fe_m_ar_metal173_brop01.mtl)
<23:44:01> [7AB931CE] seamless unloading cell object(W20, 17), (L4, 1)
<23:44:01> [000004EE][Warning] Independent immortal particle effect spawned: X2_EFFECT_O.Interaction.enchant_wpn_range_honor_3g
<23:44:05> [745BAE2F][Warning] failed to stream material xml(objects/Characters/ferre/male/parts/ar/metal/ar_metal173/fe_m_ar_metal173_brop01.mtl)
<23:44:08> [AE6E9877][Warning] Cannot load texture textures/terrain/detail/cliff_grey_blue_with_dry_bushes_ddn.dds, file missing [File=textures/terrain/detail/cliff_grey_blue_with_dry_bushes_ddn.dds]
<23:44:08> [E9AF7F49][Warning] Error: CShaderMan::mfCreateShaderResources: Couldn't find detail texture
'textures/terrain/detail/cliff_grey_blue_with_dry_bushes_ddn.dds' in path '' [File=textures/terrain/detail/cliff_grey_blue_with_dry_bushes_ddn.dds]
<23:44:08> [000004EE][Warning] Independent immortal particle effect spawned: X2_EFFECT_O.Interaction.enchant_wpn_range_honor_3g
<23:44:08> [A181AEBC][Warning] Anim events cannot find effect "X2_EFFECTS_C1.Glider.Crystal_Wing.wing_start1", requested by animation "animations/env/glider_wing_crystal/fist_ac_gliding_start.caf".
<23:44:12> [7AB931CE] seamless unloading cell object(W21, 18), (L5, 2)
<23:44:16> [A181AEBC][Warning] Anim events cannot find effect "X2_EFFECTS_C1.Glider.Crystal_Wing.front_trail1", requested by animation "animations/env/glider_wing_crystal/fist_ac_gliding_front.caf".
<23:44:22> [745BAE2F][Warning] failed to stream material xml(game/objects/effects/ksw_effect/qilin.mtl)
<23:44:22> [B95EE41B][Error] invalid parent unit id(75538)
<23:44:22> [637AF710][Warning] missing chr material : game/objects/characters/warborn/female/parts/cp/obj/03 - Default.mtl (chr: game/objects/characters/warborn/female/parts/cp/obj/wa_f_1cp101.chr)
<23:44:22> [A181AEBC][Warning] Anim events cannot find effect "X2_EFFECTS_C1.Glider.Crystal_Wing.front_trail1", requested by animation "animations/env/glider_wing_crystal/fist_ac_gliding_front.caf".
<23:44:22> [CA175C82][Warning] non-stream IO. system(Material), filePath(game/objects/characters/warborn/female/horns/wa_f_horns010/wa_f_horns010_hc02.mtl)
<23:44:22> [000004EE][Warning] [CGF Error] game/objects/env/06_unit/06_glider/glider_wing_crystal/glider_wing_crystal_back.cgf [:] LOD1 of geometry  contains too many polygons comparing to the LOD0 [2720 against 4064] :
<23:44:22> [000004EE][Warning] Independent immortal particle effect spawned: X2_EFFECT_O.Interaction.enchant_wpn_range_honor_3g
<23:44:26> [000004EE][Warning] Particle effect not found: 'X2_EFFECTS_C1.Glider.Crystal_Wing.wing_end1', from unknown 
<23:44:34> [B95EE41B][Error] invalid parent unit id(75538)
<23:44:34> [000004EE][Warning] Independent immortal particle effect spawned: X2_EFFECT_O.Interaction.enchant_wpn_range_honor_3g
<23:44:34> [000004EE][Warning] [Lua Error] 1_3_0/scripts/x2ui/characterinfo/character_info.lua:520: attempt to call method 'AnimForEquipped' (a nil value)
<23:44:55> [B866A294] seamless unloading cell terrain(W17, 23), (L1, 7)
<23:44:59> [745BAE2F][Warning] failed to stream material xml(game/materials/effects/fume_h_ssd.mtl)
<23:44:59> [10AA4771][Warning] Cannot load texture game/objects/characters/nuian/female/hair/nu_f_hair014/nu_f_hair014_ddn.dds, file missing [File=game/objects/characters/nuian/female/hair/nu_f_hair014/nu_f_hair014_ddn.dds]
<23:44:59> [637AF710][Warning] missing chr material : game/objects/characters/elf/female/parts/bo/obj/el_f_bo_leather041.mtl (chr: game/objects/characters/elf/female/parts/bo/obj/el_f_1bf001_1bo201.chr)
<23:44:59> [000004EE][Warning] [CGF Error] game/objects/item/staff_2h/staff_2h_55_7/staff_2h_55_7.cgf [:] LOD1 of geometry  contains too many polygons comparing to the LOD0 [1462 against 2050] :
<23:45:00> [A5DDEC33][Warning] Warning: CShaderMan::mfForName: NULL name
<23:45:01> [000004EE][Warning] [Lua Error] 1_3_0/scripts/x2ui/characterinfo/character_info.lua:520: attempt to call method 'AnimForEquipped' (a nil value)
<23:45:03> [3EF08C47] seamless loading cell object(W20, 24), (L4, 1)
<23:45:05> [A4D70365][Warning] rigid-body own-entity; prefab=prefabs/origin_continent.xml/tower.safezone_down node=AnimObject_51
<23:45:05> [CE0EF930][Warning] failed to stream cgf : objects/env/05_nature/08_cry_source/rocks/road_rocks/road_rocks_flat_grey_a.cgf
<23:45:17> [A181AEBC][Warning] Anim events cannot find effect "X2_EFFECTS_C1.Glider.Crystal_Wing.wing_start1", requested by animation "animations/env/glider_wing_crystal/fist_ac_gliding_start.caf".
<23:45:19> [62232BEA][Warning] deferred xml stream error - game/animations/env/03_origin_continent/25_shining_shore/o_shining_purification_tower/lmg_files/normal_run.lmg : f0000003
<23:45:24> [000004EE][Warning] [CGF Error] game/objects/env/06_unit/06_glider/glider_wing_crystal/glider_wing_crystal_back.cgf [:] LOD1 of geometry  contains too many polygons comparing to the LOD0 [2720 against 4064] :
<23:45:25> [A181AEBC][Warning] Anim events cannot find effect "X2_EFFECTS_C1.Glider.Crystal_Wing.wing_start1", requested by animation "animations/env/glider_wing_crystal/fist_ac_gliding_start.caf".
<23:45:27> [B866A294] seamless unloading cell terrain(W20, 23), (L4, 7)
<23:45:28> [3EF08C47] seamless loading cell object(W21, 25), (L5, 2)
<23:45:31> [000004EE][Warning] [CGF Error] game/objects/env/06_unit/06_glider/glider_wing_crystal/glider_wing_crystal_back.cgf [:] LOD1 of geometry  contains too many polygons comparing to the LOD0 [2720 against 4064] :
<23:45:34> [63ABB424][Warning] Facial sequence "closed_eyes_01" not listed in CAL file for character "game/objects/characters/hariharan/female/nude/ha_f_base.chr".
<23:45:34> [A181AEBC][Warning] Anim events cannot find effect "X2_EFFECTS_C1.Glider.Crystal_Wing.wing_start1", requested by animation "animations/env/glider_wing_crystal/fist_ac_gliding_start.caf".
<23:45:34> [745BAE2F][Warning] failed to stream material xml(game/objects/characters/nuian/female/parts/bo/obj/nu_f_bo_cloth142.mtl)
<23:45:34> [637AF710][Warning] missing chr material : game/objects/characters/nuian/female/parts/ar/obj/nu_f_ar_cloth495.mtl (chr: game/objects/characters/nuian/female/parts/ar/obj/nu_f_1ar906_1arm012_1sh010_n.chr)
<23:45:35> [7B1A973B] seamless loading cell terrain(W16, 23), (L0, 0)
<23:45:37> [3EF08C47] seamless loading cell object(W17, 24), (L1, 1)
<23:45:39> [CE0EF930][Warning] failed to stream cgf : default
<23:45:40> [745BAE2F][Warning] failed to stream material xml(game/objects/characters/ferre/male/hair/fe_m_hair006/fe_m_hair006_hm_type1_brop01.mtl)
<23:45:40> [491B3718][Warning] Cannot load texture objects/characters/ferre/female/face/face01/fe_f_face01_fur_sss.dds, file missing [File=objects/characters/ferre/female/face/face01/fe_f_face01_fur_sss.dds]
<23:45:40> [5243B464][Warning] Error: CShaderMan::mfCreateShaderResources: Couldn't find subsurface texture 'objects/characters/ferre/female/face/face01/fe_f_face01_fur_sss.dds' in path '' [File=objects/characters/ferre/female/face/face01/fe_f_face01_fur_sss.dds]
<23:45:40> [637AF710][Warning] missing chr material : game/objects/characters/ferre/male/parts/bo/obj/fe_m_bo_leather226.mtl (chr: game/objects/characters/ferre/male/parts/bo/obj/fe_m_2bo101.chr)
<23:45:41> [A181AEBC][Warning] Anim events cannot find effect "X2_EFFECTS_C1.Glider.Crystal_Wing.front_trail1", requested by animation "animations/env/glider_wing_crystal/fist_ac_gliding_front.caf".
<23:45:43> [000004EE][Warning] [CGF Error] game/objects/env/06_unit/06_glider/glider_wing_crystal/glider_wing_crystal_back.cgf [:] LOD1 of geometry  contains too many polygons comparing to the LOD0 [2720 against 4064] :
<23:45:44> [CA175C82][Warning] non-stream IO. system(Material), filePath(game/objects/characters/warborn/female/horns/wa_f_horns011/wa_f_horns011_hc03.mtl)
<23:45:46> [000004EE][Warning] Particle effect not found: 'game/abillity_skill_table_m.magic.lighting_serial_magic_throw', from unknown 
<23:45:46> [745BAE2F][Warning] failed to stream material xml(game/objects/characters/ferre/male/face/fe_m_face00_blup01.mtl)
<23:45:46> [637AF710][Warning] missing chr material : game/objects/characters/hariharan/female/parts/hm/obj/ha_f_hm_leather214.mtl (chr: game/objects/characters/hariharan/female/parts/hm/obj/ha_f_1hm170.chr)
<23:45:46> [A0AEF1D1][Warning] Cannot load texture game/objects/characters/texture/cp/nu_m_1cp101_c_v01100_ddn.dds, file missing [File=game/objects/characters/texture/cp/nu_m_1cp101_c_v01100_ddn.dds]
<23:45:47> [A181AEBC][Warning] Anim events cannot find effect "X2_EFFECTS_C1.Glider.Crystal_Wing.front_trail1", requested by animation "animations/env/glider_wing_crystal/fist_ac_gliding_front.caf".
<23:45:48> [B866A294] seamless unloading cell terrain(W18, 23), (L2, 7)
<23:45:49> [2363981C][Warning] chr material is not precached : game/objects/characters/hariharan/male/costume/ha_m_sk_mummy001/ha_m_sk_mummy001_h.mtl (chr: game/objects/characters/hariharan/male/costume/ha_m_sk_mummy001/ha_m_sk_mummy001_h.chr)
<23:45:49> [CA175C82][Warning] non-stream IO. system(Material), filePath(game/objects/characters/hariharan/male/costume/ha_m_sk_mummy001/ha_m_sk_mummy001_h.mtl)
<23:45:51> [745BAE2F][Warning] failed to stream material xml(game/objects/characters/hariharan/male/parts/hm/obj/ha_m_hm_cloth001.mtl)
<23:45:51> [637AF710][Warning] missing chr material : game/objects/characters/hariharan/male/parts/gv/obj/ha_m_gv_leather221.mtl (chr: game/objects/characters/hariharan/male/parts/gv/obj/ha_m_1gv101.chr)
<23:45:53> [B866A294] seamless unloading cell terrain(W19, 23), (L3, 7)
<23:45:53> [7AB931CE] seamless unloading cell object(W17, 21), (L1, 5)
<23:45:56> [0D01BD65] start to parse systm mail
<23:45:56> [BFBA8B5E] end to parse systm mail
<23:45:56> [0D01BD65] start to parse systm mail
<23:45:56> [BFBA8B5E] end to parse systm mail
<23:45:59> [0D01BD65] start to parse systm mail
<23:45:59> [BFBA8B5E] end to parse systm mail
<23:45:59> [0D01BD65] start to parse systm mail
<23:45:59> [BFBA8B5E] end to parse systm mail
<23:45:59> [000004EE][Warning] [Lua Error] 1_3_0/scripts/x2ui/mailbox/mail/read_mail.lua:197: attempt to index local 'bodyInfo' (a nil value)
<23:45:59> [0D01BD65] start to parse systm mail
<23:45:59> [BFBA8B5E] end to parse systm mail
<23:45:59> [0D01BD65] start to parse systm mail
<23:45:59> [BFBA8B5E] end to parse systm mail
<23:45:59> [0D01BD65] start to parse systm mail
<23:45:59> [BFBA8B5E] end to parse systm mail
<23:45:59> [0D01BD65] start to parse systm mail
<23:45:59> [BFBA8B5E] end to parse systm mail
<23:46:03> [0D01BD65] start to parse systm mail
<23:46:03> [BFBA8B5E] end to parse systm mail
<23:46:03> [0D01BD65] start to parse systm mail
<23:46:03> [BFBA8B5E] end to parse systm mail
<23:46:03> [0D01BD65] start to parse systm mail
<23:46:03> [BFBA8B5E] end to parse systm mail
<23:46:23> [000004EE][Warning] Independent immortal particle effect spawned: X2_EFFECT_O.Interaction.enchant_wpn_range_honor_3g
<23:46:37> [000004EE][Warning] [Lua] invalid style type...  / brown
<23:46:47> [000004EE][Warning] [Lua] invalid style type...  / brown
<23:46:55> [B866A294] seamless unloading cell terrain(W16, 22), (L0, 6)
<23:47:00> [745BAE2F][Warning] failed to stream material xml(game/materials/effects/fume_h_ssd.mtl)
<23:47:10> [000004EE][Warning] [Lua] invalid style type...  / brown
<23:47:35> [CE0EF930][Warning] failed to stream cgf : game/objects/env/05_nature/08_cry_source/rocks/road_rocks/road_rocks_flat_grey_c.cgf
<23:47:52> [000004EE][Warning] [Lua] invalid style type...  / brown
<23:48:02> [2363981C][Warning] chr material is not precached : game/objects/characters/hariharan/male/costume/ha_m_sk_mummy001/ha_m_sk_mummy001_h.mtl (chr: game/objects/characters/hariharan/male/costume/ha_m_sk_mummy001/ha_m_sk_mummy001_h.chr)
<23:48:02> [CA175C82][Warning] non-stream IO. system(Material), filePath(game/objects/characters/hariharan/male/costume/ha_m_sk_mummy001/ha_m_sk_mummy001_h.mtl)
<23:48:17> [2363981C][Warning] chr material is not precached : game/objects/characters/hariharan/male/hair/ha_m_hair002/ha_m_hair002.mtl (chr: game/objects/characters/hariharan/male/hair/ha_m_hair002/ha_m_hair002.chr)
<23:48:17> [CA175C82][Warning] non-stream IO. system(Material), filePath(game/objects/characters/hariharan/male/hair/ha_m_hair002/ha_m_hair002.mtl)
<23:48:31> [2363981C][Warning] chr material is not precached : game/objects/characters/hariharan/male/costume/ha_m_sk_death_knight001/ha_m_sk_death_knight001_h.mtl (chr: game/objects/characters/hariharan/male/costume/ha_m_sk_death_knight001/ha_m_sk_death_knight001_h.chr)
<23:48:31> [CA175C82][Warning] non-stream IO. system(Material), filePath(game/objects/characters/hariharan/male/costume/ha_m_sk_death_knight001/ha_m_sk_death_knight001_h.mtl)
<23:49:50> [7F773128][Warning] Not a normal map texture tried to be used as a normal map: game/objects/item/aac/all/aa_valentines/2h_spear/aa_valentines_2h_spear_fx_02.dds [File=game/objects/item/aac/all/aa_valentines/2h_spear/aa_valentines_2h_spear_fx_02.dds]
<23:49:50> [3B7525D1][Warning] Non 3dc normal map used (wrong on DX10): game/objects/item/aac/all/aa_valentines/2h_spear/aa_valentines_2h_spear_ddn.dds [File=game/objects/item/aac/all/aa_valentines/2h_spear/aa_valentines_2h_spear_ddn.dds]
<23:49:50> [2363981C][Warning] chr material is not precached : game/objects/characters/hariharan/female/costume/ha_f_sk_mummy001/ha_f_sk_mummy001_h.mtl (chr: game/objects/characters/hariharan/female/costume/ha_f_sk_mummy001/ha_f_sk_mummy001_h.chr)
<23:49:50> [CA175C82][Warning] non-stream IO. system(Material), filePath(game/objects/characters/hariharan/female/costume/ha_f_sk_mummy001/ha_f_sk_mummy001_h.mtl)
<23:49:50> [B95EE41B][Error] invalid parent unit id(103661)
<23:49:55> [000004EE][Warning] Independent immortal particle effect spawned: X2_EFFECT_O.Interaction.enchant_wpn_range_honor_3g
<23:50:02> [000004EE][Warning] Independent immortal particle effect spawned: X2_EFFECT_O.Interaction.enchant_wpn_range_honor_3g
<23:50:08> [000004EE][Warning] [Lua] invalid style type...  / brown
<23:50:30> [745BAE2F][Warning] failed to stream material xml(game/materials/effects/fume_h_ssd.mtl)
<23:50:30> [637AF710][Warning] missing chr material : game/objects/characters/nuian/female/parts/pt/obj/nu_f_pt_cloth150.mtl (chr: game/objects/characters/nuian/female/parts/pt/obj/nu_f_1pt601.chr)
<23:50:30> [000004EE][Warning] [CGF Error] game/objects/item/sword_1h/sword_1h_53_1/sword_1h_53_1.cgf [:] LOD1 of geometry  contains too many polygons comparing to the LOD0 [1196 against 1350] :
<23:50:30> [63ABB424][Warning] Facial sequence "closed_eyes_01" not listed in CAL file for character "game/objects/characters/hariharan/female/nude/ha_f_base.chr".
<23:50:34> [0D01BD65] start to parse systm mail
<23:50:34> [BFBA8B5E] end to parse systm mail
<23:50:36> [0D01BD65] start to parse systm mail
<23:50:36> [BFBA8B5E] end to parse systm mail
<23:50:36> [0D01BD65] start to parse systm mail
<23:50:36> [BFBA8B5E] end to parse systm mail
<23:50:37> [0D01BD65] start to parse systm mail
<23:50:37> [BFBA8B5E] end to parse systm mail
<23:50:37> [0D01BD65] start to parse systm mail
<23:50:37> [BFBA8B5E] end to parse systm mail
<23:50:37> [0D01BD65] start to parse systm mail
<23:50:37> [BFBA8B5E] end to parse systm mail
<23:50:40> [0D01BD65] start to parse systm mail
<23:50:40> [BFBA8B5E] end to parse systm mail
<23:50:42> [000004EE][Warning] [Lua] invalid style type...  / brown
<23:50:51> [745BAE2F][Warning] failed to stream material xml(game/objects/characters/hariharan/female/parts/ar/obj/ha_f_ar_leather181.mtl)
<23:50:51> [637AF710][Warning] missing chr material : game/objects/characters/hariharan/female/parts/hm/obj/ha_f_hm_leather179.mtl (chr: game/objects/characters/hariharan/female/parts/hm/obj/ha_f_2hm109.chr)
<23:51:49> [745BAE2F][Warning] failed to stream material xml(game/materials/effects/fume_h_ssd.mtl)
<23:51:53> [BCCDC555][Warning] MakeSprite - too many sprite update (10). dropping.. (sprites : 40)
<23:54:06> [000004EE][Warning] Particle effect not found: 'game/ability_skill_table_k.p_skill_love.vital_add_launch', from unknown 
<23:54:06> [B95EE41B][Error] invalid parent unit id(114215)
<23:54:06> [745BAE2F][Warning] failed to stream material xml(game/objects/characters/ferre/female/face/fe_f_face00_whtp03.mtl)
<23:54:06> [7705AB91][Warning] Cannot load texture game/objects/characters/nuian/female/hair/nu_f_hair031/nu_f_hair031_ddn.dds, file missing [File=game/objects/characters/nuian/female/hair/nu_f_hair031/nu_f_hair031_ddn.dds]
<23:54:06> [637AF710][Warning] missing chr material : game/objects/characters/ferre/female/parts/bo/obj/fe_f_bo_cloth168.mtl (chr: game/objects/characters/ferre/female/parts/bo/obj/fe_f_2bo504.chr)
<23:54:19> [B95EE41B][Error] invalid parent unit id(116545)
<23:54:19> [745BAE2F][Warning] failed to stream material xml(game/objects/characters/ferre/male/parts/ar/metal/ar_metal173/fe_m_ar_metal173_brop01.mtl)
<23:54:19> [637AF710][Warning] missing chr material : game/objects/characters/ferre/male/parts/bo/obj/fe_m_bo_cloth168.mtl (chr: game/objects/characters/ferre/male/parts/bo/obj/fe_m_2bo504.chr)
<23:54:19> [000004EE][Warning] Independent immortal particle effect spawned: X2_EFFECT_O.Interaction.enchant_wpn_range_honor_3g
<23:54:23> [0D01BD65] start to parse systm mail
<23:54:23> [BFBA8B5E] end to parse systm mail
<23:54:25> [0D01BD65] start to parse systm mail
<23:54:25> [BFBA8B5E] end to parse systm mail
<23:54:25> [000004EE][Warning] [Lua Error] 1_3_0/scripts/x2ui/mailbox/mail/read_mail.lua:197: attempt to index local 'bodyInfo' (a nil value)
<23:54:25> [0D01BD65] start to parse systm mail
<23:54:25> [BFBA8B5E] end to parse systm mail
<23:54:26> [0D01BD65] start to parse systm mail
<23:54:26> [BFBA8B5E] end to parse systm mail
<23:54:29> [B95EE41B][Error] invalid parent unit id(114215)
<23:54:30> [CA175C82][Warning] non-stream IO. system(Material), filePath(game/objects/characters/ferre/male/face/fe_m_face_brop01.mtl)
<23:54:30> [000004EE][Warning] Independent immortal particle effect spawned: X2_EFFECT_O.Interaction.enchant_wpn_range_honor_3g
<23:54:37> [745BAE2F][Warning] failed to stream material xml(game/objects/env/06_unit/06_glider/glider_bx_whtp03.mtl)
<23:54:43> [B95EE41B][Error] invalid parent unit id(114215)
<23:54:43> [000004EE][Warning] [Lua] invalid style type...  / brown
<23:54:48> [745BAE2F][Warning] failed to stream material xml(objects/Characters/ferre/female/parts/hm/cloth/hm_cloth168/fe_f_hm_cloth168_whtp03.mtl)
<23:54:55> [B95EE41B][Error] invalid parent unit id(114215)
<23:54:58> [CA175C82][Warning] non-stream IO. system(Material), filePath(game/objects/characters/ferre/male/face/fe_m_face_brop01.mtl)
<23:54:58> [000004EE][Warning] Independent immortal particle effect spawned: X2_EFFECT_O.Interaction.enchant_wpn_range_honor_3g
<23:55:11> [B95EE41B][Error] invalid parent unit id(114215)
<23:55:21> [CA175C82][Warning] non-stream IO. system(Material), filePath(game/objects/characters/ferre/male/face/fe_m_face_brop01.mtl)
<23:55:21> [000004EE][Warning] Independent immortal particle effect spawned: X2_EFFECT_O.Interaction.enchant_wpn_range_honor_3g
<23:55:27> [B95EE41B][Error] invalid parent unit id(87460)
<23:55:33> [B95EE41B][Error] invalid parent unit id(116545)
<23:55:49> [B95EE41B][Error] invalid parent unit id(57214)
<23:55:55> [B95EE41B][Error] invalid parent unit id(57214)
<23:56:01> [BB897B6D][Warning] Cannot load texture 0, file missing [File=0]
<23:56:02> [B95EE41B][Error] invalid parent unit id(64424)
<23:56:39> [BCCDC555][Warning] MakeSprite - too many sprite update (10). dropping.. (sprites : 36)
<23:57:38> [000004EE][Warning] [Lua] invalid style type...  / brown
<23:57:40> [745BAE2F][Warning] failed to stream material xml(game/objects/characters/ferre/male/parts/gv/cloth/gv_cloth214/fe_m_gv_cloth214_brop01.mtl)
<23:57:40> [637AF710][Warning] missing chr material : game/objects/characters/ferre/male/parts/bo/obj/fe_m_bo_cloth138.mtl (chr: game/objects/characters/ferre/male/parts/bo/obj/fe_m_1bo201.chr)
<23:57:40> [000004EE][Warning] Independent immortal particle effect spawned: X2_EFFECT_O.Interaction.enchant_wpn_range_honor_3g
<23:58:13> [CE0EF930][Warning] failed to stream cgf : objects/effects/portal_gate.cgf
<23:58:22> [000004EE][Warning] Particle effect not found: 'game/abillity_skill_table_m.fight.roaring_launch', from unknown 
<23:58:23> [000004EE][Warning] Independent immortal particle effect spawned: X2_EFFECT_O.Interaction.enchant_wpn_range_honor_3g
<23:58:28> [745BAE2F][Warning] failed to stream material xml(game/objects/characters/ferre/female/nude/fe_f_brop01.mtl)
<23:58:28> [637AF710][Warning] missing chr material : game/objects/characters/ferre/female/parts/ar/obj/fe_f_ar_cloth168.mtl (chr: game/objects/characters/ferre/female/parts/ar/obj/fe_f_2sh018_5ar204.chr)
<23:58:29> [63ABB424][Warning] Facial sequence "closed_eyes_01" not listed in CAL file for character "game/objects/characters/ferre/female/nude/fe_f_base.chr".
<23:58:34> [B95EE41B][Error] invalid parent unit id(61832)
<23:58:43> [B95EE41B][Error] invalid parent unit id(61832)
<23:59:33> [000004EE][Warning] Independent immortal particle effect spawned: X2_EFFECT_O.Interaction.enchant_wpn_range_honor_3g
<23:59:41> [745BAE2F][Warning] failed to stream material xml(game/objects/characters/monster/tiger_ride/tiger_ride_yellow/Material #0.mtl)
<00:00:33> [82321C2B][Warning] [net 04:00:33.953] [time] remote time estimation restarted; estimate accumulator age was 1.110617
<00:00:49> [63ABB424][Warning] Facial sequence "fist_ac_whistle" not listed in CAL file for character "game/objects/characters/hariharan/female/nude/ha_f_base.chr".
<00:00:49> [B95EE41B][Error] invalid parent unit id(61832)
<00:00:56> [B95EE41B][Error] invalid parent unit id(61626)
<00:00:58> [B866A294] seamless unloading cell terrain(W16, 16), (L0, 0)
<00:00:58> [B866A294] seamless unloading cell terrain(W16, 17), (L0, 1)
<00:00:58> [B866A294] seamless unloading cell terrain(W16, 18), (L0, 2)
<00:00:58> [B866A294] seamless unloading cell terrain(W16, 19), (L0, 3)
<00:00:58> [B866A294] seamless unloading cell terrain(W16, 20), (L0, 4)
<00:00:58> [B866A294] seamless unloading cell terrain(W16, 21), (L0, 5)
<00:00:58> [B866A294] seamless unloading cell terrain(W17, 16), (L1, 0)
<00:00:58> [7AB931CE] seamless unloading cell object(W17, 17), (L1, 1)
<00:00:58> [4B1E8B22] unload cell object count : 0
<00:00:58> [B866A294] seamless unloading cell terrain(W17, 17), (L1, 1)
<00:00:58> [7AB931CE] seamless unloading cell object(W17, 18), (L1, 2)
<00:00:58> [4B1E8B22] unload cell object count : 0
<00:00:58> [B866A294] seamless unloading cell terrain(W17, 18), (L1, 2)
<00:00:58> [7AB931CE] seamless unloading cell object(W17, 19), (L1, 3)
<00:00:58> [4B1E8B22] unload cell object count : 15047
<00:00:58> [B866A294] seamless unloading cell terrain(W17, 19), (L1, 3)
<00:00:58> [7AB931CE] seamless unloading cell object(W17, 20), (L1, 4)
<00:00:58> [4B1E8B22] unload cell object count : 6274
<00:00:58> [B866A294] seamless unloading cell terrain(W17, 20), (L1, 4)
<00:00:58> [B866A294] seamless unloading cell terrain(W17, 21), (L1, 5)
<00:00:58> [B866A294] seamless unloading cell terrain(W17, 22), (L1, 6)
<00:00:58> [B866A294] seamless unloading cell terrain(W18, 16), (L2, 0)
<00:00:58> [7AB931CE] seamless unloading cell object(W18, 17), (L2, 1)
<00:00:58> [4B1E8B22] unload cell object count : 2538
<00:00:58> [B866A294] seamless unloading cell terrain(W18, 17), (L2, 1)
<00:00:58> [7AB931CE] seamless unloading cell object(W18, 18), (L2, 2)
<00:00:58> [4B1E8B22] unload cell object count : 0
<00:00:58> [B866A294] seamless unloading cell terrain(W18, 18), (L2, 2)
<00:00:58> [7AB931CE] seamless unloading cell object(W18, 19), (L2, 3)
<00:00:58> [4B1E8B22] unload cell object count : 3256
<00:00:58> [B866A294] seamless unloading cell terrain(W18, 19), (L2, 3)
<00:00:58> [7AB931CE] seamless unloading cell object(W18, 20), (L2, 4)
<00:00:58> [4B1E8B22] unload cell object count : 4007
<00:00:58> [B866A294] seamless unloading cell terrain(W18, 20), (L2, 4)
<00:00:58> [7AB931CE] seamless unloading cell object(W18, 21), (L2, 5)
<00:00:58> [4B1E8B22] unload cell object count : 4459
<00:00:58> [B866A294] seamless unloading cell terrain(W18, 21), (L2, 5)
<00:00:58> [B866A294] seamless unloading cell terrain(W18, 22), (L2, 6)
<00:00:58> [B866A294] seamless unloading cell terrain(W19, 16), (L3, 0)
<00:00:58> [7AB931CE] seamless unloading cell object(W19, 17), (L3, 1)
<00:00:58> [4B1E8B22] unload cell object count : 32645
<00:00:58> [B866A294] seamless unloading cell terrain(W19, 17), (L3, 1)
<00:00:58> [7AB931CE] seamless unloading cell object(W19, 18), (L3, 2)
<00:00:58> [4B1E8B22] unload cell object count : 0
<00:00:58> [B866A294] seamless unloading cell terrain(W19, 18), (L3, 2)
<00:00:58> [7AB931CE] seamless unloading cell object(W19, 19), (L3, 3)
<00:00:58> [4B1E8B22] unload cell object count : 2506
<00:00:58> [B866A294] seamless unloading cell terrain(W19, 19), (L3, 3)
<00:00:58> [7AB931CE] seamless unloading cell object(W19, 20), (L3, 4)
<00:00:58> [4B1E8B22] unload cell object count : 6385
<00:00:58> [B866A294] seamless unloading cell terrain(W19, 20), (L3, 4)
<00:00:58> [7AB931CE] seamless unloading cell object(W19, 21), (L3, 5)
<00:00:58> [4B1E8B22] unload cell object count : 4735
<00:00:58> [B866A294] seamless unloading cell terrain(W19, 21), (L3, 5)
<00:00:58> [B866A294] seamless unloading cell terrain(W19, 22), (L3, 6)
<00:00:58> [B866A294] seamless unloading cell terrain(W20, 16), (L4, 0)
<00:00:58> [7AB931CE] seamless unloading cell object(W20, 17), (L4, 1)
<00:00:58> [4B1E8B22] unload cell object count : 31789
<00:00:58> [B866A294] seamless unloading cell terrain(W20, 17), (L4, 1)
<00:00:58> [7AB931CE] seamless unloading cell object(W20, 18), (L4, 2)
<00:00:58> [4B1E8B22] unload cell object count : 4945
<00:00:58> [B866A294] seamless unloading cell terrain(W20, 18), (L4, 2)
<00:00:58> [7AB931CE] seamless unloading cell object(W20, 19), (L4, 3)
<00:00:58> [4B1E8B22] unload cell object count : 1057
<00:00:58> [B866A294] seamless unloading cell terrain(W20, 19), (L4, 3)
<00:00:58> [7AB931CE] seamless unloading cell object(W20, 20), (L4, 4)
<00:00:58> [4B1E8B22] unload cell object count : 0
<00:00:58> [B866A294] seamless unloading cell terrain(W20, 20), (L4, 4)
<00:00:58> [7AB931CE] seamless unloading cell object(W20, 21), (L4, 5)
<00:00:58> [4B1E8B22] unload cell object count : 0
<00:00:58> [B866A294] seamless unloading cell terrain(W20, 21), (L4, 5)
<00:00:58> [B866A294] seamless unloading cell terrain(W20, 22), (L4, 6)
<00:00:58> [B866A294] seamless unloading cell terrain(W21, 16), (L5, 0)
<00:00:58> [B866A294] seamless unloading cell terrain(W21, 17), (L5, 1)
<00:00:58> [7AB931CE] seamless unloading cell object(W21, 18), (L5, 2)
<00:00:58> [4B1E8B22] unload cell object count : 2549
<00:00:58> [B866A294] seamless unloading cell terrain(W21, 18), (L5, 2)
<00:00:58> [7AB931CE] seamless unloading cell object(W21, 19), (L5, 3)
<00:00:58> [4B1E8B22] unload cell object count : 4408
<00:00:58> [B866A294] seamless unloading cell terrain(W21, 19), (L5, 3)
<00:00:58> [7AB931CE] seamless unloading cell object(W21, 20), (L5, 4)
<00:00:58> [4B1E8B22] unload cell object count : 0
<00:00:58> [B866A294] seamless unloading cell terrain(W21, 20), (L5, 4)
<00:00:58> [B866A294] seamless unloading cell terrain(W21, 21), (L5, 5)
<00:00:58> [B866A294] seamless unloading cell terrain(W21, 22), (L5, 6)
<00:00:58> [B866A294] seamless unloading cell terrain(W22, 17), (L6, 1)
<00:00:58> [B866A294] seamless unloading cell terrain(W22, 18), (L6, 2)
<00:00:58> [B866A294] seamless unloading cell terrain(W22, 19), (L6, 3)
<00:00:58> [B866A294] seamless unloading cell terrain(W22, 20), (L6, 4)
<00:00:58> [B866A294] seamless unloading cell terrain(W22, 21), (L6, 5)
<00:00:58> [963385F6] Level System - Loading Start
<00:00:58> [000004EE][Warning] [Lua Error] 1_3_0/scripts/x2ui/baselib/icon.lua:318: attempt to perform arithmetic on a nil value
<00:00:58> [806B6F8D] precaching world entities ..
<00:00:58> [7E39E0DE] precaching world entities .. done!  total (1) objects
<00:00:58> [D2B280D6] Vegetation Manager : Loading World(arche_mall_world)
<00:00:58> [075AB92F] Vegetation Manager : Loading World - Done (total 55 vegetations)
<00:00:58> [000004EE][Error] CTerrain::LoadWorldSurfaces: Error loading material: materials/Terrain/gweonidforest/w_forest_road_a1
<00:00:59> [59CBED13][Warning] Cannot load texture textures/aa_terrain/canyon/tr_canyon_rock3d_405a_ddn.dds, file missing [File=textures/aa_terrain/canyon/tr_canyon_rock3d_405a_ddn.dds]
<00:00:59> [751FFB9E][Warning] Error: CShaderMan::mfCreateShaderResources: Couldn't find detail texture
'game/textures/aa_terrain/canyon/tr_canyon_rock_616a_ddn.tga' in path '' [File=game/textures/aa_terrain/canyon/tr_canyon_rock_616a_ddn.tga]
<00:00:59> [B9410AA1] total 603 terrain world surfaces loaded
<00:00:59> [280A47E3] Precached total 6 materials
<00:00:59> [7B1A973B] seamless loading cell terrain(W3, 3), (L0, 0)
<00:00:59> [7B1A973B] seamless loading cell terrain(W3, 4), (L0, 1)
<00:00:59> [7B1A973B] seamless loading cell terrain(W4, 4), (L1, 1)
<00:00:59> [7B1A973B] seamless loading cell terrain(W4, 3), (L1, 0)
<00:00:59> [3EF08C47] seamless loading cell object(W3, 3), (L0, 0)
<00:00:59> [3EF08C47] seamless loading cell object(W3, 4), (L0, 1)
<00:00:59> [755A3546][Warning] Error: CShaderMan::mfCreateShaderResources: Couldn't find custom secondary texture 'game/objects/env/01_nuia/001_housing/housing_house/nuia_housing_treemossy03_ddn.dds' in path '' [File=game/objects/env/01_nuia/001_housing/housing_house/nuia_housing_treemossy03_ddn.dds]
<00:00:59> [CE0EF930][Warning] failed to stream cgf : objects/env/05_nature/08_cry_source/rocks/road_rocks/road_rocks_flat_grey_a.cgf
<00:00:59> [A4D70365][Warning] rigid-body own-entity; prefab=prefabs/interaction_c.xml/unit.speedcar_y node=body_1
<00:00:59> [3EF08C47] seamless loading cell object(W4, 4), (L1, 1)
<00:00:59> [3EF08C47] seamless loading cell object(W4, 3), (L1, 0)
<00:00:59> [12409CCC] Load Zone Finished
<00:00:59> [000004EE][Warning] [CGF Error] game/objects/env/01_nuia/001_housing/housing_furniture/housing_whiteset_light_b.cgf [:] non-uniform scale(1.00, 0.35, 1.00) at node(proxy)
<00:01:00> [000004EE][Warning] I3DEngine::RegisterEntity: entity reports invalid position: Name: LightEntityName (), Class: LightEntityClass, Pos=(9500.5,4976.7,2832.3), aabb center=(3234.0,3442.7,116.0)
<00:01:00> [82321C2B][Warning] [net 04:01:00.401] [time] remote time estimation restarted; estimate accumulator age was 1.953871
<00:01:00> [A39C1725] Level System - Loading Complete
<00:01:00> [BB2687ED] precaching instance world CGF
<00:01:00> [9BE3F673] total 0 CGF files are precached
<00:01:00> [27293DED] -----------------------------------------------------
<00:01:00> [120C18F5] * LOADING: 'arche_mall' loading time: 2.03 seconds
<00:01:00> [27293DED] -----------------------------------------------------
<00:01:00> [2BFDEC33][Error] realstep 11, not match unit req
<00:01:00> [BCCDC555][Warning] MakeSprite - too many sprite update (10). dropping.. (sprites : 12)
<00:01:00> [745BAE2F][Warning] failed to stream material xml(game/proxy.mtl)
<00:01:01> [000004EE][Warning] [CGF Error] game/objects/env/01_nuia/001_ndeco/making/ndeco_powerfulmaking.cga [:] LOD1 of geometry parts01 contains too many polygons comparing to the LOD0 [1592 against 1130] :
<00:01:01> [637AF710][Warning] missing chr material : game/objects/characters/warborn/male/parts/bo/obj/wa_m_bo_metal170.mtl (chr: game/objects/characters/warborn/male/parts/bo/obj/wa_m_3bo102.chr)
<00:01:01> [000004EE][Warning] [CGF Error] game/objects/item/interaction/lord/nu_m_lord005/nu_m_sk_lord005.cgf [:] LOD1 of geometry  contains too many polygons comparing to the LOD0 [11488 against 15224] :
<00:01:01> [CA175C82][Warning] non-stream IO. system(Material), filePath(game/objects/characters/warborn/male/horns/wa_m_horns006/wa_m_horns006_hc04.mtl)
<00:01:01> [000004EE][Warning] Independent immortal particle effect spawned: X2_EFFECT_O.Interaction.enchant_wpn_range_honor_3g
<00:01:02> [5F89E60D][Warning] non cached CDF(game/objects/characters/elf/male/costume/el_m_sk_saint002/el_m_sk_saint002_h.cdf)
<00:01:02> [2363981C][Warning] chr material is not precached : game/objects/characters/elf/male/costume/el_m_sk_saint001/el_m_sk_saint001_h.mtl (chr: game/objects/characters/elf/male/costume/el_m_sk_saint001/el_m_sk_saint001_h.chr)
<00:01:02> [CCFBC94A][Warning] Cannot load texture game/objects/characters/animals/cat_baby_cat/cat_baby_black_pet_df.dds, file missing [File=game/objects/characters/animals/cat_baby_cat/cat_baby_black_pet_df.dds]
<00:01:02> [8BC8B87E][Warning] Error: CShaderMan::mfCreateShaderResources: Couldn't find subsurface texture 'game/objects/characters/animals/cat_baby_cat/cat_baby_black_pet_df.dds' in path '' [File=game/objects/characters/animals/cat_baby_cat/cat_baby_black_pet_df.dds]
<00:01:05> [A4D70365][Warning] rigid-body own-entity; prefab=Prefabs/interaction_c.xml/furniture.aquarium_a_fish node=AnimObject_38
<00:01:07> [A181AEBC][Warning] Anim events cannot find effect "X2_EFFECTS_C1.Glider.Crystal_Wing.wing_start1", requested by animation "animations/env/glider_wing_crystal/fist_ac_gliding_start.caf".
<00:01:07> [745BAE2F][Warning] failed to stream material xml(game/objects/characters/monster/daru/daru_trader/Material #367.mtl)
<00:01:15> [A181AEBC][Warning] Anim events cannot find effect "X2_EFFECTS_C1.Glider.Crystal_Wing.front_trail1", requested by animation "animations/env/glider_wing_crystal/fist_ac_gliding_front.caf".
<00:01:22> [A181AEBC][Warning] Anim events cannot find effect "X2_EFFECTS_C1.Glider.Crystal_Wing.front_trail1", requested by animation "animations/env/glider_wing_crystal/fist_ac_gliding_front.caf".
<00:01:28> [A181AEBC][Warning] Anim events cannot find effect "X2_EFFECTS_C1.Glider.Crystal_Wing.front_trail1", requested by animation "animations/env/glider_wing_crystal/fist_ac_gliding_front.caf".
<00:01:34> [CA175C82][Warning] non-stream IO. system(Material), filePath(game/objects/effects/pointer_a.mtl)
<00:01:35> [A181AEBC][Warning] Anim events cannot find effect "X2_EFFECTS_C1.Glider.Crystal_Wing.front_trail1", requested by animation "animations/env/glider_wing_crystal/fist_ac_gliding_front.caf".
<00:01:42> [000004EE][Warning] [CGF Error] game/objects/env/06_unit/06_glider/glider_wing_crystal/glider_wing_crystal_back.cgf [:] LOD1 of geometry  contains too many polygons comparing to the LOD0 [2720 against 4064] :
<00:01:52> [7AB931CE] seamless unloading cell object(W3, 3), (L0, 0)
<00:01:52> [4B1E8B22] unload cell object count : 2586
<00:01:52> [B866A294] seamless unloading cell terrain(W3, 3), (L0, 0)
<00:01:52> [7AB931CE] seamless unloading cell object(W3, 4), (L0, 1)
<00:01:52> [4B1E8B22] unload cell object count : 10817
<00:01:52> [B866A294] seamless unloading cell terrain(W3, 4), (L0, 1)
<00:01:52> [7AB931CE] seamless unloading cell object(W4, 3), (L1, 0)
<00:01:52> [4B1E8B22] unload cell object count : 1785
<00:01:52> [B866A294] seamless unloading cell terrain(W4, 3), (L1, 0)
<00:01:52> [7AB931CE] seamless unloading cell object(W4, 4), (L1, 1)
<00:01:52> [4B1E8B22] unload cell object count : 1988
<00:01:52> [B866A294] seamless unloading cell terrain(W4, 4), (L1, 1)
<00:01:52> [963385F6] Level System - Loading Start
<00:01:52> [E0E0EDAE][Warning] failed to load zone time of day from game/worlds/main_world/zone/225//time_of_day.xml
<00:01:53> [AB17243B][Warning] failed to load zone environment from game/worlds/main_world/zone/309//env.xml
<00:01:53> [35D4413E][Warning] failed to load zone clouds from game/worlds/main_world/zone/309//clouds.xml
<00:01:53> [806B6F8D] precaching world entities ..
<00:01:53> [7E39E0DE] precaching world entities .. done!  total (1778) objects
<00:01:53> [D2B280D6] Vegetation Manager : Loading World(main_world)
<00:01:53> [075AB92F] Vegetation Manager : Loading World - Done (total 3055 vegetations)
<00:01:53> [000004EE][Error] CTerrain::LoadWorldSurfaces: Error loading material: materials/Terrain/gweonidforest/w_forest_road_a1
<00:01:53> [59CBED13][Warning] Cannot load texture textures/aa_terrain/canyon/tr_canyon_rock3d_405a_ddn.dds, file missing [File=textures/aa_terrain/canyon/tr_canyon_rock3d_405a_ddn.dds]
<00:01:53> [751FFB9E][Warning] Error: CShaderMan::mfCreateShaderResources: Couldn't find detail texture
'game/textures/aa_terrain/canyon/tr_canyon_rock_616a_ddn.tga' in path '' [File=game/textures/aa_terrain/canyon/tr_canyon_rock_616a_ddn.tga]
<00:01:53> [B9410AA1] total 600 terrain world surfaces loaded
<00:01:53> [280A47E3] Precached total 8 materials
<00:01:53> [7B1A973B] seamless loading cell terrain(W19, 26), (L4, 4)
<00:01:53> [7B1A973B] seamless loading cell terrain(W18, 26), (L3, 4)
<00:01:53> [7B1A973B] seamless loading cell terrain(W19, 25), (L4, 3)
<00:01:53> [7B1A973B] seamless loading cell terrain(W18, 25), (L3, 3)
<00:01:53> [7B1A973B] seamless loading cell terrain(W19, 27), (L4, 5)
<00:01:53> [7B1A973B] seamless loading cell terrain(W18, 27), (L3, 5)
<00:01:53> [7B1A973B] seamless loading cell terrain(W20, 26), (L5, 4)
<00:01:53> [7B1A973B] seamless loading cell terrain(W20, 25), (L5, 3)
<00:01:53> [7B1A973B] seamless loading cell terrain(W17, 26), (L2, 4)
<00:01:53> [7B1A973B] seamless loading cell terrain(W20, 27), (L5, 5)
<00:01:53> [7B1A973B] seamless loading cell terrain(W17, 25), (L2, 3)
<00:01:53> [7B1A973B] seamless loading cell terrain(W19, 24), (L4, 2)
<00:01:53> [7B1A973B] seamless loading cell terrain(W18, 24), (L3, 2)
<00:01:53> [7B1A973B] seamless loading cell terrain(W17, 27), (L2, 5)
<00:01:53> [7B1A973B] seamless loading cell terrain(W19, 28), (L4, 6)
<00:01:53> [7B1A973B] seamless loading cell terrain(W18, 28), (L3, 6)
<00:01:53> [7B1A973B] seamless loading cell terrain(W20, 24), (L5, 2)
<00:01:53> [7B1A973B] seamless loading cell terrain(W21, 26), (L6, 4)
<00:01:53> [7B1A973B] seamless loading cell terrain(W17, 24), (L2, 2)
<00:01:53> [7B1A973B] seamless loading cell terrain(W21, 25), (L6, 3)
<00:01:53> [7B1A973B] seamless loading cell terrain(W20, 28), (L5, 6)
<00:01:53> [7B1A973B] seamless loading cell terrain(W21, 27), (L6, 5)
<00:01:53> [7B1A973B] seamless loading cell terrain(W16, 26), (L1, 4)
<00:01:53> [7B1A973B] seamless loading cell terrain(W17, 28), (L2, 6)
<00:01:53> [7B1A973B] seamless loading cell terrain(W16, 25), (L1, 3)
<00:01:53> [7B1A973B] seamless loading cell terrain(W19, 23), (L4, 1)
<00:01:53> [7B1A973B] seamless loading cell terrain(W16, 27), (L1, 5)
<00:01:53> [7B1A973B] seamless loading cell terrain(W18, 23), (L3, 1)
<00:01:53> [7B1A973B] seamless loading cell terrain(W21, 24), (L6, 2)
<00:01:53> [7B1A973B] seamless loading cell terrain(W20, 23), (L5, 1)
<00:01:53> [7B1A973B] seamless loading cell terrain(W19, 29), (L4, 7)
<00:01:53> [7B1A973B] seamless loading cell terrain(W21, 28), (L6, 6)
<00:01:53> [7B1A973B] seamless loading cell terrain(W18, 29), (L3, 7)
<00:01:53> [7B1A973B] seamless loading cell terrain(W16, 24), (L1, 2)
<00:01:53> [7B1A973B] seamless loading cell terrain(W17, 23), (L2, 1)
<00:01:53> [7B1A973B] seamless loading cell terrain(W22, 26), (L7, 4)
<00:01:53> [7B1A973B] seamless loading cell terrain(W16, 28), (L1, 6)
<00:01:53> [7B1A973B] seamless loading cell terrain(W20, 29), (L5, 7)
<00:01:53> [7B1A973B] seamless loading cell terrain(W22, 25), (L7, 3)
<00:01:53> [7B1A973B] seamless loading cell terrain(W22, 27), (L7, 5)
<00:01:53> [7B1A973B] seamless loading cell terrain(W17, 29), (L2, 7)
<00:01:53> [3EF08C47] seamless loading cell object(W19, 26), (L4, 4)
<00:01:53> [000004EE][Warning] [CGF Error] game/objects/env/03_origin_continent/25_shining_shore/o_shining_ostcamp_column_b.cgf [:] LOD1 of geometry  contains too many polygons comparing to the LOD0 [488 against 684] :
<00:01:53> [FCC3CF4D][Warning] Error: CShaderMan::mfCreateShaderResources: Couldn't find subsurface texture 'game/objects/Env/01_nuia/001_ncom/ncom_city_old_multi_in_prison_cave_rock_aa_df.dds' in path '' [File=game/objects/Env/01_nuia/001_ncom/ncom_city_old_multi_in_prison_cave_rock_aa_df.dds]
<00:01:53> [3EF08C47] seamless loading cell object(W18, 26), (L3, 4)
<00:01:53> [3EF08C47] seamless loading cell object(W19, 25), (L4, 3)
<00:01:53> [3EF08C47] seamless loading cell object(W18, 25), (L3, 3)
<00:01:53> [3EF08C47] seamless loading cell object(W19, 27), (L4, 5)
<00:01:53> [A5DDEC33][Warning] Warning: CShaderMan::mfForName: NULL name
<00:01:53> [3EF08C47] seamless loading cell object(W18, 27), (L3, 5)
<00:01:53> [3EF08C47] seamless loading cell object(W20, 26), (L5, 4)
<00:01:53> [3EF08C47] seamless loading cell object(W20, 25), (L5, 3)
<00:01:53> [637AF710][Warning] missing chr material : game/objects/env/06_unit/01_ship/w_middleship/galleon_01.mtl (chr: game/objects/env/06_unit/01_ship/w_middleship/w_middleship_sail_a.chr)
<00:01:53> [3EF08C47] seamless loading cell object(W17, 26), (L2, 4)
<00:01:53> [3EF08C47] seamless loading cell object(W20, 27), (L5, 5)
<00:01:53> [3EF08C47] seamless loading cell object(W17, 25), (L2, 3)
<00:01:53> [3EF08C47] seamless loading cell object(W19, 24), (L4, 2)
<00:01:53> [3EF08C47] seamless loading cell object(W18, 24), (L3, 2)
<00:01:53> [3EF08C47] seamless loading cell object(W17, 27), (L2, 5)
<00:01:53> [3EF08C47] seamless loading cell object(W19, 28), (L4, 6)
<00:01:54> [12409CCC] Load Zone Finished
<00:01:54> [000004EE][Warning] I3DEngine::RegisterEntity: entity reports invalid position: Name: LightEntityName (), Class: LightEntityClass, Pos=(-208.1,-3430.2,5263.2), aabb center=(831.7,1162.4,83.8)
<00:01:54> [82321C2B][Warning] [net 04:01:54.084] [time] remote time estimation restarted; estimate accumulator age was 1.467498
<00:01:54> [2363981C][Warning] chr material is not precached : game/objects/characters/warborn/female/horns/wa_f_horns002/wa_f_horns002.mtl (chr: game/objects/characters/warborn/female/horns/wa_f_horns002/wa_f_horns002.chr)
<00:01:54> [A39C1725] Level System - Loading Complete
<00:01:54> [9BE3F673] total 0 CGF files are precached
<00:01:54> [27293DED] -----------------------------------------------------
<00:01:54> [120C18F5] * LOADING: 'o_shining_shore_1' loading time: 1.60 seconds
<00:01:54> [27293DED] -----------------------------------------------------
<00:01:54> [2BFDEC33][Error] realstep 11, not match unit req
<00:01:54> [7B1A973B] seamless loading cell terrain(W15, 26), (L0, 4)
<00:01:54> [3EF08C47] seamless loading cell object(W18, 28), (L3, 6)
<00:01:54> [7B1A973B] seamless loading cell terrain(W21, 23), (L6, 1)
<00:01:54> [3EF08C47] seamless loading cell object(W20, 24), (L5, 2)
<00:01:54> [7B1A973B] seamless loading cell terrain(W15, 25), (L0, 3)
<00:01:54> [3EF08C47] seamless loading cell object(W21, 26), (L6, 4)
<00:01:54> [7B1A973B] seamless loading cell terrain(W22, 24), (L7, 2)
<00:01:54> [3EF08C47] seamless loading cell object(W17, 24), (L2, 2)
<00:01:54> [7B1A973B] seamless loading cell terrain(W15, 27), (L0, 5)
<00:01:54> [3EF08C47] seamless loading cell object(W21, 25), (L6, 3)
<00:01:54> [7B1A973B] seamless loading cell terrain(W19, 22), (L4, 0)
<00:01:54> [3EF08C47] seamless loading cell object(W20, 28), (L5, 6)
<00:01:54> [7B1A973B] seamless loading cell terrain(W16, 23), (L1, 1)
<00:01:54> [7B1A973B] seamless loading cell terrain(W18, 22), (L3, 0)
<00:01:54> [7B1A973B] seamless loading cell terrain(W21, 29), (L6, 7)
<00:01:54> [7B1A973B] seamless loading cell terrain(W22, 28), (L7, 6)
<00:01:55> [CE0EF930][Warning] failed to stream cgf : default
<00:01:55> [745BAE2F][Warning] failed to stream material xml(game/objects/env/03_origin_continent/25_shining_shore/o_shining_archeum_making_a.mtl)
<00:01:55> [CA175C82][Warning] non-stream IO. system(Material), filePath(game/objects/characters/warborn/female/horns/wa_f_horns011/wa_f_horns011_hc03.mtl)
<00:01:56> [B95EE41B][Error] invalid parent unit id(64424)
<00:01:57> [000004EE][Warning] Independent immortal particle effect spawned: X2_EFFECT_O.Interaction.enchant_wpn_range_honor_3g
<00:01:57> [63ABB424][Warning] Facial sequence "closed_eyes_01" not listed in CAL file for character "game/objects/characters/hariharan/female/nude/ha_f_base.chr".
<00:02:02> [000004EE][Warning] [CGF Error] game/objects/item/blade_2h/blade_2h_monster/blade_2h_docheol_4/blade_2h_docheol_4.cgf [:] LOD1 of geometry  contains too many polygons comparing to the LOD0 [2486 against 3554] :
<00:02:02> [CA175C82][Warning] non-stream IO. system(Material), filePath(game/objects/characters/warborn/female/horns/wa_f_horns010/wa_f_horns010_hc01.mtl)
<00:02:05> [CE0EF930][Warning] failed to stream cgf : default
<00:02:08> [000004EE][Warning] Independent immortal particle effect spawned: X2_EFFECT_O.Interaction.enchant_wpn_range_honor_3g
<00:02:12> [63ABB424][Warning] Facial sequence "fist_ac_whistle" not listed in CAL file for character "game/objects/characters/warborn/female/nude/wa_f_base.chr".
<00:02:12> [745BAE2F][Warning] failed to stream material xml(game/objects/effects/ksw_effect/qilin.mtl)
<00:02:13> [B95EE41B][Error] invalid parent unit id(102040)
<00:02:13> [CE0EF930][Warning] failed to stream cgf : objects/effects/portal_gate.cgf
<00:02:14> [BB790A81] origin change campos : 1446.21, -13367.986328
<00:02:14> [00000020]  
<00:02:14> [00000020]  
<00:02:14> [A581FA6D] -----------------------------------------------------------------------------
<00:02:14> [1DAA5677] SeamlessSystem::ChangeOrigin() : Here we go. Old(15,22) -> New(12,6)
<00:02:14> [A581FA6D] -----------------------------------------------------------------------------
<00:02:14> [00000020]  
<00:02:14> [00000020]  
<00:02:14> [B866A294] seamless unloading cell terrain(W22, 21), (L7, 6)
<00:02:14> [B866A294] seamless unloading cell terrain(W22, 20), (L7, 5)
<00:02:14> [B866A294] seamless unloading cell terrain(W22, 19), (L7, 4)
<00:02:14> [B866A294] seamless unloading cell terrain(W22, 18), (L7, 3)
<00:02:14> [B866A294] seamless unloading cell terrain(W22, 17), (L7, 2)
<00:02:14> [B866A294] seamless unloading cell terrain(W21, 22), (L6, 7)
<00:02:14> [B866A294] seamless unloading cell terrain(W21, 21), (L6, 6)
<00:02:14> [B866A294] seamless unloading cell terrain(W21, 20), (L6, 5)
<00:02:14> [B866A294] seamless unloading cell terrain(W21, 19), (L6, 4)
<00:02:14> [7AB931CE] seamless unloading cell object(W21, 19), (L6, 4)
<00:02:14> [4B1E8B22] unload cell object count : 4408
<00:02:14> [B866A294] seamless unloading cell terrain(W21, 18), (L6, 3)
<00:02:14> [7AB931CE] seamless unloading cell object(W21, 18), (L6, 3)
<00:02:14> [4B1E8B22] unload cell object count : 2549
<00:02:14> [B866A294] seamless unloading cell terrain(W21, 17), (L6, 2)
<00:02:14> [B866A294] seamless unloading cell terrain(W21, 16), (L6, 1)
<00:02:14> [B866A294] seamless unloading cell terrain(W20, 22), (L5, 7)
<00:02:14> [B866A294] seamless unloading cell terrain(W20, 21), (L5, 6)
<00:02:14> [7AB931CE] seamless unloading cell object(W20, 21), (L5, 6)
<00:02:14> [4B1E8B22] unload cell object count : 0
<00:02:14> [B866A294] seamless unloading cell terrain(W20, 20), (L5, 5)
<00:02:14> [7AB931CE] seamless unloading cell object(W20, 20), (L5, 5)
<00:02:14> [4B1E8B22] unload cell object count : 0
<00:02:14> [B866A294] seamless unloading cell terrain(W20, 19), (L5, 4)
<00:02:14> [7AB931CE] seamless unloading cell object(W20, 19), (L5, 4)
<00:02:14> [4B1E8B22] unload cell object count : 1057
<00:02:14> [B866A294] seamless unloading cell terrain(W20, 18), (L5, 3)
<00:02:14> [7AB931CE] seamless unloading cell object(W20, 18), (L5, 3)
<00:02:14> [4B1E8B22] unload cell object count : 4945
<00:02:14> [B866A294] seamless unloading cell terrain(W20, 17), (L5, 2)
<00:02:14> [7AB931CE] seamless unloading cell object(W20, 17), (L5, 2)
<00:02:14> [4B1E8B22] unload cell object count : 31789
<00:02:14> [B866A294] seamless unloading cell terrain(W20, 16), (L5, 1)
<00:02:14> [B866A294] seamless unloading cell terrain(W19, 22), (L4, 7)
<00:02:14> [B866A294] seamless unloading cell terrain(W19, 21), (L4, 6)
<00:02:14> [7AB931CE] seamless unloading cell object(W19, 21), (L4, 6)
<00:02:14> [4B1E8B22] unload cell object count : 4735
<00:02:14> [B866A294] seamless unloading cell terrain(W19, 20), (L4, 5)
<00:02:14> [7AB931CE] seamless unloading cell object(W19, 20), (L4, 5)
<00:02:14> [4B1E8B22] unload cell object count : 6385
<00:02:14> [B866A294] seamless unloading cell terrain(W19, 19), (L4, 4)
<00:02:14> [7AB931CE] seamless unloading cell object(W19, 19), (L4, 4)
<00:02:14> [4B1E8B22] unload cell object count : 2510
<00:02:14> [B866A294] seamless unloading cell terrain(W19, 18), (L4, 3)
<00:02:14> [7AB931CE] seamless unloading cell object(W19, 18), (L4, 3)
<00:02:14> [4B1E8B22] unload cell object count : 0
<00:02:14> [B866A294] seamless unloading cell terrain(W19, 17), (L4, 2)
<00:02:14> [7AB931CE] seamless unloading cell object(W19, 17), (L4, 2)
<00:02:14> [4B1E8B22] unload cell object count : 32645
<00:02:14> [B866A294] seamless unloading cell terrain(W19, 16), (L4, 1)
<00:02:14> [B866A294] seamless unloading cell terrain(W19, 15), (L4, 0)
<00:02:14> [B866A294] seamless unloading cell terrain(W18, 22), (L3, 7)
<00:02:14> [B866A294] seamless unloading cell terrain(W18, 21), (L3, 6)
<00:02:14> [7AB931CE] seamless unloading cell object(W18, 21), (L3, 6)
<00:02:14> [4B1E8B22] unload cell object count : 4459
<00:02:14> [B866A294] seamless unloading cell terrain(W18, 20), (L3, 5)
<00:02:14> [7AB931CE] seamless unloading cell object(W18, 20), (L3, 5)
<00:02:14> [4B1E8B22] unload cell object count : 4007
<00:02:14> [B866A294] seamless unloading cell terrain(W18, 19), (L3, 4)
<00:02:14> [7AB931CE] seamless unloading cell object(W18, 19), (L3, 4)
<00:02:14> [4B1E8B22] unload cell object count : 3256
<00:02:14> [B866A294] seamless unloading cell terrain(W18, 18), (L3, 3)
<00:02:14> [7AB931CE] seamless unloading cell object(W18, 18), (L3, 3)
<00:02:14> [4B1E8B22] unload cell object count : 0
<00:02:14> [B866A294] seamless unloading cell terrain(W18, 17), (L3, 2)
<00:02:14> [7AB931CE] seamless unloading cell object(W18, 17), (L3, 2)
<00:02:14> [4B1E8B22] unload cell object count : 2538
<00:02:14> [B866A294] seamless unloading cell terrain(W18, 16), (L3, 1)
<00:02:14> [B866A294] seamless unloading cell terrain(W18, 15), (L3, 0)
<00:02:14> [B866A294] seamless unloading cell terrain(W17, 22), (L2, 7)
<00:02:14> [B866A294] seamless unloading cell terrain(W17, 21), (L2, 6)
<00:02:14> [B866A294] seamless unloading cell terrain(W17, 20), (L2, 5)
<00:02:14> [7AB931CE] seamless unloading cell object(W17, 20), (L2, 5)
<00:02:14> [4B1E8B22] unload cell object count : 6274
<00:02:14> [B866A294] seamless unloading cell terrain(W17, 19), (L2, 4)
<00:02:14> [7AB931CE] seamless unloading cell object(W17, 19), (L2, 4)
<00:02:14> [4B1E8B22] unload cell object count : 15047
<00:02:14> [B866A294] seamless unloading cell terrain(W17, 18), (L2, 3)
<00:02:14> [7AB931CE] seamless unloading cell object(W17, 18), (L2, 3)
<00:02:14> [4B1E8B22] unload cell object count : 0
<00:02:14> [B866A294] seamless unloading cell terrain(W17, 17), (L2, 2)
<00:02:14> [7AB931CE] seamless unloading cell object(W17, 17), (L2, 2)
<00:02:14> [4B1E8B22] unload cell object count : 0
<00:02:14> [B866A294] seamless unloading cell terrain(W17, 16), (L2, 1)
<00:02:14> [B866A294] seamless unloading cell terrain(W16, 21), (L1, 6)
<00:02:14> [B866A294] seamless unloading cell terrain(W16, 20), (L1, 5)
<00:02:14> [B866A294] seamless unloading cell terrain(W16, 19), (L1, 4)
<00:02:14> [B866A294] seamless unloading cell terrain(W16, 18), (L1, 3)
<00:02:14> [B866A294] seamless unloading cell terrain(W16, 17), (L1, 2)
<00:02:14> [B866A294] seamless unloading cell terrain(W16, 16), (L1, 1)
<00:02:14> [B866A294] seamless unloading cell terrain(W15, 20), (L0, 5)
<00:02:14> [B866A294] seamless unloading cell terrain(W15, 19), (L0, 4)
<00:02:14> [B866A294] seamless unloading cell terrain(W15, 18), (L0, 3)
<00:02:14> [3623F74F] [Seamless] camera has been warped
<00:02:14> [9CAE9693] Starting In World Loading
<00:02:14> [7B1A973B] seamless loading cell terrain(W16, 8), (L4, 2)
<00:02:14> [7B1A973B] seamless loading cell terrain(W16, 9), (L4, 3)
<00:02:14> [7B1A973B] seamless loading cell terrain(W15, 8), (L3, 2)
<00:02:14> [7B1A973B] seamless loading cell terrain(W15, 9), (L3, 3)
<00:02:14> [7B1A973B] seamless loading cell terrain(W17, 8), (L5, 2)
<00:02:14> [7B1A973B] seamless loading cell terrain(W17, 9), (L5, 3)
<00:02:14> [7B1A973B] seamless loading cell terrain(W16, 7), (L4, 1)
<00:02:14> [7B1A973B] seamless loading cell terrain(W16, 10), (L4, 4)
<00:02:14> [7B1A973B] seamless loading cell terrain(W15, 7), (L3, 1)
<00:02:14> [7B1A973B] seamless loading cell terrain(W15, 10), (L3, 4)
<00:02:14> [7B1A973B] seamless loading cell terrain(W17, 7), (L5, 1)
<00:02:14> [7B1A973B] seamless loading cell terrain(W17, 10), (L5, 4)
<00:02:14> [7B1A973B] seamless loading cell terrain(W14, 8), (L2, 2)
<00:02:14> [7B1A973B] seamless loading cell terrain(W14, 9), (L2, 3)
<00:02:14> [7B1A973B] seamless loading cell terrain(W18, 8), (L6, 2)
<00:02:14> [7B1A973B] seamless loading cell terrain(W18, 9), (L6, 3)
<00:02:14> [7B1A973B] seamless loading cell terrain(W14, 7), (L2, 1)
<00:02:14> [7B1A973B] seamless loading cell terrain(W16, 6), (L4, 0)
<00:02:14> [7B1A973B] seamless loading cell terrain(W14, 10), (L2, 4)
<00:02:14> [7B1A973B] seamless loading cell terrain(W18, 7), (L6, 1)
<00:02:14> [7B1A973B] seamless loading cell terrain(W16, 11), (L4, 5)
<00:02:14> [7B1A973B] seamless loading cell terrain(W18, 10), (L6, 4)
<00:02:14> [7B1A973B] seamless loading cell terrain(W15, 6), (L3, 0)
<00:02:14> [7B1A973B] seamless loading cell terrain(W17, 6), (L5, 0)
<00:02:14> [7B1A973B] seamless loading cell terrain(W15, 11), (L3, 5)
<00:02:14> [7B1A973B] seamless loading cell terrain(W17, 11), (L5, 5)
<00:02:14> [7B1A973B] seamless loading cell terrain(W13, 8), (L1, 2)
<00:02:14> [7B1A973B] seamless loading cell terrain(W13, 9), (L1, 3)
<00:02:14> [7B1A973B] seamless loading cell terrain(W14, 6), (L2, 0)
<00:02:14> [7B1A973B] seamless loading cell terrain(W19, 8), (L7, 2)
<00:02:14> [7B1A973B] seamless loading cell terrain(W19, 9), (L7, 3)
<00:02:14> [7B1A973B] seamless loading cell terrain(W14, 11), (L2, 5)
<00:02:14> [7B1A973B] seamless loading cell terrain(W18, 6), (L6, 0)
<00:02:14> [7B1A973B] seamless loading cell terrain(W13, 7), (L1, 1)
<00:02:14> [7B1A973B] seamless loading cell terrain(W18, 11), (L6, 5)
<00:02:14> [7B1A973B] seamless loading cell terrain(W13, 10), (L1, 4)
<00:02:14> [7B1A973B] seamless loading cell terrain(W19, 7), (L7, 1)
<00:02:14> [7B1A973B] seamless loading cell terrain(W19, 10), (L7, 4)
<00:02:14> [7B1A973B] seamless loading cell terrain(W16, 12), (L4, 6)
<00:02:14> [7B1A973B] seamless loading cell terrain(W15, 12), (L3, 6)
<00:02:14> [7B1A973B] seamless loading cell terrain(W17, 12), (L5, 6)
<00:02:14> [7B1A973B] seamless loading cell terrain(W13, 6), (L1, 0)
<00:02:14> [7B1A973B] seamless loading cell terrain(W13, 11), (L1, 5)
<00:02:14> [7B1A973B] seamless loading cell terrain(W12, 8), (L0, 2)
<00:02:14> [7B1A973B] seamless loading cell terrain(W19, 6), (L7, 0)
<00:02:14> [7B1A973B] seamless loading cell terrain(W12, 9), (L0, 3)
<00:02:14> [7B1A973B] seamless loading cell terrain(W19, 11), (L7, 5)
<00:02:14> [3EF08C47] seamless loading cell object(W16, 8), (L4, 2)
<00:02:14> [3EF08C47] seamless loading cell object(W16, 9), (L4, 3)
<00:02:14> [3EF08C47] seamless loading cell object(W15, 8), (L3, 2)
<00:02:14> [3EF08C47] seamless loading cell object(W15, 9), (L3, 3)
<00:02:14> [3EF08C47] seamless loading cell object(W17, 8), (L5, 2)
<00:02:14> [3EF08C47] seamless loading cell object(W17, 9), (L5, 3)
<00:02:14> [3EF08C47] seamless loading cell object(W16, 7), (L4, 1)
<00:02:14> [3EF08C47] seamless loading cell object(W16, 10), (L4, 4)
<00:02:14> [3EF08C47] seamless loading cell object(W15, 7), (L3, 1)
<00:02:14> [3EF08C47] seamless loading cell object(W15, 10), (L3, 4)
<00:02:14> [3EF08C47] seamless loading cell object(W17, 7), (L5, 1)
<00:02:14> [3EF08C47] seamless loading cell object(W17, 10), (L5, 4)
<00:02:14> [3EF08C47] seamless loading cell object(W14, 8), (L2, 2)
<00:02:14> [3EF08C47] seamless loading cell object(W14, 9), (L2, 3)
<00:02:14> [3EF08C47] seamless loading cell object(W18, 8), (L6, 2)
<00:02:14> [3EF08C47] seamless loading cell object(W18, 9), (L6, 3)
<00:02:14> [3EF08C47] seamless loading cell object(W14, 7), (L2, 1)
<00:02:14> [3EF08C47] seamless loading cell object(W14, 10), (L2, 4)
<00:02:14> [3EF08C47] seamless loading cell object(W18, 7), (L6, 1)
<00:02:14> [3EF08C47] seamless loading cell object(W16, 11), (L4, 5)
<00:02:15> [04F52114][Warning] Cannot load texture game/objects/env/02_harihara/01_ma/ma_top_mhouse12_sp.dds, file missing [File=game/objects/env/02_harihara/01_ma/ma_top_mhouse12_sp.dds]
<00:02:15> [000004EE][Warning] [CGF Error] game/objects/env/01_nuia/001_housing/housing_people/hs_people_roof_a.cgf [:] Duplicate LOD helper $lod2 hs_people_roof_a
<00:02:15> [000004EE][Warning] [CGF Error] game/objects/env/02_harihara/01_ma/ma_top05.cgf [:] non-uniform scale(0.70, 1.00, 0.70) at node(Box11)
<00:02:15> [A5DDEC33][Warning] Warning: CShaderMan::mfForName: NULL name
<00:02:15> [000004EE][Warning] [CGF Error] game/objects/env/02_harihara/001_hdeco/hdeco_workprop_b01.cgf [:] LOD1 of geometry hdeco_workprop_b01 contains too many polygons comparing to the LOD0 [408 against 608] :
<00:02:15> [BB790A81] origin change campos : 4518.21, 3016.013672
<00:02:15> [00000020]  
<00:02:15> [00000020]  
<00:02:15> [A581FA6D] -----------------------------------------------------------------------------
<00:02:15> [1DAA5677] SeamlessSystem::ChangeOrigin() : Here we go. Old(12,6) -> New(12,5)
<00:02:15> [A581FA6D] -----------------------------------------------------------------------------
<00:02:15> [00000020]  
<00:02:15> [00000020]  
<00:02:15> [7B1A973B] seamless loading cell terrain(W16, 5), (L4, 0)
<00:02:15> [3EF08C47] seamless loading cell object(W16, 6), (L4, 1)
<00:02:15> [7B1A973B] seamless loading cell terrain(W15, 5), (L3, 0)
<00:02:15> [7B1A973B] seamless loading cell terrain(W17, 5), (L5, 0)
<00:02:15> [188BF914][Warning] [EntityLoader] invalid entity pos(1172.249, 2147.883, 0.000) name(AAC_Mahadevi_Ext_1)
<00:02:15> [7B1A973B] seamless loading cell terrain(W14, 5), (L2, 0)
<00:02:16> [B42C333F] In World Loading Finished
<00:02:17> [82321C2B][Warning] [net 04:02:17.041] [time] remote time estimation restarted; estimate accumulator age was 2.280351
<00:02:17> [5132FEDE][Warning] invalid attached position(0.00, 21.44, 6.09)
<00:02:17> [62232BEA][Warning] deferred xml stream error - game/animations/animals/owl_postman/lmg_files/normal_run.lmg : f0000003
<00:02:17> [BCCDC555][Warning] MakeSprite - too many sprite update (10). dropping.. (sprites : 45)
<00:02:18> [DD6CD685][Warning] grand child physical proxy is not supported. grandpa(Enoan Galleon: Sample), dad(prefab_doodad_model_572346_prefab://Prefabs/galleon.xml/galleon.galleon_helms), child(galleon_helms_1)
<00:02:18> [41E5F602][Warning] CRigidEntity::AddGeometry: ( at 0.0,36865497748078800000000000000000000000000000000000000000000000000000000000000000000000000000000000000000000000000000000000000000000000000000000000000000000000000000000000000000000000000000000.0,0.0) Trying to add bad geometry
<00:02:18> [745BAE2F][Warning] failed to stream material xml(game/objects/characters/ferre/male/face/fe_m_face00_brop01.mtl)
<00:02:18> [000004EE][Warning] Independent immortal particle effect spawned: X2_EFFECT_O.Interaction.enchant_wpn_range_honor_3g
<00:02:18> [637AF710][Warning] missing chr material : game/objects/characters/ferre/female/parts/cp/obj/fe_f_1cp101.mtl (chr: game/objects/characters/ferre/female/parts/cp/obj/fe_f_1cp101.chr)
<00:02:18> [000004EE][Warning] [CGF Error] game/objects/item/blade_2h/blade_2h_monster/blade_2h_docheol_3/blade_2h_docheol_3.cgf [:] LOD1 of geometry  contains too many polygons comparing to the LOD0 [1900 against 2652] :
<00:02:18> [CA175C82][Warning] non-stream IO. system(Material), filePath(game/objects/characters/warborn/female/horns/wa_f_horns010/wa_f_horns010_hc02.mtl)
<00:02:19> [7B1A973B] seamless loading cell terrain(W18, 5), (L6, 0)
<00:02:19> [B95EE41B][Error] invalid parent unit id(110329)
<00:02:19> [23C0332B][Warning] Cannot load texture objects/characters/ferre/female/nude/fe_f_nude_fur_yel_sp.dds, file missing [File=objects/characters/ferre/female/nude/fe_f_nude_fur_yel_sp.dds]
<00:02:19> [5243B464][Warning] Error: CShaderMan::mfCreateShaderResources: Couldn't find subsurface texture 'objects/characters/ferre/female/face/face01/fe_f_face01_fur_sss.dds' in path '' [File=objects/characters/ferre/female/face/face01/fe_f_face01_fur_sss.dds]
<00:02:19> [2363981C][Warning] chr material is not precached : game/objects/characters/ferre/male/costume/fe_m_sk_witcher001/fe_m_sk_witcher001_h.mtl (chr: game/objects/characters/ferre/male/costume/fe_m_sk_witcher001/fe_m_sk_witcher001_h.chr)
<00:02:20> [FC50B0AC][Warning] Non 3dc normal map used (wrong on DX10): game/objects/item/aac/all/aa_summer/1h_spear/Sunphira/aa_summer_shish_kebab_ddn.dds [File=game/objects/item/aac/all/aa_summer/1h_spear/Sunphira/aa_summer_shish_kebab_ddn.dds]
<00:02:20> [42C3B581][Warning] Not a normal map texture tried to be used as a normal map: game/objects/item/aac/all/aa_summer/1h_spear/Sunphira/aa_summer_shish_kebab_sp.dds [File=game/objects/item/aac/all/aa_summer/1h_spear/Sunphira/aa_summer_shish_kebab_sp.dds]
<00:02:20> [392AF52E][Error] *** Memory allocation for 4198533 bytes failed ****
