[801989E0] BackupNameAttachment=" Build(0) Date(09 October 2025) Time(19 09 41)"  -- used by backup system
[00000020]  
[38F38F32] Log Started at #c
[0232BD25] Running 32 bit version
[7AB6F5FE] Executable: C:\Games\AAClassic\bin32\archeage.exe
[E5C771AC] FileVersion: 3.5.0.0
[F799D55F] ProductVersion: 3.5.3.0
[1F1D6B13] Using Microsoft (tm) C++ Standard Library implementation
[00000020]  
[C7D96C80] Revision: 350000
[00000020]  
[64533E3E] this is the first client
<19:09:46> [B9197FD5][Error] ConsoleVariableGroup[option_effect] key[e_particles_lod_onoff] has no default
<19:09:46> [76666E6D] 
--- CPU detection ---
<19:09:46> [F4D992D8] CPU: AMD AMD Ryzen 7 7800X3D 8-Core Processor           
<19:09:46> [3F649B02] Family: 15, Model: 1, Stepping: 2
<19:09:46> [83D12E0B] FPU: On-Chip
<19:09:46> [50919DA0] CPU Speed (estimated): 4192.073580 MHz
<19:09:46> [C73FD83A] MMX: not present
<19:09:46> [89D1077A] SSE: present
<19:09:46> [64E2B6F1] 3DNow!: present
<19:09:46> [27B7AC6E] Serial number not present or disabled
<19:09:46> [1D2D8E5B] Number of logical processors: 16
<19:09:46> [FA658084] Number of available logical processors: 16
<19:09:46> [A1F061C2] Invariant Time Stamp Counter : yes
<19:09:46> [FA0251ED] ---------------------

<19:09:46> [03E7D838] Device Info
<19:09:46> [9F603516] Device Info - 1
<19:09:46> [9F603517] Device Info - 2
<19:09:46> [9F603518] Device Info - 3
<19:09:46> [9F603519] Device Info - 4
<19:09:46> [9F60351A] Device Info - 5
<19:09:46> [9F60351B] Device Info - 6
<19:09:46> [9F60351C] Device Info - 7
<19:09:46> [E98ECC28] Video Memory Info
<19:09:46> [D5FBE664] Video Memory - 1
<19:09:46> [D5FBE665] Video Memory - 2
<19:09:46> [D5FBE666] Video Memory - 3
<19:09:46> [D5FBE667] Video Memory - 4
<19:09:46> [D5FBE668] Video Memory - 5
<19:09:46> [D5FBE669] Video Memory - 6
<19:09:46> [D5FBE66A] Video Memory - 7
<19:09:46> [D5FBE66B] Video Memory - 8
<19:09:46> [3A4D54A2][Warning] config/gpu/amd.txt line 55 contains a multiple defined GPU rating!
<19:09:46> [D20872C0] InitThreadAffinities
<19:09:46> [2F28A434] UpdateMainThreadAffinity
<19:09:46> [16962512] Windows 8 64 bit (build 6.2.9200)
<19:09:46> [38DFF081] System language: English
<19:09:46> [861A0178] Windows Directory: "C:\windows"
<19:09:46> [341B54F1] Prerequisites...
<19:09:46> [5D1B3C9C] * Installation of KB940105 hotfix required: no! (either not needed or already installed)
<19:09:46> [EB0B9A21] Local time is 19:09:46 10/09/25, system running for 513 minutes
<19:09:46> [C7AB04EC] 63426MB physical memory installed, 24954MB available, 4095MB virtual memory installed, 60 percent of memory in use
<19:09:46> [31259232] PageFile usage: 
<19:09:46> [453F0D1B] Current display mode is 2560x1440x32
<19:09:46> [8A64FCCC] IBM enhanced (101/102-key) keyboard and 3+ button mouse installed
<19:09:46> [CE30556B] ----- GPU Detection -----------------
<19:09:46> [03E7D838] Device Info
<19:09:46> [9F603516] Device Info - 1
<19:09:46> [9F603517] Device Info - 2
<19:09:46> [9F603518] Device Info - 3
<19:09:46> [9F603519] Device Info - 4
<19:09:46> [9F60351A] Device Info - 5
<19:09:46> [9F60351B] Device Info - 6
<19:09:46> [9F60351C] Device Info - 7
<19:09:46> [E98ECC28] Video Memory Info
<19:09:46> [D5FBE664] Video Memory - 1
<19:09:46> [D5FBE665] Video Memory - 2
<19:09:46> [D5FBE666] Video Memory - 3
<19:09:46> [D5FBE667] Video Memory - 4
<19:09:46> [D5FBE668] Video Memory - 5
<19:09:46> [D5FBE669] Video Memory - 6
<19:09:46> [D5FBE66A] Video Memory - 7
<19:09:46> [D5FBE66B] Video Memory - 8
<19:09:46> [99EA404A]  AMD Radeon RX 7800 XT (RADV NAVI32) (vendor = 0x1002, device = 0x747e, subSys = 0x00000000)
<19:09:46> [77718B6A] -- Video memory: 4081 MB
<19:09:46> [30DF1863] -- Minimum SM 2.0 support: yes
<19:09:46> [13E11956] -- DX11 supported: yes
<19:09:46> [50B60100] --------------------------------------------------------------------------------
<19:09:46> [5921EDBE] Stream Engine Initialization
<19:09:46> [BA0D559B] Splash: Initializing Stream Engine...
<19:09:46> [939F6EBB] Enable Resolutions : 0
<19:09:46> [A30A84B6] can't enum display resolution modes
<19:09:46> [B324CD25] Screen Resolution - 1024x768
<19:09:46> [3778EA0B] Screen Resolution - 0 (2560x1440)
<19:09:46> [A1B107F0] Screen Resolution - Test OK (2560x1440)
<19:09:46> [A9E4B0F2] Network initialization
<19:09:46> [BA0D559B] Splash: Initializing Network System...
<19:09:47> [14FAD233] Socket I/O by iocp
<19:09:47> [E36A4FB9] Physics initialization
<19:09:47> [BA0D559B] Splash: Initializing Physics...
<19:09:47> [2462D581] MovieSystem initialization
<19:09:47> [BA0D559B] Splash: Initializing Movie System...
<19:09:47> [93287AEC] Renderer initialization - Start
<19:09:47> [BA0D559B] Splash: Initializing Renderer...
<19:09:47> [91207680] Renderer initialization - Open
<19:09:47> [4377E7CB] Renderer initialization - DLL Load(CryRenderD3D9.dll)
<19:09:47> [71203A94] Renderer initialization - DLL Done
<19:09:47> [71227C22] Renderer initialization - DLL Init
<19:09:47> [C653D9CB] Renderer initialization - Instance
<19:09:47> [44D9754D] D3D Adapter: Driver name: aticfx32.dll
<19:09:47> [82BE8322] D3D Adapter: Driver description: AMD Radeon RX 7800 XT (RADV NAVI32)
<19:09:47> [2224501A] D3D Adapter: Driver version: 32767.65535.65535.65535
<19:09:47> [E8D1E30D] D3D Adapter: Driver GUID: 00000000-0003-0000-0000000000000000
<19:09:47> [BC8C1ACB] D3D Adapter: VendorId = 0x1002
<19:09:47> [B6A10CFD] D3D Adapter: DeviceId = 0x747E
<19:09:47> [0678E702] D3D Adapter: SubSysId = 0x00000000
<19:09:47> [F2243F0E] D3D Adapter: Revision = 0
<19:09:47> [E571CFEE] Shader manager initialization
<19:09:48> [05BAAEF6] CResFile allocations incurred by user cache preload: (25587.43k)
<19:09:48> [911B73B8] Renderer initialization - Done
<19:09:48> [8E444EA9] Console initialization
<19:09:48> [2904A233] Time initialization
<19:09:48> [3650CFD6] Input initialization
<19:09:48> [BA0D559B] Splash: Initializing Input System...
<19:09:48> Initializing Keyboard
<19:09:48> [99640BF1] Sound initialization
<19:09:48> [BA0D559B] Splash: Initializing Sound System...
<19:09:48> [2C33885C] Sound - Initializing AudioDevice now!
<19:09:48> [E46760A9] <Sound> Initialize FMOD with dynamic memory callbacks
<19:09:48> [D6755BFD] <Sound> Starting to initialize Windows Audio Session API output! 
<19:09:48> [F7E8E3CD] <Sound> Drivers found: 4
<19:09:48> [150963EB] <Sound> Available drivers:
	1.	PulseAudio Output (PulseAudio Output)
	2.	Blue Microphones Analog Stereo (Blue Microphones Analog Stereo)
	3.	Navi 31 HDMI/DP Audio Digital Stereo (HDMI) (Navi 31 HDMI/DP Audio Digital Stereo (HDMI))
	4.	Family 17h/19h/1ah HD Audio Controller Analog Stereo (Family 17h/19h/1ah HD Audio Controller Analog Stereo)
<19:09:48> [A0BBF7E1] <Sound> FmodEx-AudioDevice: Now running on driver: PulseAudio Output (PulseAudio Output)
<19:09:48> [14D8EFE1] <Sound> Using speaker mode: FMOD_SPEAKERMODE_STEREO
<19:09:48> [E79C27E5] <Sound> Initializing FMOD-EX now!
<19:09:48> [E2A9FE08] <Sound> Available record drivers: 0 PulseAudio Input (PulseAudio Input) !
<19:09:48> [E2A9FE08] <Sound> Available record drivers: 1 Family 17h/19h/1ah HD Audio Controller Analog Stereo (Family 17h/19h/1ah HD Audio Controller Analog Stereo) !
<19:09:48> [E2A9FE08] <Sound> Available record drivers: 2 Blue Microphones Analog Stereo (Blue Microphones Analog Stereo) !
<19:09:48> [E2A9FE08] <Sound> Available record drivers: 3 Monitor of Family 17h/19h/1ah HD Audio Controller (Monitor of Family 17h/19h/1ah HD Audio Controller) !
<19:09:48> [E2A9FE08] <Sound> Available record drivers: 4 Monitor of Blue Microphones Analog Stereo (Monitor of Blue Microphones Analog Stereo) !
<19:09:48> [E2A9FE08] <Sound> Available record drivers: 5 Monitor of Navi 31 HDMI/DP Audio Digital Stereo (HDMI) (Monitor of Navi 31 HDMI/DP Audio Digital Stereo (HDMI)) !
<19:09:48> [6841BE38] <Sound> Record config is set to autodetect using record driver 0
<19:09:48> [7808B4C4] <Sound> Using FMOD version: 00044414 and internal 00044414!
<19:09:48> [2A2815C7] <Sound> Initialized FMOD-EX
<19:09:49> [BE4EF52E] Sound - Initializing SoundSystem now!
<19:09:49> [0D547471] Font initialization
<19:09:49> [BA0D559B] Splash: Initializing Fonts...
<19:09:49> [C194F7C8][Warning] Cannot load texture textures/defaults/replacemecm.tif, file missing [File=textures/defaults/replacemecm.dds]
<19:09:49> [84206398] AI initialization
<19:09:49> [1BC221DE] Initializing Animation System
<19:09:49> [BA0D559B] Splash: Initializing Animation System...
<19:09:49> [9E592EFE] Initializing 3D Engine
<19:09:49> [BA0D559B] Splash: Initializing 3D Engine...
<19:09:49> [637AF710][Warning] missing chr material : game/objects/characters/ferre/female/nude/Standard_22.mtl (chr: game/objects/characters/ferre/female/nude/fe_f_base.chr)
<19:09:49> [91F5AEEC][Warning] number of bones mismatch! game/objects/characters/ferre/female/nude/fe_f_base.chr=195 game/objects/characters/ferre/female/nude/fe_f_base_lod1.chr=185
<19:09:50> [7415A452] CHR PreCaching 25 Done
<19:09:50> [E7AD4E53] AddSharedMorphTargets - Failed to load objects/characters/dwarf/male/face/dw_m_face00.chr
<19:09:50> [61AD1790] MorphTargetPreCaching - objects/characters/dwarf/male/face/dw_m_face00.chr Add Failed
<19:09:50> [A4A6E4C6] MorphTarget PreCaching 11 Done
<19:09:50> [5ACB40E2] Init Face Makers
<19:09:50> [56B5985B] X2FaceMaker - game/objects/characters/nuian/male/face/nu_m_face01_mid.chr : mouth_UnderbiteOverbite target not exist
<19:09:50> [56B5985B] X2FaceMaker - game/objects/characters/nuian/male/face/nu_m_face01_mid.chr : mouth_UnderbiteOverbite target not exist
<19:09:50> [56B5985B] X2FaceMaker - game/objects/characters/nuian/male/face/nu_m_face01_mid.chr : mouth_UnderbiteOverbite target not exist
<19:09:50> [4ABB03EB] game/objects/characters/ferre/female/face/fe_f_face01_low.chr(303) - objects/characters/ferre/female/face/fe_f_face00.chr(3063) SharedMorph is not matched
<19:09:50> [56B5985B] X2FaceMaker - game/objects/characters/nuian/male/face/nu_m_face01_mid.chr : mouth_UnderbiteOverbite target not exist
<19:09:50> [56B5985B] X2FaceMaker - game/objects/characters/nuian/male/face/nu_m_face01_mid.chr : nose_dw_SeptumVol target not exist
<19:09:50> [56B5985B] X2FaceMaker - game/objects/characters/nuian/male/face/nu_m_face01_mid.chr : nose_dw_NasalZposition target not exist
<19:09:50> [56B5985B] X2FaceMaker - game/objects/characters/nuian/male/face/nu_m_face01_mid.chr : FS_dwEarSize target not exist
<19:09:50> [56B5985B] X2FaceMaker - game/objects/characters/nuian/male/face/nu_m_face01_mid.chr : dwarf_Morph target not exist
<19:09:50> [56B5985B] X2FaceMaker - game/objects/characters/nuian/male/face/nu_m_face01_mid.chr : FS_dw_CheekMeat_min target not exist
<19:09:50> [1191A6A8] X2FaceMaker - game/objects/characters/nuian/male/face/nu_m_face01_mid.chr : FS_dw_CheekMeat_max ex target not exist
<19:09:50> [56B5985B] X2FaceMaker - game/objects/characters/warborn/male/face/wa_m_face01_mid.chr : eye_Forehead target not exist
<19:09:50> [56B5985B] X2FaceMaker - game/objects/characters/warborn/male/face/wa_m_face01_mid.chr : eye_Tail_min target not exist
<19:09:50> [1191A6A8] X2FaceMaker - game/objects/characters/warborn/male/face/wa_m_face01_mid.chr : eye_Tail_max ex target not exist
<19:09:50> [56B5985B] X2FaceMaker - game/objects/characters/warborn/male/face/wa_m_face01_mid.chr : eye_WidthLength_min target not exist
<19:09:50> [1191A6A8] X2FaceMaker - game/objects/characters/warborn/male/face/wa_m_face01_mid.chr : eye_WidthLength_max ex target not exist
<19:09:50> [56B5985B] X2FaceMaker - game/objects/characters/warborn/male/face/wa_m_face01_mid.chr : eye_DoubleEyelidShape target not exist
<19:09:50> [56B5985B] X2FaceMaker - game/objects/characters/warborn/male/face/wa_m_face01_mid.chr : eye_BrowXposition target not exist
<19:09:50> [56B5985B] X2FaceMaker - game/objects/characters/warborn/male/face/wa_m_face01_mid.chr : eye_BrowZposition target not exist
<19:09:50> [56B5985B] X2FaceMaker - game/objects/characters/warborn/male/face/wa_m_face01_mid.chr : nose_Nostril target not exist
<19:09:50> [56B5985B] X2FaceMaker - game/objects/characters/warborn/male/face/wa_m_face01_mid.chr : nose_Size target not exist
<19:09:50> [56B5985B] X2FaceMaker - game/objects/characters/warborn/male/face/wa_m_face01_mid.chr : nose_SeptumZposition target not exist
<19:09:50> [56B5985B] X2FaceMaker - game/objects/characters/warborn/male/face/wa_m_face01_mid.chr : nose_End target not exist
<19:09:50> [56B5985B] X2FaceMaker - game/objects/characters/warborn/male/face/wa_m_face01_mid.chr : nose_Size target not exist
<19:09:50> [56B5985B] X2FaceMaker - game/objects/characters/warborn/male/face/wa_m_face01_mid.chr : mouth_UpperLipVolume target not exist
<19:09:50> [56B5985B] X2FaceMaker - game/objects/characters/warborn/male/face/wa_m_face01_mid.chr : mouth_LowerLipVolume target not exist
<19:09:50> [56B5985B] X2FaceMaker - game/objects/characters/warborn/male/face/wa_m_face01_mid.chr : mouth_UpperLipOpen target not exist
<19:09:50> [56B5985B] X2FaceMaker - game/objects/characters/warborn/male/face/wa_m_face01_mid.chr : mouth_LowerLipOpen target not exist
<19:09:50> [56B5985B] X2FaceMaker - game/objects/characters/warborn/male/face/wa_m_face01_mid.chr : mouth_MouthOpen target not exist
<19:09:50> [56B5985B] X2FaceMaker - game/objects/characters/warborn/male/face/wa_m_face01_mid.chr : mouth_Size target not exist
<19:09:50> [56B5985B] X2FaceMaker - game/objects/characters/warborn/male/face/wa_m_face01_mid.chr : mouth_Shape_min target not exist
<19:09:50> [1191A6A8] X2FaceMaker - game/objects/characters/warborn/male/face/wa_m_face01_mid.chr : mouth_Shape_max ex target not exist
<19:09:50> [56B5985B] X2FaceMaker - game/objects/characters/warborn/male/face/wa_m_face01_mid.chr : mouth_TeethZposition target not exist
<19:09:50> [56B5985B] X2FaceMaker - game/objects/characters/warborn/male/face/wa_m_face01_mid.chr : FS_JawHigh_min target not exist
<19:09:50> [1191A6A8] X2FaceMaker - game/objects/characters/warborn/male/face/wa_m_face01_mid.chr : FS_JawHigh_max ex target not exist
<19:09:50> [56B5985B] X2FaceMaker - game/objects/characters/warborn/male/face/wa_m_face01_mid.chr : FS_EarRotate_min target not exist
<19:09:50> [1191A6A8] X2FaceMaker - game/objects/characters/warborn/male/face/wa_m_face01_mid.chr : FS_EarRotate_max ex target not exist
<19:09:50> [56B5985B] X2FaceMaker - game/objects/characters/warborn/male/face/wa_m_face01_mid.chr : FS_Beard1 target not exist
<19:09:50> [56B5985B] X2FaceMaker - game/objects/characters/warborn/male/face/wa_m_face01_mid.chr : FS_Beard2 target not exist
<19:09:50> [56B5985B] X2FaceMaker - game/objects/characters/warborn/male/face/wa_m_face01_mid.chr : FS_Beard3 target not exist
<19:09:51> [56B5985B] X2FaceMaker - game/objects/characters/warborn/female/face/wa_f_face01_mid.chr : eye_Yposition_min target not exist
<19:09:51> [1191A6A8] X2FaceMaker - game/objects/characters/warborn/female/face/wa_f_face01_mid.chr : eye_Yposition_max ex target not exist
<19:09:51> [56B5985B] X2FaceMaker - game/objects/characters/warborn/female/face/wa_f_face01_mid.chr : FS_AllLowerY target not exist
<19:09:51> [56B5985B] X2FaceMaker - game/objects/characters/warborn/female/face/wa_f_face01_mid.chr : FS_AllRotate target not exist
<19:09:51> [56B5985B] X2FaceMaker - game/objects/characters/warborn/female/face/wa_f_face01_mid.chr : FS_AllY target not exist
<19:09:51> [56B5985B] X2FaceMaker - game/objects/characters/warborn/female/face/wa_f_face01_mid.chr : mouth_Open_min target not exist
<19:09:51> [1191A6A8] X2FaceMaker - game/objects/characters/warborn/female/face/wa_f_face01_mid.chr : mouth_Open_max ex target not exist
<19:09:51> [E320B5CE] Init Face Makers - Done!
<19:09:51> [581CA53C] Script System Initialization
<19:09:51> [BA0D559B] Splash: Initializing Script System...
<19:09:51> [000004EE][Warning] [Lua Error] 1_3_0/scripts/common.lua:276: attempt to index global 'Script' (a nil value)
<19:09:51> [58F3F7FF][Warning] <null>:0: [Lua Error] Failed to execute file @game/scriptsbin/common.alb
<19:09:51> [D8B2BA54] Entity system initialization
<19:09:51> [BA0D559B] Splash: Initializing Entity System...
<19:09:51> [D55F91B2][Warning] [CEntityClassRegistry] LoadClassDescription failed, Entity Class name Chick already registered
<19:09:51> [BA0D559B] Splash: Initializing AI System...
<19:09:51> [DA019954] Initializing AI System
<19:09:51> [2546BCC5] Initializing Budgeting System
<19:09:51> [C0E19025] Initializing Seamless System
<19:09:51> [BA0D559B] Splash: Loading Game Data...
<19:09:52> [90B8EC50][Warning] too many ranges: aoe_shapes descs 10156(10156) threshold 100 ranges 12
<19:09:53> [BA4AD6CE] Loading portal list
<19:09:53> [92597454] Portal added, enter: 3891, exit: 6629
<19:09:53> [92597454] Portal added, enter: 21448, exit: 21449
<19:09:53> [92597454] Portal added, enter: 21450, exit: 21451
<19:09:53> [92597454] Portal added, enter: 21452, exit: 21453
<19:09:53> [92597454] Portal added, enter: 21698, exit: 21699
<19:09:53> [92597454] Portal added, enter: 22023, exit: 22024
<19:09:53> [92597454] Portal added, enter: 22042, exit: 22066
<19:09:53> [92597454] Portal added, enter: 22136, exit: 22137
<19:09:53> [92597454] Portal added, enter: 22163, exit: 22164
<19:09:53> [92597454] Portal added, enter: 22184, exit: 22185
<19:09:53> [92597454] Portal added, enter: 22336, exit: 22337
<19:09:53> [92597454] Portal added, enter: 9000063, exit: 9000064
<19:09:53> [1C664009] End loading portal list
<19:09:53> [937812F7] loaded DDCMS (1397356 descs, 719461 links (17 page 16.95MB size) string) from game\db\compact.sqlite3 in 997 ms
<19:09:53> [BA0D559B] Splash: Initializing Game System...
<19:09:53> [000004EE][Warning] [Lua Error] no localized ui text for 18 always_refund
<19:09:54> [0ADE3294][Warning] [MFX] Effect 'collisions:grenade' already present. Overriding.
<19:09:54> [311630D1][Warning] MFX WARNING: Material not found: mat_ice_breakable
<19:09:54>  
<19:09:54>    sys_spec = Custom (assuming 4)
<19:09:54>      option_view_dist_ratio = 3 expected:4
<19:09:54>  
<19:09:54> [BA0D559B] Splash: Preparing Screen...
<19:09:54> [963385F6] Level System - Loading Start
<19:09:54> [806B6F8D] precaching world entities ..
<19:09:54> [7E39E0DE] precaching world entities .. done!  total (0) objects
<19:09:54> [D2B280D6] Vegetation Manager : Loading World(login2)
<19:09:54> [075AB92F] Vegetation Manager : Loading World - Done (total 36 vegetations)
<19:09:54> [B9410AA1] total 20 terrain world surfaces loaded
<19:09:54> Loading Particle Library: collisions
<19:09:54> Loading Particle Library: water
<19:09:54> Loading Particle Library: misc
<19:09:54> Loading Particle Library: ability_skill_table
<19:09:54> Loading Particle Library: ability_skill_table_k
<19:09:54> Loading Particle Library: abillity_skill_table_m
<19:09:54> Loading Particle Library: machinima
<19:09:54> Loading Particle Library: x2_effects
<19:09:54> Loading Particle Library: x2_effects_k
<19:09:55> [280A47E3] Precached total 2 materials
<19:09:55> [7B1A973B] seamless loading cell terrain(W0, 1), (L0, 0)
<19:09:55> [3EF08C47] seamless loading cell object(W0, 1), (L0, 0)
<19:09:55> [584C4FFD] [net 23:09:47.015]  dns ip:192.168.1.202
<19:09:55> [584C4FFD] [net 23:09:47.015]  dns ip:172.19.0.1
<19:09:55> [584C4FFD] [net 23:09:47.015]  dns ip:172.18.0.1
<19:09:55> [584C4FFD] [net 23:09:47.015]  dns ip:172.17.0.1
<19:09:55> [0DE3FA89][Error] CryAnimation: character-definition creation failed: game/objects/characters/elf/female/nude/el_f_kyprosa.cdf
<19:09:55> [13A58BA0][Error] CryAnimation: character-definition not found: game/objects/characters/elf/female/nude/el_f_kyprosa.cdf
<19:09:55> [4DD44108] Start DaruCommon Extension
<19:09:55> [1B425DA5] Duplicated post effect param! pszName = FilterMaskedBlurring_Amount
<19:09:55> [1B425DA5] Duplicated post effect param! pszName = FilterMaskedBlurring_MaskTexName
<19:09:55> [1B425DA5] Duplicated post effect param! pszName = FilterChromaShift_User_Amount
<19:09:55> [1B425DA5] Duplicated post effect param! pszName = FilterGrain_Amount
<19:09:55> [8F6BAA6C][Warning] Couldn't find console variable 'e_water_ocean_fft'
<19:09:55> Loading Particle Library: wind
<19:09:55> Loading Particle Library: X2_EFFECT_O
<19:09:55> [000004EE][Warning] Particle effect not found: '                                                                ', from ParticleEffect fx_land_green
<19:09:55> [12409CCC] Load Zone Finished
<19:09:55> [A39C1725] Level System - Loading Complete
<19:09:55> [27293DED] -----------------------------------------------------
<19:09:55> [120C18F5] * LOADING: 'loginbg4' loading time: 1.38 seconds
<19:09:55> [27293DED] -----------------------------------------------------
<19:09:55> [000004EE][Warning] [Lua Error] no client player exists
<19:09:55> [A13C772D][Warning] Cannot load texture ui/font_color.g, Image file format is invalid [File=ui/font_color.g]
<19:09:55> [000FABC5][Warning] CAreaGrid::BeginAreas() called before being initialized.
<19:09:55> [000004EE][Warning] I3DEngine::RegisterEntity: entity reports invalid position: Name: LightEntityName (), Class: LightEntityClass, Pos=(515.8,6996.2,587.4), aabb center=(0.0,40.0,0.0)
<19:09:59> [11E02DA3][Warning] Cannot load texture textures/defaults/16_12.dds, file missing [File=textures/defaults/16_12.dds]
<19:10:00> [1D01FDCA] Auth: client connected to server
<19:10:00> [584C4FFD] [net 23:10:00.854]  socket ip:192.168.1.202
<19:10:00> [4C920A71] mac address : 74-56-3c-fe-52-f3
<19:10:02> [A13C772D][Warning] Cannot load texture ui/font_color.g, Image file format is invalid [File=ui/font_color.g]
<19:10:06> [584C4FFD] [net 23:10:06.537] connection requested to: 51.79.38.190:1239
<19:10:06> [4ABA7BDB] Auth: client disconnected (reason=0)
<19:10:06> [0F08E548] [NetConnection] connect completed (succeeded:true)
<19:10:06> [48F7BDF2] invalid world id in world queue packet
<19:10:06> [26623ECA] ucc info.. 5 0
<19:10:06> [4516816D] pay method: person
<19:10:06> [4AA30841] pay location: person
<19:10:06> [ADF1C07E] pay start: 1900-1-1 00:00:00
<19:10:06> [6486A277] pay end: 1900-1-1 00:00:00
<19:10:06> [FFF6198C] premium point: 0
<19:10:06> [481C0862] premium grade: premium_0
<19:10:06> [88D9AB0C] real pay time: -1
<19:10:06> [9FC303B8][Error] [CVARS]: [DUPLICATE] CXConsole::RegisterFloat(): variable [camera_max_dist] is already registered
<19:10:06> [34CCC219] stream: connected to world server
<19:10:07> [06A46B5B] stream: authorized by world server
<19:10:07> [4516816D] pay method: person
<19:10:07> [4AA30841] pay location: person
<19:10:07> [ADF1C07E] pay start: 1900-1-1 00:00:00
<19:10:07> [6486A277] pay end: 2037-12-31 16:00:00
<19:10:07> [FFF6198C] premium point: 0
<19:10:07> [481C0862] premium grade: premium_0
<19:10:07> [88D9AB0C] real pay time: -1
<19:10:07> [82321C2B][Warning] [net 23:10:07.298] [time] remote time estimation restarted; estimate accumulator age was 30819.847656
<19:10:09> [000004EE][Warning] [Lua Error] no localized ui text for 18 always_refund
<19:10:09> [09F46B9D]     cl_fov = 90 []
<19:10:09> [09F46B9D]     camera_max_dist = 180 []
<19:10:09> [09F46B9D]     name_tag_hp_width_on_bgmode = 80 []
<19:10:09> [09F46B9D]     name_tag_hp_height_on_bgmode = 30 []
<19:10:09> [A13C772D][Warning] Cannot load texture ui/font_color.g, Image file format is invalid [File=ui/font_color.g]
<19:10:09> [06E6A3E9][Warning] Cannot load texture ui/login_stage/queue.dds, file missing [File=ui/login_stage/queue.dds]
<19:10:11> [DA579B6C][Error] can't load client driven connect info.. Kompy
<19:10:15> [9FC303B8][Error] [CVARS]: [DUPLICATE] CXConsole::RegisterFloat(): variable [ui_double_click_interval] is already registered
<19:10:15> [0DE3FA89][Error] CryAnimation: character-definition creation failed: game/objects/characters/returned/female/nude/re_f.cdf
<19:10:15> [82321C2B][Warning] [net 23:10:15.445] [time] remote time estimation restarted; estimate accumulator age was 2.208174
<19:10:15> [6FF68EA5] SetInstantTime: type 0 time 0
<19:10:15> [6FF68EA5] SetInstantTime: type 1 time 1758904169
<19:10:15> [6FF68EA5] SetInstantTime: type 2 time 1760049175
<19:10:15> [6FF68EA5] SetInstantTime: type 3 time 0
<19:10:15> [6FF68EA5] SetInstantTime: type 4 time 0
<19:10:15> [6FF68EA5] SetInstantTime: type 5 time 0
<19:10:15> [6FF68EA5] SetInstantTime: type 6 time 0
<19:10:15> [6FF68EA5] SetInstantTime: type 7 time 1760022456
<19:10:15> [0E61BD35] ExpeditionMember 20 added
<19:10:15> [0E61BD35] ExpeditionMember 20 added
<19:10:15> [0E61BD35] ExpeditionMember 20 added
<19:10:15> [0E61BD35] ExpeditionMember 20 added
<19:10:15> [0E61BD35] ExpeditionMember 20 added
<19:10:15> [51CFCC4C] ExpeditionMember count matched. total 100
<19:10:15> [7AB931CE] seamless unloading cell object(W0, 0), (L0, 0)
<19:10:15> [4B1E8B22] unload cell object count : 1511
<19:10:15> [B866A294] seamless unloading cell terrain(W0, 0), (L0, 0)
<19:10:15> [963385F6] Level System - Loading Start
<19:10:15> [E0E0EDAE][Warning] failed to load zone time of day from game/worlds/main_world/zone/225//time_of_day.xml
<19:10:15> [AB17243B][Warning] failed to load zone environment from game/worlds/main_world/zone/309//env.xml
<19:10:15> [35D4413E][Warning] failed to load zone clouds from game/worlds/main_world/zone/309//clouds.xml
<19:10:15> [806B6F8D] precaching world entities ..
<19:10:15> [7E39E0DE] precaching world entities .. done!  total (1778) objects
<19:10:15> [D2B280D6] Vegetation Manager : Loading World(main_world)
<19:10:16> [075AB92F] Vegetation Manager : Loading World - Done (total 3055 vegetations)
<19:10:16> [000004EE][Error] CTerrain::LoadWorldSurfaces: Error loading material: materials/Terrain/gweonidforest/w_forest_road_a1
<19:10:16> [751FFB9E][Warning] Error: CShaderMan::mfCreateShaderResources: Couldn't find detail texture
'game/textures/aa_terrain/canyon/tr_canyon_rock_616a_ddn.tga' in path '' [File=game/textures/aa_terrain/canyon/tr_canyon_rock_616a_ddn.tga]
<19:10:16> [B9410AA1] total 600 terrain world surfaces loaded
<19:10:16> [280A47E3] Precached total 4 materials
<19:10:16> [7B1A973B] seamless loading cell terrain(W18, 9), (L4, 4)
<19:10:16> [7B1A973B] seamless loading cell terrain(W18, 8), (L4, 3)
<19:10:16> [7B1A973B] seamless loading cell terrain(W17, 9), (L3, 4)
<19:10:16> [7B1A973B] seamless loading cell terrain(W17, 8), (L3, 3)
<19:10:16> [7B1A973B] seamless loading cell terrain(W19, 9), (L5, 4)
<19:10:16> [7B1A973B] seamless loading cell terrain(W19, 8), (L5, 3)
<19:10:16> [7B1A973B] seamless loading cell terrain(W18, 10), (L4, 5)
<19:10:16> [7B1A973B] seamless loading cell terrain(W18, 7), (L4, 2)
<19:10:16> [7B1A973B] seamless loading cell terrain(W17, 10), (L3, 5)
<19:10:16> [7B1A973B] seamless loading cell terrain(W17, 7), (L3, 2)
<19:10:16> [7B1A973B] seamless loading cell terrain(W16, 9), (L2, 4)
<19:10:16> [7B1A973B] seamless loading cell terrain(W16, 8), (L2, 3)
<19:10:16> [7B1A973B] seamless loading cell terrain(W19, 10), (L5, 5)
<19:10:16> [7B1A973B] seamless loading cell terrain(W19, 7), (L5, 2)
<19:10:16> [7B1A973B] seamless loading cell terrain(W16, 10), (L2, 5)
<19:10:16> [7B1A973B] seamless loading cell terrain(W16, 7), (L2, 2)
<19:10:16> [7B1A973B] seamless loading cell terrain(W20, 9), (L6, 4)
<19:10:16> [7B1A973B] seamless loading cell terrain(W20, 8), (L6, 3)
<19:10:16> [7B1A973B] seamless loading cell terrain(W18, 11), (L4, 6)
<19:10:16> [7B1A973B] seamless loading cell terrain(W17, 11), (L3, 6)
<19:10:16> [7B1A973B] seamless loading cell terrain(W18, 6), (L4, 1)
<19:10:16> [7B1A973B] seamless loading cell terrain(W17, 6), (L3, 1)
<19:10:16> [7B1A973B] seamless loading cell terrain(W15, 9), (L1, 4)
<19:10:16> [7B1A973B] seamless loading cell terrain(W20, 10), (L6, 5)
<19:10:16> [7B1A973B] seamless loading cell terrain(W15, 8), (L1, 3)
<19:10:16> [7B1A973B] seamless loading cell terrain(W19, 11), (L5, 6)
<19:10:16> [7B1A973B] seamless loading cell terrain(W20, 7), (L6, 2)
<19:10:16> [7B1A973B] seamless loading cell terrain(W19, 6), (L5, 1)
<19:10:16> [7B1A973B] seamless loading cell terrain(W16, 11), (L2, 6)
<19:10:16> [7B1A973B] seamless loading cell terrain(W15, 10), (L1, 5)
<19:10:16> [7B1A973B] seamless loading cell terrain(W16, 6), (L2, 1)
<19:10:16> [7B1A973B] seamless loading cell terrain(W15, 7), (L1, 2)
<19:10:16> [7B1A973B] seamless loading cell terrain(W21, 9), (L7, 4)
<19:10:16> [7B1A973B] seamless loading cell terrain(W21, 8), (L7, 3)
<19:10:16> [7B1A973B] seamless loading cell terrain(W20, 11), (L6, 6)
<19:10:16> [7B1A973B] seamless loading cell terrain(W20, 6), (L6, 1)
<19:10:16> [7B1A973B] seamless loading cell terrain(W18, 12), (L4, 7)
<19:10:16> [7B1A973B] seamless loading cell terrain(W17, 12), (L3, 7)
<19:10:16> [7B1A973B] seamless loading cell terrain(W18, 5), (L4, 0)
<19:10:16> [7B1A973B] seamless loading cell terrain(W21, 10), (L7, 5)
<19:10:16> [7B1A973B] seamless loading cell terrain(W17, 5), (L3, 0)
<19:10:16> [7B1A973B] seamless loading cell terrain(W15, 11), (L1, 6)
<19:10:16> [7B1A973B] seamless loading cell terrain(W21, 7), (L7, 2)
<19:10:16> [7B1A973B] seamless loading cell terrain(W19, 12), (L5, 7)
<19:10:16> [7B1A973B] seamless loading cell terrain(W15, 6), (L1, 1)
<19:10:16> [7B1A973B] seamless loading cell terrain(W14, 9), (L0, 4)
<19:10:16> [7B1A973B] seamless loading cell terrain(W14, 8), (L0, 3)
<19:10:16> [7B1A973B] seamless loading cell terrain(W19, 5), (L5, 0)
<19:10:16> [7B1A973B] seamless loading cell terrain(W16, 12), (L2, 7)
<19:10:16> [7B1A973B] seamless loading cell terrain(W16, 5), (L2, 0)
<19:10:16> [7B1A973B] seamless loading cell terrain(W14, 10), (L0, 5)
<19:10:16> [7B1A973B] seamless loading cell terrain(W14, 7), (L0, 2)
<19:10:16> [3EF08C47] seamless loading cell object(W18, 9), (L4, 4)
<19:10:16> [000004EE][Warning] [CGF Error] game/objects/env/01_nuia/001_housing/housing_people/hs_people_roof_a.cgf [:] Duplicate LOD helper $lod2 hs_people_roof_a
<19:10:16> [000004EE][Warning] [CGF Error] game/objects/env/02_harihara/001_hcom/hcom_cart_b.cgf [:] LOD1 of geometry hcom_cart_b contains too many polygons comparing to the LOD0 [770 against 1114] :
<19:10:16> [A5DDEC33][Warning] Warning: CShaderMan::mfForName: NULL name
<19:10:16> [000004EE][Warning] [CGF Error] game/objects/env/01_nuia/001_housing/housing_guild/nuia_h_guild_door_b_back.cga [:] non-uniform scale(1.00, 1.39, 1.00) at node(nuia_h_guild_door_b01_back)
<19:10:16> [3EF08C47] seamless loading cell object(W18, 8), (L4, 3)
<19:10:17> Loading Particle Library: X2_EFFECTS_P
<19:10:17> Loading Particle Library: x2_sounds
<19:10:17> [3EF08C47] seamless loading cell object(W17, 9), (L3, 4)
<19:10:17> [3EF08C47] seamless loading cell object(W17, 8), (L3, 3)
<19:10:17> [CF2CE049][Warning] CMTSafeHeap::m_pBigPool is full. (6031863, MemoryBlock)
<19:10:17> [3EF08C47] seamless loading cell object(W19, 9), (L5, 4)
<19:10:17> [3EF08C47] seamless loading cell object(W19, 8), (L5, 3)
<19:10:17> [3EF08C47] seamless loading cell object(W18, 10), (L4, 5)
<19:10:17> [3EF08C47] seamless loading cell object(W18, 7), (L4, 2)
<19:10:17> [3EF08C47] seamless loading cell object(W17, 10), (L3, 5)
<19:10:17> [3EF08C47] seamless loading cell object(W17, 7), (L3, 2)
<19:10:17> [CE0EF930][Warning] failed to stream cgf : objects/env/05_nature/08_cry_source/rocks/road_rocks/road_rocks_flat_grey_a.cgf
<19:10:17> [3EF08C47] seamless loading cell object(W16, 9), (L2, 4)
<19:10:17> [3EF08C47] seamless loading cell object(W16, 8), (L2, 3)
<19:10:18> [3EF08C47] seamless loading cell object(W19, 10), (L5, 5)
<19:10:18> [3EF08C47] seamless loading cell object(W19, 7), (L5, 2)
<19:10:18> [3EF08C47] seamless loading cell object(W16, 10), (L2, 5)
<19:10:18> [3EF08C47] seamless loading cell object(W16, 7), (L2, 2)
<19:10:18> [3EF08C47] seamless loading cell object(W20, 9), (L6, 4)
<19:10:18> [3EF08C47] seamless loading cell object(W20, 8), (L6, 3)
<19:10:18> [3EF08C47] seamless loading cell object(W18, 11), (L4, 6)
<19:10:18> [3EF08C47] seamless loading cell object(W17, 11), (L3, 6)
<19:10:18> [3EF08C47] seamless loading cell object(W18, 6), (L4, 1)
<19:10:18> [12409CCC] Load Zone Finished
<19:10:18> [000004EE][Warning] I3DEngine::RegisterEntity: entity reports invalid position: Name: LightEntityName (), Class: LightEntityClass, Pos=(6411.5,2342.7,2816.1), aabb center=(142.0,1019.8,-2.3)
<19:10:18> [188BF914][Warning] [EntityLoader] invalid entity pos(1172.249, 2147.883, 0.000) name(AAC_Mahadevi_Ext_1)
<19:10:18> [BCCDC555][Warning] MakeSprite - too many sprite update (10). dropping.. (sprites : 60)
<19:10:19> [A369EADC][Warning] failed to register sound listener. no actor. lets wait more...
<19:10:19> [5CE4EF2C][Warning] failed to load particle lib from (Libs/Particles/game/abillity_skill_table_m.xml)
<19:10:19> [000004EE][Warning] Particle effect not found: 'game/abillity_skill_table_m.wild.shock_form2', from unknown 
<19:10:19> [2BFDEC33][Error] realstep 11, not match unit req
<19:10:19> [A39C1725] Level System - Loading Complete
<19:10:19> [9BE3F673] total 0 CGF files are precached
<19:10:19> [27293DED] -----------------------------------------------------
<19:10:19> [120C18F5] * LOADING: 'e_mahadevi_1' loading time: 3.78 seconds
<19:10:19> [27293DED] -----------------------------------------------------
<19:10:19> [B866A294] seamless unloading cell terrain(W14, 16), (L0, 2)
<19:10:19> [7AB931CE] seamless unloading cell object(W18, 15), (L4, 1)
<19:10:19> [000004EE][Warning] RenderMesh not assigned game/objects/box_nodraw.cgf
<19:10:19> [7AB931CE] seamless unloading cell object(W17, 20), (L3, 6)
<19:10:21> [CA175C82][Warning] non-stream IO. system(CGF), filePath(Objects/Env/01_nuia/001_housing/housing_farm/hs_f_scarecrow_sun.cgf)
<19:10:21> [C9209D07][Warning] Cannot load texture game/objects/env/01_nuia/001_housing/housing_house/hs_addon_a_sp.dds, file missing [File=game/objects/env/01_nuia/001_housing/housing_house/hs_addon_a_sp.dds]
<19:10:21> [A4D70365][Warning] rigid-body own-entity; prefab=Prefabs/interaction_c.xml/furniture.aquarium_a_fish node=AnimObject_38
<19:10:21> [EFC67A6D][Warning] Error: CShaderMan::mfCreateShaderResources: Couldn't find detail texture
'game/objects/env/01_nuia/001_housing/housing_house/nuia_housing_tree07_ddn.dds' in path '' [File=game/objects/env/01_nuia/001_housing/housing_house/nuia_housing_tree07_ddn.dds]
<19:10:22> [745BAE2F][Warning] failed to stream material xml(game/$picking.mtl)
<19:10:22> [73C0D09F][Warning] Not a normal map texture tried to be used as a normal map: game/objects/env/99_aac/001_ndeco/ndeco_backpack_kraken_p/primal_tent_df.dds [File=game/objects/env/99_aac/001_ndeco/ndeco_backpack_kraken_p/primal_tent_df.dds]
<19:10:22> [5E1D008D][Warning] Error: CShaderMan::mfCreateShaderResources: Couldn't find subsurface texture 'game/objects/characters/animals/cat_baby_cat/cat_baby_threecolors_pet_df.dds' in path '' [File=game/objects/characters/animals/cat_baby_cat/cat_baby_threecolors_pet_df.dds]
<19:10:23> [F724A392][Error] CryAnimation:: Trying to load animation with alias "fist_ba_relaxed_idle_rand_2" from file "animations/animals/welsh_corgi/fist/fist_ba_relaxed_idle_rand.caf" into the animation container. Such animation alias already exists and uses file "animations/animals/welsh_corgi/fist/fist_ba_relaxed_idle_rand_2.caf". Please use another animation alias.
<19:10:23> [000004EE][Warning] [CGF Error] game/objects/env/01_nuia/001_housing/housing_furniture/hs_f_safe_e.cgf [:] non-uniform scale(1.00, 1.03, 1.00) at node(hs_f_safe_e)
<19:10:23> [637AF710][Warning] missing chr material : game/objects/characters/hariharan/male/parts/pt/obj/ha_m_pt_cloth159.mtl (chr: game/objects/characters/hariharan/male/parts/pt/obj/ha_m_1pt901.chr)
<19:10:24> [09F46B9D]     cl_fov = 90 []
<19:10:24> [09F46B9D]     camera_max_dist = 180 []
<19:10:24> [09F46B9D]     name_tag_hp_width_on_bgmode = 80 []
<19:10:24> [09F46B9D]     name_tag_hp_height_on_bgmode = 30 []
<19:10:24> [000004EE][Warning] [Lua Error] Failed to load script file scriptsbin/x2ui/assignment/form.alb
<19:10:24> [A13C772D][Warning] Cannot load texture ui/font_color.g, Image file format is invalid [File=ui/font_color.g]
<19:10:24> [B5A61D8F] Chat Channel(0) Color is not found.
<19:10:24> [000004EE][Warning] [Lua Error] ...ts/x2ui/loginstage/character_create/locale/en_us.lua:524: attempt to index a nil value
<19:10:24> [58F3F7FF][Warning] <null>:0: [Lua Error] Failed to execute file @game/scriptsbin/x2ui/loginstage/character_create/locale/en_us.alb
<19:10:24> [000004EE][Warning] [Lua] invalid style type...  / brown
<19:10:24> [82321C2B][Warning] [net 23:10:24.951] [time] remote time estimation restarted; estimate accumulator age was 0.843869
<19:10:24> [BCCDC555][Warning] MakeSprite - too many sprite update (10). dropping.. (sprites : 41)
<19:10:25> [DE20B351][Warning] Flow Graph Node targets unknown entity guid: 4b2fb81ffe6b0dc9
<19:10:25> [E3FEB79A][Warning] Cannot load texture game/materials/decals/guided/tt.dds, file missing [File=game/materials/decals/guided/tt.dds]
<19:10:26> [000004EE][Warning] [CGF Error] game/objects/env/01_nuia/001_ndeco/ndeco_dboss.cgf [:] LOD1 of geometry  contains too many polygons comparing to the LOD0 [2373 against 3082] :
<19:10:27> [2363981C][Warning] chr material is not precached : game/objects/characters/dwarf/female/costume/dw_f_sk_metalpriest001/dw_f_sk_metalpriest001_h.mtl (chr: game/objects/characters/dwarf/female/costume/dw_f_sk_metalpriest001/dw_f_sk_metalpriest001_h.chr)
<19:10:27> [CA175C82][Warning] non-stream IO. system(Material), filePath(game/objects/characters/dwarf/female/costume/dw_f_sk_metalpriest001/dw_f_sk_metalpriest001_h.mtl)
<19:10:27> [745BAE2F][Warning] failed to stream material xml(game/objects/env/01_nuia/001_housing/housing_farm/ncom_pumpkin_streetlamp.mtl)
<19:10:27> [A5DDEC33][Warning] Warning: CShaderMan::mfForName: NULL name
<19:10:27> [000004EE][Warning] [CGF Error] game/objects/env/01_nuia/001_ncom/ncom_xmas_musicbox.cga [:] Duplicate LOD helper $lod1 ncom_xmas_musicbox_top
<19:10:27> [CE0EF930][Warning] failed to stream cgf : default
<19:10:29> [58F3F7FF][Warning] @c:/aaclassic/documents//Addon/CooldawnBuffTracker/util/color_picker.lua:23: [Script Error] Wrong parameter type. Function .SetAlign(align) expect parameter 1 of type Number (Provided type Null)
<19:10:32> [A4D70365][Warning] rigid-body own-entity; prefab=Prefabs/interaction.xml/toy.crane node=AnimObject_1
<19:10:33> [E9F2E683][Warning] Cannot load texture textures/terrain/bump_detail/detail_bump_wood_007_ddn.dds, file missing [File=textures/terrain/bump_detail/detail_bump_wood_007_ddn.dds]
<19:10:33> [4655D2D5][Warning] Error: CShaderMan::mfCreateShaderResources: Couldn't find detail texture
'textures/terrain/bump_detail/detail_bump_wood_007_ddn.dds' in path '' [File=textures/terrain/bump_detail/detail_bump_wood_007_ddn.dds]
<19:10:37> [CE0EF930][Warning] failed to stream cgf : default
<19:10:41> [745BAE2F][Warning] failed to stream material xml(game/materials/aa_terrain/decals/quest_golddust.mtl)
<19:10:43> [A4D70365][Warning] rigid-body own-entity; prefab=Prefabs/interaction.xml/toy.crane node=AnimObject_1
<19:10:43> [CE0EF930][Warning] failed to stream cgf : default
<19:10:48> [A4D70365][Warning] rigid-body own-entity; prefab=Prefabs/interaction.xml/toy.crane node=AnimObject_1
<19:10:48> [E126B923][Warning] Cannot load texture game/objects/env/01_nuia/001_housing/housing_furniture/hs_f_drums_ddn, file missing [File=game/objects/env/01_nuia/001_housing/housing_furniture/hs_f_drums_ddn]
<19:10:49> [CE0EF930][Warning] failed to stream cgf : default
<19:10:55> [A4D70365][Warning] rigid-body own-entity; prefab=Prefabs/interaction.xml/toy.crane node=AnimObject_1
<19:10:55> [CE0EF930][Warning] failed to stream cgf : default
<19:11:00> [745BAE2F][Warning] failed to stream material xml(game/objects/env/03_origin_continent/001_odeco/ndeco_backpack_nuia_h.mtl)
<19:11:05> [CE0EF930][Warning] failed to stream cgf : default
<19:11:06> [94DB4391][Warning] Cannot load texture game/objects/characters/animals/cat_baby_cat/cat_baby_stripes_pet_df.dds, file missing [File=game/objects/characters/animals/cat_baby_cat/cat_baby_stripes_pet_df.dds]
<19:11:06> [D42935C5][Warning] Error: CShaderMan::mfCreateShaderResources: Couldn't find subsurface texture 'game/objects/characters/animals/cat_baby_cat/cat_baby_stripes_pet_df.dds' in path '' [File=game/objects/characters/animals/cat_baby_cat/cat_baby_stripes_pet_df.dds]
<19:11:10> [745BAE2F][Warning] failed to stream material xml(game/materials/aa_terrain/decals/quest_golddust.mtl)
<19:11:12> [CE0EF930][Warning] failed to stream cgf : default
<19:11:23> [000004EE][Warning] Independent immortal particle effect spawned: X2_EFFECT_O.Interaction.enchant_wpn_range_honor_3g
<19:11:40> [745BAE2F][Warning] failed to stream material xml(game/materials/effects/fume_h_ssd.mtl)
<19:11:54> [000004EE][Warning] Independent immortal particle effect spawned: X2_EFFECT_O.Interaction.enchant_wpn_range_honor_3g
<19:11:59> [B95EE41B][Error] invalid parent unit id(99074)
<19:12:01> Loading Particle Library: X2_EFFECT_SYH
<19:12:01> [4820ACB9][Warning] Cannot load texture game/textures/p_effects/syh_effect/cat_footstrp_01.dds, file missing [File=game/textures/p_effects/syh_effect/cat_footstrp_01.dds]
<19:12:16> [B95EE41B][Error] invalid parent unit id(99074)
<19:12:29> [000004EE][Warning] Independent immortal particle effect spawned: X2_EFFECT_O.Interaction.enchant_wpn_range_honor_3g
<19:12:36> [745BAE2F][Warning] failed to stream material xml(game/materials/effects/fume_h_ssd.mtl)
<19:12:45> [000004EE][Warning] Particle effect not found: 'game/abillity_skill_table_m.wild.lights_arrow_hit', from unknown 
<19:12:46> [745BAE2F][Warning] failed to stream material xml(game/objects/characters/ferre/female/nude/fe_f_whin01.mtl)
<19:12:46> [23C0332B][Warning] Cannot load texture objects/characters/ferre/female/nude/fe_f_nude_fur_yel_sp.dds, file missing [File=objects/characters/ferre/female/nude/fe_f_nude_fur_yel_sp.dds]
<19:12:46> [E40A7B30][Warning] Non 3dc normal map used (wrong on DX10): game/objects/item/aac/all/aa_summer/shield/Sunphira/aa_summer_sunflower_ddn.dds [File=game/objects/item/aac/all/aa_summer/shield/Sunphira/aa_summer_sunflower_ddn.dds]
<19:12:46> [9CCFBE7D][Warning] Not a normal map texture tried to be used as a normal map: game/objects/item/aac/all/aa_summer/shield/Sunphira/aa_summer_sunflower_sp.dds [File=game/objects/item/aac/all/aa_summer/shield/Sunphira/aa_summer_sunflower_sp.dds]
<19:12:46> [637AF710][Warning] missing chr material : game/objects/characters/ferre/female/parts/cp/obj/fe_f_1cp101.mtl (chr: game/objects/characters/ferre/female/parts/cp/obj/fe_f_1cp101.chr)
<19:12:46> [CA175C82][Warning] non-stream IO. system(Material), filePath(game/objects/effects/keffect/m_enchant2_yellow_m.mtl)
<19:12:46> [000004EE][Warning] Independent immortal particle effect spawned: X2_EFFECT_O.Interaction.enchant_wpn_range_honor_3g
<19:12:55> [B95EE41B][Error] invalid parent unit id(124764)
<19:13:05> [B95EE41B][Error] invalid parent unit id(124764)
<19:13:12> [B95EE41B][Error] invalid parent unit id(85737)
<19:13:14> [745BAE2F][Warning] failed to stream material xml(objects/Characters/ferre/female/parts/all/cloth/cloth184/fe_f_ar_cloth184_whin01.mtl)
<19:13:20> [B95EE41B][Error] invalid parent unit id(69596)
<19:13:23> [745BAE2F][Warning] failed to stream material xml(game/objects/env/06_unit/06_glider/glider_sloth/glider_sloth_whin01.mtl)
<19:13:29> [745BAE2F][Warning] failed to stream material xml(objects/Characters/ferre/female/parts/all/cloth/cloth184/fe_f_ar_cloth184_whin01.mtl)
<19:13:36> [745BAE2F][Warning] failed to stream material xml(game/objects/env/06_unit/06_glider/glider_sloth/glider_sloth_whin01.mtl)
<19:13:44> [745BAE2F][Warning] failed to stream material xml(objects/Characters/ferre/female/parts/all/cloth/cloth184/fe_f_ar_cloth184_whin01.mtl)
<19:13:49> [745BAE2F][Warning] failed to stream material xml(game/objects/env/06_unit/06_glider/glider_sloth/glider_sloth_whin01.mtl)
<19:14:03> [745BAE2F][Warning] failed to stream material xml(objects/Characters/ferre/female/parts/all/cloth/cloth184/fe_f_ar_cloth184_whin01.mtl)
<19:14:12> [745BAE2F][Warning] failed to stream material xml(objects/Characters/ferre/female/parts/all/cloth/cloth184/fe_f_ar_cloth184_whin01.mtl)
<19:14:17> [745BAE2F][Warning] failed to stream material xml(game/objects/env/06_unit/06_glider/glider_sloth/glider_sloth_whin01.mtl)
<19:14:26> [745BAE2F][Warning] failed to stream material xml(game/objects/env/06_unit/06_glider/glider_sloth/glider_sloth_whin01.mtl)
<19:14:31> [B95EE41B][Error] invalid parent unit id(69596)
<19:14:53> [B95EE41B][Error] invalid parent unit id(69596)
<19:14:59> [BCCDC555][Warning] MakeSprite - too many sprite update (10). dropping.. (sprites : 64)
<19:16:32> [6FF68EA5] SetInstantTime: type 0 time 1760051942
<19:18:01> [6FF68EA5] SetInstantTime: type 0 time 0
<19:18:01> [6FF68EA5] SetInstantTime: type 2 time 1760055480
<19:18:01> [BB790A81] origin change campos : 2453.64, 4045.866699
<19:18:01> [00000020]  
<19:18:01> [00000020]  
<19:18:01> [A581FA6D] -----------------------------------------------------------------------------
<19:18:01> [1DAA5677] SeamlessSystem::ChangeOrigin() : Here we go. Old(14,5) -> New(12,5)
<19:18:01> [A581FA6D] -----------------------------------------------------------------------------
<19:18:01> [00000020]  
<19:18:01> [00000020]  
<19:18:01> [B866A294] seamless unloading cell terrain(W21, 16), (L7, 2)
<19:18:01> [B866A294] seamless unloading cell terrain(W21, 17), (L7, 3)
<19:18:01> [B866A294] seamless unloading cell terrain(W21, 18), (L7, 4)
<19:18:01> [B866A294] seamless unloading cell terrain(W21, 19), (L7, 5)
<19:18:01> [B866A294] seamless unloading cell terrain(W20, 15), (L6, 1)
<19:18:01> [B866A294] seamless unloading cell terrain(W20, 16), (L6, 2)
<19:18:01> [B866A294] seamless unloading cell terrain(W20, 17), (L6, 3)
<19:18:01> [7AB931CE] seamless unloading cell object(W20, 17), (L6, 3)
<19:18:01> [4B1E8B22] unload cell object count : 14324
<19:18:01> [B866A294] seamless unloading cell terrain(W20, 18), (L6, 4)
<19:18:01> [7AB931CE] seamless unloading cell object(W20, 18), (L6, 4)
<19:18:01> [4B1E8B22] unload cell object count : 9543
<19:18:01> [B866A294] seamless unloading cell terrain(W20, 19), (L6, 5)
<19:18:01> [B866A294] seamless unloading cell terrain(W20, 20), (L6, 6)
<19:18:01> [3623F74F] [Seamless] camera has been warped
<19:18:01> [9CAE9693] Starting In World Loading
<19:18:01> [7B1A973B] seamless loading cell terrain(W14, 7), (L2, 2)
<19:18:01> [7B1A973B] seamless loading cell terrain(W13, 8), (L1, 3)
<19:18:01> [7B1A973B] seamless loading cell terrain(W13, 9), (L1, 4)
<19:18:01> [7B1A973B] seamless loading cell terrain(W14, 6), (L2, 1)
<19:18:01> [7B1A973B] seamless loading cell terrain(W14, 11), (L2, 6)
<19:18:01> [7B1A973B] seamless loading cell terrain(W13, 7), (L1, 2)
<19:18:01> [7B1A973B] seamless loading cell terrain(W13, 10), (L1, 5)
<19:18:01> [7B1A973B] seamless loading cell terrain(W15, 5), (L3, 0)
<19:18:01> [7B1A973B] seamless loading cell terrain(W15, 12), (L3, 7)
<19:18:01> [7B1A973B] seamless loading cell terrain(W13, 6), (L1, 1)
<19:18:01> [B866A294] seamless unloading cell terrain(W19, 19), (L7, 7)
<19:18:01> [B866A294] seamless unloading cell terrain(W19, 12), (L7, 0)
<19:18:01> [B866A294] seamless unloading cell terrain(W18, 19), (L6, 7)
<19:18:01> [B866A294] seamless unloading cell terrain(W18, 12), (L6, 0)
<19:18:01> [B866A294] seamless unloading cell terrain(W19, 18), (L7, 6)
<19:18:01> [3EF08C47] seamless loading cell object(W15, 8), (L3, 3)
<19:18:01> [3EF08C47] seamless loading cell object(W15, 9), (L3, 4)
<19:18:01> [3EF08C47] seamless loading cell object(W15, 7), (L3, 2)
<19:18:01> [3EF08C47] seamless loading cell object(W15, 10), (L3, 5)
<19:18:01> [3EF08C47] seamless loading cell object(W14, 8), (L2, 3)
<19:18:01> [3EF08C47] seamless loading cell object(W14, 9), (L2, 4)
<19:18:01> [3EF08C47] seamless loading cell object(W14, 7), (L2, 2)
<19:18:01> [7AB931CE] seamless unloading cell object(W19, 17), (L7, 5)
<19:18:01> [7AB931CE] seamless unloading cell object(W19, 14), (L7, 2)
<19:18:01> [7AB931CE] seamless unloading cell object(W18, 18), (L6, 6)
<19:18:01> [7AB931CE] seamless unloading cell object(W19, 16), (L7, 4)
<19:18:01> [7AB931CE] seamless unloading cell object(W19, 15), (L7, 3)
<19:18:01> [7AB931CE] seamless unloading cell object(W18, 17), (L6, 5)
<19:18:01> [7AB931CE] seamless unloading cell object(W18, 14), (L6, 2)
<19:18:01> [7F89A202][Warning] AI: Warning: AIPoint is not inside Navigation Modifier. pos(4445.1, 3983.6, 114.4)
<19:18:01> [7B1A973B] seamless loading cell terrain(W13, 11), (L1, 6)
<19:18:01> [3EF08C47] seamless loading cell object(W14, 10), (L2, 5)
<19:18:01> [7B1A973B] seamless loading cell terrain(W12, 8), (L0, 3)
<19:18:01> [3EF08C47] seamless loading cell object(W16, 6), (L4, 1)
<19:18:01> [7B1A973B] seamless loading cell terrain(W12, 9), (L0, 4)
<19:18:01> [3EF08C47] seamless loading cell object(W16, 11), (L4, 6)
<19:18:01> [7B1A973B] seamless loading cell terrain(W14, 5), (L2, 0)
<19:18:01> [3EF08C47] seamless loading cell object(W18, 7), (L6, 2)
<19:18:01> [B42C333F] In World Loading Finished
<19:18:02> [82321C2B][Warning] [net 23:18:02.100] [time] remote time estimation restarted; estimate accumulator age was 0.767073
<19:18:02> [BCCDC555][Warning] MakeSprite - too many sprite update (10). dropping.. (sprites : 67)
<19:18:02> [5132FEDE][Warning] invalid attached position(0.00, 21.44, 6.09)
<19:18:02> [CE0EF930][Warning] failed to stream cgf : objects/env/05_nature/08_cry_source/rocks/road_rocks/road_rocks_flat_grey_a.cgf
<19:18:02> [000004EE][Warning] Particle effect not found: 'game/ability_skill_table_k.p_skill_will.masic_off_launch', from unknown 
<19:18:02> [5CE4EF2C][Warning] failed to load particle lib from (Libs/Particles/game/ability_skill_table.xml)
<19:18:02> [745BAE2F][Warning] failed to stream material xml(game/objects/env/01_nuia/001_ncom/01 - Default.mtl)
<19:18:02> [DD6CD685][Warning] grand child physical proxy is not supported. grandpa(Zzzzzzzzz), dad(prefab_doodad_model_15900_prefab://Prefabs/galleon.xml/galleon.galleon_helms), child(galleon_helms_1)
<19:18:02> [637AF710][Warning] missing chr material : game/objects/env/06_unit/01_ship/w_middleship/galleon_01.mtl (chr: game/objects/env/06_unit/01_ship/w_middleship/w_middleship_sail_a.chr)
<19:18:02> [A4D70365][Warning] rigid-body own-entity; prefab=Prefabs/interaction.xml/toy.crane node=AnimObject_1
<19:18:02> [1CCD372E][Warning] WARNING: Trying to play a sound at (0,0,0) position in the entity Enoan Double Square Rig: Sample (prefab_unit). Entity may not be initialized correctly! 
<19:18:03> [B95EE41B][Error] invalid parent unit id(57400)
<19:18:03> [00DCF04C][Warning] Cannot load texture game/objects/characters/ferre/female/test/fe_f_nude_fur_df.dds, file missing [File=game/objects/characters/ferre/female/test/fe_f_nude_fur_df.dds]
<19:18:03> [5243B464][Warning] Error: CShaderMan::mfCreateShaderResources: Couldn't find subsurface texture 'objects/characters/ferre/female/face/face01/fe_f_face01_fur_sss.dds' in path '' [File=objects/characters/ferre/female/face/face01/fe_f_face01_fur_sss.dds]
<19:18:03> [CA175C82][Warning] non-stream IO. system(Material), filePath(game/objects/effects/keffect/m_enchant3_silver_m.mtl)
<19:18:03> [A13C772D][Warning] Cannot load texture ui/font_color.g, Image file format is invalid [File=ui/font_color.g]
<19:18:03> [000004EE][Warning] [Lua Error] ...cripts/x2ui/questcontext/notifier/quest_notifier.lua:350: attempt to index local 'info' (a nil value)
<19:18:04> [000004EE][Warning] Independent immortal particle effect spawned: X2_EFFECT_O.Interaction.enchant_wpn_range_honor_3g
<19:18:04> [000004EE][Warning] [CGF Error] game/objects/env/06_unit/06_glider/glider_wing_crystal/glider_wing_crystal_back.cgf [:] LOD1 of geometry  contains too many polygons comparing to the LOD0 [2720 against 4064] :
<19:18:04> Loading Particle Library: ljs_particle_fx
<19:18:05> [2363981C][Warning] chr material is not precached : game/objects/characters/ferre/female/costume/fe_f_sk_lucius001/fe_f_sk_lucius001_h.mtl (chr: game/objects/characters/ferre/female/costume/fe_f_sk_lucius001/fe_f_sk_lucius001_h.chr)
<19:18:06> Loading Particle Library: X2_EFFECT_KSW
<19:18:06> [F724A392][Error] CryAnimation:: Trying to load animation with alias "fist_ba_relaxed_idle_rand_2" from file "animations/monster/pet_agathion/fist/fist_ba_relaxed_idle_rand.caf" into the animation container. Such animation alias already exists and uses file "animations/monster/pet_agathion/fist/fist_ba_relaxed_idle_rand_2.caf". Please use another animation alias.
<19:18:07> [CE0EF930][Warning] failed to stream cgf : objects/effects/portal_gate.cgf
<19:18:08> [B95EE41B][Error] invalid parent unit id(125193)
<19:18:08> [745BAE2F][Warning] failed to stream material xml(objects/effects/peffect/magic_sphere_mesh_a.mtl)
<19:18:09> [CA175C82][Warning] non-stream IO. system(Material), filePath(game/materials/decals/footstep_sand.mtl)
<19:18:12> [000004EE][Warning] Particle effect not found: 'abillity_skill_table_m.illusion.tired_curse_form', from unknown 
<19:18:13> [7B1A973B] seamless loading cell terrain(W19, 11), (L7, 6)
<19:18:13> [B95EE41B][Error] invalid parent unit id(125193)
<19:18:15> [63ABB424][Warning] Facial sequence "fist_ba_combat_idle_rand_5" not listed in CAL file for character "game/objects/characters/hariharan/female/nude/ha_f_base.chr".
<19:18:16> [745BAE2F][Warning] failed to stream material xml(game/objects/characters/hariharan/female/parts/pt/obj/ha_f_pt_leather150.mtl)
<19:18:16> [637AF710][Warning] missing chr material : game/objects/characters/hariharan/female/parts/pt/obj/ha_f_pt_leather150.mtl (chr: game/objects/characters/hariharan/female/parts/pt/obj/ha_f_1pt614_3th004.chr)
<19:18:17> [CFFE1C46][Error] Error streaming texture: Error 'Cannot open the file', Texture: game/objects/editor/suithelper/gradf.dds
<19:18:17> [0D01BD65] start to parse systm mail
<19:18:17> [BFBA8B5E] end to parse systm mail
<19:18:17> [0D01BD65] start to parse systm mail
<19:18:17> [BFBA8B5E] end to parse systm mail
<19:18:17> [0D01BD65] start to parse systm mail
<19:18:17> [BFBA8B5E] end to parse systm mail
<19:18:17> [0D01BD65] start to parse systm mail
<19:18:17> [BFBA8B5E] end to parse systm mail
<19:18:17> [0D01BD65] start to parse systm mail
<19:18:17> [BFBA8B5E] end to parse systm mail
<19:18:17> [0D01BD65] start to parse systm mail
<19:18:17> [BFBA8B5E] end to parse systm mail
<19:18:17> [0D01BD65] start to parse systm mail
<19:18:17> [BFBA8B5E] end to parse systm mail
<19:18:17> [0D01BD65] start to parse systm mail
<19:18:17> [BFBA8B5E] end to parse systm mail
<19:18:17> [0D01BD65] start to parse systm mail
<19:18:17> [BFBA8B5E] end to parse systm mail
<19:18:17> [0D01BD65] start to parse systm mail
<19:18:17> [BFBA8B5E] end to parse systm mail
<19:18:18> [0D01BD65] start to parse systm mail
<19:18:18> [BFBA8B5E] end to parse systm mail
<19:18:18> [0D01BD65] start to parse systm mail
<19:18:18> [BFBA8B5E] end to parse systm mail
<19:18:18> [0D01BD65] start to parse systm mail
<19:18:18> [BFBA8B5E] end to parse systm mail
<19:18:18> [0D01BD65] start to parse systm mail
<19:18:18> [BFBA8B5E] end to parse systm mail
<19:18:18> [0D01BD65] start to parse systm mail
<19:18:18> [BFBA8B5E] end to parse systm mail
<19:18:18> [0D01BD65] start to parse systm mail
<19:18:18> [BFBA8B5E] end to parse systm mail
<19:18:18> [0D01BD65] start to parse systm mail
<19:18:18> [BFBA8B5E] end to parse systm mail
<19:18:18> [0D01BD65] start to parse systm mail
<19:18:18> [BFBA8B5E] end to parse systm mail
<19:18:18> [0D01BD65] start to parse systm mail
<19:18:18> [BFBA8B5E] end to parse systm mail
<19:18:18> [0D01BD65] start to parse systm mail
<19:18:18> [BFBA8B5E] end to parse systm mail
<19:18:18> [0D01BD65] start to parse systm mail
<19:18:18> [BFBA8B5E] end to parse systm mail
<19:18:18> [0D01BD65] start to parse systm mail
<19:18:18> [BFBA8B5E] end to parse systm mail
<19:18:18> [0D01BD65] start to parse systm mail
<19:18:18> [BFBA8B5E] end to parse systm mail
<19:18:18> [0D01BD65] start to parse systm mail
<19:18:18> [BFBA8B5E] end to parse systm mail
<19:18:18> [0D01BD65] start to parse systm mail
<19:18:18> [BFBA8B5E] end to parse systm mail
<19:18:18> [0D01BD65] start to parse systm mail
<19:18:18> [BFBA8B5E] end to parse systm mail
<19:18:18> [0D01BD65] start to parse systm mail
<19:18:18> [BFBA8B5E] end to parse systm mail
<19:18:22> [CFFE1C46][Error] Error streaming texture: Error 'Cannot open the file', Texture: game/objects/editor/suithelper/gradf.dds
<19:18:23> [000004EE][Warning] [Lua Error] ...cripts/x2ui/questcontext/notifier/quest_notifier.lua:350: attempt to index local 'info' (a nil value)
<19:18:23> [0D01BD65] start to parse systm mail
<19:18:23> [BFBA8B5E] end to parse systm mail
<19:18:23> [0D01BD65] start to parse systm mail
<19:18:23> [BFBA8B5E] end to parse systm mail
<19:18:23> [0D01BD65] start to parse systm mail
<19:18:23> [BFBA8B5E] end to parse systm mail
<19:18:23> [0D01BD65] start to parse systm mail
<19:18:23> [BFBA8B5E] end to parse systm mail
<19:18:23> [0D01BD65] start to parse systm mail
<19:18:23> [BFBA8B5E] end to parse systm mail
<19:18:23> [0D01BD65] start to parse systm mail
<19:18:23> [BFBA8B5E] end to parse systm mail
<19:18:23> [0D01BD65] start to parse systm mail
<19:18:23> [BFBA8B5E] end to parse systm mail
<19:18:23> [0D01BD65] start to parse systm mail
<19:18:23> [BFBA8B5E] end to parse systm mail
<19:18:23> [0D01BD65] start to parse systm mail
<19:18:23> [BFBA8B5E] end to parse systm mail
<19:18:23> [0D01BD65] start to parse systm mail
<19:18:23> [BFBA8B5E] end to parse systm mail
<19:18:23> [0D01BD65] start to parse systm mail
<19:18:23> [BFBA8B5E] end to parse systm mail
<19:18:23> [0D01BD65] start to parse systm mail
<19:18:23> [BFBA8B5E] end to parse systm mail
<19:18:23> [0D01BD65] start to parse systm mail
<19:18:23> [BFBA8B5E] end to parse systm mail
<19:18:23> [0D01BD65] start to parse systm mail
<19:18:23> [BFBA8B5E] end to parse systm mail
<19:18:23> [0D01BD65] start to parse systm mail
<19:18:23> [BFBA8B5E] end to parse systm mail
<19:18:23> [0D01BD65] start to parse systm mail
<19:18:23> [BFBA8B5E] end to parse systm mail
<19:18:23> [0D01BD65] start to parse systm mail
<19:18:23> [BFBA8B5E] end to parse systm mail
<19:18:23> [0D01BD65] start to parse systm mail
<19:18:23> [BFBA8B5E] end to parse systm mail
<19:18:23> [0D01BD65] start to parse systm mail
<19:18:23> [BFBA8B5E] end to parse systm mail
<19:18:23> [0D01BD65] start to parse systm mail
<19:18:23> [BFBA8B5E] end to parse systm mail
<19:18:23> [0D01BD65] start to parse systm mail
<19:18:23> [BFBA8B5E] end to parse systm mail
<19:18:23> [0D01BD65] start to parse systm mail
<19:18:23> [BFBA8B5E] end to parse systm mail
<19:18:23> [0D01BD65] start to parse systm mail
<19:18:23> [BFBA8B5E] end to parse systm mail
<19:18:23> [0D01BD65] start to parse systm mail
<19:18:23> [BFBA8B5E] end to parse systm mail
<19:18:23> [0D01BD65] start to parse systm mail
<19:18:23> [BFBA8B5E] end to parse systm mail
<19:18:23> [0D01BD65] start to parse systm mail
<19:18:23> [BFBA8B5E] end to parse systm mail
<19:18:23> [0D01BD65] start to parse systm mail
<19:18:23> [BFBA8B5E] end to parse systm mail
<19:18:23> [0D01BD65] start to parse systm mail
<19:18:23> [BFBA8B5E] end to parse systm mail
<19:18:23> [0D01BD65] start to parse systm mail
<19:18:23> [BFBA8B5E] end to parse systm mail
<19:18:23> [0D01BD65] start to parse systm mail
<19:18:23> [BFBA8B5E] end to parse systm mail
<19:18:23> [0D01BD65] start to parse systm mail
<19:18:23> [BFBA8B5E] end to parse systm mail
<19:18:23> [0D01BD65] start to parse systm mail
<19:18:23> [BFBA8B5E] end to parse systm mail
<19:18:23> [0D01BD65] start to parse systm mail
<19:18:23> [BFBA8B5E] end to parse systm mail
<19:18:24> [000004EE][Warning] Independent immortal particle effect spawned: X2_EFFECT_O.Interaction.enchant_wpn_range_honor_3g
<19:18:25> [CE0EF930][Warning] failed to stream cgf : objects/effects/portal_gate.cgf
<19:18:26> [B95EE41B][Error] invalid parent unit id(111578)
<19:18:26> [000004EE][Warning] [Lua] invalid style type...  / brown
<19:18:27> [CFFE1C46][Error] Error streaming texture: Error 'Cannot open the file', Texture: game/objects/editor/suithelper/gradf.dds
<19:18:27> [63ABB424][Warning] Facial sequence "fist_ac_whistle" not listed in CAL file for character "game/objects/characters/ferre/female/nude/fe_f_base.chr".
<19:18:27> [745BAE2F][Warning] failed to stream material xml(game/objects/characters/monster/tiger_ride/tiger_ride_yellow/Material #0.mtl)
<19:18:29> [000004EE][Warning] Independent immortal particle effect spawned: X2_EFFECT_O.Interaction.enchant_wpn_range_2g
<19:18:30> [CA175C82][Warning] non-stream IO. system(Material), filePath(game/materials/decals/default.mtl)
<19:18:30> [65FB52A3][Warning] Entity Ser Meatball (Vanity):cannot find animation additive_fist_mo_normal_run_f_rand_1
<19:18:32> [CFFE1C46][Error] Error streaming texture: Error 'Cannot open the file', Texture: game/objects/editor/suithelper/gradf.dds
<19:18:34> [745BAE2F][Warning] failed to stream material xml(game/objects/characters/ferre/female/hair/fe_f_hair029/fe_f_hair029_whin01.mtl)
<19:18:34> [637AF710][Warning] missing chr material : game/objects/characters/ferre/female/parts/bo/obj/fe_f_bo_metal212.mtl (chr: game/objects/characters/ferre/female/parts/bo/obj/fe_f_4bo701.chr)
<19:18:34> [000004EE][Warning] Independent immortal particle effect spawned: X2_EFFECT_O.Interaction.enchant_wpn_range_honor_3g
<19:18:37> [CFFE1C46][Error] Error streaming texture: Error 'Cannot open the file', Texture: game/objects/editor/suithelper/gradf.dds
<19:18:39> [65FB52A3][Warning] Entity Ser Meatball (Vanity):cannot find animation additive_fist_ba_relaxed_idle_rand_7
<19:18:41> [000004EE][Warning] Particle effect not found: 'game/abillity_skill_table_m.illusion.water_wave_launch', from unknown 
<19:18:41> [745BAE2F][Warning] failed to stream material xml(game/objects/characters/ferre/male/face/fe_m_face00_blup01.mtl)
<19:18:41> [B95EE41B][Error] invalid parent unit id(57400)
<19:18:42> [CFFE1C46][Error] Error streaming texture: Error 'Cannot open the file', Texture: game/objects/editor/suithelper/gradf.dds
<19:18:42> [E5DF1C60][Warning] XML parser: Buffer is null. (data size: 0)
<19:18:42> [C3348E9C][Warning] Failed to stream facial sequence (game/animations/ferre/female/facial/twohand_re_combat_hit.fsq)
<19:18:43> [000004EE][Warning] Independent immortal particle effect spawned: X2_EFFECT_O.Interaction.enchant_wpn_range_honor_3g
<19:18:47> [CFFE1C46][Error] Error streaming texture: Error 'Cannot open the file', Texture: game/objects/editor/suithelper/gradf.dds
<19:18:49> [63ABB424][Warning] Facial sequence "fist_ba_combat_idle_rand_3" not listed in CAL file for character "game/objects/characters/hariharan/female/nude/ha_f_base.chr".
<19:18:51> [65FB52A3][Warning] Entity Ser Meatball (Vanity):cannot find animation additive_fist_ba_relaxed_idle_rand_1
<19:18:52> [CA175C82][Warning] non-stream IO. system(Material), filePath(game/objects/characters/ferre/male/face/fe_m_face_blan01.mtl)
<19:18:52> [5243B464][Warning] Error: CShaderMan::mfCreateShaderResources: Couldn't find subsurface texture 'objects/characters/ferre/female/face/face01/fe_f_face01_fur_sss.dds' in path '' [File=objects/characters/ferre/female/face/face01/fe_f_face01_fur_sss.dds]
<19:18:52> [CFFE1C46][Error] Error streaming texture: Error 'Cannot open the file', Texture: game/objects/editor/suithelper/gradf.dds
<19:18:52> [745BAE2F][Warning] failed to stream material xml(game/objects/characters/ferre/male/parts/all/metal/metal098/fe_m_ar_metal098_blan01.mtl)
<19:18:55> [63ABB424][Warning] Facial sequence "fist_ba_combat_idle_rand_5" not listed in CAL file for character "game/objects/characters/hariharan/female/nude/ha_f_base.chr".
<19:18:55> [637AF710][Warning] missing chr material : game/objects/characters/ferre/female/parts/pt/obj/fe_f_pt_cloth158.mtl (chr: game/objects/characters/ferre/female/parts/pt/obj/fe_f_1pt902.chr)
<19:18:55> [000004EE][Warning] Independent immortal particle effect spawned: X2_EFFECT_O.Interaction.enchant_wpn_range_honor_3g
<19:18:56> [65FB52A3][Warning] Entity Ser Meatball (Vanity):cannot find animation additive_fist_ba_relaxed_idle_rand_7
<19:18:57> [CFFE1C46][Error] Error streaming texture: Error 'Cannot open the file', Texture: game/objects/editor/suithelper/gradf.dds
<19:18:59> [B95EE41B][Error] invalid parent unit id(56932)
<19:19:01> [000004EE][Warning] Independent immortal particle effect spawned: X2_EFFECT_O.Interaction.enchant_wpn_range_honor_3g
<19:19:02> [CFFE1C46][Error] Error streaming texture: Error 'Cannot open the file', Texture: game/objects/editor/suithelper/gradf.dds
<19:19:02> [65FB52A3][Warning] Entity Ser Meatball (Vanity):cannot find animation additive_fist_ba_relaxed_idle_rand_6
<19:19:06> [63ABB424][Warning] Facial sequence "fist_ba_combat_idle_rand_5" not listed in CAL file for character "game/objects/characters/ferre/female/nude/fe_f_base.chr".
<19:19:07> [CFFE1C46][Error] Error streaming texture: Error 'Cannot open the file', Texture: game/objects/editor/suithelper/gradf.dds
<19:19:08> [000004EE][Warning] Independent immortal particle effect spawned: X2_EFFECT_O.Interaction.enchant_wpn_range_2g
<19:19:08> [B95EE41B][Error] invalid parent unit id(126778)
<19:19:09> [65FB52A3][Warning] Entity Ser Meatball (Vanity):cannot find animation additive_fist_ba_relaxed_idle_rand_7
<19:19:12> [CFFE1C46][Error] Error streaming texture: Error 'Cannot open the file', Texture: game/objects/editor/suithelper/gradf.dds
<19:19:17> [CFFE1C46][Error] Error streaming texture: Error 'Cannot open the file', Texture: game/objects/editor/suithelper/gradf.dds
<19:19:18> [63ABB424][Warning] Facial sequence "fist_ba_combat_idle_rand_3" not listed in CAL file for character "game/objects/characters/hariharan/female/nude/ha_f_base.chr".
<19:19:18> [65FB52A3][Warning] Entity Ser Meatball (Vanity):cannot find animation additive_fist_ba_relaxed_idle_rand_6
<19:19:19> [745BAE2F][Warning] failed to stream material xml(game/objects/characters/ferre/female/parts/ar/cloth/ar_cloth056/fe_f_ar_cloth056_grap01.mtl)
<19:19:19> [637AF710][Warning] missing chr material : game/objects/characters/ferre/female/parts/gv/obj/fe_f_gv_leather224.mtl (chr: game/objects/characters/ferre/female/parts/gv/obj/fe_f_1gf002_1gv201.chr)
<19:19:21> [B95EE41B][Error] invalid parent unit id(126778)
<19:19:21> [000004EE][Warning] Independent immortal particle effect spawned: X2_EFFECT_O.Interaction.enchant_wpn_range_honor_3g
<19:19:22> [CFFE1C46][Error] Error streaming texture: Error 'Cannot open the file', Texture: game/objects/editor/suithelper/gradf.dds
<19:19:27> [CFFE1C46][Error] Error streaming texture: Error 'Cannot open the file', Texture: game/objects/editor/suithelper/gradf.dds
<19:19:27> [B95EE41B][Error] invalid parent unit id(111578)
<19:19:31> [000004EE][Warning] Particle effect not found: 'game/abillity_skill_table_m.magic.vital_absorb_form', from unknown 
<19:19:31> [745BAE2F][Warning] failed to stream material xml(game/objects/characters/ferre/female/parts/gv/cloth/gv_cloth168/fe_f_gv_cloth168_whtp01.mtl)
<19:19:31> [637AF710][Warning] missing chr material : game/objects/characters/ferre/female/parts/bo/obj/fe_f_bo_cloth168.mtl (chr: game/objects/characters/ferre/female/parts/bo/obj/fe_f_2bo504.chr)
<19:19:32> [CFFE1C46][Error] Error streaming texture: Error 'Cannot open the file', Texture: game/objects/editor/suithelper/gradf.dds
<19:19:32> [63ABB424][Warning] Facial sequence "fist_ba_combat_idle_rand_5" not listed in CAL file for character "game/objects/characters/hariharan/female/nude/ha_f_base.chr".
<19:19:37> [CFFE1C46][Error] Error streaming texture: Error 'Cannot open the file', Texture: game/objects/editor/suithelper/gradf.dds
<19:19:40> [63ABB424][Warning] Facial sequence "fist_ba_combat_idle_rand_3" not listed in CAL file for character "game/objects/characters/hariharan/female/nude/ha_f_base.chr".
<19:19:42> [CFFE1C46][Error] Error streaming texture: Error 'Cannot open the file', Texture: game/objects/editor/suithelper/gradf.dds
<19:19:44> [BB897B4E][Warning] Cannot load texture /, file missing [File=/]
<19:19:44> [FEB87102][Warning] Error: CShaderMan::mfCreateShaderResources: Couldn't find custom secondary texture '/' in path '' [File=/]
<19:19:45> [745BAE2F][Warning] failed to stream material xml(objects/Characters/ferre/female/parts/bo/metal/bo_metal040/fe_f_bo_metal040_whin01.mtl)
<19:19:45> [000004EE][Warning] Independent immortal particle effect spawned: X2_EFFECT_O.Interaction.enchant_wpn_range_honor_3g
<19:19:47> [CFFE1C46][Error] Error streaming texture: Error 'Cannot open the file', Texture: game/objects/editor/suithelper/gradf.dds
<19:19:48> [63ABB424][Warning] Facial sequence "all_re_combat_hit_l" not listed in CAL file for character "game/objects/characters/ferre/male/nude/fe_m_base.chr".
<19:19:52> [CFFE1C46][Error] Error streaming texture: Error 'Cannot open the file', Texture: game/objects/editor/suithelper/gradf.dds
<19:19:57> [CFFE1C46][Error] Error streaming texture: Error 'Cannot open the file', Texture: game/objects/editor/suithelper/gradf.dds
<19:19:59> [745BAE2F][Warning] failed to stream material xml(game/objects/item/blade_1h/blade_1h_46_5/blade_1h_46_5_e_brop01.mtl)
<19:19:59> [000004EE][Warning] Independent immortal particle effect spawned: X2_EFFECT_O.Interaction.enchant_wpn_range_honor_3g
<19:20:00> [CE0EF930][Warning] failed to stream cgf : game/objects/env/05_nature/08_cry_source/rocks/road_rocks/road_rocks_flat_grey_c.cgf
<19:20:05> [000004EE][Warning] [Lua Error] ...cripts/x2ui/questcontext/notifier/quest_notifier.lua:350: attempt to index local 'info' (a nil value)
<19:20:05> [000004EE][Warning] Independent immortal particle effect spawned: X2_EFFECT_O.Interaction.enchant_wpn_range_honor_3g
<19:20:11> [E5DF1C60][Warning] XML parser: Buffer is null. (data size: 0)
<19:20:11> [C3348E9C][Warning] Failed to stream facial sequence (game/animations/ferre/female/facial/twohand_re_combat_hit.fsq)
<19:20:13> [F724A392][Error] CryAnimation:: Trying to load animation with alias "fist_ba_relaxed_idle_rand_2" from file "animations/monster/pet_agathion/fist/fist_ba_relaxed_idle_rand.caf" into the animation container. Such animation alias already exists and uses file "animations/monster/pet_agathion/fist/fist_ba_relaxed_idle_rand_2.caf". Please use another animation alias.
<19:20:14> [000004EE][Warning] Independent immortal particle effect spawned: X2_EFFECT_O.Interaction.enchant_wpn_range_honor_3g
<19:20:16> [745BAE2F][Warning] failed to stream material xml(game/objects/item/blade_1h/blade_1h_46_5/blade_1h_46_5_e_brop01.mtl)
<19:20:17> [CE0EF930][Warning] failed to stream cgf : objects/effects/portal_gate.cgf
<19:20:19> [63ABB424][Warning] Facial sequence "fist_ba_combat_idle_rand_1" not listed in CAL file for character "game/objects/characters/hariharan/female/nude/ha_f_base.chr".
<19:20:25> [000004EE][Warning] Particle effect not found: 'game/ability_skill_table_k.p_skill_will.spell_shield_form', from unknown 
<19:20:25> [745BAE2F][Warning] failed to stream material xml(game/objects/env/06_unit/06_glider/glider_blackdragon_blan01.mtl)
<19:20:25> [5243B464][Warning] Error: CShaderMan::mfCreateShaderResources: Couldn't find subsurface texture 'objects/characters/ferre/female/face/face01/fe_f_face01_fur_sss.dds' in path '' [File=objects/characters/ferre/female/face/face01/fe_f_face01_fur_sss.dds]
<19:20:25> [42424527][Warning] Failed to stream CAF-file [File=animations/item/effect_bone/spear_2h/spear_2h_darkmoon001/default.caf]
<19:20:25> [000004EE][Warning] Independent immortal particle effect spawned: X2_EFFECT_O.Interaction.enchant_wpn_range_honor_3g
<19:20:30> [B95EE41B][Error] invalid parent unit id(126747)
<19:20:32> [000004EE][Warning] Independent immortal particle effect spawned: X2_EFFECT_O.Interaction.enchant_wpn_range_honor_3g
<19:20:36> [745BAE2F][Warning] failed to stream material xml(game/objects/item/blade_1h/blade_1h_46_5/blade_1h_46_5_e_brop01.mtl)
<19:20:45> [63ABB424][Warning] Facial sequence "fist_ba_combat_idle_rand_1" not listed in CAL file for character "game/objects/characters/ferre/female/nude/fe_f_base.chr".
<19:20:50> [63ABB424][Warning] Facial sequence "fist_ba_combat_idle_rand_5" not listed in CAL file for character "game/objects/characters/hariharan/female/nude/ha_f_base.chr".
<19:20:56> [63ABB424][Warning] Facial sequence "fist_ba_combat_idle_rand_4" not listed in CAL file for character "game/objects/characters/hariharan/female/nude/ha_f_base.chr".
<19:21:00> [745BAE2F][Warning] failed to stream material xml(game/objects/item/blade_1h/blade_1h_46_5/blade_1h_46_5_e_brop01.mtl)
<19:21:00> [000004EE][Warning] Independent immortal particle effect spawned: X2_EFFECT_O.Interaction.enchant_wpn_range_honor_3g
<19:21:04> [63ABB424][Warning] Facial sequence "fist_ba_combat_idle_rand_1" not listed in CAL file for character "game/objects/characters/hariharan/female/nude/ha_f_base.chr".
<19:21:11> [CE0EF930][Warning] failed to stream cgf : objects/effects/portal_gate.cgf
<19:21:13> [000004EE][Warning] Independent immortal particle effect spawned: X2_EFFECT_O.Interaction.enchant_wpn_range_honor_3g
<19:21:17> [63ABB424][Warning] Facial sequence "fist_ba_combat_idle_rand_3" not listed in CAL file for character "game/objects/characters/ferre/female/nude/fe_f_base.chr".
<19:21:21> [000004EE][Warning] Independent immortal particle effect spawned: X2_EFFECT_O.Interaction.enchant_wpn_melee1h_honor_3g
<19:21:25> [B95EE41B][Error] invalid parent unit id(122581)
<19:21:25> [437E3168][Warning] Cannot load texture game/objects/characters/monster/phoenix_white/phoenix_white2_df.dds, file missing [File=game/objects/characters/monster/phoenix_white/phoenix_white2_df.dds]
<19:21:27> [000004EE][Warning] Independent immortal particle effect spawned: X2_EFFECT_O.Interaction.enchant_wpn_range_honor_3g
<19:21:29> [745BAE2F][Warning] failed to stream material xml(game/objects/env/06_unit/06_glider/glider_butterfly_brop01.mtl)
<19:21:31> [63ABB424][Warning] Facial sequence "fist_ac_whistle" not listed in CAL file for character "game/objects/characters/hariharan/female/nude/ha_f_base.chr".
<19:21:32> [B95EE41B][Error] invalid parent unit id(63915)
<19:21:35> [000004EE][Warning] Particle effect not found: 'game/ability_skill_table_k.p_skill_adament.provoke_launch', from unknown 
<19:21:35> [77BB93C4][Warning] Non 3dc normal map used (wrong on DX10): game/objects/item/aac/all/aa_summer/shield/Hamilton/aa_summer_buoy_shield_ddn.dds [File=game/objects/item/aac/all/aa_summer/shield/Hamilton/aa_summer_buoy_shield_ddn.dds]
<19:21:35> [98526969][Warning] Not a normal map texture tried to be used as a normal map: game/objects/item/aac/all/aa_summer/shield/Hamilton/aa_summer_buoy_shield_sp.dds [File=game/objects/item/aac/all/aa_summer/shield/Hamilton/aa_summer_buoy_shield_sp.dds]
<19:21:35> [000004EE][Warning] Independent immortal particle effect spawned: X2_EFFECT_O.Interaction.enchant_wpn_range_honor_3g
<19:21:35> [745BAE2F][Warning] failed to stream material xml(objects/effects/peffect/magic_sphere_mesh_a.mtl)
<19:21:35> [2363981C][Warning] chr material is not precached : game/objects/characters/ferre/female/hair/fe_f_hair039/fe_f_hair039.mtl (chr: game/objects/characters/ferre/female/hair/fe_f_hair039/fe_f_hair039.chr)
<19:21:35> [CA175C82][Warning] non-stream IO. system(Material), filePath(game/objects/characters/ferre/female/hair/fe_f_hair039/fe_f_hair039.mtl)
<19:21:37> [63ABB424][Warning] Facial sequence "fist_ba_combat_idle_rand_4" not listed in CAL file for character "game/objects/characters/hariharan/female/nude/ha_f_base.chr".
<19:21:39> [B95EE41B][Error] invalid parent unit id(105143)
<19:21:42> [CE0EF930][Warning] failed to stream cgf : objects/env/05_nature/08_cry_source/rocks/precipice/landslide_rock_small_d.cgf
<19:21:54> [745BAE2F][Warning] failed to stream material xml(game/objects/characters/ferre/female/hair/fe_f_hair029/fe_f_hair029_whin01.mtl)
<19:21:54> [637AF710][Warning] missing chr material : game/objects/characters/ferre/female/parts/bo/obj/fe_f_bo_cloth486.mtl (chr: game/objects/characters/ferre/female/parts/bo/obj/fe_f_1bf004_1bo201.chr)
<19:21:54> [000004EE][Warning] Independent immortal particle effect spawned: X2_EFFECT_O.Interaction.enchant_wpn_range_honor_3g
<19:21:55> Loading Particle Library: X2_EFFECTS_C1
<19:21:55> [000004EE][Warning] Particle effect not found: 'X2_EFFECTS_C1.Glider.Crystal_Wing.front_trail1', from unknown 
<19:21:55> [A181AEBC][Warning] Anim events cannot find effect "X2_EFFECTS_C1.Glider.Crystal_Wing.front_trail1", requested by animation "animations/env/glider_wing_crystal/fist_ac_gliding_front.caf".
<19:21:56> [63ABB424][Warning] Facial sequence "fist_ba_combat_idle_rand_3" not listed in CAL file for character "game/objects/characters/ferre/female/nude/fe_f_base.chr".
<19:21:59> [FC50B0AC][Warning] Non 3dc normal map used (wrong on DX10): game/objects/item/aac/all/aa_summer/1h_spear/Sunphira/aa_summer_shish_kebab_ddn.dds [File=game/objects/item/aac/all/aa_summer/1h_spear/Sunphira/aa_summer_shish_kebab_ddn.dds]
<19:21:59> [42C3B581][Warning] Not a normal map texture tried to be used as a normal map: game/objects/item/aac/all/aa_summer/1h_spear/Sunphira/aa_summer_shish_kebab_sp.dds [File=game/objects/item/aac/all/aa_summer/1h_spear/Sunphira/aa_summer_shish_kebab_sp.dds]
<19:21:59> [CA175C82][Warning] non-stream IO. system(Material), filePath(game/objects/effects/keffect/m_enchant3_silver_s.mtl)
<19:22:04> [63ABB424][Warning] Facial sequence "fist_ba_combat_idle_rand_3" not listed in CAL file for character "game/objects/characters/ferre/female/nude/fe_f_base.chr".
<19:22:11> [745BAE2F][Warning] failed to stream material xml(game/objects/env/01_nuia/001_ndeco/fish/ndeco_fishrod_a03_whin01.mtl)
<19:22:11> [000004EE][Warning] Independent immortal particle effect spawned: X2_EFFECT_O.Interaction.enchant_wpn_range_honor_3g
<19:22:14> [637AF710][Warning] missing chr material : game/objects/characters/ferre/female/parts/gv/obj/fe_f_gv_cloth037.mtl (chr: game/objects/characters/ferre/female/parts/gv/obj/fe_f_1gv102.chr)
<19:22:14> [186EDA89][Warning] Cannot load texture game/objects/characters/ferre/female/face/fe_f_face_yel_df.dds, file missing [File=game/objects/characters/ferre/female/face/fe_f_face_yel_df.dds]
<19:22:16> [CA175C82][Warning] non-stream IO. system(Material), filePath(game/materials/misc/rope/rope_fishing.mtl)
<19:22:16> [63ABB424][Warning] Facial sequence "fist_ba_combat_idle_rand_5" not listed in CAL file for character "game/objects/characters/ferre/female/nude/fe_f_base.chr".
<19:22:22> [63ABB424][Warning] Facial sequence "fist_ba_combat_idle_rand_1" not listed in CAL file for character "game/objects/characters/ferre/female/nude/fe_f_base.chr".
<19:22:23> [745BAE2F][Warning] failed to stream material xml(game/objects/characters/warborn/female/hair/wa_f_hair004/nu_f_hair001.mtl)
<19:22:23> [4315AF15][Warning] Non 3dc normal map used (wrong on DX10): game/objects/item/aac/all/aa_summer/2h_spear/Powerpoint/aa_summer_pool_noodle_ddn.dds [File=game/objects/item/aac/all/aa_summer/2h_spear/Powerpoint/aa_summer_pool_noodle_ddn.dds]
<19:22:23> [5CE0EBF8][Warning] Not a normal map texture tried to be used as a normal map: game/objects/item/aac/all/aa_summer/2h_spear/Powerpoint/aa_summer_pool_noodle_sp.dds [File=game/objects/item/aac/all/aa_summer/2h_spear/Powerpoint/aa_summer_pool_noodle_sp.dds]
<19:22:24> [CA175C82][Warning] non-stream IO. system(Material), filePath(game/materials/misc/rope/rope_fishing.mtl)
<19:22:25> [B95EE41B][Error] invalid parent unit id(106210)
<19:22:25> [000004EE][Warning] Independent immortal particle effect spawned: X2_EFFECT_O.Interaction.enchant_wpn_range_honor_3g
<19:22:25> [4820ACB9][Warning] Cannot load texture game/textures/p_effects/syh_effect/cat_footstrp_01.dds, file missing [File=game/textures/p_effects/syh_effect/cat_footstrp_01.dds]
<19:22:29> [000004EE][Warning] [CGF Error] game/objects/item/sword_2h/sword_2h_55_6/sword_2h_55_6.cgf [:] LOD1 of geometry  contains too many polygons comparing to the LOD0 [934 against 1320] :
<19:22:30> [745BAE2F][Warning] failed to stream material xml(game/objects/characters/hariharan/female/parts/cp/obj/ha_f_cp_leather002.mtl)
<19:22:30> [637AF710][Warning] missing chr material : game/objects/characters/hariharan/female/parts/cp/obj/ha_f_cp_leather002.mtl (chr: game/objects/characters/hariharan/female/parts/cp/obj/ha_f_1cp113.chr)
<19:22:31> [63ABB424][Warning] Facial sequence "fist_ba_combat_idle_rand_3" not listed in CAL file for character "game/objects/characters/ferre/female/nude/fe_f_base.chr".
<19:22:31> [CA175C82][Warning] non-stream IO. system(Material), filePath(game/materials/misc/rope/rope_fishing.mtl)
<19:22:33> [000004EE][Warning] Independent immortal particle effect spawned: X2_EFFECT_O.Interaction.enchant_wpn_range_honor_3g
<19:22:35> [B95EE41B][Error] invalid parent unit id(106210)
<19:22:36> [745BAE2F][Warning] failed to stream material xml(game/objects/item/ins_w/ins_w_festival02/ins_w_festival02_whin01.mtl)
<19:22:41> [BD8C448A][Warning] Cannot load texture game/objects/characters/warborn/male/nude/wa_m_nude_ddn.dds, file missing [File=game/objects/characters/warborn/male/nude/wa_m_nude_ddn.dds]
<19:22:41> [CA175C82][Warning] non-stream IO. system(Material), filePath(game/objects/characters/warborn/male/horns/wa_m_horns014/wa_m_horns014_hc07.mtl)
<19:22:41> [63ABB424][Warning] Facial sequence "fist_ba_combat_idle_rand_4" not listed in CAL file for character "game/objects/characters/ferre/female/nude/fe_f_base.chr".
<19:22:43> [745BAE2F][Warning] failed to stream material xml(game/objects/effects/ksw_effect/qilin.mtl)
<19:22:43> [B95EE41B][Error] invalid parent unit id(92238)
<19:22:45> [77BB93C4][Warning] Non 3dc normal map used (wrong on DX10): game/objects/item/aac/all/aa_summer/shield/Hamilton/aa_summer_buoy_shield_ddn.dds [File=game/objects/item/aac/all/aa_summer/shield/Hamilton/aa_summer_buoy_shield_ddn.dds]
<19:22:45> [98526969][Warning] Not a normal map texture tried to be used as a normal map: game/objects/item/aac/all/aa_summer/shield/Hamilton/aa_summer_buoy_shield_sp.dds [File=game/objects/item/aac/all/aa_summer/shield/Hamilton/aa_summer_buoy_shield_sp.dds]
<19:22:45> [000004EE][Warning] Independent immortal particle effect spawned: X2_EFFECT_O.Interaction.enchant_wpn_range_honor_3g
<19:22:46> [CA175C82][Warning] non-stream IO. system(Material), filePath(game/materials/misc/rope/rope_fishing.mtl)
<19:22:50> [63ABB424][Warning] Facial sequence "fist_ba_combat_idle_rand_1" not listed in CAL file for character "game/objects/characters/ferre/female/nude/fe_f_base.chr".
<19:22:52> [745BAE2F][Warning] failed to stream material xml(game/materials/effects/fume_h_ssd.mtl)
<19:22:57> [CA175C82][Warning] non-stream IO. system(Material), filePath(game/materials/misc/rope/rope_fishing.mtl)
<19:23:04> [63ABB424][Warning] Facial sequence "fist_ba_combat_idle_rand_5" not listed in CAL file for character "game/objects/characters/ferre/female/nude/fe_f_base.chr".
<19:23:04> [000004EE][Warning] Independent immortal particle effect spawned: X2_EFFECT_O.Interaction.enchant_wpn_range_honor_3g
<19:23:07> [E6E0E18C][Warning] Not a normal map texture tried to be used as a normal map: game/objects/item/aac/staff_2h/staff_comet/aa_meteor_staff_fx.dds [File=game/objects/item/aac/staff_2h/staff_comet/aa_meteor_staff_fx.dds]
<19:23:07> [F606EC0D][Warning] Cannot load texture game/textures/p_effects/kwak_effect/eff_line_001.dds, file missing [File=game/textures/p_effects/kwak_effect/eff_line_001.dds]
<19:23:07> [5CE4EF2C][Warning] failed to load particle lib from (Libs/Particles/X2_EFFECT_kwak.xml)
<19:23:07> [000004EE][Warning] Particle effect not found: 'X2_EFFECT_kwak.kk_bm_test.wb_nuian_phoenix001_f_fx', from unknown 
<19:23:07> [A181AEBC][Warning] Anim events cannot find effect "X2_EFFECT_kwak.kk_bm_test.wb_nuian_phoenix001_f_fx", requested by animation "<MISSING ANIM NAME>".
<19:23:10> [CA175C82][Warning] non-stream IO. system(Material), filePath(game/materials/misc/rope/rope_fishing.mtl)
<19:23:12> [646DBCFB][Warning] Animation-queue overflow. More then 17 entries. This is a serious performance problem. game/objects/env/01_nuia/001_ndeco/fish/ndeco_fishrod_a03.chr
<19:23:18> [437E3168][Warning] Cannot load texture game/objects/characters/monster/phoenix_white/phoenix_white2_df.dds, file missing [File=game/objects/characters/monster/phoenix_white/phoenix_white2_df.dds]
<19:23:18> [000004EE][Warning] Independent immortal particle effect spawned: X2_EFFECT_O.Interaction.enchant_wpn_range_honor_3g
<19:23:25> [745BAE2F][Warning] failed to stream material xml(game/objects/effects/ksw_effect/qilin.mtl)
<19:23:26> [B95EE41B][Error] invalid parent unit id(120325)
<19:23:26> [186EDA89][Warning] Cannot load texture game/objects/characters/ferre/female/face/fe_f_face_yel_df.dds, file missing [File=game/objects/characters/ferre/female/face/fe_f_face_yel_df.dds]
<19:23:28> [63ABB424][Warning] Facial sequence "fist_ba_combat_idle_rand_1" not listed in CAL file for character "game/objects/characters/ferre/female/nude/fe_f_base.chr".
<19:23:30> [000004EE][Warning] Independent immortal particle effect spawned: X2_EFFECT_O.Interaction.enchant_wpn_range_honor_3g
<19:23:33> [745BAE2F][Warning] failed to stream material xml(game/materials/effects/fume_h_ssd.mtl)
<19:23:37> [B95EE41B][Error] invalid parent unit id(120325)
<19:23:37> [63ABB424][Warning] Facial sequence "fist_ba_combat_idle_rand_2" not listed in CAL file for character "game/objects/characters/ferre/female/nude/fe_f_base.chr".
<19:23:40> [E5DF1C60][Warning] XML parser: Buffer is null. (data size: 0)
<19:23:40> [C3348E9C][Warning] Failed to stream facial sequence (game/animations/ferre/female/facial/twohand_re_combat_hit.fsq)
<19:23:43> [63ABB424][Warning] Facial sequence "all_re_combat_hit_l" not listed in CAL file for character "game/objects/characters/ferre/female/nude/fe_f_base.chr".
<19:23:46> [000004EE][Warning] Independent immortal particle effect spawned: X2_EFFECT_O.Interaction.enchant_wpn_range_honor_3g
<19:23:59> [000004EE][Warning] Particle effect not found: 'game/ability_skill_table_k.p_skill_adament.hammer_launch', from unknown 
<19:23:59> [745BAE2F][Warning] failed to stream material xml(game/objects/characters/ferre/female/hair/fe_f_hair018/fe_f_hair018_whin01.mtl)
<19:24:02> [BD8C448A][Warning] Cannot load texture game/objects/characters/warborn/male/nude/wa_m_nude_ddn.dds, file missing [File=game/objects/characters/warborn/male/nude/wa_m_nude_ddn.dds]
<19:24:02> [CA175C82][Warning] non-stream IO. system(Material), filePath(game/objects/characters/warborn/male/horns/wa_m_horns014/wa_m_horns014_hc01.mtl)
<19:24:02> [000004EE][Warning] Independent immortal particle effect spawned: X2_EFFECT_O.Interaction.enchant_wpn_range_honor_3g
<19:24:06> [745BAE2F][Warning] failed to stream material xml(game/objects/characters/warborn/female/parts/hm/obj/wa_f_hm_leather495.mtl)
<19:24:06> [637AF710][Warning] missing chr material : game/objects/characters/warborn/female/parts/hm/obj/wa_f_hm_leather495.mtl (chr: game/objects/characters/warborn/female/parts/hm/obj/wa_f_1hm104.chr)
<19:24:14> [745BAE2F][Warning] failed to stream material xml(game/materials/effects/fume_h_ssd.mtl)
<19:24:16> [63ABB424][Warning] Facial sequence "fist_ba_combat_idle_rand_1" not listed in CAL file for character "game/objects/characters/ferre/female/nude/fe_f_base.chr".
<19:24:22> [745BAE2F][Warning] failed to stream material xml(game/objects/characters/ferre/male/parts/ar/leather/ar_leather181/fe_m_ar_leather181_brop01.mtl)
<19:24:22> [637AF710][Warning] missing chr material : game/objects/characters/ferre/male/parts/gv/obj/fe_m_gv_leather001.mtl (chr: game/objects/characters/ferre/male/parts/gv/obj/fe_m_2gv102.chr)
<19:24:22> [000004EE][Warning] Particle effect not found: 'game/ability_skill_table_k.p_skill_romance.penance_hymn_launch', from unknown 
<19:24:22> [CA175C82][Warning] non-stream IO. system(Material), filePath(game/objects/characters/warborn/female/horns/wa_f_horns006/wa_f_horns006_hc01.mtl)
<19:24:22> [000004EE][Warning] Independent immortal particle effect spawned: X2_EFFECT_O.Interaction.enchant_wpn_range_honor_3g
<19:24:25> [63ABB424][Warning] Facial sequence "fist_ba_combat_idle_rand_1" not listed in CAL file for character "game/objects/characters/ferre/female/nude/fe_f_base.chr".
<19:24:34> [63ABB424][Warning] Facial sequence "fist_ba_combat_idle_rand_5" not listed in CAL file for character "game/objects/characters/ferre/female/nude/fe_f_base.chr".
<19:24:39> [F724A392][Error] CryAnimation:: Trying to load animation with alias "fist_ba_relaxed_idle_rand_3" from file "animations/monster/yata/fist/fist_ba_relaxed_idle_rand_3.caf" into the animation container. Such animation alias already exists and uses file "animations/monster/yata/fist/fist_ba_relaxed_idle_rand_1.caf". Please use another animation alias.
<19:24:40> [E5DF1C60][Warning] XML parser: Buffer is null. (data size: 0)
<19:24:40> [C3348E9C][Warning] Failed to stream facial sequence (game/animations/warborn/female/facial/twohand_re_combat_hit.fsq)
<19:24:42> [646DBCFB][Warning] Animation-queue overflow. More then 17 entries. This is a serious performance problem. game/objects/env/06_unit/06_glider/glider_sloth/glider_sloth_back.chr
<19:24:43> [63ABB424][Warning] Facial sequence "fist_ba_combat_idle_rand_5" not listed in CAL file for character "game/objects/characters/ferre/female/nude/fe_f_base.chr".
<19:24:44> [745BAE2F][Warning] failed to stream material xml(game/objects/effects/ksw_effect/qilin.mtl)
<19:24:45> [CE0EF930][Warning] failed to stream cgf : objects/effects/portal_gate.cgf
<19:24:46> [E5DF1C60][Warning] XML parser: Buffer is null. (data size: 0)
<19:24:46> [C3348E9C][Warning] Failed to stream facial sequence (game/animations/warborn/female/facial/twohand_re_combat_hit.fsq)
<19:24:47> [000004EE][Warning] Failed to load shader "Dynamiceffect_pul" in material "game/objects/characters/nuian/female/costume/nu_f_sk_tech001/nu_f_sk_tech_fx1"
<19:24:47> [CA175C82][Warning] non-stream IO. system(Material), filePath(game/objects/characters/hariharan/female/hair/ha_f_hair001/ha_f_hair001_hc16.mtl)
<19:24:47> [562F2D07][Warning] Failed to stream CAF-file [File=animations/item/effect_bone/staff_2h/staff_2h_darkmoon001/default.caf]
<19:24:47> [000004EE][Warning] Independent immortal particle effect spawned: X2_EFFECT_O.Interaction.enchant_wpn_range_honor_3g
<19:24:48> [000004EE][Warning] Particle effect not found: 'abillity_skill_table_m.death.hell_spears_range ', from unknown 
<19:24:48> [AE6E9877][Warning] Cannot load texture textures/terrain/detail/cliff_grey_blue_with_dry_bushes_ddn.dds, file missing [File=textures/terrain/detail/cliff_grey_blue_with_dry_bushes_ddn.dds]
<19:24:48> [E9AF7F49][Warning] Error: CShaderMan::mfCreateShaderResources: Couldn't find detail texture
'textures/terrain/detail/cliff_grey_blue_with_dry_bushes_ddn.dds' in path '' [File=textures/terrain/detail/cliff_grey_blue_with_dry_bushes_ddn.dds]
<19:24:49> [646DBCFB][Warning] Animation-queue overflow. More then 17 entries. This is a serious performance problem. game/objects/env/06_unit/06_glider/glider_sloth/glider_sloth_back.chr
<19:24:51> [E5DF1C60][Warning] XML parser: Buffer is null. (data size: 0)
<19:24:51> [C3348E9C][Warning] Failed to stream facial sequence (game/animations/warborn/female/facial/fist_em_worship.fsq)
<19:24:58> [745BAE2F][Warning] failed to stream material xml(game/objects/characters/ferre/male/face/fe_m_face00_blup01.mtl)
<19:24:59> [8D16687E][Warning] Failed to Load Character file. Skeleton-Initial-Positions are missing [File=game/objects/characters/monster/snowman_ride/snowman_ride_armor01/snowman_ride_bo_01/snowman_ride_bo_01.chr]
<19:25:01> [000004EE][Warning] Particle effect not found: 'game/ability_skill_table_k.p_skill_love.reform_form', from unknown 
<19:25:01> [CA175C82][Warning] non-stream IO. system(Material), filePath(game/objects/characters/warborn/female/horns/wa_f_horns006/wa_f_horns006_hc07.mtl)
<19:25:03> [000004EE][Warning] Failed to load shader "Dynamiceffect_pul" in material "game/objects/characters/nuian/male/costume/nu_m_sk_tech001/nu_m_sk_tech_fx1"
<19:25:04> [CE0EF930][Warning] failed to stream cgf : objects/effects/portal_gate.cgf
<19:25:06> [63ABB424][Warning] Facial sequence "fist_ba_combat_idle_rand_5" not listed in CAL file for character "game/objects/characters/ferre/female/nude/fe_f_base.chr".
<19:25:06> [000004EE][Warning] [CGF Error] game/objects/item/staff_2h/staff_2h_cathero/staff_2h_cathero.cgf [:] LOD1 of geometry  contains too many polygons comparing to the LOD0 [2051 against 2608] :
<19:25:06> [000004EE][Warning] Independent immortal particle effect spawned: X2_EFFECT_O.Interaction.enchant_wpn_range_honor_3g
<19:25:10> [A4D70365][Warning] rigid-body own-entity; prefab=prefabs/fishboat.xml/fishboat.fishboat_wheel node=webbed_feet
<19:25:10> [745BAE2F][Warning] failed to stream material xml(game/objects/env/06_unit/01_ship/fishboat/fisherbarrel.mtl)
<19:25:10> [DD6CD685][Warning] grand child physical proxy is not supported. grandpa(30-Day Longliner), dad(prefab_doodad_model_632784_prefab://Prefabs/galleon.xml/galleon.galleon_helms), child(galleon_helms_1)
<19:25:10> [B95EE41B][Error] invalid parent unit id(118023)
<19:25:14> [63ABB424][Warning] Facial sequence "fist_ba_combat_idle_rand_5" not listed in CAL file for character "game/objects/characters/ferre/female/nude/fe_f_base.chr".
<19:25:16> [F724A392][Error] CryAnimation:: Trying to load animation with alias "fist_ba_relaxed_idle_rand_3" from file "animations/monster/yata/fist/fist_ba_relaxed_idle_rand_3.caf" into the animation container. Such animation alias already exists and uses file "animations/monster/yata/fist/fist_ba_relaxed_idle_rand_1.caf". Please use another animation alias.
<19:25:17> [B95EE41B][Error] invalid parent unit id(110295)
<19:25:18> [4315AF15][Warning] Non 3dc normal map used (wrong on DX10): game/objects/item/aac/all/aa_summer/2h_spear/Powerpoint/aa_summer_pool_noodle_ddn.dds [File=game/objects/item/aac/all/aa_summer/2h_spear/Powerpoint/aa_summer_pool_noodle_ddn.dds]
<19:25:18> [5CE0EBF8][Warning] Not a normal map texture tried to be used as a normal map: game/objects/item/aac/all/aa_summer/2h_spear/Powerpoint/aa_summer_pool_noodle_sp.dds [File=game/objects/item/aac/all/aa_summer/2h_spear/Powerpoint/aa_summer_pool_noodle_sp.dds]
<19:25:26> [745BAE2F][Warning] failed to stream material xml(game/materials/effects/fume_h_ssd.mtl)
<19:25:28> [63ABB424][Warning] Facial sequence "fist_ba_combat_idle_rand_1" not listed in CAL file for character "game/objects/characters/ferre/female/nude/fe_f_base.chr".
<19:25:28> [000004EE][Warning] Independent immortal particle effect spawned: X2_EFFECT_O.Interaction.enchant_wpn_range_honor_3g
<19:25:36> [63ABB424][Warning] Facial sequence "fist_ac_whistle" not listed in CAL file for character "game/objects/characters/warborn/female/nude/wa_f_base.chr".
<19:25:38> [B95EE41B][Error] invalid parent unit id(96997)
<19:25:43> [000004EE][Warning] Independent immortal particle effect spawned: X2_EFFECT_O.Interaction.enchant_wpn_range_honor_3g
<19:25:44> [63ABB424][Warning] Facial sequence "fist_ba_combat_idle_rand_3" not listed in CAL file for character "game/objects/characters/ferre/female/nude/fe_f_base.chr".
<19:25:47> [B95EE41B][Error] invalid parent unit id(96997)
<19:25:49> [000004EE][Warning] Independent immortal particle effect spawned: X2_EFFECT_O.Interaction.enchant_wpn_range_honor_3g
<19:25:50> [E5DF1C60][Warning] XML parser: Buffer is null. (data size: 0)
<19:25:50> [C3348E9C][Warning] Failed to stream facial sequence (game/animations/ferre/female/facial/twohand_re_combat_hit.fsq)
<19:25:52> [63ABB424][Warning] Facial sequence "all_re_combat_hit_l" not listed in CAL file for character "game/objects/characters/ferre/female/nude/fe_f_base.chr".
<19:25:56> [000004EE][Warning] Independent immortal particle effect spawned: X2_EFFECT_O.Interaction.enchant_wpn_range_honor_3g
<19:25:59> [745BAE2F][Warning] failed to stream material xml(game/objects/item/blade_1h/blade_1h_46_5/blade_1h_46_5_e_brop01.mtl)
<19:26:02> [DD6CD685][Warning] grand child physical proxy is not supported. grandpa(Harpoon Clipper), dad(prefab_doodad_model_652267_prefab://Prefabs/galleon.xml/galleon.galleon_helms), child(galleon_helms_1)
<19:26:02> [000004EE][Warning] Independent immortal particle effect spawned: X2_EFFECT_O.Interaction.enchant_wpn_range_honor_3g
<19:26:07> [2363981C][Warning] chr material is not precached : game/objects/characters/warborn/female/costume/wa_f_sk_metalpriest001/wa_f_sk_metalpriest001_h.mtl (chr: game/objects/characters/warborn/female/costume/wa_f_sk_metalpriest001/wa_f_sk_metalpriest001_h.chr)
<19:26:07> [CA175C82][Warning] non-stream IO. system(Material), filePath(game/objects/characters/warborn/female/costume/wa_f_sk_metalpriest001/wa_f_sk_metalpriest001_h.mtl)
<19:26:10> [745BAE2F][Warning] failed to stream material xml(game/objects/characters/ferre/male/hair/fe_m_hair030/fe_m_hair030_blan01.mtl)
<19:26:10> [5243B464][Warning] Error: CShaderMan::mfCreateShaderResources: Couldn't find subsurface texture 'objects/characters/ferre/female/face/face01/fe_f_face01_fur_sss.dds' in path '' [File=objects/characters/ferre/female/face/face01/fe_f_face01_fur_sss.dds]
<19:26:10> [000004EE][Warning] [CGF Error] game/objects/item/blade_2h/blade_2h_monster/blade_2h_docheol_4/blade_2h_docheol_4.cgf [:] LOD1 of geometry  contains too many polygons comparing to the LOD0 [2486 against 3554] :
<19:26:10> [637AF710][Warning] missing chr material : game/objects/characters/ferre/male/parts/cp/obj/fe_m_cp_leather004.mtl (chr: game/objects/characters/ferre/male/parts/cp/obj/fe_m_1cp401.chr)
<19:26:11> [646DBCFB][Warning] Animation-queue overflow. More then 17 entries. This is a serious performance problem. game/objects/env/06_unit/06_glider/glider_sloth/glider_sloth_back.chr
<19:26:12> [B95EE41B][Error] invalid parent unit id(64676)
<19:26:12> [E5DF1C60][Warning] XML parser: Buffer is null. (data size: 0)
<19:26:12> [C3348E9C][Warning] Failed to stream facial sequence (game/animations/warborn/female/facial/twohand_re_combat_hit.fsq)
<19:26:16> [000004EE][Warning] Independent immortal particle effect spawned: X2_EFFECT_O.Interaction.enchant_wpn_range_2g
<19:26:17> [646DBCFB][Warning] Animation-queue overflow. More then 17 entries. This is a serious performance problem. game/objects/env/06_unit/06_glider/glider_sloth/glider_sloth_back.chr
<19:26:21> [AE6E9877][Warning] Cannot load texture textures/terrain/detail/cliff_grey_blue_with_dry_bushes_ddn.dds, file missing [File=textures/terrain/detail/cliff_grey_blue_with_dry_bushes_ddn.dds]
<19:26:21> [E9AF7F49][Warning] Error: CShaderMan::mfCreateShaderResources: Couldn't find detail texture
'textures/terrain/detail/cliff_grey_blue_with_dry_bushes_ddn.dds' in path '' [File=textures/terrain/detail/cliff_grey_blue_with_dry_bushes_ddn.dds]
<19:26:23> [745BAE2F][Warning] failed to stream material xml(game/materials/effects/fume_h_ssd.mtl)
<19:26:23> [E5DF1C60][Warning] XML parser: Buffer is null. (data size: 0)
<19:26:23> [C3348E9C][Warning] Failed to stream facial sequence (game/animations/warborn/female/facial/twohand_re_combat_hit.fsq)
<19:26:23> [CA175C82][Warning] non-stream IO. system(Material), filePath(game/objects/characters/hariharan/male/hair/ha_m_hair010/ha_m_hair010_hc03.mtl)
<19:26:24> [646DBCFB][Warning] Animation-queue overflow. More then 17 entries. This is a serious performance problem. game/objects/env/06_unit/06_glider/glider_sloth/glider_sloth_back.chr
<19:26:27> [437E3168][Warning] Cannot load texture game/objects/characters/monster/phoenix_white/phoenix_white2_df.dds, file missing [File=game/objects/characters/monster/phoenix_white/phoenix_white2_df.dds]
<19:26:28> [B95EE41B][Error] invalid parent unit id(64676)
<19:26:28> [000004EE][Warning] Independent immortal particle effect spawned: X2_EFFECT_O.Interaction.enchant_wpn_range_honor_3g
<19:26:30> [646DBCFB][Warning] Animation-queue overflow. More then 17 entries. This is a serious performance problem. game/objects/env/06_unit/06_glider/glider_sloth/glider_sloth_back.chr
<19:26:31> [E5DF1C60][Warning] XML parser: Buffer is null. (data size: 0)
<19:26:31> [C3348E9C][Warning] Failed to stream facial sequence (game/animations/warborn/female/facial/twohand_re_combat_hit.fsq)
<19:26:34> [000004EE][Warning] Independent immortal particle effect spawned: X2_EFFECT_O.Interaction.enchant_wpn_range_honor_3g
<19:26:35> [646DBCFB][Warning] Animation-queue overflow. More then 17 entries. This is a serious performance problem. game/objects/env/06_unit/06_glider/glider_sloth/glider_sloth_back.chr
<19:26:35> [CA175C82][Warning] non-stream IO. system(Material), filePath(game/objects/effects/keffect/m_enchant1_pink_m.mtl)
<19:26:37> [BD8C448A][Warning] Cannot load texture game/objects/characters/warborn/male/nude/wa_m_nude_ddn.dds, file missing [File=game/objects/characters/warborn/male/nude/wa_m_nude_ddn.dds]
<19:26:39> [E5DF1C60][Warning] XML parser: Buffer is null. (data size: 0)
<19:26:39> [C3348E9C][Warning] Failed to stream facial sequence (game/animations/warborn/female/facial/twohand_re_combat_hit.fsq)
<19:26:41> [646DBCFB][Warning] Animation-queue overflow. More then 17 entries. This is a serious performance problem. game/objects/env/06_unit/06_glider/glider_sloth/glider_sloth_back.chr
<19:26:45> [E5DF1C60][Warning] XML parser: Buffer is null. (data size: 0)
<19:26:45> [C3348E9C][Warning] Failed to stream facial sequence (game/animations/warborn/female/facial/twohand_re_combat_hit.fsq)
<19:26:46> [646DBCFB][Warning] Animation-queue overflow. More then 17 entries. This is a serious performance problem. game/objects/env/06_unit/06_glider/glider_sloth/glider_sloth_back.chr
<19:26:52> [646DBCFB][Warning] Animation-queue overflow. More then 17 entries. This is a serious performance problem. game/objects/env/06_unit/06_glider/glider_sloth/glider_sloth_back.chr
<19:26:55> [CE0EF930][Warning] failed to stream cgf : objects/effects/portal_gate.cgf
<19:26:55> [E5DF1C60][Warning] XML parser: Buffer is null. (data size: 0)
<19:26:55> [C3348E9C][Warning] Failed to stream facial sequence (game/animations/warborn/female/facial/twohand_re_combat_hit.fsq)
<19:27:00> [000004EE][Warning] [CGF Error] game/objects/item/staff_2h/staff_2h_cathero/staff_2h_cathero.cgf [:] LOD1 of geometry  contains too many polygons comparing to the LOD0 [2051 against 2608] :
<19:27:01> [000004EE][Warning] Independent immortal particle effect spawned: X2_EFFECT_O.Interaction.enchant_wpn_range_honor_3g
<19:27:02> [B95EE41B][Error] invalid parent unit id(96997)
<19:27:02> [CA175C82][Warning] non-stream IO. system(Material), filePath(game/objects/characters/warborn/female/horns/wa_f_horns006/wa_f_horns006_hc07.mtl)
<19:27:05> [745BAE2F][Warning] failed to stream material xml(game/materials/effects/fume_h_ssd.mtl)
<19:27:07> [000004EE][Warning] Independent immortal particle effect spawned: X2_EFFECT_O.Interaction.enchant_wpn_range_honor_3g
<19:27:10> [63ABB424][Warning] Facial sequence "fist_ac_whistle" not listed in CAL file for character "game/objects/characters/warborn/male/nude/wa_m_base.chr".
<19:27:12> [B95EE41B][Error] invalid parent unit id(37568)
<19:27:14> [000004EE][Warning] Independent immortal particle effect spawned: X2_EFFECT_O.Interaction.enchant_wpn_range_honor_3g
<19:27:19> [745BAE2F][Warning] failed to stream material xml(game/objects/characters/ferre/female/nude/fe_f_brop01.mtl)
<19:27:21> [F724A392][Error] CryAnimation:: Trying to load animation with alias "fist_ba_relaxed_idle_rand_3" from file "animations/monster/yata/fist/fist_ba_relaxed_idle_rand_3.caf" into the animation container. Such animation alias already exists and uses file "animations/monster/yata/fist/fist_ba_relaxed_idle_rand_1.caf". Please use another animation alias.
<19:27:21> [B95EE41B][Error] invalid parent unit id(23996)
<19:27:24> [000004EE][Warning] Independent immortal particle effect spawned: X2_EFFECT_O.Interaction.enchant_wpn_range_honor_3g
<19:27:31> [B95EE41B][Error] invalid parent unit id(129336)
<19:27:32> [745BAE2F][Warning] failed to stream material xml(game/objects/env/06_unit/06_glider/glider_blackdragon_brop01.mtl)
<19:27:32> [000004EE][Warning] Independent immortal particle effect spawned: X2_EFFECT_O.Interaction.enchant_wpn_range_2g
<19:27:33> [646DBCFB][Warning] Animation-queue overflow. More then 17 entries. This is a serious performance problem. game/objects/env/06_unit/06_glider/glider_sloth/glider_sloth_back.chr
<19:27:39> [B95EE41B][Error] invalid parent unit id(129854)
<19:27:40> [000004EE][Warning] Independent immortal particle effect spawned: X2_EFFECT_O.Interaction.enchant_wpn_range_honor_3g
<19:27:41> [646DBCFB][Warning] Animation-queue overflow. More then 17 entries. This is a serious performance problem. game/objects/env/06_unit/06_glider/glider_sloth/glider_sloth_back.chr
<19:27:44> [CE0EF930][Warning] failed to stream cgf : objects/effects/portal_gate.cgf
<19:27:45> [B95EE41B][Error] invalid parent unit id(57354)
<19:27:48> [000004EE][Warning] Independent immortal particle effect spawned: X2_EFFECT_O.Interaction.enchant_wpn_range_honor_3g
<19:27:48> [63ABB424][Warning] Facial sequence "fist_ac_whistle" not listed in CAL file for character "game/objects/characters/hariharan/female/nude/ha_f_base.chr".
<19:27:50> [646DBCFB][Warning] Animation-queue overflow. More then 17 entries. This is a serious performance problem. game/objects/env/06_unit/06_glider/glider_sloth/glider_sloth_back.chr
<19:27:50> [745BAE2F][Warning] failed to stream material xml(game/objects/characters/ferre/female/costume/fe_f_sk_whitefox001/fe_f_sk_whitefox001_whin01.mtl)
<19:27:51> [B95EE41B][Error] invalid parent unit id(37477)
<19:27:57> [77BB93C4][Warning] Non 3dc normal map used (wrong on DX10): game/objects/item/aac/all/aa_summer/shield/Hamilton/aa_summer_buoy_shield_ddn.dds [File=game/objects/item/aac/all/aa_summer/shield/Hamilton/aa_summer_buoy_shield_ddn.dds]
<19:27:57> [98526969][Warning] Not a normal map texture tried to be used as a normal map: game/objects/item/aac/all/aa_summer/shield/Hamilton/aa_summer_buoy_shield_sp.dds [File=game/objects/item/aac/all/aa_summer/shield/Hamilton/aa_summer_buoy_shield_sp.dds]
<19:27:57> [000004EE][Warning] Independent immortal particle effect spawned: X2_EFFECT_O.Interaction.enchant_wpn_range_honor_3g
<19:27:57> [745BAE2F][Warning] failed to stream material xml(objects/effects/peffect/magic_sphere_mesh_a.mtl)
<19:27:59> [646DBCFB][Warning] Animation-queue overflow. More then 17 entries. This is a serious performance problem. game/objects/env/06_unit/06_glider/glider_sloth/glider_sloth_back.chr
<19:28:05> [745BAE2F][Warning] failed to stream material xml(game/objects/env/06_unit/06_glider/glider_wing_crystal/glider_wing_crystal_whin01.mtl)
<19:28:05> [CF1423D8][Warning] Cannot load texture game/objects/characters/nuian/male/costume/nu_m_sk_alice001/nu_m_sk_alice001_mask.dds, file missing [File=game/objects/characters/nuian/male/costume/nu_m_sk_alice001/nu_m_sk_alice001_mask.dds]
<19:28:05> [D64B978C][Warning] Error: CShaderMan::mfCreateShaderResources: Couldn't find custom secondary texture 'game/objects/characters/nuian/male/costume/nu_m_sk_alice001/nu_m_sk_alice001_mask.dds' in path '' [File=game/objects/characters/nuian/male/costume/nu_m_sk_alice001/nu_m_sk_alice001_mask.dds]
<19:28:06> [B95EE41B][Error] invalid parent unit id(67739)
<19:28:08> [646DBCFB][Warning] Animation-queue overflow. More then 17 entries. This is a serious performance problem. game/objects/env/06_unit/06_glider/glider_sloth/glider_sloth_back.chr
<19:28:11> [B95EE41B][Error] invalid parent unit id(67739)
<19:28:17> [646DBCFB][Warning] Animation-queue overflow. More then 17 entries. This is a serious performance problem. game/objects/env/06_unit/06_glider/glider_sloth/glider_sloth_back.chr
<19:28:22> [000004EE][Warning] Independent immortal particle effect spawned: X2_EFFECT_O.Interaction.enchant_wpn_range_honor_3g
<19:28:22> [CE0EF930][Warning] failed to stream cgf : Game/objects/Env/nuia/gweonid/statue/godofprophecy_statue/returnpoint_statue.cgf
<19:28:23> [745BAE2F][Warning] failed to stream material xml(objects/Characters/ferre/male/parts/cp/leather/cp_leather004/fe_m_cp_leather004_blan01.mtl)
<19:28:23> [5243B464][Warning] Error: CShaderMan::mfCreateShaderResources: Couldn't find subsurface texture 'objects/characters/ferre/female/face/face01/fe_f_face01_fur_sss.dds' in path '' [File=objects/characters/ferre/female/face/face01/fe_f_face01_fur_sss.dds]
<19:28:26> [646DBCFB][Warning] Animation-queue overflow. More then 17 entries. This is a serious performance problem. game/objects/env/06_unit/06_glider/glider_sloth/glider_sloth_back.chr
<19:28:27> [000004EE][Warning] Independent immortal particle effect spawned: X2_EFFECT_O.Interaction.enchant_wpn_range_honor_3g
<19:28:27> [000004EE][Warning] [CGF Error] game/objects/item/blade_2h/blade_2h_monster/blade_2h_docheol_4/blade_2h_docheol_4.cgf [:] LOD1 of geometry  contains too many polygons comparing to the LOD0 [2486 against 3554] :
<19:28:32> [000004EE][Warning] Independent immortal particle effect spawned: X2_EFFECT_O.Interaction.enchant_wpn_range_honor_3g
<19:28:35> [646DBCFB][Warning] Animation-queue overflow. More then 17 entries. This is a serious performance problem. game/objects/env/06_unit/06_glider/glider_sloth/glider_sloth_back.chr
<19:28:44> [646DBCFB][Warning] Animation-queue overflow. More then 17 entries. This is a serious performance problem. game/objects/env/06_unit/06_glider/glider_sloth/glider_sloth_back.chr
<19:28:52> [000004EE][Warning] [CGF Error] game/objects/item/staff_2h/staff_2h_cathero/staff_2h_cathero.cgf [:] LOD1 of geometry  contains too many polygons comparing to the LOD0 [2051 against 2608] :
<19:28:52> [000004EE][Warning] Independent immortal particle effect spawned: X2_EFFECT_O.Interaction.enchant_wpn_range_honor_3g
<19:29:01> [000004EE][Warning] Independent immortal particle effect spawned: X2_EFFECT_O.Interaction.enchant_wpn_range_honor_3g
<19:29:02> [646DBCFB][Warning] Animation-queue overflow. More then 17 entries. This is a serious performance problem. game/objects/env/06_unit/06_glider/glider_sloth/glider_sloth_back.chr
<19:29:07> [745BAE2F][Warning] failed to stream material xml(game/objects/characters/hariharan/female/parts/ar/obj/ha_f_ar_cloth510.mtl)
<19:29:07> [637AF710][Warning] missing chr material : game/objects/characters/hariharan/female/parts/ar/obj/ha_f_ar_cloth510.mtl (chr: game/objects/characters/hariharan/female/parts/ar/obj/ha_f_1ar110_1arm017.chr)
<19:29:10> [646DBCFB][Warning] Animation-queue overflow. More then 17 entries. This is a serious performance problem. game/objects/env/06_unit/06_glider/glider_sloth/glider_sloth_back.chr
<19:29:15> [B95EE41B][Error] invalid parent unit id(54419)
<19:29:16> [000004EE][Warning] Independent immortal particle effect spawned: X2_EFFECT_O.Interaction.enchant_wpn_range_honor_3g
<19:29:19> [646DBCFB][Warning] Animation-queue overflow. More then 17 entries. This is a serious performance problem. game/objects/env/06_unit/06_glider/glider_sloth/glider_sloth_back.chr
<19:29:27> [745BAE2F][Warning] failed to stream material xml(game/objects/characters/nuian/male/parts/gv/obj/nu_m_gv_leather001.mtl)
<19:29:27> [637AF710][Warning] missing chr material : game/objects/characters/nuian/male/parts/gv/obj/nu_m_gv_leather001.mtl (chr: game/objects/characters/nuian/male/parts/gv/obj/nu_m_2gv102.chr)
<19:29:27> [B3B6AC7C][Warning] Failed to Load Character file [File=game/objects/characters/nuian/male/hair/nu_m_hair013/nu_m_hair013_hm_type3.chr]
<19:29:31> Loading Particle Library: X2_effect_H
<19:29:32> [B95EE41B][Error] invalid parent unit id(115702)
<19:29:32> [F724A392][Error] CryAnimation:: Trying to load animation with alias "fist_ba_relaxed_idle_rand_3" from file "animations/monster/yata/fist/fist_ba_relaxed_idle_rand_3.caf" into the animation container. Such animation alias already exists and uses file "animations/monster/yata/fist/fist_ba_relaxed_idle_rand_1.caf". Please use another animation alias.
<19:29:34> [437E3168][Warning] Cannot load texture game/objects/characters/monster/phoenix_white/phoenix_white2_df.dds, file missing [File=game/objects/characters/monster/phoenix_white/phoenix_white2_df.dds]
<19:29:34> [000004EE][Warning] Independent immortal particle effect spawned: X2_EFFECT_O.Interaction.enchant_wpn_range_honor_3g
<19:29:40> [745BAE2F][Warning] failed to stream material xml(game/objects/characters/ferre/female/parts/bo/cloth/bo_cloth170/fe_f_bo_cloth170_brop03.mtl)
<19:29:40> [637AF710][Warning] missing chr material : game/objects/characters/ferre/female/parts/ar/obj/fe_f_ar_cloth168.mtl (chr: game/objects/characters/ferre/female/parts/ar/obj/fe_f_2sh018_5ar204.chr)
<19:29:44> [CE0EF930][Warning] failed to stream cgf : objects/effects/portal_gate.cgf
<19:29:50> [B95EE41B][Error] invalid parent unit id(60359)
<19:29:50> [CE0EF930][Warning] failed to stream cgf : objects/effects/portal_gate.cgf
<19:29:52> [000004EE][Warning] Independent immortal particle effect spawned: X2_EFFECT_O.Interaction.enchant_wpn_range_honor_3g
<19:29:54> [DD6CD685][Warning] grand child physical proxy is not supported. grandpa(Harpoon Clipper), dad(prefab_doodad_model_662730_prefab://Prefabs/galleon.xml/galleon.galleon_helms), child(galleon_helms_1)
<19:29:58> [B95EE41B][Error] invalid parent unit id(87070)
<19:30:01> [745BAE2F][Warning] failed to stream material xml(game/objects/characters/ferre/female/hair/fe_f_hair001/fe_f_hair001_whin01.mtl)
<19:30:03> [000004EE][Warning] Independent immortal particle effect spawned: X2_EFFECT_O.Interaction.enchant_wpn_range_honor_3g
<19:30:04> [5243B464][Warning] Error: CShaderMan::mfCreateShaderResources: Couldn't find subsurface texture 'objects/characters/ferre/female/face/face01/fe_f_face01_fur_sss.dds' in path '' [File=objects/characters/ferre/female/face/face01/fe_f_face01_fur_sss.dds]
<19:30:09> [745BAE2F][Warning] failed to stream material xml(game/objects/characters/monster/tiger_ride/tiger_ride_yellow/Material #0.mtl)
<19:30:10> [F724A392][Error] CryAnimation:: Trying to load animation with alias "fist_ba_relaxed_idle_rand_2" from file "animations/monster/pet_agathion/fist/fist_ba_relaxed_idle_rand.caf" into the animation container. Such animation alias already exists and uses file "animations/monster/pet_agathion/fist/fist_ba_relaxed_idle_rand_2.caf". Please use another animation alias.
<19:30:11> [B95EE41B][Error] invalid parent unit id(15994)
<19:30:16> [745BAE2F][Warning] failed to stream material xml(game/objects/characters/nuian/male/parts/pt/obj/nu_m_pt_cloth207.mtl)
<19:30:16> [637AF710][Warning] missing chr material : game/objects/characters/nuian/male/parts/pt/obj/nu_m_pt_cloth207.mtl (chr: game/objects/characters/nuian/male/parts/pt/obj/nu_m_1pt101.chr)
<19:30:16> [000004EE][Warning] Independent immortal particle effect spawned: X2_EFFECT_O.Interaction.enchant_wpn_range_honor_3g
<19:30:18> [B95EE41B][Error] invalid parent unit id(122930)
<19:30:18> [000004EE][Warning] Failed to load shader "Dynamiceffect_pul" in material "game/objects/characters/nuian/male/costume/nu_m_sk_tech001/nu_m_sk_tech_fx1"
<19:30:18> [CA175C82][Warning] non-stream IO. system(Material), filePath(game/objects/characters/hariharan/male/hair/ha_m_hair010/ha_m_hair010_hc03.mtl)
<19:30:21> [745BAE2F][Warning] failed to stream material xml(game/materials/effects/fume_h_ssd.mtl)
<19:30:22> [4315AF15][Warning] Non 3dc normal map used (wrong on DX10): game/objects/item/aac/all/aa_summer/2h_spear/Powerpoint/aa_summer_pool_noodle_ddn.dds [File=game/objects/item/aac/all/aa_summer/2h_spear/Powerpoint/aa_summer_pool_noodle_ddn.dds]
<19:30:22> [5CE0EBF8][Warning] Not a normal map texture tried to be used as a normal map: game/objects/item/aac/all/aa_summer/2h_spear/Powerpoint/aa_summer_pool_noodle_sp.dds [File=game/objects/item/aac/all/aa_summer/2h_spear/Powerpoint/aa_summer_pool_noodle_sp.dds]
<19:30:22> [000004EE][Warning] Independent immortal particle effect spawned: X2_EFFECT_O.Interaction.enchant_wpn_range_honor_3g
<19:30:23> [2363981C][Warning] chr material is not precached : game/objects/characters/warborn/female/costume/wa_f_sk_metalpriest001/wa_f_sk_metalpriest001_h.mtl (chr: game/objects/characters/warborn/female/costume/wa_f_sk_metalpriest001/wa_f_sk_metalpriest001_h.chr)
<19:30:23> [CA175C82][Warning] non-stream IO. system(Material), filePath(game/objects/characters/warborn/female/costume/wa_f_sk_metalpriest001/wa_f_sk_metalpriest001_h.mtl)
<19:30:24> [B95EE41B][Error] invalid parent unit id(122930)
<19:30:29> [000004EE][Warning] Independent immortal particle effect spawned: X2_EFFECT_O.Interaction.enchant_wpn_range_honor_3g
<19:30:30> [E5DF1C60][Warning] XML parser: Buffer is null. (data size: 0)
<19:30:30> [C3348E9C][Warning] Failed to stream facial sequence (game/animations/ferre/male/facial/twohand_re_combat_hit.fsq)
<19:30:33> [B95EE41B][Error] invalid parent unit id(15994)
<19:30:34> [000004EE][Warning] [CGF Error] game/objects/item/etc/blade_hatred/blade_1h_hatred.cgf [:] LOD1 of geometry  contains too many polygons comparing to the LOD0 [1156 against 1668] :
<19:30:34> [000004EE][Warning] Independent immortal particle effect spawned: X2_EFFECT_O.Interaction.enchant_wpn_range_honor_3g
<19:30:35> [F724A392][Error] CryAnimation:: Trying to load animation with alias "fist_ba_relaxed_idle_rand_3" from file "animations/monster/yata/fist/fist_ba_relaxed_idle_rand_3.caf" into the animation container. Such animation alias already exists and uses file "animations/monster/yata/fist/fist_ba_relaxed_idle_rand_1.caf". Please use another animation alias.
<19:30:39> [E5DF1C60][Warning] XML parser: Buffer is null. (data size: 0)
<19:30:39> [C3348E9C][Warning] Failed to stream facial sequence (game/animations/warborn/female/facial/fist_em_worship.fsq)
<19:30:44> [B95EE41B][Error] invalid parent unit id(15994)
<19:30:45> [000004EE][Warning] Independent immortal particle effect spawned: X2_EFFECT_O.Interaction.enchant_wpn_range_honor_3g
<19:30:46> [745BAE2F][Warning] failed to stream material xml(game/objects/characters/warborn/female/parts/ar/obj/wa_f_ar_cloth542.mtl)
<19:30:46> [637AF710][Warning] missing chr material : game/objects/characters/warborn/female/parts/ar/obj/wa_f_ar_cloth542.mtl (chr: game/objects/characters/warborn/female/parts/ar/obj/wa_f_1ar402.chr)
<19:30:46> [CA175C82][Warning] non-stream IO. system(Material), filePath(game/objects/characters/warborn/female/horns/wa_f_horns006/wa_f_horns006_hc02.mtl)
<19:30:57> [CE0EF930][Warning] failed to stream cgf : objects/effects/portal_gate.cgf
<19:31:05> [000004EE][Warning] Independent immortal particle effect spawned: X2_EFFECT_O.Interaction.enchant_wpn_range_honor_3g
<19:31:07> [CA175C82][Warning] non-stream IO. system(Material), filePath(game/objects/characters/warborn/female/horns/wa_f_horns006/wa_f_horns006_hc03.mtl)
<19:31:09> [000004EE][Warning] [Lua Error] ...cripts/x2ui/questcontext/notifier/quest_notifier.lua:350: attempt to index local 'info' (a nil value)
<19:31:28> [745BAE2F][Warning] failed to stream material xml(game/objects/characters/nuian/male/parts/hm/obj/nu_m_hm_leather001.mtl)
<19:31:28> [637AF710][Warning] missing chr material : game/objects/characters/nuian/male/parts/bo/obj/nu_m_bo_leather001.mtl (chr: game/objects/characters/nuian/male/parts/bo/obj/nu_m_2bo502.chr)
<19:31:28> [B3B6AC7C][Warning] Failed to Load Character file [File=game/objects/characters/nuian/male/hair/nu_m_hair013/nu_m_hair013_hm_type3.chr]
<19:31:34> [CE0EF930][Warning] failed to stream cgf : objects/env/05_nature/08_cry_source/rocks/precipice/landslide_rock_small_d.cgf
<19:31:43> [745BAE2F][Warning] failed to stream material xml(game/objects/effects/ksw_effect/qilin.mtl)
<19:32:15> [F724A392][Error] CryAnimation:: Trying to load animation with alias "fist_ba_relaxed_idle_rand_3" from file "animations/monster/yata/fist/fist_ba_relaxed_idle_rand_3.caf" into the animation container. Such animation alias already exists and uses file "animations/monster/yata/fist/fist_ba_relaxed_idle_rand_1.caf". Please use another animation alias.
<19:32:19> [745BAE2F][Warning] failed to stream material xml(game/materials/effects/fume_h_ssd.mtl)
<19:32:30> [B95EE41B][Error] invalid parent unit id(118023)
<19:32:37> [745BAE2F][Warning] failed to stream material xml(game/objects/effects/ksw_effect/qilin.mtl)
<19:32:37> [B95EE41B][Error] invalid parent unit id(121850)
<19:32:55> [B3B6AC7C][Warning] Failed to Load Character file [File=game/objects/characters/nuian/male/hair/nu_m_hair013/nu_m_hair013_hm_type3.chr]
<19:32:58> [000004EE][Warning] Independent immortal particle effect spawned: X2_EFFECT_O.Interaction.enchant_wpn_range_honor_3g
<19:33:13> [000004EE][Warning] [Lua Error] ...cripts/x2ui/questcontext/notifier/quest_notifier.lua:350: attempt to index local 'info' (a nil value)
<19:33:32> [745BAE2F][Warning] failed to stream material xml(game/objects/effects/jjc_effect/01 - Default.mtl)
<19:33:37> [745BAE2F][Warning] failed to stream material xml(game/objects/characters/ferre/female/hair/fe_f_hair015/fe_f_hair015_brop01.mtl)
<19:33:37> [000004EE][Warning] Independent immortal particle effect spawned: X2_EFFECT_O.Interaction.enchant_wpn_range_honor_3g
<19:33:42> [437E3168][Warning] Cannot load texture game/objects/characters/monster/phoenix_white/phoenix_white2_df.dds, file missing [File=game/objects/characters/monster/phoenix_white/phoenix_white2_df.dds]
<19:33:42> [745BAE2F][Warning] failed to stream material xml(game/objects/characters/warborn/female/parts/pt/obj/wa_f_pt_cloth170.mtl)
<19:33:42> [637AF710][Warning] missing chr material : game/objects/characters/warborn/female/parts/bo/obj/wa_f_bo_cloth168.mtl (chr: game/objects/characters/warborn/female/parts/bo/obj/wa_f_1bo703.chr)
<19:33:42> [CA175C82][Warning] non-stream IO. system(Material), filePath(game/objects/characters/warborn/female/horns/wa_f_horns008/wa_f_horns008_hc02.mtl)
<19:33:42> [000004EE][Warning] Independent immortal particle effect spawned: X2_EFFECT_O.Interaction.enchant_wpn_range_honor_3g
<19:33:52> [745BAE2F][Warning] failed to stream material xml(game/objects/characters/hariharan/male/parts/ar/obj/ha_m_ar_cloth168.mtl)
<19:33:52> [637AF710][Warning] missing chr material : game/objects/characters/hariharan/male/parts/ar/obj/ha_m_ar_cloth168.mtl (chr: game/objects/characters/hariharan/male/parts/ar/obj/ha_m_2sh018_5ar204.chr)
<19:33:52> [000004EE][Warning] Independent immortal particle effect spawned: X2_EFFECT_O.Interaction.enchant_wpn_range_honor_2g
<19:33:52> [CE0EF930][Warning] failed to stream cgf : objects/effects/portal_gate.cgf
<19:33:57> [F724A392][Error] CryAnimation:: Trying to load animation with alias "fist_ba_relaxed_idle_rand_3" from file "animations/monster/yata/fist/fist_ba_relaxed_idle_rand_3.caf" into the animation container. Such animation alias already exists and uses file "animations/monster/yata/fist/fist_ba_relaxed_idle_rand_1.caf". Please use another animation alias.
<19:33:58> [B95EE41B][Error] invalid parent unit id(121983)
<19:33:59> [000004EE][Warning] Independent immortal particle effect spawned: X2_EFFECT_O.Interaction.enchant_wpn_range_honor_3g
<19:33:59> [CA175C82][Warning] non-stream IO. system(Material), filePath(game/objects/characters/warborn/female/horns/wa_f_horns012/wa_f_horns012_hc02.mtl)
<19:34:00> [745BAE2F][Warning] failed to stream material xml(game/materials/effects/fume_h_ssd.mtl)
<19:34:05> [000004EE][Warning] Independent immortal particle effect spawned: X2_EFFECT_O.Interaction.enchant_wpn_range_honor_3g
<19:34:05> [B95EE41B][Error] invalid parent unit id(111825)
<19:34:06> [F724A392][Error] CryAnimation:: Trying to load animation with alias "fist_ba_relaxed_idle_rand_2" from file "animations/monster/pet_agathion/fist/fist_ba_relaxed_idle_rand.caf" into the animation container. Such animation alias already exists and uses file "animations/monster/pet_agathion/fist/fist_ba_relaxed_idle_rand_2.caf". Please use another animation alias.
<19:34:23> [745BAE2F][Warning] failed to stream material xml(game/objects/env/06_unit/06_glider/glider_wing_crystal/glider_wing_crystal_brop01.mtl)
<19:34:28> [B95EE41B][Error] invalid parent unit id(117468)
<19:34:33> [000004EE][Warning] Independent immortal particle effect spawned: X2_EFFECT_O.Interaction.enchant_wpn_range_honor_3g
<19:34:35> [63ABB424][Warning] Facial sequence "fist_ac_whistle" not listed in CAL file for character "game/objects/characters/hariharan/female/nude/ha_f_base.chr".
<19:34:36> [B95EE41B][Error] invalid parent unit id(99494)
<19:34:42> [B95EE41B][Error] invalid parent unit id(99494)
<19:34:48> [DD6CD685][Warning] grand child physical proxy is not supported. grandpa(Harpoon Clipper), dad(prefab_doodad_model_291194_prefab://Prefabs/galleon.xml/galleon.galleon_helms), child(galleon_helms_1)
<19:34:53> [745BAE2F][Warning] failed to stream material xml(game/materials/effects/fume_h_ssd.mtl)
<19:34:58> [745BAE2F][Warning] failed to stream material xml(game/objects/env/06_unit/06_glider/glider_wing_crystal/glider_wing_crystal_whtp02.mtl)
<19:34:59> [637AF710][Warning] missing chr material : game/objects/characters/ferre/female/parts/cp/obj/fe_f_1cp101.mtl (chr: game/objects/characters/ferre/female/parts/cp/obj/fe_f_1cp101.chr)
<19:34:59> [000004EE][Warning] Independent immortal particle effect spawned: X2_EFFECT_O.Interaction.enchant_wpn_range_honor_3g
<19:35:04> [B95EE41B][Error] invalid parent unit id(118527)
<19:35:09> [B95EE41B][Error] invalid parent unit id(118527)
<19:35:30> [FC50B0AC][Warning] Non 3dc normal map used (wrong on DX10): game/objects/item/aac/all/aa_summer/1h_spear/Sunphira/aa_summer_shish_kebab_ddn.dds [File=game/objects/item/aac/all/aa_summer/1h_spear/Sunphira/aa_summer_shish_kebab_ddn.dds]
<19:35:30> [42C3B581][Warning] Not a normal map texture tried to be used as a normal map: game/objects/item/aac/all/aa_summer/1h_spear/Sunphira/aa_summer_shish_kebab_sp.dds [File=game/objects/item/aac/all/aa_summer/1h_spear/Sunphira/aa_summer_shish_kebab_sp.dds]
<19:35:30> [745BAE2F][Warning] failed to stream material xml(game/objects/effects/keffect/p_fire_blue1a.mtl)
<19:35:33> [637AF710][Warning] missing chr material : game/objects/characters/hariharan/male/parts/ar/obj/ha_m_ar_cloth025.mtl (chr: game/objects/characters/hariharan/male/parts/ar/obj/ha_m_1ar303_2arm001.chr)
<19:35:33> [000004EE][Warning] Independent immortal particle effect spawned: X2_EFFECT_O.Interaction.enchant_wpn_range_honor_3g
<19:35:33> [CA175C82][Warning] non-stream IO. system(Material), filePath(game/objects/characters/warborn/female/horns/wa_f_horns014/wa_f_horns014_hc05.mtl)
<19:35:37> [F724A392][Error] CryAnimation:: Trying to load animation with alias "fist_ba_relaxed_idle_rand_3" from file "animations/monster/yata/fist/fist_ba_relaxed_idle_rand_3.caf" into the animation container. Such animation alias already exists and uses file "animations/monster/yata/fist/fist_ba_relaxed_idle_rand_1.caf". Please use another animation alias.
<19:35:39> [745BAE2F][Warning] failed to stream material xml(game/materials/effects/fume_h_ssd.mtl)
<19:35:42> [000004EE][Warning] [Lua Error] ...cripts/x2ui/questcontext/notifier/quest_notifier.lua:350: attempt to index local 'info' (a nil value)
<19:35:44> [CA175C82][Warning] non-stream IO. system(Material), filePath(game/objects/characters/ferre/female/hair/fe_f_hair018/fe_f_hair018_hc48.mtl)
<19:35:45> [1CCD372E][Warning] WARNING: Trying to play a sound at (0,0,0) position in the entity Growling Zephyr Square Foresail: Legendary (prefab_unit). Entity may not be initialized correctly! 
<19:35:45> [A4D70365][Warning] rigid-body own-entity; prefab=prefabs/boardship.xml/boardship.step_10boardship_normal node=AnimObject_28
<19:35:45> [DD6CD685][Warning] grand child physical proxy is not supported. grandpa(Omelet), dad(prefab_doodad_model_640596_prefab://Prefabs/galleon.xml/galleon.galleon_helms), child(galleon_helms_1)
<19:35:49> [745BAE2F][Warning] failed to stream material xml(game/objects/effects/ksw_effect/qilin.mtl)
<19:35:52> [DD6CD685][Warning] grand child physical proxy is not supported. grandpa(Omelet), dad(prefab_doodad_model_640596_prefab://Prefabs/galleon.xml/galleon.galleon_helms), child(galleon_helms_1)
<19:35:56> [745BAE2F][Warning] failed to stream material xml(game/objects/characters/ferre/female/parts/all/cloth/cloth183/fe_f_pt_cloth183_whin01.mtl)
<19:35:56> [637AF710][Warning] missing chr material : game/objects/characters/ferre/female/parts/bo/obj/fe_f_bo_metal212.mtl (chr: game/objects/characters/ferre/female/parts/bo/obj/fe_f_4bo701.chr)
<19:35:56> [000004EE][Warning] Independent immortal particle effect spawned: X2_EFFECT_O.Interaction.enchant_wpn_range_honor_3g
<19:36:04> [000004EE][Warning] Independent immortal particle effect spawned: X2_EFFECT_O.Interaction.enchant_wpn_range_honor_3g
<19:36:07> [34837D7E][Warning] Failed to Load Character file. Skeleton-Initial-Positions are missing [File=game/objects/characters/monster/snowman_ride/snowman_ride_armor01/snowman_ride_hm_01/snowman_ride_hm_01.chr]
<19:36:07> [B95EE41B][Error] invalid parent unit id(126754)
<19:36:08> [000004EE][Warning] [Lua Error] ...cripts/x2ui/questcontext/notifier/quest_notifier.lua:350: attempt to index local 'info' (a nil value)
<19:36:11> [000004EE][Warning] Independent immortal particle effect spawned: X2_EFFECT_O.Interaction.enchant_wpn_range_honor_3g
<19:36:14> [B95EE41B][Error] invalid parent unit id(99673)
<19:36:19> [000004EE][Warning] Independent immortal particle effect spawned: X2_EFFECT_O.Interaction.enchant_wpn_range_honor_3g
<19:36:23> [34837D7E][Warning] Failed to Load Character file. Skeleton-Initial-Positions are missing [File=game/objects/characters/monster/snowman_ride/snowman_ride_armor01/snowman_ride_hm_01/snowman_ride_hm_01.chr]
<19:36:23> [B95EE41B][Error] invalid parent unit id(123113)
<19:36:26> [000004EE][Warning] Independent immortal particle effect spawned: X2_EFFECT_O.Interaction.enchant_wpn_range_honor_3g
<19:36:30> [B95EE41B][Error] invalid parent unit id(67961)
<19:36:33> [000004EE][Warning] Independent immortal particle effect spawned: X2_EFFECT_O.Interaction.enchant_wpn_range_honor_3g
<19:36:34> [BD8C448A][Warning] Cannot load texture game/objects/characters/warborn/male/nude/wa_m_nude_ddn.dds, file missing [File=game/objects/characters/warborn/male/nude/wa_m_nude_ddn.dds]
<19:36:34> [2363981C][Warning] chr material is not precached : game/objects/characters/warborn/male/costume/wa_m_sk_metalpriest001/wa_m_sk_metalpriest001_h.mtl (chr: game/objects/characters/warborn/male/costume/wa_m_sk_metalpriest001/wa_m_sk_metalpriest001_h.chr)
<19:36:34> [CA175C82][Warning] non-stream IO. system(Material), filePath(game/objects/characters/warborn/male/costume/wa_m_sk_metalpriest001/wa_m_sk_metalpriest001_h.mtl)
<19:36:35> [000004EE][Warning] [CGF Error] game/objects/item/etc/blade_hatred/blade_1h_hatred.cgf [:] LOD1 of geometry  contains too many polygons comparing to the LOD0 [1156 against 1668] :
<19:36:39> [745BAE2F][Warning] failed to stream material xml(game/objects/characters/hariharan/female/parts/hm/obj/ha_f_hm_cloth164.mtl)
<19:36:39> [637AF710][Warning] missing chr material : game/objects/characters/hariharan/female/parts/hm/obj/ha_f_hm_cloth164.mtl (chr: game/objects/characters/hariharan/female/parts/hm/obj/ha_f_1hm220.chr)
<19:36:39> [000004EE][Warning] Independent immortal particle effect spawned: X2_EFFECT_O.Interaction.enchant_wpn_range_honor_3g
<19:36:59> [F724A392][Error] CryAnimation:: Trying to load animation with alias "fist_ba_relaxed_idle_rand_3" from file "animations/monster/yata/fist/fist_ba_relaxed_idle_rand_3.caf" into the animation container. Such animation alias already exists and uses file "animations/monster/yata/fist/fist_ba_relaxed_idle_rand_1.caf". Please use another animation alias.
<19:37:05> [CA175C82][Warning] non-stream IO. system(Material), filePath(game/objects/characters/warborn/male/horns/wa_m_horns011/wa_m_horns011_hc06.mtl)
<19:37:05> [000004EE][Warning] Independent immortal particle effect spawned: X2_EFFECT_O.Interaction.enchant_wpn_range_honor_3g
<19:37:06> [745BAE2F][Warning] failed to stream material xml(game/objects/characters/ferre/female/costume/fe_f_sk_defencearmy007/fe_f_sk_defencearmy007_grap01.mtl)
<19:37:23> [B95EE41B][Error] invalid parent unit id(60294)
<19:37:25> [04FA8364][Warning] Cannot load texture game/objects/characters/nuian/male/hair/hair_texture/, file missing [File=game/objects/characters/nuian/male/hair/hair_texture/]
<19:37:25> [000004EE][Warning] Independent immortal particle effect spawned: X2_EFFECT_O.Interaction.enchant_wpn_range_honor_3g
<19:37:29> [63ABB424][Warning] Facial sequence "fist_ac_whistle" not listed in CAL file for character "game/objects/characters/hariharan/female/nude/ha_f_base.chr".
<19:37:30> [B95EE41B][Error] invalid parent unit id(125758)
<19:37:33> [000004EE][Warning] Independent immortal particle effect spawned: X2_EFFECT_O.Interaction.enchant_wpn_range_honor_3g
<19:37:34> [745BAE2F][Warning] failed to stream material xml(game/materials/effects/fume_h_ssd.mtl)
<19:37:35> [637AF710][Warning] missing chr material : game/objects/characters/ferre/male/parts/pt/obj/fe_m_pt_cloth159.mtl (chr: game/objects/characters/ferre/male/parts/pt/obj/fe_m_1pt901.chr)
<19:37:40> [B95EE41B][Error] invalid parent unit id(100697)
<19:37:41> [437E3168][Warning] Cannot load texture game/objects/characters/monster/phoenix_white/phoenix_white2_df.dds, file missing [File=game/objects/characters/monster/phoenix_white/phoenix_white2_df.dds]
<19:37:45> [B95EE41B][Error] invalid parent unit id(25559)
<19:37:48> [000004EE][Warning] Independent immortal particle effect spawned: X2_EFFECT_O.Interaction.enchant_wpn_range_honor_3g
<19:37:52> [000004EE][Warning] Particle effect not found: 'game/abillity_skill_table_m.death.life_absorb_form', from unknown 
<19:37:52> [B95EE41B][Error] invalid parent unit id(73929)
<19:37:52> [745BAE2F][Warning] failed to stream material xml(game/objects/characters/ferre/male/hair/fe_m_hair002/fe_m_hair002_brop02.mtl)
<19:37:52> [637AF710][Warning] missing chr material : game/objects/characters/warborn/female/parts/bo/obj/wa_f_bo_cloth168.mtl (chr: game/objects/characters/warborn/female/parts/bo/obj/wa_f_1bo703.chr)
<19:37:52> [CA175C82][Warning] non-stream IO. system(Material), filePath(game/objects/characters/warborn/female/horns/wa_f_horns006/wa_f_horns006_hc03.mtl)
<19:37:54> [000004EE][Warning] Independent immortal particle effect spawned: X2_EFFECT_O.Interaction.enchant_wpn_range_honor_3g
<19:37:57> [745BAE2F][Warning] failed to stream material xml(game/objects/characters/hariharan/male/parts/pt/obj/ha_m_pt_cloth230.mtl)
<19:37:57> [637AF710][Warning] missing chr material : game/objects/characters/hariharan/male/parts/pt/obj/ha_m_pt_cloth230.mtl (chr: game/objects/characters/hariharan/male/parts/pt/obj/ha_m_1pt401.chr)
<19:37:57> [F724A392][Error] CryAnimation:: Trying to load animation with alias "fist_ba_relaxed_idle_rand_3" from file "animations/monster/yata/fist/fist_ba_relaxed_idle_rand_3.caf" into the animation container. Such animation alias already exists and uses file "animations/monster/yata/fist/fist_ba_relaxed_idle_rand_1.caf". Please use another animation alias.
<19:37:58> [B95EE41B][Error] invalid parent unit id(125041)
<19:38:07> [000004EE][Warning] Independent immortal particle effect spawned: X2_EFFECT_O.Interaction.enchant_wpn_range_honor_3g
<19:38:08> [B95EE41B][Error] invalid parent unit id(125041)
<19:38:14> [000004EE][Warning] [CGF Error] game/objects/item/bow/bow_eph_7/bow_eph_7.cgf [:] LOD1 of geometry  contains too many polygons comparing to the LOD0 [824 against 1214] :
<19:38:14> [CA175C82][Warning] non-stream IO. system(Material), filePath(game/objects/characters/warborn/female/horns/wa_f_horns011/wa_f_horns011_hc03.mtl)
<19:38:16> [B95EE41B][Error] invalid parent unit id(109159)
<19:38:19> [000004EE][Warning] Independent immortal particle effect spawned: X2_EFFECT_O.Interaction.enchant_wpn_range_honor_3g
<19:38:23> [63ABB424][Warning] Facial sequence "fist_ac_whistle" not listed in CAL file for character "game/objects/characters/hariharan/female/nude/ha_f_base.chr".
<19:38:23> [B95EE41B][Error] invalid parent unit id(88635)
<19:38:24> [BD8C448A][Warning] Cannot load texture game/objects/characters/warborn/male/nude/wa_m_nude_ddn.dds, file missing [File=game/objects/characters/warborn/male/nude/wa_m_nude_ddn.dds]
<19:38:26> [000004EE][Warning] Independent immortal particle effect spawned: X2_EFFECT_O.Interaction.enchant_wpn_range_honor_3g
<19:38:29> [B95EE41B][Error] invalid parent unit id(73171)
<19:38:33> [CA175C82][Warning] non-stream IO. system(Material), filePath(game/objects/characters/ferre/male/face/fe_m_face_brop01.mtl)
<19:38:34> [63ABB424][Warning] Facial sequence "fist_ac_whistle" not listed in CAL file for character "game/objects/characters/hariharan/female/nude/ha_f_base.chr".
<19:38:35> [B95EE41B][Error] invalid parent unit id(106807)
<19:38:41> [CE0EF930][Warning] failed to stream cgf : objects/effects/portal_gate.cgf
<19:38:46> [B95EE41B][Error] invalid parent unit id(106807)
<19:38:46> [000004EE][Warning] Independent immortal particle effect spawned: X2_EFFECT_O.Interaction.enchant_wpn_range_honor_3g
<19:38:48> [000004EE][Warning] [CGF Error] game/objects/item/etc/blade_hatred/blade_1h_hatred.cgf [:] LOD1 of geometry  contains too many polygons comparing to the LOD0 [1156 against 1668] :
<19:38:54> [745BAE2F][Warning] failed to stream material xml(game/objects/characters/hariharan/female/parts/bo/obj/ha_f_bo_cloth142.mtl)
<19:38:54> [637AF710][Warning] missing chr material : game/objects/characters/hariharan/female/parts/bo/obj/ha_f_bo_cloth142.mtl (chr: game/objects/characters/hariharan/female/parts/bo/obj/ha_f_1bo402.chr)
<19:38:54> [000004EE][Warning] [CGF Error] game/objects/item/bow/bow_eph_7/bow_eph_7.cgf [:] LOD1 of geometry  contains too many polygons comparing to the LOD0 [824 against 1214] :
<19:38:54> [000004EE][Warning] Independent immortal particle effect spawned: X2_EFFECT_O.Interaction.enchant_wpn_range_honor_3g
<19:39:01> [745BAE2F][Warning] failed to stream material xml(game/objects/characters/ferre/male/face/fe_m_face00_grap03.mtl)
<19:39:01> [637AF710][Warning] missing chr material : game/objects/characters/ferre/male/parts/cp/obj/fe_m_1cp101.mtl (chr: game/objects/characters/ferre/male/parts/cp/obj/fe_m_1cp101.chr)
<19:39:02> [000004EE][Warning] Independent immortal particle effect spawned: X2_EFFECT_O.Interaction.enchant_wpn_range_honor_3g
<19:39:06> [B95EE41B][Error] invalid parent unit id(121883)
<19:39:08> [745BAE2F][Warning] failed to stream material xml(game/objects/env/06_unit/06_glider/glider_blue2_grap01.mtl)
<19:39:09> [000004EE][Warning] [CGF Error] game/objects/item/bow/bow_eph_7/bow_eph_7.cgf [:] LOD1 of geometry  contains too many polygons comparing to the LOD0 [824 against 1214] :
<19:39:09> [000004EE][Warning] Independent immortal particle effect spawned: X2_EFFECT_O.Interaction.enchant_wpn_range_honor_3g
<19:39:16> [B95EE41B][Error] invalid parent unit id(124644)
<19:39:20> [000004EE][Warning] Independent immortal particle effect spawned: X2_EFFECT_O.Interaction.enchant_wpn_range_honor_3g
<19:39:20> [745BAE2F][Warning] failed to stream material xml(game/objects/characters/ferre/male/hair/fe_m_hair002/fe_m_hair002_brop02.mtl)
<19:39:22> [F724A392][Error] CryAnimation:: Trying to load animation with alias "fist_ba_relaxed_idle_rand_3" from file "animations/monster/yata/fist/fist_ba_relaxed_idle_rand_3.caf" into the animation container. Such animation alias already exists and uses file "animations/monster/yata/fist/fist_ba_relaxed_idle_rand_1.caf". Please use another animation alias.
<19:39:23> [B95EE41B][Error] invalid parent unit id(97339)
<19:39:28> [745BAE2F][Warning] failed to stream material xml(game/objects/characters/ferre/male/parts/all/leather/leather182/fe_m_pt_leather182_brop01.mtl)
<19:39:34> [B95EE41B][Error] invalid parent unit id(121883)
<19:39:35> [745BAE2F][Warning] failed to stream material xml(game/objects/characters/ferre/male/parts/cp/cloth/cp_cloth044/fe_m_cp_cloth044_blup01.mtl)
<19:39:35> [637AF710][Warning] missing chr material : game/objects/characters/ferre/male/parts/gv/obj/fe_m_gv_leather001.mtl (chr: game/objects/characters/ferre/male/parts/gv/obj/fe_m_2gv102.chr)
<19:39:35> [4FC35136][Warning] Cannot load texture game/objects/characters/texture/cp/nu_m_cp_cloth044_df.dds, file missing [File=game/objects/characters/texture/cp/nu_m_cp_cloth044_df.dds]
<19:39:47> [CE0EF930][Warning] failed to stream cgf : objects/env/05_nature/08_cry_source/rocks/precipice/landslide_rock_small_d.cgf
<19:39:54> [000004EE][Warning] Independent immortal particle effect spawned: X2_EFFECT_O.Interaction.enchant_wpn_range_honor_3g
<19:39:58> [B95EE41B][Error] invalid parent unit id(51529)
<19:40:01> [000004EE][Warning] Independent immortal particle effect spawned: X2_EFFECT_O.Interaction.enchant_wpn_range_honor_3g
<19:40:04> [745BAE2F][Warning] failed to stream material xml(game/objects/effects/ksw_effect/qilin.mtl)
<19:40:05> [B95EE41B][Error] invalid parent unit id(109571)
<19:40:12> [B95EE41B][Error] invalid parent unit id(121883)
<19:40:12> [745BAE2F][Warning] failed to stream material xml(game/objects/characters/ferre/male/hair/fe_m_hair002/fe_m_hair002_brop02.mtl)
<19:40:12> [000004EE][Warning] [CGF Error] game/objects/item/mace_2h/mace_2h_56_2/mace_2h_56_2.cga [:] LOD1 of geometry mace_2h_56_2 contains too many polygons comparing to the LOD0 [662 against 900] :
<19:40:12> [CE0EF930][Warning] failed to stream cgf : objects/effects/portal_gate.cgf
<19:40:18> [B95EE41B][Error] invalid parent unit id(57251)
<19:40:18> [000004EE][Warning] Independent immortal particle effect spawned: X2_EFFECT_O.Interaction.enchant_wpn_range_honor_3g
<19:40:24> [63ABB424][Warning] Facial sequence "fist_ac_whistle" not listed in CAL file for character "game/objects/characters/hariharan/female/nude/ha_f_base.chr".
<19:40:24> [745BAE2F][Warning] failed to stream material xml(game/objects/characters/monster/tiger_ride/tiger_ride_yellow/Material #0.mtl)
<19:40:25> [B95EE41B][Error] invalid parent unit id(83981)
<19:40:31> [B95EE41B][Error] invalid parent unit id(83981)
<19:40:31> [000004EE][Warning] Independent immortal particle effect spawned: X2_EFFECT_O.Interaction.enchant_wpn_range_honor_3g
<19:40:33> [745BAE2F][Warning] failed to stream material xml(game/materials/effects/fume_h_ssd.mtl)
<19:40:33> [000004EE][Warning] Failed to load shader "Dynamiceffect_pul" in material "game/objects/characters/nuian/female/costume/nu_f_sk_tech001/nu_f_sk_tech_fx1"
<19:40:34> [2363981C][Warning] chr material is not precached : game/objects/characters/hariharan/female/hair/ha_f_hair001/ha_f_hair001.mtl (chr: game/objects/characters/hariharan/female/hair/ha_f_hair001/ha_f_hair001.chr)
<19:40:34> [CA175C82][Warning] non-stream IO. system(Material), filePath(game/objects/characters/hariharan/female/hair/ha_f_hair001/ha_f_hair001.mtl)
<19:40:43> [B95EE41B][Error] invalid parent unit id(67800)
<19:40:47> [000004EE][Warning] Independent immortal particle effect spawned: X2_EFFECT_O.Interaction.enchant_wpn_range_honor_3g
<19:40:49> [B95EE41B][Error] invalid parent unit id(69018)
<19:40:58> [B95EE41B][Error] invalid parent unit id(69018)
<19:40:59> [000004EE][Warning] Independent immortal particle effect spawned: X2_EFFECT_O.Interaction.enchant_wpn_range_honor_3g
<19:41:03> [000004EE][Warning] [CGF Error] game/objects/item/bow/bow_eph_7/bow_eph_7.cgf [:] LOD1 of geometry  contains too many polygons comparing to the LOD0 [824 against 1214] :
<19:41:03> [CA175C82][Warning] non-stream IO. system(Material), filePath(game/objects/characters/warborn/female/horns/wa_f_horns011/wa_f_horns011_hc03.mtl)
<19:41:04> [B95EE41B][Error] invalid parent unit id(123320)
<19:41:09> [745BAE2F][Warning] failed to stream material xml(game/objects/effects/keffect/p_shockwave4.mtl)
<19:41:10> [B95EE41B][Error] invalid parent unit id(73171)
<19:41:11> [637AF710][Warning] missing chr material : game/objects/characters/hariharan/female/parts/bo/obj/ha_f_bo_cloth142.mtl (chr: game/objects/characters/hariharan/female/parts/bo/obj/ha_f_1bo402.chr)
<19:41:11> [000004EE][Warning] [CGF Error] game/objects/item/bow/bow_eph_7/bow_eph_7.cgf [:] LOD1 of geometry  contains too many polygons comparing to the LOD0 [824 against 1214] :
<19:41:11> [000004EE][Warning] Independent immortal particle effect spawned: X2_EFFECT_O.Interaction.enchant_wpn_range_honor_3g
<19:41:16> [B95EE41B][Error] invalid parent unit id(123320)
<19:41:17> [000004EE][Warning] Independent immortal particle effect spawned: X2_EFFECT_O.Interaction.enchant_wpn_range_honor_3g
<19:41:21> [B95EE41B][Error] invalid parent unit id(71460)
<19:41:27> [B95EE41B][Error] invalid parent unit id(112882)
<19:41:33> [B95EE41B][Error] invalid parent unit id(77868)
<19:41:37> [000004EE][Warning] Independent immortal particle effect spawned: X2_EFFECT_O.Interaction.enchant_wpn_range_honor_3g
<19:41:40> [745BAE2F][Warning] failed to stream material xml(game/objects/characters/monster/tiger_ride/tiger_ride_yellow/Material #0.mtl)
<19:41:40> [B95EE41B][Error] invalid parent unit id(52870)
<19:41:47> [B95EE41B][Error] invalid parent unit id(52870)
<19:41:48> [000004EE][Warning] Independent immortal particle effect spawned: X2_EFFECT_O.Interaction.enchant_wpn_range_honor_3g
<19:42:14> [F724A392][Error] CryAnimation:: Trying to load animation with alias "fist_ba_relaxed_idle_rand_3" from file "animations/monster/yata/fist/fist_ba_relaxed_idle_rand_3.caf" into the animation container. Such animation alias already exists and uses file "animations/monster/yata/fist/fist_ba_relaxed_idle_rand_1.caf". Please use another animation alias.
<19:42:15> [B95EE41B][Error] invalid parent unit id(61619)
<19:42:20> [000004EE][Warning] Independent immortal particle effect spawned: X2_EFFECT_O.Interaction.enchant_wpn_range_honor_3g
<19:42:23> [B95EE41B][Error] invalid parent unit id(113468)
<19:42:32> [B95EE41B][Error] invalid parent unit id(113468)
<19:42:32> [000004EE][Warning] Independent immortal particle effect spawned: X2_EFFECT_O.Interaction.enchant_wpn_range_honor_3g
<19:42:48> [745BAE2F][Warning] failed to stream material xml(game/objects/characters/hariharan/male/parts/pt/obj/ha_m_pt_cloth230.mtl)
<19:42:48> [637AF710][Warning] missing chr material : game/objects/characters/hariharan/male/parts/pt/obj/ha_m_pt_cloth230.mtl (chr: game/objects/characters/hariharan/male/parts/pt/obj/ha_m_1pt401.chr)
<19:42:48> [000004EE][Warning] Independent immortal particle effect spawned: X2_EFFECT_O.Interaction.enchant_wpn_range_honor_3g
<19:43:03> [DD6CD685][Warning] grand child physical proxy is not supported. grandpa(Harpoon Clipper), dad(prefab_doodad_model_280575_prefab://Prefabs/galleon.xml/galleon.galleon_helms), child(galleon_helms_1)
<19:43:05> [000004EE][Warning] Independent immortal particle effect spawned: X2_EFFECT_O.Interaction.enchant_wpn_range_honor_3g
<19:43:13> [A4D70365][Warning] rigid-body own-entity; prefab=prefabs/fishboat.xml/fishboat.fishboat_wheel node=webbed_feet
<19:43:13> [745BAE2F][Warning] failed to stream material xml(game/objects/env/06_unit/01_ship/fishboat/fisherbarrel.mtl)
<19:43:13> [DD6CD685][Warning] grand child physical proxy is not supported. grandpa(30-Day Longliner), dad(prefab_doodad_model_269441_prefab://Prefabs/galleon.xml/galleon.galleon_helms), child(galleon_helms_1)
<19:43:22> [63ABB424][Warning] Facial sequence "fist_ac_whistle" not listed in CAL file for character "game/objects/characters/hariharan/male/nude/ha_m_base.chr".
<19:43:23> [B95EE41B][Error] invalid parent unit id(71448)
<19:43:30> [745BAE2F][Warning] failed to stream material xml(game/objects/characters/hariharan/female/parts/bo/obj/ha_f_bo_cloth142.mtl)
<19:43:30> [637AF710][Warning] missing chr material : game/objects/characters/hariharan/female/parts/bo/obj/ha_f_bo_cloth142.mtl (chr: game/objects/characters/hariharan/female/parts/bo/obj/ha_f_1bo402.chr)
<19:43:30> [000004EE][Warning] [CGF Error] game/objects/item/bow/bow_eph_7/bow_eph_7.cgf [:] LOD1 of geometry  contains too many polygons comparing to the LOD0 [824 against 1214] :
<19:43:30> [000004EE][Warning] Independent immortal particle effect spawned: X2_EFFECT_O.Interaction.enchant_wpn_range_honor_3g
<19:43:33> [B95EE41B][Error] invalid parent unit id(71448)
<19:43:38> [745BAE2F][Warning] failed to stream material xml(game/materials/effects/fume_h_ssd.mtl)
<19:43:42> [CA175C82][Warning] non-stream IO. system(Material), filePath(game/objects/characters/warborn/female/horns/wa_f_horns012/wa_f_horns012_hc02.mtl)
<19:43:49> [B95EE41B][Error] invalid parent unit id(71215)
<19:43:49> [437E3168][Warning] Cannot load texture game/objects/characters/monster/phoenix_white/phoenix_white2_df.dds, file missing [File=game/objects/characters/monster/phoenix_white/phoenix_white2_df.dds]
<19:43:51> [000004EE][Warning] [CGF Error] game/objects/item/bow/bow_eph_7/bow_eph_7.cgf [:] LOD1 of geometry  contains too many polygons comparing to the LOD0 [824 against 1214] :
<19:43:51> [000004EE][Warning] Independent immortal particle effect spawned: X2_EFFECT_O.Interaction.enchant_wpn_range_honor_3g
<19:43:59> [B95EE41B][Error] invalid parent unit id(71215)
<19:43:59> [000004EE][Warning] Independent immortal particle effect spawned: X2_EFFECT_O.Interaction.enchant_wpn_range_honor_3g
<19:44:04> [F724A392][Error] CryAnimation:: Trying to load animation with alias "fist_ba_relaxed_idle_rand_3" from file "animations/monster/yata/fist/fist_ba_relaxed_idle_rand_3.caf" into the animation container. Such animation alias already exists and uses file "animations/monster/yata/fist/fist_ba_relaxed_idle_rand_1.caf". Please use another animation alias.
<19:44:05> [000004EE][Warning] Independent immortal particle effect spawned: X2_EFFECT_O.Interaction.enchant_wpn_range_honor_3g
<19:44:05> [B95EE41B][Error] invalid parent unit id(37517)
<19:44:06> [BD8C448A][Warning] Cannot load texture game/objects/characters/warborn/male/nude/wa_m_nude_ddn.dds, file missing [File=game/objects/characters/warborn/male/nude/wa_m_nude_ddn.dds]
<19:44:06> [CA175C82][Warning] non-stream IO. system(Material), filePath(game/objects/characters/warborn/male/horns/wa_m_horns014/wa_m_horns014_hc07.mtl)
<19:44:10> [B95EE41B][Error] invalid parent unit id(68952)
<19:44:11> [745BAE2F][Warning] failed to stream material xml(game/objects/characters/ferre/male/face/fe_m_face00_blup02.mtl)
<19:44:11> [65FB52A3][Warning] Entity Elwiwi:cannot find animation additive_fist_mo_normal_run_f_rand_2
<19:44:11> [000004EE][Warning] Independent immortal particle effect spawned: X2_EFFECT_O.Interaction.enchant_wpn_range_honor_3g
<19:44:15> [B95EE41B][Error] invalid parent unit id(37517)
<19:44:23> [B95EE41B][Error] invalid parent unit id(73052)
<19:44:24> [000004EE][Warning] Independent immortal particle effect spawned: X2_EFFECT_O.Interaction.enchant_wpn_range_honor_3g
<19:44:24> [745BAE2F][Warning] failed to stream material xml(game/materials/effects/fume_h_ssd.mtl)
<19:44:26> [000004EE][Warning] [CGF Error] game/objects/item/bow/bow_eph_7/bow_eph_7.cgf [:] LOD1 of geometry  contains too many polygons comparing to the LOD0 [824 against 1214] :
<19:44:27> [63ABB424][Warning] Facial sequence "fist_ac_whistle" not listed in CAL file for character "game/objects/characters/hariharan/female/nude/ha_f_base.chr".
<19:44:30> [B95EE41B][Error] invalid parent unit id(74552)
<19:44:30> [000004EE][Warning] Independent immortal particle effect spawned: X2_EFFECT_O.Interaction.enchant_wpn_range_honor_3g
<19:44:32> [745BAE2F][Warning] failed to stream material xml(game/objects/characters/monster/tiger_ride/tiger_ride_yellow/Material #0.mtl)
<19:44:33> [637AF710][Warning] missing chr material : game/objects/characters/hariharan/male/parts/ar/obj/ha_m_ar_cloth025.mtl (chr: game/objects/characters/hariharan/male/parts/ar/obj/ha_m_1ar303_2arm001.chr)
<19:44:35> [000004EE][Warning] [Lua Error] ...cripts/x2ui/questcontext/notifier/quest_notifier.lua:350: attempt to index local 'info' (a nil value)
<19:44:38> [B95EE41B][Error] invalid parent unit id(72125)
<19:44:54> [2363981C][Warning] chr material is not precached : game/objects/characters/hariharan/female/costume/ha_f_sk_owlpostman001/ha_f_sk_owlpostman001_h.mtl (chr: game/objects/characters/hariharan/female/costume/ha_f_sk_owlpostman001/ha_f_sk_owlpostman001_h.chr)
<19:44:54> [CA175C82][Warning] non-stream IO. system(Material), filePath(game/objects/characters/hariharan/female/costume/ha_f_sk_owlpostman001/ha_f_sk_owlpostman001_h.mtl)
<19:44:57> [F724A392][Error] CryAnimation:: Trying to load animation with alias "fist_ba_relaxed_idle_rand_3" from file "animations/monster/yata/fist/fist_ba_relaxed_idle_rand_3.caf" into the animation container. Such animation alias already exists and uses file "animations/monster/yata/fist/fist_ba_relaxed_idle_rand_1.caf". Please use another animation alias.
<19:44:58> [B95EE41B][Error] invalid parent unit id(24889)
<19:44:58> [000004EE][Warning] Independent immortal particle effect spawned: X2_EFFECT_O.Interaction.enchant_wpn_range_honor_3g
<19:45:02> [745BAE2F][Warning] failed to stream material xml(game/objects/characters/ferre/male/face/fe_m_face00_blup02.mtl)
<19:45:02> [000004EE][Warning] [CGF Error] game/objects/item/bow/bow_eph_7/bow_eph_7.cgf [:] LOD1 of geometry  contains too many polygons comparing to the LOD0 [824 against 1214] :
<19:45:04> [B95EE41B][Error] invalid parent unit id(69675)
<19:45:10> [B95EE41B][Error] invalid parent unit id(69675)
<19:45:10> [000004EE][Warning] Independent immortal particle effect spawned: X2_EFFECT_O.Interaction.enchant_wpn_range_honor_3g
<19:45:12> [A4D70365][Warning] rigid-body own-entity; prefab=prefabs/fishboat.xml/fishboat.fishboat_wheel node=webbed_feet
<19:45:12> [745BAE2F][Warning] failed to stream material xml(game/objects/env/06_unit/01_ship/fishboat/fisherbarrel.mtl)
<19:45:12> [DD6CD685][Warning] grand child physical proxy is not supported. grandpa(30-Day Longliner), dad(prefab_doodad_model_659576_prefab://Prefabs/galleon.xml/galleon.galleon_helms), child(galleon_helms_1)
<19:45:15> [000004EE][Warning] [CGF Error] game/objects/item/bow/bow_cathero/bow_cathero.cgf [:] LOD1 of geometry  contains too many polygons comparing to the LOD0 [4425 against 6582] :
<19:45:21> [B95EE41B][Error] invalid parent unit id(122330)
<19:45:21> [000004EE][Warning] [CGF Error] game/objects/item/blade_2h/blade_2h_monster/blade_2h_docheol_3/blade_2h_docheol_3.cgf [:] LOD1 of geometry  contains too many polygons comparing to the LOD0 [1900 against 2652] :
<19:45:23> [000004EE][Warning] Independent immortal particle effect spawned: X2_EFFECT_O.Interaction.enchant_wpn_range_honor_3g
<19:45:25> [63ABB424][Warning] Facial sequence "fist_ac_whistle" not listed in CAL file for character "game/objects/characters/hariharan/female/nude/ha_f_base.chr".
<19:45:26> [B95EE41B][Error] invalid parent unit id(111183)
<19:45:32> [B95EE41B][Error] invalid parent unit id(111183)
<19:45:32> [000004EE][Warning] Independent immortal particle effect spawned: X2_EFFECT_O.Interaction.enchant_wpn_range_honor_3g
<19:45:32> [CE0EF930][Warning] failed to stream cgf : objects/env/05_nature/08_cry_source/rocks/precipice/landslide_rock_small_d.cgf
<19:45:42> [B95EE41B][Error] invalid parent unit id(33039)
<19:46:01> [B95EE41B][Error] invalid parent unit id(127495)
<19:46:01> [745BAE2F][Warning] failed to stream material xml(game/materials/effects/fume_h_ssd.mtl)
<19:46:03> [000004EE][Warning] Independent immortal particle effect spawned: X2_EFFECT_O.Interaction.enchant_wpn_range_honor_3g
<19:46:10> [000004EE][Warning] Failed to load shader "Dynamiceffect_pul" in material "game/objects/characters/nuian/female/costume/nu_f_sk_tech001/nu_f_sk_tech_fx1"
<19:46:23> [B95EE41B][Error] invalid parent unit id(76243)
<19:46:25> [000004EE][Warning] Independent immortal particle effect spawned: X2_EFFECT_O.Interaction.enchant_wpn_range_honor_3g
<19:46:27> [63ABB424][Warning] Facial sequence "fist_ac_whistle" not listed in CAL file for character "game/objects/characters/hariharan/female/nude/ha_f_base.chr".
<19:46:40> [745BAE2F][Warning] failed to stream material xml(game/objects/characters/warborn/female/parts/ar/obj/wa_f_ar_cloth170.mtl)
<19:46:40> [637AF710][Warning] missing chr material : game/objects/characters/warborn/female/parts/ar/obj/wa_f_ar_cloth170.mtl (chr: game/objects/characters/warborn/female/parts/ar/obj/wa_f_2sh018_5ar204.chr)
<19:46:40> [CA175C82][Warning] non-stream IO. system(Material), filePath(game/objects/characters/warborn/female/horns/wa_f_horns012/wa_f_horns012_hc03.mtl)
<19:46:42> [F724A392][Error] CryAnimation:: Trying to load animation with alias "fist_ba_relaxed_idle_rand_3" from file "animations/monster/yata/fist/fist_ba_relaxed_idle_rand_3.caf" into the animation container. Such animation alias already exists and uses file "animations/monster/yata/fist/fist_ba_relaxed_idle_rand_1.caf". Please use another animation alias.
<19:46:49> [745BAE2F][Warning] failed to stream material xml(game/objects/item/shield/shield_monster/shield_baeksojeong03/shield_baeksojeong03_whtp01.mtl)
<19:46:54> [745BAE2F][Warning] failed to stream material xml(game/materials/effects/fume_h_ssd.mtl)
<19:46:58> [B95EE41B][Error] invalid parent unit id(119391)
<19:47:17> [745BAE2F][Warning] failed to stream material xml(game/objects/characters/hariharan/male/parts/all/cloth/cloth041/el_m_cp_cloth041.mtl)
<19:47:17> [637AF710][Warning] missing chr material : game/objects/characters/hariharan/male/parts/all/cloth/cloth041/el_m_cp_cloth041.mtl (chr: game/objects/characters/hariharan/male/parts/all/cloth/cloth041/ha_m_cp_cloth041.chr)
<19:47:18> [2363981C][Warning] chr material is not precached : game/objects/characters/ferre/female/hair/fe_f_hair018/fe_f_hair018.mtl (chr: game/objects/characters/ferre/female/hair/fe_f_hair018/fe_f_hair018.chr)
<19:47:18> [CA175C82][Warning] non-stream IO. system(Material), filePath(game/objects/characters/ferre/female/hair/fe_f_hair018/fe_f_hair018.mtl)
<19:47:23> [B95EE41B][Error] invalid parent unit id(78192)
<19:47:28> [000004EE][Warning] Particle effect not found: 'game/ability_skill_table_k.p_skill_love.vital_add_launch', from unknown 
<19:47:28> [745BAE2F][Warning] failed to stream material xml(game/objects/characters/warborn/female/parts/pt/obj/wa_f_pt_cloth160.mtl)
<19:47:28> [637AF710][Warning] missing chr material : game/objects/characters/warborn/female/parts/pt/obj/wa_f_pt_cloth160.mtl (chr: game/objects/characters/warborn/female/parts/pt/obj/wa_f_1pt902.chr)
<19:47:28> [CA175C82][Warning] non-stream IO. system(Material), filePath(game/objects/characters/warborn/female/horns/wa_f_horns010/wa_f_horns010_hc06.mtl)
<19:47:30> [B95EE41B][Error] invalid parent unit id(121883)
<19:47:30> [000004EE][Warning] Independent immortal particle effect spawned: X2_EFFECT_O.Interaction.enchant_wpn_range_honor_3g
<19:47:33> [34837D7E][Warning] Failed to Load Character file. Skeleton-Initial-Positions are missing [File=game/objects/characters/monster/snowman_ride/snowman_ride_armor01/snowman_ride_hm_01/snowman_ride_hm_01.chr]
<19:47:35> [745BAE2F][Warning] failed to stream material xml(game/materials/effects/heffect/fx_sandsmoke3.mtl)
<19:47:35> [6A24DCA5][Warning] Cannot load texture game/objects/env/03_origin_continent/12_land_of_magic/magic_stonegroup_df.dds, file missing [File=game/objects/env/03_origin_continent/12_land_of_magic/magic_stonegroup_df.dds]
<19:47:36> [637AF710][Warning] missing chr material : game/objects/characters/ferre/male/parts/hm/obj/fe_m_hm_leather001.mtl (chr: game/objects/characters/ferre/male/parts/hm/obj/fe_m_2hm109.chr)
<19:47:36> [B95EE41B][Error] invalid parent unit id(69580)
<19:47:37> [000004EE][Warning] Independent immortal particle effect spawned: X2_EFFECT_O.Interaction.enchant_wpn_range_honor_3g
<19:47:43> [B95EE41B][Error] invalid parent unit id(121883)
<19:47:44> [745BAE2F][Warning] failed to stream material xml(game/objects/characters/ferre/male/face/fe_m_face00_blup02.mtl)
<19:47:48> [637AF710][Warning] missing chr material : game/objects/characters/hariharan/female/parts/bo/obj/ha_f_bo_cloth142.mtl (chr: game/objects/characters/hariharan/female/parts/bo/obj/ha_f_1bo402.chr)
<19:47:48> [000004EE][Warning] [CGF Error] game/objects/item/bow/bow_eph_7/bow_eph_7.cgf [:] LOD1 of geometry  contains too many polygons comparing to the LOD0 [824 against 1214] :
<19:47:48> [000004EE][Warning] Independent immortal particle effect spawned: X2_EFFECT_O.Interaction.enchant_wpn_range_honor_3g
<19:47:51> [B95EE41B][Error] invalid parent unit id(121658)
<19:47:53> [000004EE][Warning] Independent immortal particle effect spawned: X2_EFFECT_O.Interaction.enchant_wpn_range_honor_3g
<19:47:56> [745BAE2F][Warning] failed to stream material xml(game/materials/effects/fume_h_ssd.mtl)
<19:48:00> [000004EE][Warning] [CGF Error] game/objects/item/bow/bow_eph_7/bow_eph_7.cgf [:] LOD1 of geometry  contains too many polygons comparing to the LOD0 [824 against 1214] :
<19:48:00> [000004EE][Warning] Independent immortal particle effect spawned: X2_EFFECT_O.Interaction.enchant_wpn_range_honor_3g
<19:48:26> [A4D70365][Warning] rigid-body own-entity; prefab=prefabs/fishboat.xml/fishboat.fishboat_wheel node=webbed_feet
<19:48:26> [745BAE2F][Warning] failed to stream material xml(game/objects/env/06_unit/01_ship/fishboat/fisherbarrel.mtl)
<19:48:26> [DD6CD685][Warning] grand child physical proxy is not supported. grandpa(Fish-Find Longliner), dad(prefab_doodad_model_630952_prefab://prefabs/fishboat.xml/fishboat.fishboat_wheel), child(webbed_feet)
<19:48:32> [745BAE2F][Warning] failed to stream material xml(game/objects/effects/ksw_effect/qilin.mtl)
<19:48:32> [B95EE41B][Error] invalid parent unit id(129101)
<19:48:40> [B95EE41B][Error] invalid parent unit id(107233)
<19:48:40> [745BAE2F][Warning] failed to stream material xml(game/objects/characters/ferre/male/parts/cp/cloth/cp_cloth044/fe_m_cp_cloth044_blup01.mtl)
<19:48:40> [4FC35136][Warning] Cannot load texture game/objects/characters/texture/cp/nu_m_cp_cloth044_df.dds, file missing [File=game/objects/characters/texture/cp/nu_m_cp_cloth044_df.dds]
<19:48:50> [CE0EF930][Warning] failed to stream cgf : objects/effects/portal_gate.cgf
<19:49:14> [0D885CE8][Warning] Not a normal map texture tried to be used as a normal map: game/objects/item/aac/all/aa_valentines/1h_scepter/aa_valentines_1h_scepter_fx_02.dds [File=game/objects/item/aac/all/aa_valentines/1h_scepter/aa_valentines_1h_scepter_fx_02.dds]
<19:49:14> [1F198D91][Warning] Non 3dc normal map used (wrong on DX10): game/objects/item/aac/all/aa_valentines/1h_scepter/aa_valentines_1h_scepter_ddn.dds [File=game/objects/item/aac/all/aa_valentines/1h_scepter/aa_valentines_1h_scepter_ddn.dds]
<19:49:14> [000004EE][Warning] Independent immortal particle effect spawned: X2_EFFECT_O.Interaction.enchant_wpn_range_honor_3g
<19:49:16> [CE0EF930][Warning] failed to stream cgf : objects/effects/portal_gate.cgf
<19:49:21> [745BAE2F][Warning] failed to stream material xml(game/objects/characters/ferre/female/costume/fe_f_sk_beggar002/fe_f_sk_beggar002_whin01.mtl)
<19:49:24> [637AF710][Warning] missing chr material : game/objects/characters/hariharan/female/parts/gv/obj/ha_f_gv_cloth168.mtl (chr: game/objects/characters/hariharan/female/parts/gv/obj/ha_f_2gv302.chr)
<19:49:32> [000004EE][Warning] Independent immortal particle effect spawned: X2_EFFECT_O.Interaction.enchant_wpn_range_honor_3g
<19:49:42> [745BAE2F][Warning] failed to stream material xml(game/objects/characters/warborn/male/parts/bo/obj/wa_m_bo_metal170.mtl)
<19:49:42> [637AF710][Warning] missing chr material : game/objects/characters/warborn/male/parts/bo/obj/wa_m_bo_metal170.mtl (chr: game/objects/characters/warborn/male/parts/bo/obj/wa_m_3bo102.chr)
<19:49:42> [CA175C82][Warning] non-stream IO. system(Material), filePath(game/objects/characters/warborn/male/horns/wa_m_horns006/wa_m_horns006_hc04.mtl)
<19:50:07> [745BAE2F][Warning] failed to stream material xml(game/materials/effects/fume_h_ssd.mtl)
<19:50:27> [745BAE2F][Warning] failed to stream material xml(game/objects/characters/ferre/female/parts/ar/cloth/ar_cloth056/fe_f_ar_cloth056_grap01.mtl)
<19:50:27> [637AF710][Warning] missing chr material : game/objects/characters/ferre/female/parts/cp/obj/fe_f_1cp101.mtl (chr: game/objects/characters/ferre/female/parts/cp/obj/fe_f_1cp101.chr)
<19:50:39> [000004EE][Warning] Independent immortal particle effect spawned: X2_EFFECT_O.Interaction.enchant_wpn_range_honor_3g
<19:50:44> [745BAE2F][Warning] failed to stream material xml(game/objects/effects/keffect/p_fire_blue1a.mtl)
<19:50:44> [000004EE][Warning] Independent immortal particle effect spawned: X2_EFFECT_O.Interaction.enchant_wpn_range_honor_3g
<19:50:51> [745BAE2F][Warning] failed to stream material xml(game/objects/characters/ferre/male/hair/fe_m_hair002/fe_m_hair002_brop02.mtl)
<19:50:57> [745BAE2F][Warning] failed to stream material xml(game/objects/effects/ksw_effect/qilin.mtl)
<19:50:57> [B95EE41B][Error] invalid parent unit id(84000)
<19:50:58> [4FC35136][Warning] Cannot load texture game/objects/characters/texture/cp/nu_m_cp_cloth044_df.dds, file missing [File=game/objects/characters/texture/cp/nu_m_cp_cloth044_df.dds]
<19:50:58> [637AF710][Warning] missing chr material : game/objects/characters/ferre/male/parts/hm/obj/fe_m_hm_leather001.mtl (chr: game/objects/characters/ferre/male/parts/hm/obj/fe_m_2hm109.chr)
<19:51:11> [B95EE41B][Error] invalid parent unit id(83947)
<19:51:24> [745BAE2F][Warning] failed to stream material xml(game/objects/env/06_unit/06_glider/glider_wing_crystal/glider_wing_crystal_whtp02.mtl)
<19:51:24> [637AF710][Warning] missing chr material : game/objects/characters/ferre/female/parts/cp/obj/fe_f_1cp101.mtl (chr: game/objects/characters/ferre/female/parts/cp/obj/fe_f_1cp101.chr)
<19:51:24> [000004EE][Warning] Independent immortal particle effect spawned: X2_EFFECT_O.Interaction.enchant_wpn_range_honor_3g
<19:51:26> [CE0EF930][Warning] failed to stream cgf : objects/effects/portal_gate.cgf
<19:51:34> [BD8C448A][Warning] Cannot load texture game/objects/characters/warborn/male/nude/wa_m_nude_ddn.dds, file missing [File=game/objects/characters/warborn/male/nude/wa_m_nude_ddn.dds]
<19:51:34> [CA175C82][Warning] non-stream IO. system(Material), filePath(game/objects/characters/warborn/male/hair/wa_m_hair016/wa_m_hair016.mtl)
<19:51:52> [745BAE2F][Warning] failed to stream material xml(game/materials/effects/fume_h_ssd.mtl)
<19:52:04> [CE0EF930][Warning] failed to stream cgf : objects/effects/portal_gate.cgf
<19:52:18> [000004EE][Warning] Independent immortal particle effect spawned: X2_EFFECT_O.Interaction.enchant_wpn_range_honor_3g
<19:52:27> [745BAE2F][Warning] failed to stream material xml(game/objects/characters/ferre/female/parts/all/cloth/cloth183/fe_f_pt_cloth183_brop01.mtl)
<19:52:27> [637AF710][Warning] missing chr material : game/objects/characters/ferre/female/parts/hm/obj/fe_f_hm_cloth164.mtl (chr: game/objects/characters/ferre/female/parts/hm/obj/fe_f_1hm220.chr)
<19:52:27> [000004EE][Warning] Independent immortal particle effect spawned: X2_EFFECT_O.Interaction.enchant_wpn_range_honor_3g
<19:52:42> [000004EE][Warning] [CGF Error] game/objects/item/blade_2h/blade_2h_monster/blade_2h_docheol_4/blade_2h_docheol_4.cgf [:] LOD1 of geometry  contains too many polygons comparing to the LOD0 [2486 against 3554] :
<19:52:42> [CA175C82][Warning] non-stream IO. system(Material), filePath(game/objects/characters/warborn/female/horns/wa_f_horns010/wa_f_horns010_hc01.mtl)
<19:52:48> [CA175C82][Warning] non-stream IO. system(Material), filePath(game/objects/characters/warborn/female/horns/wa_f_horns006/wa_f_horns006_hc07.mtl)
<19:52:53> [63ABB424][Warning] Facial sequence "fist_ac_whistle" not listed in CAL file for character "game/objects/characters/warborn/female/nude/wa_f_base.chr".
<19:52:53> [745BAE2F][Warning] failed to stream material xml(game/objects/effects/ksw_effect/qilin.mtl)
<19:52:55> [B95EE41B][Error] invalid parent unit id(127935)
<19:53:25> [63ABB424][Warning] Facial sequence "fist_ac_whistle" not listed in CAL file for character "game/objects/characters/warborn/female/nude/wa_f_base.chr".
<19:53:26> [B95EE41B][Error] invalid parent unit id(127451)
<19:53:27> [745BAE2F][Warning] failed to stream material xml(game/objects/characters/hariharan/female/parts/cp/obj/ha_f_cp_leather002.mtl)
<19:53:27> [637AF710][Warning] missing chr material : game/objects/characters/hariharan/female/parts/cp/obj/ha_f_cp_leather002.mtl (chr: game/objects/characters/hariharan/female/parts/cp/obj/ha_f_1cp113.chr)
<19:53:32> [000004EE][Warning] [CGF Error] game/objects/item/bow/bow_eph_7/bow_eph_7.cgf [:] LOD1 of geometry  contains too many polygons comparing to the LOD0 [824 against 1214] :
<19:53:32> [CA175C82][Warning] non-stream IO. system(Material), filePath(game/objects/characters/warborn/female/horns/wa_f_horns011/wa_f_horns011_hc03.mtl)
<19:53:36> [B95EE41B][Error] invalid parent unit id(127451)
<19:53:54> [CA175C82][Warning] non-stream IO. system(Material), filePath(game/objects/characters/warborn/male/horns/wa_m_horns006/wa_m_horns006_hc01.mtl)
<19:53:54> [745BAE2F][Warning] failed to stream material xml(objects/effects/peffect/magic_sphere_mesh_a.mtl)
<19:54:00> [0D01BD65] start to parse systm mail
<19:54:00> [BFBA8B5E] end to parse systm mail
<19:54:00> [0D01BD65] start to parse systm mail
<19:54:00> [BFBA8B5E] end to parse systm mail
<19:54:00> [0D01BD65] start to parse systm mail
<19:54:00> [BFBA8B5E] end to parse systm mail
<19:54:00> [0D01BD65] start to parse systm mail
<19:54:00> [BFBA8B5E] end to parse systm mail
<19:54:00> [0D01BD65] start to parse systm mail
<19:54:00> [BFBA8B5E] end to parse systm mail
<19:54:01> [745BAE2F][Warning] failed to stream material xml(game/objects/characters/warborn/female/hair/wa_f_hair004/nu_f_hair001.mtl)
<19:54:01> [4315AF15][Warning] Non 3dc normal map used (wrong on DX10): game/objects/item/aac/all/aa_summer/2h_spear/Powerpoint/aa_summer_pool_noodle_ddn.dds [File=game/objects/item/aac/all/aa_summer/2h_spear/Powerpoint/aa_summer_pool_noodle_ddn.dds]
<19:54:01> [5CE0EBF8][Warning] Not a normal map texture tried to be used as a normal map: game/objects/item/aac/all/aa_summer/2h_spear/Powerpoint/aa_summer_pool_noodle_sp.dds [File=game/objects/item/aac/all/aa_summer/2h_spear/Powerpoint/aa_summer_pool_noodle_sp.dds]
<19:54:03> [000004EE][Warning] [Lua Error] ...cripts/x2ui/questcontext/notifier/quest_notifier.lua:350: attempt to index local 'info' (a nil value)
<19:54:03> [0D01BD65] start to parse systm mail
<19:54:03> [BFBA8B5E] end to parse systm mail
<19:54:03> [0D01BD65] start to parse systm mail
<19:54:03> [BFBA8B5E] end to parse systm mail
<19:54:03> [0D01BD65] start to parse systm mail
<19:54:03> [BFBA8B5E] end to parse systm mail
<19:54:03> [0D01BD65] start to parse systm mail
<19:54:03> [BFBA8B5E] end to parse systm mail
<19:54:03> [0D01BD65] start to parse systm mail
<19:54:03> [BFBA8B5E] end to parse systm mail
<19:54:03> [0D01BD65] start to parse systm mail
<19:54:03> [BFBA8B5E] end to parse systm mail
<19:54:03> [0D01BD65] start to parse systm mail
<19:54:03> [BFBA8B5E] end to parse systm mail
<19:54:03> [0D01BD65] start to parse systm mail
<19:54:03> [BFBA8B5E] end to parse systm mail
<19:54:03> [0D01BD65] start to parse systm mail
<19:54:03> [BFBA8B5E] end to parse systm mail
<19:54:03> [0D01BD65] start to parse systm mail
<19:54:03> [BFBA8B5E] end to parse systm mail
<19:54:04> [0D01BD65] start to parse systm mail
<19:54:04> [BFBA8B5E] end to parse systm mail
<19:54:04> [0D01BD65] start to parse systm mail
<19:54:04> [BFBA8B5E] end to parse systm mail
<19:54:04> [0D01BD65] start to parse systm mail
<19:54:04> [BFBA8B5E] end to parse systm mail
<19:54:04> [0D01BD65] start to parse systm mail
<19:54:04> [BFBA8B5E] end to parse systm mail
<19:54:04> [0D01BD65] start to parse systm mail
<19:54:04> [BFBA8B5E] end to parse systm mail
<19:54:04> [0D01BD65] start to parse systm mail
<19:54:04> [BFBA8B5E] end to parse systm mail
<19:54:04> [0D01BD65] start to parse systm mail
<19:54:04> [BFBA8B5E] end to parse systm mail
<19:54:04> [0D01BD65] start to parse systm mail
<19:54:04> [BFBA8B5E] end to parse systm mail
<19:54:04> [0D01BD65] start to parse systm mail
<19:54:04> [BFBA8B5E] end to parse systm mail
<19:54:04> [0D01BD65] start to parse systm mail
<19:54:04> [BFBA8B5E] end to parse systm mail
<19:54:05> [0D01BD65] start to parse systm mail
<19:54:05> [BFBA8B5E] end to parse systm mail
<19:54:05> [0D01BD65] start to parse systm mail
<19:54:05> [BFBA8B5E] end to parse systm mail
<19:54:05> [0D01BD65] start to parse systm mail
<19:54:05> [BFBA8B5E] end to parse systm mail
<19:54:05> [0D01BD65] start to parse systm mail
<19:54:05> [BFBA8B5E] end to parse systm mail
<19:54:05> [0D01BD65] start to parse systm mail
<19:54:05> [BFBA8B5E] end to parse systm mail
<19:54:05> [0D01BD65] start to parse systm mail
<19:54:05> [BFBA8B5E] end to parse systm mail
<19:54:05> [0D01BD65] start to parse systm mail
<19:54:05> [BFBA8B5E] end to parse systm mail
<19:54:05> [0D01BD65] start to parse systm mail
<19:54:05> [BFBA8B5E] end to parse systm mail
<19:54:05> [0D01BD65] start to parse systm mail
<19:54:05> [BFBA8B5E] end to parse systm mail
<19:54:05> [0D01BD65] start to parse systm mail
<19:54:05> [BFBA8B5E] end to parse systm mail
<19:54:07> [0D01BD65] start to parse systm mail
<19:54:07> [BFBA8B5E] end to parse systm mail
<19:54:07> [0D01BD65] start to parse systm mail
<19:54:07> [BFBA8B5E] end to parse systm mail
<19:54:07> [0D01BD65] start to parse systm mail
<19:54:07> [BFBA8B5E] end to parse systm mail
<19:54:07> [0D01BD65] start to parse systm mail
<19:54:07> [BFBA8B5E] end to parse systm mail
<19:54:07> [0D01BD65] start to parse systm mail
<19:54:07> [BFBA8B5E] end to parse systm mail
<19:54:07> [0D01BD65] start to parse systm mail
<19:54:07> [BFBA8B5E] end to parse systm mail
<19:54:07> [0D01BD65] start to parse systm mail
<19:54:07> [BFBA8B5E] end to parse systm mail
<19:54:07> [0D01BD65] start to parse systm mail
<19:54:07> [BFBA8B5E] end to parse systm mail
<19:54:07> [0D01BD65] start to parse systm mail
<19:54:07> [BFBA8B5E] end to parse systm mail
<19:54:07> [0D01BD65] start to parse systm mail
<19:54:07> [BFBA8B5E] end to parse systm mail
<19:54:07> [0D01BD65] start to parse systm mail
<19:54:07> [BFBA8B5E] end to parse systm mail
<19:54:07> [0D01BD65] start to parse systm mail
<19:54:07> [BFBA8B5E] end to parse systm mail
<19:54:07> [0D01BD65] start to parse systm mail
<19:54:07> [BFBA8B5E] end to parse systm mail
<19:54:07> [0D01BD65] start to parse systm mail
<19:54:07> [BFBA8B5E] end to parse systm mail
<19:54:07> [0D01BD65] start to parse systm mail
<19:54:07> [BFBA8B5E] end to parse systm mail
<19:54:19> [745BAE2F][Warning] failed to stream material xml(game/materials/effects/fume_h_ssd.mtl)
<19:54:40> [CA175C82][Warning] non-stream IO. system(Material), filePath(game/objects/characters/warborn/female/horns/wa_f_horns012/wa_f_horns012_hc02.mtl)
<19:54:42> [745BAE2F][Warning] failed to stream material xml(game/objects/characters/hariharan/female/parts/hm/obj/ha_f_hm_cloth168.mtl)
<19:54:42> [637AF710][Warning] missing chr material : game/objects/characters/hariharan/female/parts/hm/obj/ha_f_hm_cloth168.mtl (chr: game/objects/characters/hariharan/female/parts/hm/obj/ha_f_1hm211.chr)
<19:54:50> [CE0EF930][Warning] failed to stream cgf : objects/env/05_nature/08_cry_source/rocks/precipice/landslide_rock_small_d.cgf
<19:55:08> [A4D70365][Warning] rigid-body own-entity; prefab=prefabs/fishboat.xml/fishboat.fishboat_wheel node=webbed_feet
<19:55:08> [745BAE2F][Warning] failed to stream material xml(game/objects/env/06_unit/01_ship/fishboat/fisherbarrel.mtl)
<19:55:08> [DD6CD685][Warning] grand child physical proxy is not supported. grandpa(30-Day Longliner), dad(prefab_doodad_model_654726_prefab://prefabs/fishboat.xml/fishboat.fishboat_wheel), child(webbed_feet)
<19:55:24> [000004EE][Warning] Independent immortal particle effect spawned: X2_EFFECT_O.Interaction.enchant_wpn_range_honor_3g
<19:55:41> [DD6CD685][Warning] grand child physical proxy is not supported. grandpa(Harpoon Clipper), dad(prefab_doodad_model_286038_prefab://Prefabs/galleon.xml/galleon.galleon_helms), child(galleon_helms_1)
<19:55:42> [CE0EF930][Warning] failed to stream cgf : objects/effects/portal_gate.cgf
<19:56:07> [CE0EF930][Warning] failed to stream cgf : objects/effects/portal_gate.cgf
<19:56:11> [745BAE2F][Warning] failed to stream material xml(game/objects/characters/hariharan/male/parts/pt/obj/ha_m_pt_metal159.mtl)
<19:56:11> [637AF710][Warning] missing chr material : game/objects/characters/hariharan/male/parts/pt/obj/ha_m_pt_metal159.mtl (chr: game/objects/characters/hariharan/male/parts/pt/obj/ha_m_4pt202.chr)
<19:56:56> [63ABB424][Warning] Facial sequence "fist_ac_whistle" not listed in CAL file for character "game/objects/characters/hariharan/male/nude/ha_m_base.chr".
<19:56:56> [745BAE2F][Warning] failed to stream material xml(game/objects/effects/ksw_effect/qilin.mtl)
<19:56:57> [B95EE41B][Error] invalid parent unit id(74568)
<19:57:02> [F606EC0D][Warning] Cannot load texture game/textures/p_effects/kwak_effect/eff_line_001.dds, file missing [File=game/textures/p_effects/kwak_effect/eff_line_001.dds]
<19:57:02> [E6E0E18C][Warning] Not a normal map texture tried to be used as a normal map: game/objects/item/aac/staff_2h/staff_comet/aa_meteor_staff_fx.dds [File=game/objects/item/aac/staff_2h/staff_comet/aa_meteor_staff_fx.dds]
<19:57:02> [A181AEBC][Warning] Anim events cannot find effect "X2_EFFECT_kwak.kk_bm_test.wb_nuian_phoenix001_f_fx", requested by animation "<MISSING ANIM NAME>".
<19:57:06> [63ABB424][Warning] Facial sequence "fist_ac_whistle" not listed in CAL file for character "game/objects/characters/warborn/male/nude/wa_m_base.chr".
<19:57:07> [B95EE41B][Error] invalid parent unit id(123094)
<19:57:14> [B95EE41B][Error] invalid parent unit id(123094)
<19:57:32> [745BAE2F][Warning] failed to stream material xml(game/objects/characters/hariharan/male/parts/hm/obj/ha_m_hm_cloth002.mtl)
<19:57:32> [637AF710][Warning] missing chr material : game/objects/characters/hariharan/male/parts/hm/obj/ha_m_hm_cloth002.mtl (chr: game/objects/characters/hariharan/male/parts/hm/obj/ha_m_2hm109.chr)
<19:57:44> [745BAE2F][Warning] failed to stream material xml(game/objects/characters/hariharan/female/parts/cp/obj/ha_f_cp_leather002.mtl)
<19:57:44> [637AF710][Warning] missing chr material : game/objects/characters/hariharan/female/parts/ar/obj/ha_f_ar_cloth168.mtl (chr: game/objects/characters/hariharan/female/parts/ar/obj/ha_f_2sh018_5ar204.chr)
<19:57:53> [2363981C][Warning] chr material is not precached : game/objects/characters/hariharan/female/hair/ha_f_hair027/ha_f_hair027.mtl (chr: game/objects/characters/hariharan/female/hair/ha_f_hair027/ha_f_hair027.chr)
<19:57:53> [CA175C82][Warning] non-stream IO. system(Material), filePath(game/objects/characters/hariharan/female/hair/ha_f_hair027/ha_f_hair027.mtl)
<19:58:02> [745BAE2F][Warning] failed to stream material xml(game/materials/effects/fume_h_ssd.mtl)
<19:58:20> [745BAE2F][Warning] failed to stream material xml(game/objects/characters/ferre/female/costume/fe_f_sk_lucius001/fe_f_sk_lucius001_brop03.mtl)
<19:58:34> [745BAE2F][Warning] failed to stream material xml(game/objects/effects/ksw_effect/qilin.mtl)
<19:58:35> [B95EE41B][Error] invalid parent unit id(126828)
<19:59:33> [745BAE2F][Warning] failed to stream material xml(game/objects/effects/peffect/magic_sphere_mesh_a.mtl)
<19:59:33> [000004EE][Warning] [CGF Error] game/objects/item/bow/bow_sea_1/bow_sea_1.cgf [:] LOD1 of geometry  contains too many polygons comparing to the LOD0 [4127 against 5997] :
<19:59:39> [63ABB424][Warning] Facial sequence "fist_ac_whistle" not listed in CAL file for character "game/objects/characters/hariharan/female/nude/ha_f_base.chr".
<19:59:40> [B95EE41B][Error] invalid parent unit id(61833)
<19:59:41> [745BAE2F][Warning] failed to stream material xml(game/objects/item/ins_w/ins_w_festival02/ins_w_festival02_whin01.mtl)
<19:59:41> [E40A7B30][Warning] Non 3dc normal map used (wrong on DX10): game/objects/item/aac/all/aa_summer/shield/Sunphira/aa_summer_sunflower_ddn.dds [File=game/objects/item/aac/all/aa_summer/shield/Sunphira/aa_summer_sunflower_ddn.dds]
<19:59:41> [9CCFBE7D][Warning] Not a normal map texture tried to be used as a normal map: game/objects/item/aac/all/aa_summer/shield/Sunphira/aa_summer_sunflower_sp.dds [File=game/objects/item/aac/all/aa_summer/shield/Sunphira/aa_summer_sunflower_sp.dds]
<19:59:41> [000004EE][Warning] Independent immortal particle effect spawned: X2_EFFECT_O.Interaction.enchant_wpn_range_honor_3g
<19:59:41> [4820ACB9][Warning] Cannot load texture game/textures/p_effects/syh_effect/cat_footstrp_01.dds, file missing [File=game/textures/p_effects/syh_effect/cat_footstrp_01.dds]
<19:59:44> [637AF710][Warning] missing chr material : game/objects/characters/warborn/female/parts/bo/obj/wa_f_bo_cloth168.mtl (chr: game/objects/characters/warborn/female/parts/bo/obj/wa_f_1bo703.chr)
<19:59:44> [CA175C82][Warning] non-stream IO. system(Material), filePath(game/objects/characters/warborn/female/horns/wa_f_horns010/wa_f_horns010_hc02.mtl)
<19:59:49> [B95EE41B][Error] invalid parent unit id(61833)
<20:00:08> [745BAE2F][Warning] failed to stream material xml(game/materials/effects/fume_h_ssd.mtl)
<20:00:10> [637AF710][Warning] missing chr material : game/objects/characters/nuian/female/parts/gv/obj/nu_f_gv_leather146.mtl (chr: game/objects/characters/nuian/female/parts/gv/obj/nu_f_2gv401.chr)
<20:00:14> [CE0EF930][Warning] failed to stream cgf : objects/effects/portal_gate.cgf
<20:00:34> [745BAE2F][Warning] failed to stream material xml(game/objects/characters/hariharan/male/parts/hm/obj/ha_m_hm_cloth002.mtl)
<20:00:34> [637AF710][Warning] missing chr material : game/objects/characters/hariharan/male/parts/cp/obj/ha_m_cp_leather002.mtl (chr: game/objects/characters/hariharan/male/parts/cp/obj/ha_m_1cp113.chr)
<20:00:37> [CA175C82][Warning] non-stream IO. system(Material), filePath(game/objects/characters/warborn/female/horns/wa_f_horns006/wa_f_horns006_hc03.mtl)
<20:00:40> [745BAE2F][Warning] failed to stream material xml(game/objects/characters/ferre/female/parts/pt/cloth/pt_cloth168/fe_f_pt_cloth168_whin01.mtl)
<20:00:40> [637AF710][Warning] missing chr material : game/objects/characters/ferre/female/parts/gv/obj/fe_f_gv_cloth168.mtl (chr: game/objects/characters/ferre/female/parts/gv/obj/fe_f_2gv302.chr)
<20:00:48> [745BAE2F][Warning] failed to stream material xml(game/objects/characters/hariharan/male/parts/pt/obj/ha_m_pt_cloth168.mtl)
<20:00:48> [637AF710][Warning] missing chr material : game/objects/characters/hariharan/male/parts/bo/obj/ha_m_bo_cloth168.mtl (chr: game/objects/characters/hariharan/male/parts/bo/obj/ha_m_2bo504.chr)
<20:01:00> [CE0EF930][Warning] failed to stream cgf : objects/effects/portal_gate.cgf
<20:01:25> [CA175C82][Warning] non-stream IO. system(Material), filePath(game/objects/characters/warborn/male/horns/wa_m_horns006/wa_m_horns006_hc01.mtl)
<20:01:25> [745BAE2F][Warning] failed to stream material xml(objects/effects/peffect/magic_sphere_mesh_a.mtl)
<20:01:34> [745BAE2F][Warning] failed to stream material xml(game/objects/characters/hariharan/female/parts/cp/obj/ha_f_cp_leather002.mtl)
<20:01:34> [637AF710][Warning] missing chr material : game/objects/characters/hariharan/female/parts/ar/obj/ha_f_ar_cloth168.mtl (chr: game/objects/characters/hariharan/female/parts/ar/obj/ha_f_2sh018_5ar204.chr)
<20:01:43> [745BAE2F][Warning] failed to stream material xml(game/objects/effects/ksw_effect/qilin.mtl)
<20:01:44> [B95EE41B][Error] invalid parent unit id(78419)
<20:01:50> [745BAE2F][Warning] failed to stream material xml(game/materials/effects/fume_h_ssd.mtl)
<20:01:51> [CE0EF930][Warning] failed to stream cgf : objects/effects/portal_gate.cgf
<20:01:59> [437E3168][Warning] Cannot load texture game/objects/characters/monster/phoenix_white/phoenix_white2_df.dds, file missing [File=game/objects/characters/monster/phoenix_white/phoenix_white2_df.dds]
<20:01:59> [2363981C][Warning] chr material is not precached : game/objects/characters/hariharan/male/hair/ha_m_hair018/ha_m_hair018.mtl (chr: game/objects/characters/hariharan/male/hair/ha_m_hair018/ha_m_hair018.chr)
<20:01:59> [CA175C82][Warning] non-stream IO. system(Material), filePath(game/objects/characters/hariharan/male/hair/ha_m_hair018/ha_m_hair018.mtl)
<20:01:59> [000004EE][Warning] Independent immortal particle effect spawned: X2_EFFECT_O.Interaction.enchant_wpn_range_honor_3g
<20:02:07> [CE0EF930][Warning] failed to stream cgf : objects/env/05_nature/08_cry_source/rocks/precipice/landslide_rock_small_d.cgf
<20:02:36> [CE0EF930][Warning] failed to stream cgf : objects/effects/portal_gate.cgf
<20:02:49> [745BAE2F][Warning] failed to stream material xml(game/objects/effects/keffect/p_fire_blue1a.mtl)
<20:02:56> [745BAE2F][Warning] failed to stream material xml(game/materials/effects/fume_h_ssd.mtl)
<20:02:57> [000004EE][Warning] [Lua Error] ...cripts/x2ui/questcontext/notifier/quest_notifier.lua:350: attempt to index local 'info' (a nil value)
<20:02:59> [B95EE41B][Error] invalid parent unit id(37241)
<20:03:05> [B95EE41B][Error] invalid parent unit id(37241)
<20:03:10> [CE0EF930][Warning] failed to stream cgf : objects/effects/portal_gate.cgf
<20:04:53> [745BAE2F][Warning] failed to stream material xml(game/objects/characters/hariharan/male/parts/pt/obj/ha_m_pt_cloth168.mtl)
<20:04:53> [637AF710][Warning] missing chr material : game/objects/characters/hariharan/male/parts/bo/obj/ha_m_bo_cloth168.mtl (chr: game/objects/characters/hariharan/male/parts/bo/obj/ha_m_2bo504.chr)
<20:04:53> [000004EE][Warning] Independent immortal particle effect spawned: X2_EFFECT_O.Interaction.enchant_wpn_range_honor_2g
<20:05:21> [745BAE2F][Warning] failed to stream material xml(game/objects/item/sword_2h/sword_2h_darkmoon001/sword_2h_darkmoon001_whtp01.mtl)
<20:05:21> [DBDD2DA7][Warning] Failed to stream CAF-file [File=animations/item/effect_bone/sword_2h/sword_2h_darkmoon001/default.caf]
<20:05:21> [000004EE][Warning] Independent immortal particle effect spawned: X2_EFFECT_O.Interaction.enchant_wpn_range_honor_3g
<20:05:31> [745BAE2F][Warning] failed to stream material xml(game/objects/effects/ksw_effect/qilin.mtl)
<20:05:32> [B95EE41B][Error] invalid parent unit id(86964)
<20:05:43> [745BAE2F][Warning] failed to stream material xml(game/objects/characters/warborn/male/parts/cp/obj/01 - Default.mtl)
<20:05:43> [637AF710][Warning] missing chr material : game/objects/characters/warborn/male/parts/cp/obj/01 - Default.mtl (chr: game/objects/characters/warborn/male/parts/cp/obj/wa_m_1cp101.chr)
<20:05:43> [CA175C82][Warning] non-stream IO. system(Material), filePath(game/objects/characters/warborn/male/horns/wa_m_horns010/wa_m_horns010_hc03.mtl)
<20:05:43> [000004EE][Warning] Independent immortal particle effect spawned: X2_EFFECT_O.Interaction.enchant_wpn_range_honor_3g
<20:05:49> [745BAE2F][Warning] failed to stream material xml(game/objects/characters/hariharan/male/parts/gv/obj/ha_m_gv_cloth158.mtl)
<20:05:49> [637AF710][Warning] missing chr material : game/objects/characters/hariharan/male/parts/gv/obj/ha_m_gv_cloth158.mtl (chr: game/objects/characters/hariharan/male/parts/gv/obj/ha_m_1gv302.chr)
<20:05:49> [000004EE][Warning] [CGF Error] game/objects/item/bow/bow_monster/bow_ishtar_003/bow_ishtar_003.cgf [:] LOD1 of geometry  contains too many polygons comparing to the LOD0 [1948 against 2908] :
<20:05:49> [000004EE][Warning] Independent immortal particle effect spawned: X2_EFFECT_O.Interaction.enchant_wpn_range_honor_3g
<20:06:05> [745BAE2F][Warning] failed to stream material xml(game/objects/characters/ferre/female/parts/all/cloth/cloth041/fe_f_cp_cloth041_brop02.mtl)
<20:06:05> [637AF710][Warning] missing chr material : game/objects/characters/ferre/female/parts/hm/obj/fe_f_hm_cloth168.mtl (chr: game/objects/characters/ferre/female/parts/hm/obj/fe_f_1hm211.chr)
<20:07:05> [745BAE2F][Warning] failed to stream material xml(game/objects/item/sword_2h/sword_2h_darkmoon001/sword_2h_darkmoon001_whtp01.mtl)
<20:07:05> [000004EE][Warning] Independent immortal particle effect spawned: X2_EFFECT_O.Interaction.enchant_wpn_range_honor_3g
<20:07:10> [745BAE2F][Warning] failed to stream material xml(game/objects/effects/ksw_effect/qilin.mtl)
<20:07:11> [B95EE41B][Error] invalid parent unit id(45790)
<20:07:33> [745BAE2F][Warning] failed to stream material xml(game/objects/characters/warborn/female/parts/pt/obj/wa_f_pt_leather214.mtl)
<20:07:33> [637AF710][Warning] missing chr material : game/objects/characters/warborn/female/parts/pt/obj/wa_f_pt_leather214.mtl (chr: game/objects/characters/warborn/female/parts/pt/obj/wa_f_1pt602.chr)
<20:07:33> [CA175C82][Warning] non-stream IO. system(Material), filePath(game/objects/characters/warborn/female/hair/wa_f_hair004/wa_f_hair004.mtl)
<20:07:46> [CE0EF930][Warning] failed to stream cgf : objects/env/05_nature/08_cry_source/rocks/precipice/landslide_rock_small_d.cgf
<20:08:26> [745BAE2F][Warning] failed to stream material xml(game/materials/effects/fume_h_ssd.mtl)
<20:08:39> [745BAE2F][Warning] failed to stream material xml(game/objects/characters/ferre/male/face/fe_m_face00_blup02.mtl)
<20:09:11> [2363981C][Warning] chr material is not precached : game/objects/characters/warborn/female/costume/wa_f_sk_metalpriest001/wa_f_sk_metalpriest001_h.mtl (chr: game/objects/characters/warborn/female/costume/wa_f_sk_metalpriest001/wa_f_sk_metalpriest001_h.chr)
<20:09:11> [CA175C82][Warning] non-stream IO. system(Material), filePath(game/objects/characters/warborn/female/costume/wa_f_sk_metalpriest001/wa_f_sk_metalpriest001_h.mtl)
<20:09:11> [000004EE][Warning] Independent immortal particle effect spawned: X2_EFFECT_O.Interaction.enchant_wpn_range_honor_3g
<20:09:19> [745BAE2F][Warning] failed to stream material xml(game/objects/env/06_unit/06_glider/glider_wing_crystal/glider_wing_crystal_brop01.mtl)
<20:09:19> [000004EE][Warning] [CGF Error] game/objects/item/bow/bow_eph_7/bow_eph_7.cgf [:] LOD1 of geometry  contains too many polygons comparing to the LOD0 [824 against 1214] :
<20:09:20> [CA175C82][Warning] non-stream IO. system(Material), filePath(game/objects/characters/warborn/female/horns/wa_f_horns011/wa_f_horns011_hc03.mtl)
<20:09:33> [745BAE2F][Warning] failed to stream material xml(game/objects/characters/hariharan/male/parts/pt/obj/ha_m_pt_cloth230.mtl)
<20:09:33> [637AF710][Warning] missing chr material : game/objects/characters/hariharan/male/parts/pt/obj/ha_m_pt_cloth230.mtl (chr: game/objects/characters/hariharan/male/parts/pt/obj/ha_m_1pt401.chr)
<20:09:33> [000004EE][Warning] Independent immortal particle effect spawned: X2_EFFECT_O.Interaction.enchant_wpn_range_honor_3g
<20:09:35> [CE0EF930][Warning] failed to stream cgf : objects/effects/portal_gate.cgf
<20:09:35> Loading Particle Library: x2_effect_LJS
<20:09:40> [000004EE][Warning] [CGF Error] game/objects/item/blade_2h/blade_2h_monster/blade_2h_docheol_4/blade_2h_docheol_4.cgf [:] LOD1 of geometry  contains too many polygons comparing to the LOD0 [2486 against 3554] :
<20:09:40> [CA175C82][Warning] non-stream IO. system(Material), filePath(game/objects/characters/warborn/female/horns/wa_f_horns010/wa_f_horns010_hc01.mtl)
<20:09:45> [B95EE41B][Error] invalid parent unit id(128164)
<20:10:00> [B95EE41B][Error] invalid parent unit id(124531)
<20:10:11> [CE0EF930][Warning] failed to stream cgf : objects/effects/portal_gate.cgf
<20:10:15> [B95EE41B][Error] invalid parent unit id(128164)
<20:10:15> [000004EE][Warning] [CGF Error] game/objects/item/blade_2h/blade_2h_monster/blade_2h_docheol_4/blade_2h_docheol_4.cgf [:] LOD1 of geometry  contains too many polygons comparing to the LOD0 [2486 against 3554] :
<20:10:15> [CA175C82][Warning] non-stream IO. system(Material), filePath(game/objects/characters/warborn/female/horns/wa_f_horns010/wa_f_horns010_hc01.mtl)
<20:10:15> [000004EE][Warning] Independent immortal particle effect spawned: X2_EFFECT_O.Interaction.enchant_wpn_range_honor_3g
<20:10:32> [B95EE41B][Error] invalid parent unit id(128164)
<20:10:43> [CE0EF930][Warning] failed to stream cgf : objects/effects/portal_gate.cgf
<20:12:02> [745BAE2F][Warning] failed to stream material xml(game/objects/characters/ferre/male/nude/fe_m_grap02.mtl)
<20:12:02> [637AF710][Warning] missing chr material : game/objects/characters/ferre/male/parts/bo/obj/fe_m_bo_metal166.mtl (chr: game/objects/characters/ferre/male/parts/bo/obj/fe_m_3bo102.chr)
<20:12:07> [745BAE2F][Warning] failed to stream material xml(game/objects/effects/keffect/p_fire_blue1a.mtl)
<20:12:09> [000004EE][Warning] Particle effect not found: 'game/x2_effects_k.j_pc_effects.skill_hatred_df_soultrap_cs', from unknown 
<20:12:09> [637AF710][Warning] missing chr material : game/objects/characters/hariharan/female/parts/gv/obj/ha_f_gv_cloth504.mtl (chr: game/objects/characters/hariharan/female/parts/gv/obj/ha_f_1gv501.chr)
<20:12:29> [437E3168][Warning] Cannot load texture game/objects/characters/monster/phoenix_white/phoenix_white2_df.dds, file missing [File=game/objects/characters/monster/phoenix_white/phoenix_white2_df.dds]
<20:12:37> [745BAE2F][Warning] failed to stream material xml(game/materials/effects/fume_h_ssd.mtl)
<20:12:39> [000004EE][Warning] Independent immortal particle effect spawned: X2_EFFECT_O.Interaction.enchant_wpn_range_honor_3g
<20:12:55> [000004EE][Warning] Failed to load shader "Dynamiceffect_pul" in material "game/objects/characters/nuian/female/costume/nu_f_sk_tech001/nu_f_sk_tech_fx1"
<20:12:55> [CA175C82][Warning] non-stream IO. system(Material), filePath(game/objects/characters/warborn/female/horns/wa_f_horns010/wa_f_horns010_hc01.mtl)
<20:12:58> [000004EE][Warning] Independent immortal particle effect spawned: X2_EFFECT_O.Interaction.enchant_wpn_range_honor_3g
<20:13:05> [63ABB424][Warning] Facial sequence "fist_ba_combat_idle_rand_1" not listed in CAL file for character "game/objects/characters/hariharan/female/nude/ha_f_base.chr".
<20:13:09> [000004EE][Warning] Independent immortal particle effect spawned: X2_EFFECT_O.Interaction.enchant_wpn_range_honor_3g
<20:13:13> [000004EE][Warning] [CGF Error] game/objects/item/etc/blade_hatred/blade_1h_hatred.cgf [:] LOD1 of geometry  contains too many polygons comparing to the LOD0 [1156 against 1668] :
<20:13:14> [745BAE2F][Warning] failed to stream material xml(game/objects/characters/monster/tiger_ride/tiger_ride_yellow/Material #0.mtl)
<20:13:14> [B95EE41B][Error] invalid parent unit id(71994)
<20:13:22> [63ABB424][Warning] Facial sequence "fist_ba_combat_idle_rand_2" not listed in CAL file for character "game/objects/characters/hariharan/female/nude/ha_f_base.chr".
<20:13:30> [745BAE2F][Warning] failed to stream material xml(game/objects/characters/hariharan/female/parts/bo/obj/ha_f_bo_cloth168.mtl)
<20:13:30> [637AF710][Warning] missing chr material : game/objects/characters/hariharan/female/parts/bo/obj/ha_f_bo_cloth168.mtl (chr: game/objects/characters/hariharan/female/parts/bo/obj/ha_f_1bo703.chr)
<20:13:30> [C45FAC6E][Warning] Cannot load texture game/objects/characters/test/glider_squirrel/glider_squirrel_df.dds, file missing [File=game/objects/characters/test/glider_squirrel/glider_squirrel_df.dds]
<20:13:30> [CD8829BA][Warning] Error: CShaderMan::mfCreateShaderResources: Couldn't find subsurface texture 'game/objects/characters/test/glider_squirrel/glider_squirrel_df.dds' in path '' [File=game/objects/characters/test/glider_squirrel/glider_squirrel_df.dds]
<20:13:30> [000004EE][Warning] Independent immortal particle effect spawned: X2_EFFECT_O.Interaction.enchant_wpn_range_honor_3g
<20:14:01> [745BAE2F][Warning] failed to stream material xml(game/materials/effects/fume_h_ssd.mtl)
<20:14:24> [000004EE][Warning] Independent immortal particle effect spawned: X2_EFFECT_O.Interaction.enchant_wpn_range_honor_3g
<20:14:27> [745BAE2F][Warning] failed to stream material xml(game/objects/effects/ksw_effect/qilin.mtl)
<20:14:28> [B95EE41B][Error] invalid parent unit id(69543)
<20:14:28> [637AF710][Warning] missing chr material : game/objects/characters/ferre/female/parts/hm/obj/fe_f_hm_cloth164.mtl (chr: game/objects/characters/ferre/female/parts/hm/obj/fe_f_1hm220.chr)
<20:14:36> [B95EE41B][Error] invalid parent unit id(69543)
<20:14:37> [745BAE2F][Warning] failed to stream material xml(game/materials/effects/fume_h_ssd.mtl)
<20:14:46> [B95EE41B][Error] invalid parent unit id(69543)
<20:14:51> [000004EE][Warning] Independent immortal particle effect spawned: X2_EFFECT_O.Interaction.enchant_wpn_range_honor_3g
<20:14:53> [B95EE41B][Error] invalid parent unit id(124002)
<20:15:04> [745BAE2F][Warning] failed to stream material xml(game/objects/characters/hariharan/male/parts/all/cloth/cloth041/el_m_cp_cloth041.mtl)
<20:15:04> [637AF710][Warning] missing chr material : game/objects/characters/hariharan/male/parts/all/cloth/cloth041/el_m_cp_cloth041.mtl (chr: game/objects/characters/hariharan/male/parts/all/cloth/cloth041/ha_m_cp_cloth041.chr)
<20:15:13> [745BAE2F][Warning] failed to stream material xml(game/objects/characters/hariharan/female/parts/ar/obj/ha_f_ar_cloth543.mtl)
<20:15:13> [637AF710][Warning] missing chr material : game/objects/characters/hariharan/female/parts/gv/obj/ha_f_gv_cloth504.mtl (chr: game/objects/characters/hariharan/female/parts/gv/obj/ha_f_1gv501.chr)
<20:15:26> [BD8C448A][Warning] Cannot load texture game/objects/characters/warborn/male/nude/wa_m_nude_ddn.dds, file missing [File=game/objects/characters/warborn/male/nude/wa_m_nude_ddn.dds]
<20:15:26> [2363981C][Warning] chr material is not precached : game/objects/characters/warborn/male/costume/wa_m_sk_metalpriest001/wa_m_sk_metalpriest001_h.mtl (chr: game/objects/characters/warborn/male/costume/wa_m_sk_metalpriest001/wa_m_sk_metalpriest001_h.chr)
<20:15:26> [CA175C82][Warning] non-stream IO. system(Material), filePath(game/objects/characters/warborn/male/costume/wa_m_sk_metalpriest001/wa_m_sk_metalpriest001_h.mtl)
<20:15:39> [745BAE2F][Warning] failed to stream material xml(game/objects/effects/keffect/p_fire_blue1a.mtl)
<20:15:39> [000004EE][Warning] Independent immortal particle effect spawned: X2_EFFECT_O.Interaction.enchant_wpn_range_honor_3g
<20:15:49> [745BAE2F][Warning] failed to stream material xml(game/materials/effects/fume_h_ssd.mtl)
<20:15:53> [B95EE41B][Error] invalid parent unit id(86421)
<20:15:56> [CE0EF930][Warning] failed to stream cgf : objects/env/05_nature/08_cry_source/rocks/precipice/landslide_rock_small_d.cgf
<20:15:58> [000004EE][Warning] [CGF Error] game/objects/env/06_unit/06_glider/glider_wing/glider_wing_back.cgf [:] LOD1 of geometry  contains too many polygons comparing to the LOD0 [2234 against 3114] :
<20:16:00> [B95EE41B][Error] invalid parent unit id(86421)
<20:16:12> [000004EE][Warning] Independent immortal particle effect spawned: X2_EFFECT_O.Interaction.enchant_wpn_range_honor_3g
<20:16:24> [BD8C448A][Warning] Cannot load texture game/objects/characters/warborn/male/nude/wa_m_nude_ddn.dds, file missing [File=game/objects/characters/warborn/male/nude/wa_m_nude_ddn.dds]
<20:16:24> [CA175C82][Warning] non-stream IO. system(Material), filePath(game/objects/characters/warborn/male/horns/wa_m_horns005/wa_m_horns005_hc05.mtl)
<20:16:31> [63ABB424][Warning] Facial sequence "fist_ac_whistle" not listed in CAL file for character "game/objects/characters/warborn/male/nude/wa_m_base.chr".
<20:16:31> [745BAE2F][Warning] failed to stream material xml(game/objects/effects/ksw_effect/qilin.mtl)
<20:16:32> [B95EE41B][Error] invalid parent unit id(84933)
<20:16:38> [B95EE41B][Error] invalid parent unit id(84933)
<20:17:04> [63ABB424][Warning] Facial sequence "fist_ac_whistle" not listed in CAL file for character "game/objects/characters/warborn/female/nude/wa_f_base.chr".
<20:17:05> [B95EE41B][Error] invalid parent unit id(75972)
<20:17:14> [B95EE41B][Error] invalid parent unit id(75972)
<20:17:19> [2363981C][Warning] chr material is not precached : game/objects/characters/warborn/male/costume/wa_m_sk_death_knight001/wa_m_sk_death_knight001_h.mtl (chr: game/objects/characters/warborn/male/costume/wa_m_sk_death_knight001/wa_m_sk_death_knight001_h.chr)
<20:17:19> [CA175C82][Warning] non-stream IO. system(Material), filePath(game/objects/characters/warborn/male/costume/wa_m_sk_death_knight001/wa_m_sk_death_knight001_h.mtl)
<20:17:19> [BD8C448A][Warning] Cannot load texture game/objects/characters/warborn/male/nude/wa_m_nude_ddn.dds, file missing [File=game/objects/characters/warborn/male/nude/wa_m_nude_ddn.dds]
<20:17:19> [745BAE2F][Warning] failed to stream material xml(game/objects/effects/keffect/p_fire_blue1a.mtl)
<20:17:19> [000004EE][Warning] Independent immortal particle effect spawned: X2_EFFECT_O.Interaction.enchant_wpn_range_honor_3g
<20:17:20> [637AF710][Warning] missing chr material : game/objects/characters/ferre/female/parts/gv/obj/fe_f_gv_cloth168.mtl (chr: game/objects/characters/ferre/female/parts/gv/obj/fe_f_2gv302.chr)
<20:17:21> [000004EE][Warning] [CGF Error] game/objects/env/06_unit/06_glider/glider_wing/glider_wing_back.cgf [:] LOD1 of geometry  contains too many polygons comparing to the LOD0 [2234 against 3114] :
<20:18:04> [745BAE2F][Warning] failed to stream material xml(game/objects/characters/warborn/female/parts/gv/obj/wa_f_gv_cloth170.mtl)
<20:18:04> [637AF710][Warning] missing chr material : game/objects/characters/warborn/female/parts/ar/obj/wa_f_ar_cloth170.mtl (chr: game/objects/characters/warborn/female/parts/ar/obj/wa_f_2sh018_5ar204.chr)
<20:18:04> [CA175C82][Warning] non-stream IO. system(Material), filePath(game/objects/characters/warborn/female/horns/wa_f_horns010/wa_f_horns010_hc06.mtl)
<20:18:13> [745BAE2F][Warning] failed to stream material xml(game/objects/characters/hariharan/female/parts/bo/obj/ha_f_bo_cloth142.mtl)
<20:18:13> [637AF710][Warning] missing chr material : game/objects/characters/hariharan/female/parts/bo/obj/ha_f_bo_cloth142.mtl (chr: game/objects/characters/hariharan/female/parts/bo/obj/ha_f_1bo402.chr)
<20:18:13> [000004EE][Warning] [CGF Error] game/objects/item/bow/bow_eph_7/bow_eph_7.cgf [:] LOD1 of geometry  contains too many polygons comparing to the LOD0 [824 against 1214] :
<20:18:13> [000004EE][Warning] Independent immortal particle effect spawned: X2_EFFECT_O.Interaction.enchant_wpn_range_honor_3g
<20:18:15> [F606EC0D][Warning] Cannot load texture game/textures/p_effects/kwak_effect/eff_line_001.dds, file missing [File=game/textures/p_effects/kwak_effect/eff_line_001.dds]
<20:18:15> [000004EE][Warning] Particle effect not found: 'X2_EFFECT_kwak.kk_bm_test.dw_nuian_phoenix001_f_fx', from unknown 
<20:18:15> [A181AEBC][Warning] Anim events cannot find effect "X2_EFFECT_kwak.kk_bm_test.dw_nuian_phoenix001_f_fx", requested by animation "<MISSING ANIM NAME>".
<20:18:16> [63ABB424][Warning] Facial sequence "fist_ba_combat_idle_rand_5" not listed in CAL file for character "game/objects/characters/hariharan/female/nude/ha_f_base.chr".
<20:18:37> [CE0EF930][Warning] failed to stream cgf : objects/effects/portal_gate.cgf
<20:19:01> [745BAE2F][Warning] failed to stream material xml(game/objects/effects/ksw_effect/qilin.mtl)
<20:19:02> [B95EE41B][Error] invalid parent unit id(50403)
<20:19:02> [000004EE][Warning] Independent immortal particle effect spawned: X2_EFFECT_O.Interaction.enchant_wpn_range_honor_3g
<20:19:10> [B95EE41B][Error] invalid parent unit id(50403)
<20:19:11> [745BAE2F][Warning] failed to stream material xml(game/objects/characters/hariharan/male/parts/pt/obj/ha_m_pt_cloth168.mtl)
<20:19:11> [637AF710][Warning] missing chr material : game/objects/characters/hariharan/male/parts/bo/obj/ha_m_bo_cloth168.mtl (chr: game/objects/characters/hariharan/male/parts/bo/obj/ha_m_2bo504.chr)
<20:19:11> [000004EE][Warning] Independent immortal particle effect spawned: X2_EFFECT_O.Interaction.enchant_wpn_range_honor_2g
<20:19:16> [745BAE2F][Warning] failed to stream material xml(game/objects/effects/keffect/p_shockwave4.mtl)
<20:19:51> [CA175C82][Warning] non-stream IO. system(Material), filePath(game/objects/characters/warborn/female/horns/wa_f_horns012/wa_f_horns012_hc03.mtl)
<20:20:43> [745BAE2F][Warning] failed to stream material xml(game/objects/effects/ksw_effect/qilin.mtl)
<20:20:44> [B95EE41B][Error] invalid parent unit id(62026)
<20:20:44> [BD8C448A][Warning] Cannot load texture game/objects/characters/warborn/male/nude/wa_m_nude_ddn.dds, file missing [File=game/objects/characters/warborn/male/nude/wa_m_nude_ddn.dds]
<20:20:44> [CA175C82][Warning] non-stream IO. system(Material), filePath(game/objects/characters/warborn/male/horns/wa_m_horns005/wa_m_horns005_hc05.mtl)
<20:20:55> [B95EE41B][Error] invalid parent unit id(107693)
<20:21:04> [CE0EF930][Warning] failed to stream cgf : objects/effects/portal_gate.cgf
<20:21:06> [B95EE41B][Error] invalid parent unit id(107693)
<20:21:07> [745BAE2F][Warning] failed to stream material xml(game/materials/effects/fume_h_ssd.mtl)
<20:21:18> [000004EE][Warning] Independent immortal particle effect spawned: X2_EFFECT_O.Interaction.enchant_wpn_range_honor_2g
<20:21:34> [000004EE][Warning] Independent immortal particle effect spawned: X2_EFFECT_O.Interaction.enchant_wpn_range_honor_3g
<20:21:34> [745BAE2F][Warning] failed to stream material xml(objects/effects/peffect/magic_sphere_mesh_a.mtl)
<20:21:42> [745BAE2F][Warning] failed to stream material xml(game/objects/characters/hariharan/male/parts/cp/obj/ha_m_cp_leather002.mtl)
<20:21:42> [637AF710][Warning] missing chr material : game/objects/characters/hariharan/male/parts/cp/obj/ha_m_cp_leather002.mtl (chr: game/objects/characters/hariharan/male/parts/cp/obj/ha_m_1cp113.chr)
<20:21:52> [CE0EF930][Warning] failed to stream cgf : objects/effects/portal_gate.cgf
<20:21:55> [745BAE2F][Warning] failed to stream material xml(game/objects/env/06_unit/06_glider/glider_blackdragon_blan01.mtl)
<20:21:55> [5243B464][Warning] Error: CShaderMan::mfCreateShaderResources: Couldn't find subsurface texture 'objects/characters/ferre/female/face/face01/fe_f_face01_fur_sss.dds' in path '' [File=objects/characters/ferre/female/face/face01/fe_f_face01_fur_sss.dds]
<20:21:55> [000004EE][Warning] Independent immortal particle effect spawned: X2_EFFECT_O.Interaction.enchant_wpn_range_honor_3g
<20:21:58> [CA175C82][Warning] non-stream IO. system(Material), filePath(game/objects/characters/warborn/female/horns/wa_f_horns012/wa_f_horns012_hc03.mtl)
<20:22:30> [000004EE][Warning] [CGF Error] game/objects/item/mace_1h/mace_1h_valentine/mace_1h_valentine.cgf [:] LOD1 of geometry  contains too many polygons comparing to the LOD0 [706 against 992] :
<20:22:30> [CA175C82][Warning] non-stream IO. system(Material), filePath(game/objects/characters/warborn/female/horns/wa_f_horns010/wa_f_horns010_hc01.mtl)
<20:22:51> [CA175C82][Warning] non-stream IO. system(Material), filePath(game/objects/characters/warborn/female/horns/wa_f_horns010/wa_f_horns010_hc01.mtl)
<20:22:51> [745BAE2F][Warning] failed to stream material xml(objects/effects/peffect/magic_sphere_mesh_a.mtl)
<20:23:07> [CE0EF930][Warning] failed to stream cgf : objects/effects/portal_gate.cgf
<20:23:14> [CE0EF930][Warning] failed to stream cgf : objects/env/05_nature/08_cry_source/rocks/precipice/landslide_rock_small_d.cgf
<20:24:13> [745BAE2F][Warning] failed to stream material xml(game/objects/characters/ferre/female/parts/bo/cloth/bo_cloth170/fe_f_bo_cloth170_brop03.mtl)
<20:24:13> [637AF710][Warning] missing chr material : game/objects/characters/ferre/female/parts/pt/obj/fe_f_pt_cloth168.mtl (chr: game/objects/characters/ferre/female/parts/pt/obj/fe_f_1pt606.chr)
<20:24:36> [B95EE41B][Error] invalid parent unit id(95777)
<20:24:50> [B95EE41B][Error] invalid parent unit id(95777)
<20:25:16> [745BAE2F][Warning] failed to stream material xml(game/objects/characters/ferre/female/face/fe_f_face00_whtp03.mtl)
<20:25:16> [000004EE][Warning] [CGF Error] game/objects/env/06_unit/06_glider/glider_wing/glider_wing_back.cgf [:] LOD1 of geometry  contains too many polygons comparing to the LOD0 [2234 against 3114] :
<20:25:26> [745BAE2F][Warning] failed to stream material xml(game/objects/characters/ferre/female/hair/fe_f_hair015/fe_f_hair015_hm_type1_brop01.mtl)
<20:25:31> [C45FAC6E][Warning] Cannot load texture game/objects/characters/test/glider_squirrel/glider_squirrel_df.dds, file missing [File=game/objects/characters/test/glider_squirrel/glider_squirrel_df.dds]
<20:25:31> [CD8829BA][Warning] Error: CShaderMan::mfCreateShaderResources: Couldn't find subsurface texture 'game/objects/characters/test/glider_squirrel/glider_squirrel_df.dds' in path '' [File=game/objects/characters/test/glider_squirrel/glider_squirrel_df.dds]
<20:25:31> [2363981C][Warning] chr material is not precached : game/objects/characters/warborn/female/costume/wa_f_sk_lucius001/wa_f_sk_lucius001_h.mtl (chr: game/objects/characters/warborn/female/costume/wa_f_sk_lucius001/wa_f_sk_lucius001_h.chr)
<20:25:31> [CA175C82][Warning] non-stream IO. system(Material), filePath(game/objects/characters/warborn/female/costume/wa_f_sk_lucius001/wa_f_sk_lucius001_h.mtl)
<20:25:31> [000004EE][Warning] Independent immortal particle effect spawned: X2_EFFECT_O.Interaction.enchant_wpn_range_honor_3g
<20:25:33> [745BAE2F][Warning] failed to stream material xml(game/materials/effects/fume_h_ssd.mtl)
<20:25:58> [745BAE2F][Warning] failed to stream material xml(game/objects/effects/ksw_effect/qilin.mtl)
<20:25:58> [B95EE41B][Error] invalid parent unit id(92883)
<20:25:58> [000004EE][Warning] Failed to load shader "Dynamiceffect_pul" in material "game/objects/characters/nuian/female/costume/nu_f_sk_tech001/nu_f_sk_tech_fx1"
<20:25:58> [CA175C82][Warning] non-stream IO. system(Material), filePath(game/objects/characters/warborn/female/horns/wa_f_horns010/wa_f_horns010_hc01.mtl)
<20:26:07> [BD8C448A][Warning] Cannot load texture game/objects/characters/warborn/male/nude/wa_m_nude_ddn.dds, file missing [File=game/objects/characters/warborn/male/nude/wa_m_nude_ddn.dds]
<20:26:07> [2363981C][Warning] chr material is not precached : game/objects/characters/warborn/male/costume/wa_m_sk_metalpriest001/wa_m_sk_metalpriest001_h.mtl (chr: game/objects/characters/warborn/male/costume/wa_m_sk_metalpriest001/wa_m_sk_metalpriest001_h.chr)
<20:26:07> [CA175C82][Warning] non-stream IO. system(Material), filePath(game/objects/characters/warborn/male/costume/wa_m_sk_metalpriest001/wa_m_sk_metalpriest001_h.mtl)
<20:26:07> [000004EE][Warning] Independent immortal particle effect spawned: X2_EFFECT_O.Interaction.enchant_wpn_range_honor_3g
<20:26:13> [63ABB424][Warning] Facial sequence "fist_ac_whistle" not listed in CAL file for character "game/objects/characters/hariharan/female/nude/ha_f_base.chr".
<20:26:13> [F724A392][Error] CryAnimation:: Trying to load animation with alias "fist_ba_relaxed_idle_rand_3" from file "animations/monster/yata/fist/fist_ba_relaxed_idle_rand_3.caf" into the animation container. Such animation alias already exists and uses file "animations/monster/yata/fist/fist_ba_relaxed_idle_rand_1.caf". Please use another animation alias.
<20:26:13> [B95EE41B][Error] invalid parent unit id(38171)
<20:26:24> [B95EE41B][Error] invalid parent unit id(38171)
<20:26:28> [4820ACB9][Warning] Cannot load texture game/textures/p_effects/syh_effect/cat_footstrp_01.dds, file missing [File=game/textures/p_effects/syh_effect/cat_footstrp_01.dds]
<20:26:35> [B95EE41B][Error] invalid parent unit id(41841)
<20:26:43> [B95EE41B][Error] invalid parent unit id(87333)
<20:26:43> [745BAE2F][Warning] failed to stream material xml(game/objects/characters/warborn/male/parts/bo/obj/wa_m_bo_metal170.mtl)
<20:26:43> [637AF710][Warning] missing chr material : game/objects/characters/warborn/male/parts/bo/obj/wa_m_bo_metal170.mtl (chr: game/objects/characters/warborn/male/parts/bo/obj/wa_m_3bo102.chr)
<20:26:43> [CA175C82][Warning] non-stream IO. system(Material), filePath(game/objects/characters/warborn/male/hair/wa_m_hair016/wa_m_hair016.mtl)
<20:26:48> [B95EE41B][Error] invalid parent unit id(87333)
<20:26:54> [B95EE41B][Error] invalid parent unit id(106533)
<20:26:55> [745BAE2F][Warning] failed to stream material xml(game/objects/effects/ksw_effect/qilin.mtl)
<20:26:56> [BD8C448A][Warning] Cannot load texture game/objects/characters/warborn/male/nude/wa_m_nude_ddn.dds, file missing [File=game/objects/characters/warborn/male/nude/wa_m_nude_ddn.dds]
<20:26:56> [CA175C82][Warning] non-stream IO. system(Material), filePath(game/objects/characters/warborn/male/horns/wa_m_horns005/wa_m_horns005_hc05.mtl)
<20:26:58> [000004EE][Warning] Independent immortal particle effect spawned: X2_EFFECT_O.Interaction.enchant_wpn_range_honor_3g
<20:27:00> [B95EE41B][Error] invalid parent unit id(106533)
<20:27:12> [B95EE41B][Error] invalid parent unit id(93140)
<20:27:18> [000004EE][Warning] [CGF Error] game/objects/item/staff_2h/staff_2h_cathero/staff_2h_cathero.cgf [:] LOD1 of geometry  contains too many polygons comparing to the LOD0 [2051 against 2608] :
<20:27:18> [000004EE][Warning] Independent immortal particle effect spawned: X2_EFFECT_O.Interaction.enchant_wpn_range_honor_3g
<20:27:19> [B95EE41B][Error] invalid parent unit id(93140)
<20:27:21> [745BAE2F][Warning] failed to stream material xml(game/objects/characters/ferre/male/costume/fe_m_sk_pajama_milkcow001/fe_m_sk_pajama_milkcow001_dyeing_grap01.mtl)
<20:27:26> [6FF68EA5] SetInstantTime: type 0 time 1760056195
<20:27:30> [745BAE2F][Warning] failed to stream material xml(game/objects/characters/ferre/female/face/fe_f_face00_whtp03.mtl)
<20:27:30> [000004EE][Warning] [CGF Error] game/objects/env/06_unit/06_glider/glider_wing/glider_wing_back.cgf [:] LOD1 of geometry  contains too many polygons comparing to the LOD0 [2234 against 3114] :
<20:27:31> [23C0332B][Warning] Cannot load texture objects/characters/ferre/female/nude/fe_f_nude_fur_yel_sp.dds, file missing [File=objects/characters/ferre/female/nude/fe_f_nude_fur_yel_sp.dds]
<20:27:31> [637AF710][Warning] missing chr material : game/objects/characters/hariharan/male/parts/hm/obj/ha_m_hm_cloth002.mtl (chr: game/objects/characters/hariharan/male/parts/hm/obj/ha_m_2hm109.chr)
<20:27:31> [000004EE][Warning] Independent immortal particle effect spawned: X2_EFFECT_O.Interaction.enchant_wpn_range_honor_3g
<20:27:31> [000004EE][Warning] Failed to load shader "Dynamiceffect_pul" in material "game/objects/characters/nuian/male/costume/nu_m_sk_tech001/nu_m_sk_tech_fx1"
<20:27:31> [CA175C82][Warning] non-stream IO. system(Material), filePath(game/objects/characters/hariharan/male/hair/ha_m_hair010/ha_m_hair010_hc03.mtl)
<20:27:37> [745BAE2F][Warning] failed to stream material xml(game/objects/characters/ferre/female/parts/bo/cloth/bo_cloth160/fe_f_bo_cloth160_whtp02.mtl)
<20:27:37> [637AF710][Warning] missing chr material : game/objects/characters/ferre/female/parts/ar/obj/fe_f_ar_cloth160.mtl (chr: game/objects/characters/ferre/female/parts/ar/obj/fe_f_1ac009_1ar604_1sh026.chr)
<20:27:41> [000004EE][Warning] [CGF Error] game/objects/item/bow/bow_eph_7/bow_eph_7.cgf [:] LOD1 of geometry  contains too many polygons comparing to the LOD0 [824 against 1214] :
<20:27:47> [745BAE2F][Warning] failed to stream material xml(game/objects/characters/warborn/female/parts/hm/obj/wa_f_hm_cloth170.mtl)
<20:27:47> [637AF710][Warning] missing chr material : game/objects/characters/warborn/female/parts/bo/obj/wa_f_bo_cloth168.mtl (chr: game/objects/characters/warborn/female/parts/bo/obj/wa_f_1bo703.chr)
<20:27:48> [CA175C82][Warning] non-stream IO. system(Material), filePath(game/objects/characters/warborn/female/horns/wa_f_horns012/wa_f_horns012_hc03.mtl)
<20:27:55> [BB897B6D][Warning] Cannot load texture 0, file missing [File=0]
<20:27:55> [745BAE2F][Warning] failed to stream material xml(game/objects/effects/jjc_effect/01___Default.mtl)
<20:27:56> [CA175C82][Warning] non-stream IO. system(Material), filePath(game/objects/characters/warborn/female/horns/wa_f_horns010/wa_f_horns010_hc01.mtl)
<20:28:00> [B95EE41B][Error] invalid parent unit id(77062)
<20:28:07> [745BAE2F][Warning] failed to stream material xml(game/objects/characters/ferre/male/parts/all/leather/leather182/fe_m_pt_leather182_brop01.mtl)
<20:28:07> [637AF710][Warning] missing chr material : game/objects/characters/ferre/male/parts/gv/obj/fe_m_gv_cloth158.mtl (chr: game/objects/characters/ferre/male/parts/gv/obj/fe_m_1gv302.chr)
<20:28:07> [000004EE][Warning] Independent immortal particle effect spawned: X2_EFFECT_O.Interaction.enchant_wpn_range_honor_3g
<20:28:07> [B95EE41B][Error] invalid parent unit id(77062)
<20:28:09> [4FC35136][Warning] Cannot load texture game/objects/characters/texture/cp/nu_m_cp_cloth044_df.dds, file missing [File=game/objects/characters/texture/cp/nu_m_cp_cloth044_df.dds]
<20:28:14> [745BAE2F][Warning] failed to stream material xml(game/objects/characters/hariharan/female/parts/cp/obj/ha_f_cp_leather002.mtl)
<20:28:14> [637AF710][Warning] missing chr material : game/objects/characters/hariharan/female/parts/pt/obj/ha_f_pt_cloth168.mtl (chr: game/objects/characters/hariharan/female/parts/pt/obj/ha_f_1pt606.chr)
<20:28:16> [000004EE][Warning] Independent immortal particle effect spawned: X2_EFFECT_O.Interaction.enchant_wpn_range_honor_3g
<20:28:18> [CE0EF930][Warning] failed to stream cgf : objects/effects/portal_gate.cgf
<20:28:23> [CA175C82][Warning] non-stream IO. system(Material), filePath(game/objects/characters/ferre/male/face/fe_m_face_grap02.mtl)
<20:28:29> [CE0EF930][Warning] failed to stream cgf : objects/effects/portal_gate.cgf
<20:28:37> [B95EE41B][Error] invalid parent unit id(73247)
<20:28:45> [CA175C82][Warning] non-stream IO. system(Material), filePath(game/objects/characters/ferre/male/face/fe_m_face_grap02.mtl)
<20:28:45> [745BAE2F][Warning] failed to stream material xml(game/objects/characters/ferre/female/hair/fe_f_hair015/fe_f_hair015_hm_type1_brop01.mtl)
<20:28:48> [99C3DD88][Warning] Not a normal map texture tried to be used as a normal map: game/objects/item/aac/all/aa_valentines/Dagger/aa_valentines_dagger_fx_02.dds [File=game/objects/item/aac/all/aa_valentines/Dagger/aa_valentines_dagger_fx_02.dds]
<20:28:48> [DE801E31][Warning] Non 3dc normal map used (wrong on DX10): game/objects/item/aac/all/aa_valentines/Dagger/aa_valentines_dagger_ddn.dds [File=game/objects/item/aac/all/aa_valentines/Dagger/aa_valentines_dagger_ddn.dds]
<20:28:48> [000004EE][Warning] [CGF Error] game/objects/item/bow/bow_mmorpg_red/bow_mmorpg_red.cgf [:] LOD1 of geometry  contains too many polygons comparing to the LOD0 [680 against 988] :
<20:28:48> [000004EE][Warning] Independent immortal particle effect spawned: X2_EFFECT_O.Interaction.enchant_wpn_range_honor_3g
<20:28:51> [B95EE41B][Error] invalid parent unit id(73247)
<20:28:57> [CE0EF930][Warning] failed to stream cgf : objects/effects/portal_gate.cgf
<20:28:59> [B95EE41B][Error] invalid parent unit id(63786)
<20:29:03> [000004EE][Warning] Independent immortal particle effect spawned: X2_EFFECT_O.Interaction.enchant_wpn_range_honor_3g
<20:29:04> [63ABB424][Warning] Facial sequence "fist_ac_whistle" not listed in CAL file for character "game/objects/characters/ferre/male/nude/fe_m_base.chr".
<20:29:06> [B95EE41B][Error] invalid parent unit id(67077)
<20:29:14> [63ABB424][Warning] Facial sequence "fist_ac_whistle" not listed in CAL file for character "game/objects/characters/ferre/female/nude/fe_f_base.chr".
<20:29:15> [B95EE41B][Error] invalid parent unit id(74476)
<20:29:19> [745BAE2F][Warning] failed to stream material xml(game/objects/env/06_unit/06_glider/glider_b_lv_c_grap02.mtl)
<20:29:19> [637AF710][Warning] missing chr material : game/objects/characters/ferre/male/parts/gv/obj/fe_m_gv_cloth037.mtl (chr: game/objects/characters/ferre/male/parts/gv/obj/fe_m_1gv102.chr)
<20:29:19> [000004EE][Warning] Independent immortal particle effect spawned: X2_EFFECT_O.Interaction.enchant_wpn_range_honor_3g
<20:29:34> [000004EE][Warning] Failed to load shader "Dynamiceffect_pul" in material "game/objects/characters/nuian/female/costume/nu_f_sk_tech001/nu_f_sk_tech_fx1"
<20:29:42> [745BAE2F][Warning] failed to stream material xml(game/objects/characters/elf/male/parts/bo/obj/el_m_bo_cloth022.mtl)
<20:29:42> [637AF710][Warning] missing chr material : game/objects/characters/elf/male/parts/bo/obj/el_m_bo_cloth139.mtl (chr: game/objects/characters/elf/male/parts/bo/obj/el_m_1bo201.chr)
<20:29:46> [DD6CD685][Warning] grand child physical proxy is not supported. grandpa(Harpoon Clipper), dad(prefab_doodad_model_694066_prefab://Prefabs/galleon.xml/galleon.galleon_helms), child(galleon_helms_1)
<20:29:49> [63ABB424][Warning] Facial sequence "fist_ac_whistle" not listed in CAL file for character "game/objects/characters/hariharan/male/nude/ha_m_base.chr".
<20:29:52> [B95EE41B][Error] invalid parent unit id(89620)
<20:29:52> [745BAE2F][Warning] failed to stream material xml(game/objects/characters/ferre/female/parts/ar/cloth/ar_cloth226/fe_f_ar_cloth226_grap01.mtl)
<20:29:52> [637AF710][Warning] missing chr material : game/objects/characters/ferre/female/parts/bo/obj/fe_f_bo_leather102.mtl (chr: game/objects/characters/ferre/female/parts/bo/obj/fe_f_1bo201.chr)
<20:29:52> [000004EE][Warning] Independent immortal particle effect spawned: X2_EFFECT_O.Interaction.enchant_wpn_range_honor_3g
<20:29:53> [DD6CD685][Warning] grand child physical proxy is not supported. grandpa(Harpoon Clipper), dad(prefab_doodad_model_694066_prefab://Prefabs/galleon.xml/galleon.galleon_helms), child(galleon_helms_1)
<20:29:56> [6FF68EA5] SetInstantTime: type 0 time 0
<20:29:58> [B95EE41B][Error] invalid parent unit id(89620)
<20:30:08> [745BAE2F][Warning] failed to stream material xml(game/materials/effects/fume_h_ssd.mtl)
<20:30:34> [99C3DD88][Warning] Not a normal map texture tried to be used as a normal map: game/objects/item/aac/all/aa_valentines/Dagger/aa_valentines_dagger_fx_02.dds [File=game/objects/item/aac/all/aa_valentines/Dagger/aa_valentines_dagger_fx_02.dds]
<20:30:34> [DE801E31][Warning] Non 3dc normal map used (wrong on DX10): game/objects/item/aac/all/aa_valentines/Dagger/aa_valentines_dagger_ddn.dds [File=game/objects/item/aac/all/aa_valentines/Dagger/aa_valentines_dagger_ddn.dds]
<20:30:34> [000004EE][Warning] [CGF Error] game/objects/item/bow/bow_mmorpg_red/bow_mmorpg_red.cgf [:] LOD1 of geometry  contains too many polygons comparing to the LOD0 [680 against 988] :
<20:30:34> [000004EE][Warning] Independent immortal particle effect spawned: X2_EFFECT_O.Interaction.enchant_wpn_range_honor_3g
<20:30:46> [2363981C][Warning] chr material is not precached : game/objects/characters/hariharan/male/hair/ha_m_hair029/ha_m_hair029.mtl (chr: game/objects/characters/hariharan/male/hair/ha_m_hair029/ha_m_hair029.chr)
<20:30:46> [CA175C82][Warning] non-stream IO. system(Material), filePath(game/objects/characters/hariharan/male/hair/ha_m_hair029/ha_m_hair029.mtl)
<20:30:47> [745BAE2F][Warning] failed to stream material xml(game/objects/characters/warborn/female/hair/wa_f_hair004/nu_f_hair001.mtl)
<20:30:47> [E6E0E18C][Warning] Not a normal map texture tried to be used as a normal map: game/objects/item/aac/staff_2h/staff_comet/aa_meteor_staff_fx.dds [File=game/objects/item/aac/staff_2h/staff_comet/aa_meteor_staff_fx.dds]
<20:30:47> [000004EE][Warning] Independent immortal particle effect spawned: X2_EFFECT_O.Interaction.enchant_wpn_range_honor_3g
<20:30:48> [000004EE][Warning] Particle effect not found: 'X2_EFFECTS_C1.Glider.Crystal_Wing.wing_start1', from unknown 
<20:30:48> [A181AEBC][Warning] Anim events cannot find effect "X2_EFFECTS_C1.Glider.Crystal_Wing.wing_start1", requested by animation "animations/env/glider_wing_crystal/fist_ac_gliding_start.caf".
<20:30:55> [745BAE2F][Warning] failed to stream material xml(game/objects/env/06_unit/06_glider/glider_sloth/glider_sloth_brop01.mtl)
<20:30:57> [B95EE41B][Error] invalid parent unit id(23905)
<20:31:05> [B95EE41B][Error] invalid parent unit id(77468)
<20:31:16> [63ABB424][Warning] Facial sequence "fist_ac_whistle" not listed in CAL file for character "game/objects/characters/hariharan/female/nude/ha_f_base.chr".
<20:31:16> [F724A392][Error] CryAnimation:: Trying to load animation with alias "fist_ba_relaxed_idle_rand_3" from file "animations/monster/yata/fist/fist_ba_relaxed_idle_rand_3.caf" into the animation container. Such animation alias already exists and uses file "animations/monster/yata/fist/fist_ba_relaxed_idle_rand_1.caf". Please use another animation alias.
<20:31:17> [B95EE41B][Error] invalid parent unit id(85007)
<20:31:19> [CA175C82][Warning] non-stream IO. system(Material), filePath(game/objects/characters/warborn/female/horns/wa_f_horns013/wa_f_horns013_hc03.mtl)
<20:31:20> [745BAE2F][Warning] failed to stream material xml(game/objects/characters/warborn/female/parts/hm/obj/wa_f_hm_cloth170.mtl)
<20:31:20> [637AF710][Warning] missing chr material : game/objects/characters/warborn/female/parts/bo/obj/wa_f_bo_cloth168.mtl (chr: game/objects/characters/warborn/female/parts/bo/obj/wa_f_1bo703.chr)
<20:31:22> [CE0EF930][Warning] failed to stream cgf : objects/env/05_nature/08_cry_source/rocks/precipice/landslide_rock_small_d.cgf
<20:31:25> [65FB52A3][Warning] Entity Blacktail Leomorph:cannot find animation additive_fist_mo_normal_run_f_rand_3
<20:31:26> [B95EE41B][Error] invalid parent unit id(85007)
<20:31:28> [63ABB424][Warning] Facial sequence "fist_ac_whistle" not listed in CAL file for character "game/objects/characters/ferre/male/nude/fe_m_base.chr".
<20:31:36> [745BAE2F][Warning] failed to stream material xml(game/objects/effects/keffect/p_fire_blue1a.mtl)
<20:31:41> [B95EE41B][Error] invalid parent unit id(70539)
<20:31:46> [000004EE][Warning] Independent immortal particle effect spawned: X2_EFFECT_O.Interaction.enchant_wpn_range_honor_3g
<20:31:56> [B95EE41B][Error] invalid parent unit id(85284)
<20:32:06> [B95EE41B][Error] invalid parent unit id(85284)
<20:32:13> [646DBCFB][Warning] Animation-queue overflow. More then 17 entries. This is a serious performance problem. game/objects/env/06_unit/06_glider/glider_sloth/glider_sloth_back.chr
<20:32:18> [CE0EF930][Warning] failed to stream cgf : objects/effects/portal_gate.cgf
<20:32:21> [000004EE][Warning] Failed to load shader "Dynamiceffect_pul" in material "game/objects/characters/nuian/female/costume/nu_f_sk_tech001/nu_f_sk_tech_fx1"
<20:32:21> [CA175C82][Warning] non-stream IO. system(Material), filePath(game/objects/characters/warborn/female/horns/wa_f_horns010/wa_f_horns010_hc01.mtl)
<20:32:25> [745BAE2F][Warning] failed to stream material xml(game/objects/effects/ksw_effect/qilin.mtl)
<20:32:26> [B95EE41B][Error] invalid parent unit id(99763)
<20:32:30> [000004EE][Warning] [CGF Error] game/objects/item/bow/bow_cathero/bow_cathero.cgf [:] LOD1 of geometry  contains too many polygons comparing to the LOD0 [4425 against 6582] :
<20:32:30> [637AF710][Warning] missing chr material : game/objects/characters/warborn/female/parts/pt/obj/wa_f_pt_metal214.mtl (chr: game/objects/characters/warborn/female/parts/pt/obj/wa_f_1pt201.chr)
<20:32:30> [CA175C82][Warning] non-stream IO. system(Material), filePath(game/objects/characters/warborn/female/horns/wa_f_horns002/wa_f_horns002_hc01.mtl)
<20:32:31> [63ABB424][Warning] Facial sequence "fist_ac_whistle" not listed in CAL file for character "game/objects/characters/warborn/female/nude/wa_f_base.chr".
<20:32:32> [B95EE41B][Error] invalid parent unit id(84398)
<20:32:36> [745BAE2F][Warning] failed to stream material xml(game/materials/effects/fume_h_ssd.mtl)
<20:32:43> [B95EE41B][Error] invalid parent unit id(84398)
<20:32:49> [2363981C][Warning] chr material is not precached : game/objects/characters/hariharan/male/hair/ha_m_hair029/ha_m_hair029.mtl (chr: game/objects/characters/hariharan/male/hair/ha_m_hair029/ha_m_hair029.chr)
<20:32:49> [CA175C82][Warning] non-stream IO. system(Material), filePath(game/objects/characters/hariharan/male/hair/ha_m_hair029/ha_m_hair029.mtl)
<20:32:49> [B95EE41B][Error] invalid parent unit id(22257)
<20:32:49> [63ABB424][Warning] Facial sequence "fist_ac_whistle" not listed in CAL file for character "game/objects/characters/hariharan/female/nude/ha_f_base.chr".
<20:32:50> [F724A392][Error] CryAnimation:: Trying to load animation with alias "fist_ba_relaxed_idle_rand_3" from file "animations/monster/yata/fist/fist_ba_relaxed_idle_rand_3.caf" into the animation container. Such animation alias already exists and uses file "animations/monster/yata/fist/fist_ba_relaxed_idle_rand_1.caf". Please use another animation alias.
<20:32:54> [B95EE41B][Error] invalid parent unit id(22257)
<20:32:55> [CE0EF930][Warning] failed to stream cgf : objects/effects/portal_gate.cgf
<20:33:02> [745BAE2F][Warning] failed to stream material xml(game/materials/effects/fume_h_ssd.mtl)
<20:33:04> [63ABB424][Warning] Facial sequence "fist_ac_whistle" not listed in CAL file for character "game/objects/characters/ferre/female/nude/fe_f_base.chr".
<20:33:05> [B95EE41B][Error] invalid parent unit id(122866)
<20:33:19> [CE0EF930][Warning] failed to stream cgf : objects/effects/portal_gate.cgf
<20:33:24> [B95EE41B][Error] invalid parent unit id(127721)
<20:33:24> [745BAE2F][Warning] failed to stream material xml(game/objects/characters/ferre/male/costume/fe_m_sk_butler001/fe_m_sk_butler001_grap02.mtl)
<20:33:31> [B95EE41B][Error] invalid parent unit id(127721)
<20:33:36> [BB897B6D][Warning] Cannot load texture 0, file missing [File=0]
<20:33:43> [99C3DD88][Warning] Not a normal map texture tried to be used as a normal map: game/objects/item/aac/all/aa_valentines/Dagger/aa_valentines_dagger_fx_02.dds [File=game/objects/item/aac/all/aa_valentines/Dagger/aa_valentines_dagger_fx_02.dds]
<20:33:43> [DE801E31][Warning] Non 3dc normal map used (wrong on DX10): game/objects/item/aac/all/aa_valentines/Dagger/aa_valentines_dagger_ddn.dds [File=game/objects/item/aac/all/aa_valentines/Dagger/aa_valentines_dagger_ddn.dds]
<20:33:43> [000004EE][Warning] [CGF Error] game/objects/item/bow/bow_mmorpg_red/bow_mmorpg_red.cgf [:] LOD1 of geometry  contains too many polygons comparing to the LOD0 [680 against 988] :
<20:33:43> [000004EE][Warning] Independent immortal particle effect spawned: X2_EFFECT_O.Interaction.enchant_wpn_range_honor_3g
<20:33:54> [CA175C82][Warning] non-stream IO. system(Material), filePath(game/objects/characters/hariharan/male/hair/ha_m_hair010/ha_m_hair010_hc03.mtl)
<20:34:03> [745BAE2F][Warning] failed to stream material xml(game/objects/characters/ferre/female/parts/gv/cloth/gv_cloth168/fe_f_gv_cloth168_whtp01.mtl)
<20:34:03> [637AF710][Warning] missing chr material : game/objects/characters/ferre/female/parts/bo/obj/fe_f_bo_cloth168.mtl (chr: game/objects/characters/ferre/female/parts/bo/obj/fe_f_2bo504.chr)
<20:34:07> [2363981C][Warning] chr material is not precached : game/objects/characters/hariharan/male/hair/ha_m_hair029/ha_m_hair029.mtl (chr: game/objects/characters/hariharan/male/hair/ha_m_hair029/ha_m_hair029.chr)
<20:34:07> [CA175C82][Warning] non-stream IO. system(Material), filePath(game/objects/characters/hariharan/male/hair/ha_m_hair029/ha_m_hair029.mtl)
<20:34:07> [B95EE41B][Error] invalid parent unit id(128868)
<20:34:09> [745BAE2F][Warning] failed to stream material xml(game/objects/characters/ferre/female/hair/fe_f_hair039/fe_f_hair039_whtp02.mtl)
<20:34:09> [000004EE][Warning] [CGF Error] game/objects/item/shield/shield_monster/shield_baeksojeong01/shield_baeksojeong01.cgf [:] LOD1 of geometry  contains too many polygons comparing to the LOD0 [872 against 1145] :
<20:34:09> [5F89E60D][Warning] non cached CDF(game/objects/characters/ferre/female/costume/fe_f_sk_maid002/fe_f_sk_maid002_h.cdf)
<20:34:18> [745BAE2F][Warning] failed to stream material xml(game/objects/characters/warborn/female/parts/bo/obj/wa_f_bo_leather179.mtl)
<20:34:18> [637AF710][Warning] missing chr material : game/objects/characters/warborn/female/parts/gv/obj/wa_f_gv_leather179.mtl (chr: game/objects/characters/warborn/female/parts/gv/obj/wa_f_2gv102.chr)
<20:34:18> [CA175C82][Warning] non-stream IO. system(Material), filePath(game/objects/characters/warborn/female/horns/wa_f_horns007/wa_f_horns007_hc02.mtl)
<20:34:20> [A181AEBC][Warning] Anim events cannot find effect "X2_EFFECTS_C1.Glider.Crystal_Wing.front_trail1", requested by animation "animations/env/glider_wing_crystal/fist_ac_gliding_front.caf".
<20:34:26> [B95EE41B][Error] invalid parent unit id(73480)
<20:34:26> [A181AEBC][Warning] Anim events cannot find effect "X2_EFFECTS_C1.Glider.Crystal_Wing.front_trail1", requested by animation "animations/env/glider_wing_crystal/fist_ac_gliding_front.caf".
<20:34:27> [000004EE][Warning] Independent immortal particle effect spawned: X2_EFFECT_O.Interaction.enchant_wpn_range_honor_3g
<20:34:34> [000004EE][Warning] Independent immortal particle effect spawned: X2_EFFECT_O.Interaction.enchant_wpn_range_honor_3g
<20:34:35> [B95EE41B][Error] invalid parent unit id(60900)
<20:34:35> [745BAE2F][Warning] failed to stream material xml(game/materials/effects/fume_h_ssd.mtl)
<20:34:42> [B95EE41B][Error] invalid parent unit id(60900)
<20:34:54> [2363981C][Warning] chr material is not precached : game/objects/characters/warborn/female/costume/wa_f_sk_metalpriest001/wa_f_sk_metalpriest001_h.mtl (chr: game/objects/characters/warborn/female/costume/wa_f_sk_metalpriest001/wa_f_sk_metalpriest001_h.chr)
<20:34:54> [CA175C82][Warning] non-stream IO. system(Material), filePath(game/objects/characters/warborn/female/costume/wa_f_sk_metalpriest001/wa_f_sk_metalpriest001_h.mtl)
<20:34:54> [000004EE][Warning] Independent immortal particle effect spawned: X2_EFFECT_O.Interaction.enchant_wpn_range_honor_3g
<20:35:05> [99C3DD88][Warning] Not a normal map texture tried to be used as a normal map: game/objects/item/aac/all/aa_valentines/Dagger/aa_valentines_dagger_fx_02.dds [File=game/objects/item/aac/all/aa_valentines/Dagger/aa_valentines_dagger_fx_02.dds]
<20:35:05> [DE801E31][Warning] Non 3dc normal map used (wrong on DX10): game/objects/item/aac/all/aa_valentines/Dagger/aa_valentines_dagger_ddn.dds [File=game/objects/item/aac/all/aa_valentines/Dagger/aa_valentines_dagger_ddn.dds]
<20:35:05> [000004EE][Warning] [CGF Error] game/objects/item/bow/bow_mmorpg_red/bow_mmorpg_red.cgf [:] LOD1 of geometry  contains too many polygons comparing to the LOD0 [680 against 988] :
<20:35:05> [000004EE][Warning] Independent immortal particle effect spawned: X2_EFFECT_O.Interaction.enchant_wpn_range_honor_3g
<20:35:29> [745BAE2F][Warning] failed to stream material xml(game/materials/effects/fume_h_ssd.mtl)
<20:35:49> [745BAE2F][Warning] failed to stream material xml(game/objects/characters/hariharan/female/parts/bo/obj/ha_f_bo_cloth156.mtl)
<20:35:49> [637AF710][Warning] missing chr material : game/objects/characters/hariharan/female/parts/bo/obj/ha_f_bo_cloth156.mtl (chr: game/objects/characters/hariharan/female/parts/bo/obj/ha_f_1bo403.chr)
<20:35:49> [000004EE][Warning] Independent immortal particle effect spawned: X2_EFFECT_O.Interaction.enchant_wpn_range_honor_3g
<20:36:08> [000004EE][Warning] [Lua Error] ...cripts/x2ui/questcontext/notifier/quest_notifier.lua:350: attempt to index local 'info' (a nil value)
<20:36:09> [745BAE2F][Warning] failed to stream material xml(game/objects/characters/ferre/female/parts/gv/cloth/gv_cloth168/fe_f_gv_cloth168_whtp01.mtl)
<20:36:09> [637AF710][Warning] missing chr material : game/objects/characters/ferre/female/parts/bo/obj/fe_f_bo_cloth168.mtl (chr: game/objects/characters/ferre/female/parts/bo/obj/fe_f_2bo504.chr)
<20:36:12> [B95EE41B][Error] invalid parent unit id(41593)
<20:36:22> [B95EE41B][Error] invalid parent unit id(41593)
<20:36:45> [B95EE41B][Error] invalid parent unit id(41593)
<20:36:45> [745BAE2F][Warning] failed to stream material xml(game/objects/characters/ferre/male/costume/fe_m_sk_butler001/fe_m_sk_butler001_grap02.mtl)
<20:36:46> [000004EE][Warning] Failed to load shader "Dynamiceffect_pul" in material "game/objects/characters/nuian/male/costume/nu_m_sk_tech001/nu_m_sk_tech_fx1"
<20:36:46> [2363981C][Warning] chr material is not precached : game/objects/characters/hariharan/male/hair/ha_m_hair029/ha_m_hair029.mtl (chr: game/objects/characters/hariharan/male/hair/ha_m_hair029/ha_m_hair029.chr)
<20:36:46> [CA175C82][Warning] non-stream IO. system(Material), filePath(game/objects/characters/hariharan/male/hair/ha_m_hair029/ha_m_hair029.mtl)
<20:36:50> [B95EE41B][Error] invalid parent unit id(41593)
<20:37:05> [CE0EF930][Warning] failed to stream cgf : objects/effects/portal_gate.cgf
<20:37:24> [CA175C82][Warning] non-stream IO. system(Material), filePath(game/objects/characters/hariharan/male/hair/ha_m_hair018/ha_m_hair018_hc01.mtl)
<20:37:24> [000004EE][Warning] Independent immortal particle effect spawned: X2_EFFECT_O.Interaction.enchant_wpn_range_honor_3g
<20:37:28> [63ABB424][Warning] Facial sequence "fist_ac_whistle" not listed in CAL file for character "game/objects/characters/hariharan/female/nude/ha_f_base.chr".
<20:37:28> [F724A392][Error] CryAnimation:: Trying to load animation with alias "fist_ba_relaxed_idle_rand_3" from file "animations/monster/yata/fist/fist_ba_relaxed_idle_rand_3.caf" into the animation container. Such animation alias already exists and uses file "animations/monster/yata/fist/fist_ba_relaxed_idle_rand_1.caf". Please use another animation alias.
<20:37:28> [B95EE41B][Error] invalid parent unit id(76030)
<20:37:36> [CE0EF930][Warning] failed to stream cgf : objects/effects/portal_gate.cgf
<20:37:36> [B95EE41B][Error] invalid parent unit id(76030)
<20:37:56> [745BAE2F][Warning] failed to stream material xml(game/objects/characters/ferre/female/parts/gv/cloth/gv_cloth168/fe_f_gv_cloth168_whtp01.mtl)
<20:37:56> [637AF710][Warning] missing chr material : game/objects/characters/ferre/female/parts/bo/obj/fe_f_bo_cloth168.mtl (chr: game/objects/characters/ferre/female/parts/bo/obj/fe_f_2bo504.chr)
<20:37:57> [A181AEBC][Warning] Anim events cannot find effect "X2_EFFECTS_C1.Glider.Crystal_Wing.front_trail1", requested by animation "animations/env/glider_wing_crystal/fist_ac_gliding_front.caf".
<20:38:05> [B95EE41B][Error] invalid parent unit id(76030)
<20:38:19> [B95EE41B][Error] invalid parent unit id(76030)
<20:38:36> [745BAE2F][Warning] failed to stream material xml(game/objects/effects/ksw_effect/qilin.mtl)
<20:38:36> [B95EE41B][Error] invalid parent unit id(85579)
<20:38:36> [637AF710][Warning] missing chr material : game/objects/characters/ferre/female/parts/pt/obj/fe_f_pt_cloth228.mtl (chr: game/objects/characters/ferre/female/parts/pt/obj/fe_f_1pt601.chr)
<20:38:36> [186EDA89][Warning] Cannot load texture game/objects/characters/ferre/female/face/fe_f_face_yel_df.dds, file missing [File=game/objects/characters/ferre/female/face/fe_f_face_yel_df.dds]
<20:38:36> [000004EE][Warning] Independent immortal particle effect spawned: X2_EFFECT_O.Interaction.enchant_wpn_range_honor_3g
<20:38:42> [DD6CD685][Warning] grand child physical proxy is not supported. grandpa(Harpoon Clipper), dad(prefab_doodad_model_586228_prefab://Prefabs/galleon.xml/galleon.galleon_helms), child(galleon_helms_1)
<20:38:43> [B95EE41B][Error] invalid parent unit id(85579)
<20:38:47> [745BAE2F][Warning] failed to stream material xml(game/materials/effects/fume_h_ssd.mtl)
<20:39:44> [745BAE2F][Warning] failed to stream material xml(game/objects/item/shield/shield_monster/shield_baeksojeong03/shield_baeksojeong03_whtp01.mtl)
<20:39:48> [637AF710][Warning] missing chr material : game/objects/characters/hariharan/male/parts/ar/obj/ha_m_ar_cloth025.mtl (chr: game/objects/characters/hariharan/male/parts/ar/obj/ha_m_1ar303_2arm001.chr)
<20:39:48> [000004EE][Warning] Independent immortal particle effect spawned: X2_EFFECT_O.Interaction.enchant_wpn_range_honor_3g
<20:39:54> [F724A392][Error] CryAnimation:: Trying to load animation with alias "fist_ba_relaxed_idle_rand_3" from file "animations/monster/yata/fist/fist_ba_relaxed_idle_rand_3.caf" into the animation container. Such animation alias already exists and uses file "animations/monster/yata/fist/fist_ba_relaxed_idle_rand_1.caf". Please use another animation alias.
<20:39:55> [B95EE41B][Error] invalid parent unit id(122357)
<20:40:08> [000004EE][Warning] Independent immortal particle effect spawned: X2_EFFECT_O.Interaction.enchant_wpn_range_honor_3g
<20:40:13> [745BAE2F][Warning] failed to stream material xml(game/materials/effects/fume_h_ssd.mtl)
<20:40:17> [637AF710][Warning] missing chr material : game/objects/characters/hariharan/female/parts/bo/obj/ha_f_bo_cloth142.mtl (chr: game/objects/characters/hariharan/female/parts/bo/obj/ha_f_1bo402.chr)
<20:40:17> [000004EE][Warning] [CGF Error] game/objects/item/bow/bow_eph_7/bow_eph_7.cgf [:] LOD1 of geometry  contains too many polygons comparing to the LOD0 [824 against 1214] :
<20:40:17> [000004EE][Warning] Independent immortal particle effect spawned: X2_EFFECT_O.Interaction.enchant_wpn_range_honor_3g
<20:40:19> [B95EE41B][Error] invalid parent unit id(122357)
<20:40:27> [CE0EF930][Warning] failed to stream cgf : objects/env/05_nature/08_cry_source/rocks/precipice/landslide_rock_small_d.cgf
<20:40:46> [CE0EF930][Warning] failed to stream cgf : objects/effects/portal_gate.cgf
<20:41:00> [CA175C82][Warning] non-stream IO. system(Material), filePath(game/objects/characters/warborn/female/horns/wa_f_horns011/wa_f_horns011_hc03.mtl)
<20:41:40> [745BAE2F][Warning] failed to stream material xml(game/objects/characters/warborn/female/parts/pt/obj/wa_f_pt_metal214.mtl)
<20:41:40> [000004EE][Warning] [CGF Error] game/objects/item/bow/bow_cathero/bow_cathero.cgf [:] LOD1 of geometry  contains too many polygons comparing to the LOD0 [4425 against 6582] :
<20:41:40> [637AF710][Warning] missing chr material : game/objects/characters/warborn/female/parts/pt/obj/wa_f_pt_metal214.mtl (chr: game/objects/characters/warborn/female/parts/pt/obj/wa_f_1pt201.chr)
<20:41:40> [CA175C82][Warning] non-stream IO. system(Material), filePath(game/objects/characters/warborn/female/horns/wa_f_horns002/wa_f_horns002_hc01.mtl)
<20:42:05> [745BAE2F][Warning] failed to stream material xml(game/objects/effects/ksw_effect/qilin.mtl)
<20:42:05> [B95EE41B][Error] invalid parent unit id(103538)
<20:42:05> [637AF710][Warning] missing chr material : game/objects/characters/ferre/female/parts/bo/obj/fe_f_bo_leather102.mtl (chr: game/objects/characters/ferre/female/parts/bo/obj/fe_f_1bo201.chr)
<20:42:17> [B95EE41B][Error] invalid parent unit id(103538)
<20:42:17> [745BAE2F][Warning] failed to stream material xml(game/objects/characters/ferre/female/parts/all/cloth/cloth199/fe_f_ar_cloth199_brop01.mtl)
<20:42:23> [B95EE41B][Error] invalid parent unit id(103538)
<20:42:27> [745BAE2F][Warning] failed to stream material xml(game/objects/effects/jjc_effect/01___Default.mtl)
<20:42:27> [CE0EF930][Warning] failed to stream cgf : objects/effects/portal_gate.cgf
<20:43:00> [B95EE41B][Error] invalid parent unit id(104914)
<20:43:00> [745BAE2F][Warning] failed to stream material xml(game/objects/characters/ferre/female/parts/all/cloth/cloth199/fe_f_ar_cloth199_brop01.mtl)
<20:43:12> [B95EE41B][Error] invalid parent unit id(104914)
<20:43:14> [CA175C82][Warning] non-stream IO. system(Material), filePath(game/objects/characters/warborn/female/horns/wa_f_horns012/wa_f_horns012_hc02.mtl)
<20:44:15> [63ABB424][Warning] Facial sequence "fist_ac_whistle" not listed in CAL file for character "game/objects/characters/warborn/female/nude/wa_f_base.chr".
<20:44:15> [745BAE2F][Warning] failed to stream material xml(game/objects/effects/ksw_effect/qilin.mtl)
<20:44:16> [B95EE41B][Error] invalid parent unit id(91499)
<20:44:23> [B95EE41B][Error] invalid parent unit id(104843)
<20:44:26> [DD6CD685][Warning] grand child physical proxy is not supported. grandpa(Zzzzzzzzz), dad(prefab_doodad_model_609112_prefab://Prefabs/galleon.xml/galleon.galleon_helms), child(galleon_helms_1)
<20:44:39> [CE0EF930][Warning] failed to stream cgf : objects/natural/rocks/beach_rocks/beach_rock_med_d.cgf
<20:44:47> [B95EE41B][Error] invalid parent unit id(104843)
<20:44:48> [745BAE2F][Warning] failed to stream material xml(game/objects/characters/ferre/female/costume/fe_f_sk_tech001/fe_f_sk_tech001_whin01.mtl)
<20:44:48> [23C0332B][Warning] Cannot load texture objects/characters/ferre/female/nude/fe_f_nude_fur_yel_sp.dds, file missing [File=objects/characters/ferre/female/nude/fe_f_nude_fur_yel_sp.dds]
<20:44:48> [E40A7B30][Warning] Non 3dc normal map used (wrong on DX10): game/objects/item/aac/all/aa_summer/shield/Sunphira/aa_summer_sunflower_ddn.dds [File=game/objects/item/aac/all/aa_summer/shield/Sunphira/aa_summer_sunflower_ddn.dds]
<20:44:48> [9CCFBE7D][Warning] Not a normal map texture tried to be used as a normal map: game/objects/item/aac/all/aa_summer/shield/Sunphira/aa_summer_sunflower_sp.dds [File=game/objects/item/aac/all/aa_summer/shield/Sunphira/aa_summer_sunflower_sp.dds]
<20:44:48> [2363981C][Warning] chr material is not precached : game/objects/characters/ferre/female/hair/fe_f_hair042/fe_f_hair042.mtl (chr: game/objects/characters/ferre/female/hair/fe_f_hair042/fe_f_hair042.chr)
<20:44:48> [CA175C82][Warning] non-stream IO. system(Material), filePath(game/objects/characters/ferre/female/hair/fe_f_hair042/fe_f_hair042.mtl)
<20:44:48> [000004EE][Warning] Independent immortal particle effect spawned: X2_EFFECT_O.Interaction.enchant_wpn_range_honor_3g
<20:44:49> [637AF710][Warning] missing chr material : game/objects/characters/ferre/male/parts/gv/obj/fe_m_gv_cloth037.mtl (chr: game/objects/characters/ferre/male/parts/gv/obj/fe_m_1gv102.chr)
<20:44:56> [B95EE41B][Error] invalid parent unit id(104843)
<20:44:57> [745BAE2F][Warning] failed to stream material xml(game/objects/env/06_unit/06_glider/glider_sloth/glider_sloth_blan01.mtl)
<20:44:57> [5243B464][Warning] Error: CShaderMan::mfCreateShaderResources: Couldn't find subsurface texture 'objects/characters/ferre/female/face/face01/fe_f_face01_fur_sss.dds' in path '' [File=objects/characters/ferre/female/face/face01/fe_f_face01_fur_sss.dds]
<20:44:57> [000004EE][Warning] Failed to load shader "Dynamiceffect_pul" in material "game/objects/characters/nuian/male/costume/nu_m_sk_tech001/nu_m_sk_tech_fx1"
<20:44:58> [CA175C82][Warning] non-stream IO. system(Material), filePath(game/objects/effects/keffect/m_enchant_red_l.mtl)
<20:44:58> [B8A20C07][Warning] Failed to stream CAF-file [File=animations/item/effect_bone/blade_2h/blade_2h_darkmoon001/default.caf]
<20:44:58> [000004EE][Warning] Independent immortal particle effect spawned: X2_EFFECT_O.Interaction.enchant_wpn_range_honor_3g
<20:45:09> [745BAE2F][Warning] failed to stream material xml(game/materials/effects/fume_h_ssd.mtl)
<20:45:23> [CE0EF930][Warning] failed to stream cgf : objects/effects/portal_gate.cgf
<20:46:00> [745BAE2F][Warning] failed to stream material xml(game/objects/env/06_unit/06_glider/glider_b_lv_c_grap02.mtl)
<20:46:00> [4FC35136][Warning] Cannot load texture game/objects/characters/texture/cp/nu_m_cp_cloth044_df.dds, file missing [File=game/objects/characters/texture/cp/nu_m_cp_cloth044_df.dds]
<20:46:00> [000004EE][Warning] Independent immortal particle effect spawned: X2_EFFECT_O.Interaction.enchant_wpn_range_honor_3g
<20:46:06> [CA175C82][Warning] non-stream IO. system(Material), filePath(game/objects/characters/warborn/female/hair/wa_f_hair009/wa_f_hair009.mtl)
<20:46:39> [000004EE][Warning] [CGF Error] game/objects/item/blade_2h/blade_2h_monster/blade_2h_docheol_4/blade_2h_docheol_4.cgf [:] LOD1 of geometry  contains too many polygons comparing to the LOD0 [2486 against 3554] :
<20:46:39> [CA175C82][Warning] non-stream IO. system(Material), filePath(game/objects/characters/warborn/female/horns/wa_f_horns010/wa_f_horns010_hc01.mtl)
<20:46:48> [745BAE2F][Warning] failed to stream material xml(game/objects/characters/warborn/female/parts/ar/obj/wa_f_ar_metal170.mtl)
<20:46:48> [637AF710][Warning] missing chr material : game/objects/characters/warborn/female/parts/pt/obj/wa_f_pt_metal170.mtl (chr: game/objects/characters/warborn/female/parts/pt/obj/wa_f_1pt304.chr)
<20:46:57> [000004EE][Warning] Particle effect not found: 'game/x2_effects_k.j_pc_effects.skill_hatred_vc_poisonknife_cs', from unknown 
<20:46:57> [745BAE2F][Warning] failed to stream material xml(game/objects/characters/ferre/male/nude/fe_m_grap02.mtl)
<20:46:57> [000004EE][Warning] [CGF Error] game/objects/item/bow/bow_eph_3/bow_eph_3.cgf [:] LOD1 of geometry  contains too many polygons comparing to the LOD0 [824 against 1214] :
<20:46:57> [000004EE][Warning] Independent immortal particle effect spawned: X2_EFFECT_O.Interaction.enchant_wpn_range_honor_3g
<20:46:58> [CE0EF930][Warning] failed to stream cgf : objects/env/05_nature/08_cry_source/rocks/precipice/landslide_rock_small_d.cgf
<20:47:12> [745BAE2F][Warning] failed to stream material xml(game/objects/effects/ksw_effect/qilin.mtl)
<20:47:18> [CA175C82][Warning] non-stream IO. system(Material), filePath(game/objects/characters/warborn/female/hair/wa_f_hair009/wa_f_hair009.mtl)
<20:47:57> [000004EE][Warning] [CGF Error] game/objects/item/bow/bow_eph_7/bow_eph_7.cgf [:] LOD1 of geometry  contains too many polygons comparing to the LOD0 [824 against 1214] :
<20:47:57> [CA175C82][Warning] non-stream IO. system(Material), filePath(game/objects/characters/warborn/female/horns/wa_f_horns011/wa_f_horns011_hc03.mtl)
<20:47:59> [000004EE][Warning] Independent immortal particle effect spawned: X2_EFFECT_O.Interaction.enchant_wpn_range_honor_3g
<20:48:17> [B95EE41B][Error] invalid parent unit id(36168)
<20:48:17> [745BAE2F][Warning] failed to stream material xml(game/objects/characters/ferre/male/face/fe_m_face00_blup02.mtl)
<20:48:22> [B95EE41B][Error] invalid parent unit id(36168)
<20:48:25> [745BAE2F][Warning] failed to stream material xml(game/objects/characters/ferre/male/face/fe_m_face00_blup02.mtl)
<20:48:31> [B95EE41B][Error] invalid parent unit id(36168)
<20:49:13> [745BAE2F][Warning] failed to stream material xml(game/materials/effects/fume_h_ssd.mtl)
<20:49:23> [745BAE2F][Warning] failed to stream material xml(game/objects/characters/warborn/male/parts/bo/obj/wa_m_bo_metal170.mtl)
<20:49:23> [637AF710][Warning] missing chr material : game/objects/characters/warborn/male/parts/bo/obj/wa_m_bo_metal170.mtl (chr: game/objects/characters/warborn/male/parts/bo/obj/wa_m_3bo102.chr)
<20:49:23> [CA175C82][Warning] non-stream IO. system(Material), filePath(game/objects/characters/warborn/male/horns/wa_m_horns006/wa_m_horns006_hc04.mtl)
<20:49:30> [745BAE2F][Warning] failed to stream material xml(game/objects/effects/keffect/p_fire_blue1a.mtl)
<20:49:39> [CE0EF930][Warning] failed to stream cgf : objects/effects/portal_gate.cgf
<20:49:40> [745BAE2F][Warning] failed to stream material xml(game/objects/effects/jjc_effect/01 - Default.mtl)
<20:49:40> [000004EE][Warning] [CGF Error] game/objects/item/shield/shield_monster/shield_baeksojeong01/shield_baeksojeong01.cgf [:] LOD1 of geometry  contains too many polygons comparing to the LOD0 [872 against 1145] :
<20:49:40> [CA175C82][Warning] non-stream IO. system(Material), filePath(game/objects/characters/warborn/female/horns/wa_f_horns006/wa_f_horns006_hc02.mtl)
<20:49:40> [000004EE][Warning] Independent immortal particle effect spawned: X2_EFFECT_O.Interaction.enchant_wpn_range_honor_3g
<20:49:47> [745BAE2F][Warning] failed to stream material xml(game/materials/effects/fume_h_ssd.mtl)
<20:49:53> [000004EE][Warning] [CGF Error] game/objects/item/bow/bow_eph_7/bow_eph_7.cgf [:] LOD1 of geometry  contains too many polygons comparing to the LOD0 [824 against 1214] :
<20:49:53> [CA175C82][Warning] non-stream IO. system(Material), filePath(game/objects/characters/warborn/female/horns/wa_f_horns011/wa_f_horns011_hc03.mtl)
<20:50:07> [0D01BD65] start to parse systm mail
<20:50:07> [BFBA8B5E] end to parse systm mail
<20:50:09> [0D01BD65] start to parse systm mail
<20:50:09> [BFBA8B5E] end to parse systm mail
<20:50:09> [0D01BD65] start to parse systm mail
<20:50:09> [BFBA8B5E] end to parse systm mail
<20:50:10> [745BAE2F][Warning] failed to stream material xml(game/materials/effects/heffect/fx_ljs_potal_eyes_6.mtl)
<20:50:10> [CE0EF930][Warning] failed to stream cgf : game/objects/effects/eye_Manim/H_eye.chr
<20:50:11> [000004EE][Warning] [Lua Error] ...cripts/x2ui/questcontext/notifier/quest_notifier.lua:350: attempt to index local 'info' (a nil value)
<20:50:11> [0D01BD65] start to parse systm mail
<20:50:11> [BFBA8B5E] end to parse systm mail
<20:50:11> [0D01BD65] start to parse systm mail
<20:50:11> [BFBA8B5E] end to parse systm mail
<20:50:11> [0D01BD65] start to parse systm mail
<20:50:11> [BFBA8B5E] end to parse systm mail
<20:50:16> [0D01BD65] start to parse systm mail
<20:50:16> [BFBA8B5E] end to parse systm mail
<20:50:17> [745BAE2F][Warning] failed to stream material xml(game/objects/characters/ferre/female/costume/fe_f_sk_tech001/fe_f_sk_tech001_brop01.mtl)
<20:50:19> [B95EE41B][Error] invalid parent unit id(77067)
<20:50:23> [745BAE2F][Warning] failed to stream material xml(game/objects/characters/hariharan/male/parts/bo/obj/ha_m_bo_metal149.mtl)
<20:50:23> [637AF710][Warning] missing chr material : game/objects/characters/hariharan/male/parts/bo/obj/ha_m_bo_metal149.mtl (chr: game/objects/characters/hariharan/male/parts/bo/obj/ha_m_4bo104.chr)
<20:50:25> [B95EE41B][Error] invalid parent unit id(77067)
<20:50:41> [745BAE2F][Warning] failed to stream material xml(game/materials/effects/heffect/fx_ljs_potal_eyes_6.mtl)
<20:50:41> [CE0EF930][Warning] failed to stream cgf : game/objects/effects/eye_Manim/H_eye.chr
<20:50:44> [BCCDC555][Warning] MakeSprite - too many sprite update (10). dropping.. (sprites : 25)
<20:50:45> [7B1A973B] seamless loading cell terrain(W18, 5), (L6, 0)
<20:50:55> [BB790A81] origin change campos : 303.60, 10238.564453
<20:50:55> [00000020]  
<20:50:55> [00000020]  
<20:50:55> [A581FA6D] -----------------------------------------------------------------------------
<20:50:55> [1DAA5677] SeamlessSystem::ChangeOrigin() : Here we go. Old(12,5) -> New(8,11)
<20:50:55> [A581FA6D] -----------------------------------------------------------------------------
<20:50:55> [00000020]  
<20:50:55> [00000020]  
<20:50:55> [B866A294] seamless unloading cell terrain(W19, 13), (L7, 1)
<20:50:55> [B866A294] seamless unloading cell terrain(W19, 14), (L7, 2)
<20:50:55> [B866A294] seamless unloading cell terrain(W19, 15), (L7, 3)
<20:50:55> [B866A294] seamless unloading cell terrain(W19, 16), (L7, 4)
<20:50:55> [B866A294] seamless unloading cell terrain(W19, 17), (L7, 5)
<20:50:55> [B866A294] seamless unloading cell terrain(W19, 18), (L7, 6)
<20:50:55> [B866A294] seamless unloading cell terrain(W18, 12), (L6, 0)
<20:50:55> [B866A294] seamless unloading cell terrain(W18, 13), (L6, 1)
<20:50:55> [B866A294] seamless unloading cell terrain(W18, 14), (L6, 2)
<20:50:55> [7AB931CE] seamless unloading cell object(W18, 14), (L6, 2)
<20:50:55> [4B1E8B22] unload cell object count : 7196
<20:50:55> [B866A294] seamless unloading cell terrain(W18, 15), (L6, 3)
<20:50:55> [7AB931CE] seamless unloading cell object(W18, 15), (L6, 3)
<20:50:55> [4B1E8B22] unload cell object count : 30287
<20:50:55> [B866A294] seamless unloading cell terrain(W18, 16), (L6, 4)
<20:50:55> [7AB931CE] seamless unloading cell object(W18, 16), (L6, 4)
<20:50:55> [4B1E8B22] unload cell object count : 17778
<20:50:55> [B866A294] seamless unloading cell terrain(W18, 17), (L6, 5)
<20:50:55> [B866A294] seamless unloading cell terrain(W18, 18), (L6, 6)
<20:50:55> [B866A294] seamless unloading cell terrain(W17, 12), (L5, 0)
<20:50:55> [B866A294] seamless unloading cell terrain(W17, 13), (L5, 1)
<20:50:55> [B866A294] seamless unloading cell terrain(W17, 14), (L5, 2)
<20:50:55> [7AB931CE] seamless unloading cell object(W17, 14), (L5, 2)
<20:50:55> [4B1E8B22] unload cell object count : 5949
<20:50:55> [B866A294] seamless unloading cell terrain(W17, 15), (L5, 3)
<20:50:55> [7AB931CE] seamless unloading cell object(W17, 15), (L5, 3)
<20:50:55> [4B1E8B22] unload cell object count : 4815
<20:50:55> [B866A294] seamless unloading cell terrain(W17, 16), (L5, 4)
<20:50:55> [7AB931CE] seamless unloading cell object(W17, 16), (L5, 4)
<20:50:55> [4B1E8B22] unload cell object count : 4387
<20:50:55> [B866A294] seamless unloading cell terrain(W17, 17), (L5, 5)
<20:50:55> [7AB931CE] seamless unloading cell object(W17, 17), (L5, 5)
<20:50:55> [4B1E8B22] unload cell object count : 33
<20:50:55> [B866A294] seamless unloading cell terrain(W17, 18), (L5, 6)
<20:50:55> [B866A294] seamless unloading cell terrain(W17, 19), (L5, 7)
<20:50:55> [B866A294] seamless unloading cell terrain(W16, 12), (L4, 0)
<20:50:55> [B866A294] seamless unloading cell terrain(W16, 13), (L4, 1)
<20:50:55> [7AB931CE] seamless unloading cell object(W16, 13), (L4, 1)
<20:50:55> [4B1E8B22] unload cell object count : 0
<20:50:55> [B866A294] seamless unloading cell terrain(W16, 14), (L4, 2)
<20:50:55> [7AB931CE] seamless unloading cell object(W16, 14), (L4, 2)
<20:50:55> [4B1E8B22] unload cell object count : 3484
<20:50:55> [B866A294] seamless unloading cell terrain(W16, 15), (L4, 3)
<20:50:55> [7AB931CE] seamless unloading cell object(W16, 15), (L4, 3)
<20:50:55> [4B1E8B22] unload cell object count : 2750
<20:50:55> [B866A294] seamless unloading cell terrain(W16, 16), (L4, 4)
<20:50:55> [7AB931CE] seamless unloading cell object(W16, 16), (L4, 4)
<20:50:55> [4B1E8B22] unload cell object count : 677
<20:50:55> [B866A294] seamless unloading cell terrain(W16, 17), (L4, 5)
<20:50:55> [7AB931CE] seamless unloading cell object(W16, 17), (L4, 5)
<20:50:55> [4B1E8B22] unload cell object count : 1407
<20:50:55> [B866A294] seamless unloading cell terrain(W16, 18), (L4, 6)
<20:50:55> [7AB931CE] seamless unloading cell object(W16, 18), (L4, 6)
<20:50:55> [4B1E8B22] unload cell object count : 5774
<20:50:55> [B866A294] seamless unloading cell terrain(W16, 19), (L4, 7)
<20:50:55> [B866A294] seamless unloading cell terrain(W15, 12), (L3, 0)
<20:50:55> [B866A294] seamless unloading cell terrain(W15, 13), (L3, 1)
<20:50:55> [B866A294] seamless unloading cell terrain(W15, 14), (L3, 2)
<20:50:55> [7AB931CE] seamless unloading cell object(W15, 14), (L3, 2)
<20:50:55> [4B1E8B22] unload cell object count : 12919
<20:50:55> [B866A294] seamless unloading cell terrain(W15, 15), (L3, 3)
<20:50:55> [7AB931CE] seamless unloading cell object(W15, 15), (L3, 3)
<20:50:55> [4B1E8B22] unload cell object count : 2237
<20:50:55> [B866A294] seamless unloading cell terrain(W15, 16), (L3, 4)
<20:50:55> [7AB931CE] seamless unloading cell object(W15, 16), (L3, 4)
<20:50:55> [4B1E8B22] unload cell object count : 5508
<20:50:55> [B866A294] seamless unloading cell terrain(W15, 17), (L3, 5)
<20:50:55> [7AB931CE] seamless unloading cell object(W15, 17), (L3, 5)
<20:50:55> [4B1E8B22] unload cell object count : 0
<20:50:55> [B866A294] seamless unloading cell terrain(W14, 12), (L2, 0)
<20:50:55> [B866A294] seamless unloading cell terrain(W14, 13), (L2, 1)
<20:50:55> [B866A294] seamless unloading cell terrain(W14, 14), (L2, 2)
<20:50:55> [7AB931CE] seamless unloading cell object(W14, 14), (L2, 2)
<20:50:55> [4B1E8B22] unload cell object count : 232
<20:50:55> [B866A294] seamless unloading cell terrain(W14, 15), (L2, 3)
<20:50:55> [7AB931CE] seamless unloading cell object(W14, 15), (L2, 3)
<20:50:55> [4B1E8B22] unload cell object count : 793
<20:50:55> [B866A294] seamless unloading cell terrain(W14, 16), (L2, 4)
<20:50:55> [7AB931CE] seamless unloading cell object(W14, 16), (L2, 4)
<20:50:55> [4B1E8B22] unload cell object count : 295
<20:50:55> [B866A294] seamless unloading cell terrain(W14, 17), (L2, 5)
<20:50:55> [7AB931CE] seamless unloading cell object(W14, 17), (L2, 5)
<20:50:55> [4B1E8B22] unload cell object count : 5953
<20:50:55> [B866A294] seamless unloading cell terrain(W13, 13), (L1, 1)
<20:50:55> [B866A294] seamless unloading cell terrain(W13, 14), (L1, 2)
<20:50:55> [B866A294] seamless unloading cell terrain(W13, 15), (L1, 3)
<20:50:55> [B866A294] seamless unloading cell terrain(W13, 16), (L1, 4)
<20:50:55> [B866A294] seamless unloading cell terrain(W13, 17), (L1, 5)
<20:50:55> [B866A294] seamless unloading cell terrain(W12, 15), (L0, 3)
<20:50:55> [B866A294] seamless unloading cell terrain(W12, 16), (L0, 4)
<20:50:55> [3623F74F] [Seamless] camera has been warped
<20:50:55> [9CAE9693] Starting In World Loading
<20:50:55> [7B1A973B] seamless loading cell terrain(W12, 14), (L4, 3)
<20:50:55> [7B1A973B] seamless loading cell terrain(W12, 15), (L4, 4)
<20:50:55> [7B1A973B] seamless loading cell terrain(W11, 14), (L3, 3)
<20:50:55> [7B1A973B] seamless loading cell terrain(W11, 15), (L3, 4)
<20:50:55> [7B1A973B] seamless loading cell terrain(W13, 14), (L5, 3)
<20:50:55> [7B1A973B] seamless loading cell terrain(W13, 15), (L5, 4)
<20:50:55> [7B1A973B] seamless loading cell terrain(W12, 13), (L4, 2)
<20:50:55> [7B1A973B] seamless loading cell terrain(W12, 16), (L4, 5)
<20:50:55> [7B1A973B] seamless loading cell terrain(W11, 13), (L3, 2)
<20:50:55> [7B1A973B] seamless loading cell terrain(W11, 16), (L3, 5)
<20:50:55> [7B1A973B] seamless loading cell terrain(W10, 14), (L2, 3)
<20:50:55> [7B1A973B] seamless loading cell terrain(W10, 15), (L2, 4)
<20:50:55> [7B1A973B] seamless loading cell terrain(W13, 13), (L5, 2)
<20:50:55> [7B1A973B] seamless loading cell terrain(W13, 16), (L5, 5)
<20:50:55> [7B1A973B] seamless loading cell terrain(W14, 14), (L6, 3)
<20:50:55> [7B1A973B] seamless loading cell terrain(W14, 15), (L6, 4)
<20:50:55> [7B1A973B] seamless loading cell terrain(W10, 13), (L2, 2)
<20:50:55> [7B1A973B] seamless loading cell terrain(W10, 16), (L2, 5)
<20:50:55> [7B1A973B] seamless loading cell terrain(W12, 12), (L4, 1)
<20:50:55> [7B1A973B] seamless loading cell terrain(W12, 17), (L4, 6)
<20:50:55> [7B1A973B] seamless loading cell terrain(W11, 12), (L3, 1)
<20:50:55> [7B1A973B] seamless loading cell terrain(W11, 17), (L3, 6)
<20:50:55> [7B1A973B] seamless loading cell terrain(W14, 13), (L6, 2)
<20:50:55> [7B1A973B] seamless loading cell terrain(W14, 16), (L6, 5)
<20:50:55> [7B1A973B] seamless loading cell terrain(W13, 12), (L5, 1)
<20:50:55> [7B1A973B] seamless loading cell terrain(W13, 17), (L5, 6)
<20:50:55> [7B1A973B] seamless loading cell terrain(W9, 14), (L1, 3)
<20:50:55> [7B1A973B] seamless loading cell terrain(W9, 15), (L1, 4)
<20:50:55> [7B1A973B] seamless loading cell terrain(W10, 12), (L2, 1)
<20:50:55> [7B1A973B] seamless loading cell terrain(W10, 17), (L2, 6)
<20:50:55> [7B1A973B] seamless loading cell terrain(W9, 13), (L1, 2)
<20:50:55> [7B1A973B] seamless loading cell terrain(W9, 16), (L1, 5)
<20:50:55> [7B1A973B] seamless loading cell terrain(W15, 14), (L7, 3)
<20:50:55> [7B1A973B] seamless loading cell terrain(W15, 15), (L7, 4)
<20:50:55> [7B1A973B] seamless loading cell terrain(W14, 12), (L6, 1)
<20:50:55> [7B1A973B] seamless loading cell terrain(W14, 17), (L6, 6)
<20:50:55> [7B1A973B] seamless loading cell terrain(W12, 11), (L4, 0)
<20:50:55> [7B1A973B] seamless loading cell terrain(W12, 18), (L4, 7)
<20:50:55> [7B1A973B] seamless loading cell terrain(W15, 13), (L7, 2)
<20:50:55> [7B1A973B] seamless loading cell terrain(W15, 16), (L7, 5)
<20:50:55> [7B1A973B] seamless loading cell terrain(W11, 11), (L3, 0)
<20:50:55> [7B1A973B] seamless loading cell terrain(W11, 18), (L3, 7)
<20:50:55> [7B1A973B] seamless loading cell terrain(W13, 18), (L5, 7)
<20:50:55> [7B1A973B] seamless loading cell terrain(W9, 12), (L1, 1)
<20:50:55> [7B1A973B] seamless loading cell terrain(W9, 17), (L1, 6)
<20:50:55> [7B1A973B] seamless loading cell terrain(W8, 14), (L0, 3)
<20:50:55> [7B1A973B] seamless loading cell terrain(W8, 15), (L0, 4)
<20:50:55> [7B1A973B] seamless loading cell terrain(W10, 11), (L2, 0)
<20:50:55> [7B1A973B] seamless loading cell terrain(W10, 18), (L2, 7)
<20:50:55> [B866A294] seamless unloading cell terrain(W15, 8), (L7, 0)
<20:50:55> [3EF08C47] seamless loading cell object(W12, 14), (L4, 3)
<20:50:55> [3EF08C47] seamless loading cell object(W12, 15), (L4, 4)
<20:50:55> [3EF08C47] seamless loading cell object(W11, 14), (L3, 3)
<20:50:55> [3EF08C47] seamless loading cell object(W11, 15), (L3, 4)
<20:50:55> [3EF08C47] seamless loading cell object(W13, 14), (L5, 3)
<20:50:55> [3EF08C47] seamless loading cell object(W13, 15), (L5, 4)
<20:50:55> [3EF08C47] seamless loading cell object(W12, 13), (L4, 2)
<20:50:55> [3EF08C47] seamless loading cell object(W12, 16), (L4, 5)
<20:50:55> [3EF08C47] seamless loading cell object(W11, 13), (L3, 2)
<20:50:55> [3EF08C47] seamless loading cell object(W11, 16), (L3, 5)
<20:50:55> [3EF08C47] seamless loading cell object(W10, 14), (L2, 3)
<20:50:55> [3EF08C47] seamless loading cell object(W10, 15), (L2, 4)
<20:50:55> [3EF08C47] seamless loading cell object(W13, 13), (L5, 2)
<20:50:55> [3EF08C47] seamless loading cell object(W13, 16), (L5, 5)
<20:50:55> [3EF08C47] seamless loading cell object(W14, 14), (L6, 3)
<20:50:55> [3EF08C47] seamless loading cell object(W14, 15), (L6, 4)
<20:50:55> [3EF08C47] seamless loading cell object(W10, 13), (L2, 2)
<20:50:55> [3EF08C47] seamless loading cell object(W10, 16), (L2, 5)
<20:50:55> [3EF08C47] seamless loading cell object(W12, 12), (L4, 1)
<20:50:55> [3EF08C47] seamless loading cell object(W12, 17), (L4, 6)
<20:50:55> [000004EE][Warning] [CGF Error] game/objects/env/01_nuia/04_gw/gw_memo_etc_a01.cgf [:] LOD1 of geometry gw_memo_etc_a01 contains too many polygons comparing to the LOD0 [450 against 628] :
<20:50:55> [A5DDEC33][Warning] Warning: CShaderMan::mfForName: NULL name
<20:50:56> [000004EE][Warning] [CGF Error] game/objects/env/01_nuia/001_ncom/old/weathercock_a.cga [:] non-uniform scale(0.78, 0.78, 1.00) at node(proxy)
<20:50:56> Loading Particle Library: siegefield
<20:50:56> [5E4B1723][Warning] Cannot load texture game/textures/p_effects/armourdslime_ironpiece_body_ddn4.dds, file missing [File=game/textures/p_effects/armourdslime_ironpiece_body_ddn4.dds]
<20:50:56> [D7C2E65B][Warning] Error: CShaderMan::mfCreateShaderResources: Couldn't find custom texture 'game/textures/p_effects/armourdslime_ironpiece_body_ddn4.dds' in path '' [File=game/textures/p_effects/armourdslime_ironpiece_body_ddn4.dds]
<20:50:56> [DE20B351][Warning] Flow Graph Node targets unknown entity guid: 4658767eae4c61e0
<20:50:56> [188BF914][Warning] [EntityLoader] invalid entity pos(0.298, -2.719, 0.001) name(B_gear_light)
<20:50:57> [B42C333F] In World Loading Finished
<20:50:57> [82321C2B][Warning] [net 00:50:57.789] [time] remote time estimation restarted; estimate accumulator age was 2.549922
<20:50:58> [745BAE2F][Warning] failed to stream material xml(game/objects/characters/dwarf/male/parts/bo/obj/dw_m_bo_leather179.mtl)
<20:50:58> [637AF710][Warning] missing chr material : game/objects/characters/dwarf/male/parts/gv/obj/dw_m_gv_leather179.mtl (chr: game/objects/characters/dwarf/male/parts/gv/obj/dw_m_2gv102.chr)
<20:50:58> [B95EE41B][Error] invalid parent unit id(61280)
<20:50:58> [CA175C82][Warning] non-stream IO. system(Material), filePath(game/objects/characters/dwarf/male/hair/dw_m_hair008/dw_m_hair008.mtl)
<20:50:58> [3305346E][Warning] Can't load image 'objects/Characters/texture/pt/5a400895df5e7832ac1cbc28dce3174f3ccf81c1_df.dds'. 
<20:50:58> [000004EE][Warning] Particle effect not found: 'game/abillity_skill_table_m.fight.3count_attack_form', from unknown 
<20:50:59> [A4D70365][Warning] rigid-body own-entity; prefab=prefabs/interaction_c.xml/house.door_anp node=AnimObject_1
<20:50:59> [62232BEA][Warning] deferred xml stream error - game/animations/animals/calf/lmg_files/normal_run.lmg : f0000003
<20:50:59> [CE0EF930][Warning] failed to stream cgf : default
<20:50:59> [000004EE][Warning] [Lua Error] ...cripts/x2ui/questcontext/notifier/quest_notifier.lua:350: attempt to index local 'info' (a nil value)
<20:50:59> [BCCDC555][Warning] MakeSprite - too many sprite update (10). dropping.. (sprites : 18)
<20:50:59> [000004EE][Warning] [CGF Error] game/objects/env/06_unit/06_glider/glider_wing_crystal/glider_wing_crystal_back.cgf [:] LOD1 of geometry  contains too many polygons comparing to the LOD0 [2720 against 4064] :
<20:51:02> [745BAE2F][Warning] failed to stream material xml(game/objects/characters/ferre/female/hair/fe_f_hair035/fe_f_hair035_whtp02.mtl)
<20:51:03> [637AF710][Warning] missing chr material : game/objects/characters/nuian/male/parts/ar/obj/nu_m_ar_leather144.mtl (chr: game/objects/characters/nuian/male/parts/ar/obj/nu_m_1ac006_1ar908_1arm024_1bt018.chr)
<20:51:04> [8104061D][Warning] Cannot load texture objects/characters/texture/hm/77c88794c42051c40ea4187156ed9d523de5d47d_df.dds, file missing [File=objects/characters/texture/hm/77c88794c42051c40ea4187156ed9d523de5d47d_df.dds]
<20:51:04> [3305346E][Warning] Can't load image 'objects/Characters/texture/hm/77c88794c42051c40ea4187156ed9d523de5d47d_df.dds'. 
<20:51:04> [CE0EF930][Warning] failed to stream cgf : default
<20:51:05> [A4D70365][Warning] rigid-body own-entity; prefab=prefabs/interaction_c.xml/house.door_anp node=AnimObject_1
<20:51:05> [BCCDC555][Warning] MakeSprite - too many sprite update (10). dropping.. (sprites : 63)
<20:51:07> [000004EE][Warning] [Lua Error] ...cripts/x2ui/questcontext/notifier/quest_notifier.lua:350: attempt to index local 'info' (a nil value)
<20:51:08> [745BAE2F][Warning] failed to stream material xml(game/objects/characters/nuian/female/parts/hm/obj/nu_f_hm_cloth057.mtl)
<20:51:08> [637AF710][Warning] missing chr material : game/objects/characters/nuian/female/parts/hm/obj/nu_f_hm_cloth057.mtl (chr: game/objects/characters/nuian/female/parts/hm/obj/nu_f_1hm175.chr)
<20:51:09> [074823DF][Warning] Cannot load texture game/textures/p_effects/ring24a.dds, file missing [File=game/textures/p_effects/ring24a.dds]
<20:51:10> [B95EE41B][Error] invalid parent unit id(77013)
<20:51:10> [000004EE][Warning] [CGF Error] game/objects/env/06_unit/06_glider/glider_wing_crystal/glider_wing_crystal_back.cgf [:] LOD1 of geometry  contains too many polygons comparing to the LOD0 [2720 against 4064] :
<20:51:15> [CE0EF930][Warning] failed to stream cgf : default
<20:51:15> [000004EE][Warning] [Lua Error] 1_3_0/scripts/x2ui/characterinfo/character_info.lua:520: attempt to call method 'AnimForEquipped' (a nil value)
<20:51:15> [745BAE2F][Warning] failed to stream material xml(game/objects/characters/ferre/female/nude/fe_f_brop01.mtl)
<20:51:16> [637AF710][Warning] missing chr material : game/objects/characters/elf/female/parts/bo/obj/el_f_bo_cloth030.mtl (chr: game/objects/characters/elf/female/parts/bo/obj/el_f_1bo701.chr)
<20:51:16> [62232BEA][Warning] deferred xml stream error - game/animations/animals/owl_postman/lmg_files/normal_run.lmg : f0000003
<20:51:16> [F03A9928] CharacterManager::ReleaseCustomizedMesh - NOT EXIST!!
<20:51:17> [A4D70365][Warning] rigid-body own-entity; prefab=prefabs/interaction_e.xml/tools.big_lever_right node=AnimObject_1
<20:51:20> [3EF08C47] seamless loading cell object(W14, 13), (L6, 2)
<20:51:21> [745BAE2F][Warning] failed to stream material xml(game/objects/characters/ferre/male/face/fe_m_face00_grap03.mtl)
<20:51:21> [188BF914][Warning] [EntityLoader] invalid entity pos(0.298, -2.719, 0.001) name(B_gear_light)
<20:51:21> [DE20B351][Warning] Flow Graph Node targets unknown entity guid: 40b4eb27c568ca43
<20:51:24> [000004EE][Warning] Particle effect not found: 'game/x2_effect_o.mon_effects.mon_strike_hit', from unknown 
<20:51:29> [000004EE][Warning] [Lua Error] ...cripts/x2ui/questcontext/notifier/quest_notifier.lua:350: attempt to index local 'info' (a nil value)
<20:51:32> [A4D70365][Warning] rigid-body own-entity; prefab=prefabs/interaction_b.xml/door.garangdol_door1 node=AnimObject_29
<20:51:33> [CE0EF930][Warning] failed to stream cgf : default
<20:51:34> [3EF08C47] seamless loading cell object(W11, 12), (L3, 1)
<20:51:34> [745BAE2F][Warning] failed to stream material xml(Default.mtl)
<20:51:34> [000004EE][Warning] [CGF Error] game/objects/env/02_harihara/001_hcom/hcom_cart_b.cgf [:] LOD1 of geometry hcom_cart_b contains too many polygons comparing to the LOD0 [770 against 1114] :
<20:51:36> [000004EE][Warning] Particle effect not found: 'game/ability_skill_table.firing.firing0001_hit', from unknown 
<20:51:36> [637AF710][Warning] missing chr material : game/objects/characters/elf/female/parts/ar/obj/el_f_ar_leather493.mtl (chr: game/objects/characters/elf/female/parts/ar/obj/el_f_1ar301_1arm010_3ar101.chr)
<20:51:38> [CE0EF930][Warning] failed to stream cgf : default
<20:51:39> [000004EE][Warning] [Lua Error] ...cripts/x2ui/questcontext/notifier/quest_notifier.lua:350: attempt to index local 'info' (a nil value)
<20:51:42> [745BAE2F][Warning] failed to stream material xml(game/materials/effects/fume_h_ssd.mtl)
<20:51:42> [320FAB9C][Warning] Cannot load texture objects/Characters/texture/pt/5a400895df5e7832ac1cbc28dce3174f3ccf81c1_df.dds, file missing [File=objects/Characters/texture/pt/5a400895df5e7832ac1cbc28dce3174f3ccf81c1_df.dds]
<20:51:42> [3305346E][Warning] Can't load image 'objects/Characters/texture/pt/5a400895df5e7832ac1cbc28dce3174f3ccf81c1_df.dds'. 
<20:51:43> [CE0EF930][Warning] failed to stream cgf : cgf://objects/Env/02_harihara/001_hcom/ncom_fild_signpost_c08.cgf
<20:51:48> [34837D7E][Warning] Failed to Load Character file. Skeleton-Initial-Positions are missing [File=game/objects/characters/monster/snowman_ride/snowman_ride_armor01/snowman_ride_hm_01/snowman_ride_hm_01.chr]
<20:51:49> [B95EE41B][Error] invalid parent unit id(102550)
<20:51:49> [745BAE2F][Warning] failed to stream material xml(game/objects/characters/dwarf/female/nude/Material #114.mtl)
<20:51:49> [AB97BEF0][Warning] Cannot load texture objects/characters/texture/gv/58b41eb330aa548c824a154990a9bc9198eaad99_df.dds, file missing [File=objects/characters/texture/gv/58b41eb330aa548c824a154990a9bc9198eaad99_df.dds]
<20:51:49> [637AF710][Warning] missing chr material : game/objects/characters/dwarf/female/parts/cp/obj/01 - Default.mtl (chr: game/objects/characters/dwarf/female/parts/cp/obj/dw_f_1cp113.chr)
<20:51:49> [3305346E][Warning] Can't load image 'objects/Characters/texture/gv/58b41eb330aa548c824a154990a9bc9198eaad99_df.dds'. 
<20:51:49> [000004EE][Warning] Independent immortal particle effect spawned: X2_EFFECT_O.Interaction.enchant_wpn_range_honor_3g
<20:51:51> [000004EE][Warning] [Lua Error] ...cripts/x2ui/questcontext/notifier/quest_notifier.lua:350: attempt to index local 'info' (a nil value)
<20:51:54> [B95EE41B][Error] invalid parent unit id(102550)
<20:51:55> [CE0EF930][Warning] failed to stream cgf : default
<20:51:58> [000004EE][Warning] [Lua Error] ...cripts/x2ui/questcontext/notifier/quest_notifier.lua:350: attempt to index local 'info' (a nil value)
<20:52:04> [CE0EF930][Warning] failed to stream cgf : default
<20:52:06> [8F8BAB10][Warning] Cannot load texture objects/Characters/texture/gv/58b41eb330aa548c824a154990a9bc9198eaad99_df.dds, file missing [File=objects/Characters/texture/gv/58b41eb330aa548c824a154990a9bc9198eaad99_df.dds]
<20:52:06> [3305346E][Warning] Can't load image 'objects/Characters/texture/gv/58b41eb330aa548c824a154990a9bc9198eaad99_df.dds'. 
<20:52:07> [BCCDC555][Warning] MakeSprite - too many sprite update (10). dropping.. (sprites : 208)
<20:52:07> [A4D70365][Warning] rigid-body own-entity; prefab=prefabs/interaction_c.xml/house.door_anp node=AnimObject_1
<20:52:09> [CE0EF930][Warning] failed to stream cgf : default
<20:52:11> [000004EE][Warning] [Lua Error] ...cripts/x2ui/questcontext/notifier/quest_notifier.lua:350: attempt to index local 'info' (a nil value)
<20:52:21> [000004EE][Warning] [Lua Error] ...cripts/x2ui/questcontext/notifier/quest_notifier.lua:350: attempt to index local 'info' (a nil value)
<20:52:22> [3EF08C47] seamless loading cell object(W13, 12), (L5, 1)
<20:52:28> [745BAE2F][Warning] failed to stream material xml(game/objects/env/06_unit/06_glider/glider_b_lv_c_whtp02.mtl)
<20:52:28> [4E1BBF7C][Warning] Cannot load texture objects/characters/texture/pt/5a400895df5e7832ac1cbc28dce3174f3ccf81c1_df.dds, file missing [File=objects/characters/texture/pt/5a400895df5e7832ac1cbc28dce3174f3ccf81c1_df.dds]
<20:52:28> [CA175C82][Warning] non-stream IO. system(Material), filePath(game/objects/characters/dwarf/male/hair/dw_m_hair008/dw_m_hair008.mtl)
<20:52:28> [3305346E][Warning] Can't load image 'objects/Characters/texture/pt/5a400895df5e7832ac1cbc28dce3174f3ccf81c1_df.dds'. 
<20:52:31> [000004EE][Warning] [Lua Error] ...cripts/x2ui/questcontext/notifier/quest_notifier.lua:350: attempt to index local 'info' (a nil value)
<20:52:44> [745BAE2F][Warning] failed to stream material xml(game/objects/effects/ksw_effect/qilin.mtl)
<20:52:44> [B95EE41B][Error] invalid parent unit id(91713)
<20:52:44> [797D556F][Warning] Cannot load texture game/objects/item/staff_1h/staff_1h_ean_1/staff_1h_ean_1_ddn.dds, file missing [File=game/objects/item/staff_1h/staff_1h_ean_1/staff_1h_ean_1_ddn.dds]
<20:52:50> [B95EE41B][Error] invalid parent unit id(91713)
<20:52:51> [745BAE2F][Warning] failed to stream material xml(game/objects/characters/dwarf/female/hair/dw_f_hair_common/dw_f_hair002.mtl)
<20:52:51> [8104061D][Warning] Cannot load texture objects/characters/texture/hm/77c88794c42051c40ea4187156ed9d523de5d47d_df.dds, file missing [File=objects/characters/texture/hm/77c88794c42051c40ea4187156ed9d523de5d47d_df.dds]
<20:52:51> [637AF710][Warning] missing chr material : game/objects/characters/dwarf/female/hair/dw_f_hair_common/dw_f_hair002.mtl (chr: game/objects/characters/dwarf/female/hair/dw_f_hair_common/dw_f_hair_common0101s_type3.chr)
<20:52:51> [CA175C82][Warning] non-stream IO. system(Material), filePath(game/objects/characters/dwarf/female/hair/dw_f_hair005/dw_f_hair005.mtl)
<20:52:51> [3305346E][Warning] Can't load image 'objects/Characters/texture/hm/77c88794c42051c40ea4187156ed9d523de5d47d_df.dds'. 
<20:52:57> [64F7F23D][Warning] Cannot load texture objects/Characters/texture/hm/77c88794c42051c40ea4187156ed9d523de5d47d_df.dds, file missing [File=objects/Characters/texture/hm/77c88794c42051c40ea4187156ed9d523de5d47d_df.dds]
<20:52:57> [3305346E][Warning] Can't load image 'objects/Characters/texture/hm/77c88794c42051c40ea4187156ed9d523de5d47d_df.dds'. 
<20:53:02> [745BAE2F][Warning] failed to stream material xml(game/materials/effects/fume_h_ssd.mtl)
<20:53:13> [A4D70365][Warning] rigid-body own-entity; prefab=prefabs/carriage.xml/carriage.carriageb node=AnimObject_55
<20:53:34> [64F7F23D][Warning] Cannot load texture objects/Characters/texture/hm/77c88794c42051c40ea4187156ed9d523de5d47d_df.dds, file missing [File=objects/Characters/texture/hm/77c88794c42051c40ea4187156ed9d523de5d47d_df.dds]
<20:53:34> [3305346E][Warning] Can't load image 'objects/Characters/texture/hm/77c88794c42051c40ea4187156ed9d523de5d47d_df.dds'. 
<20:53:43> [745BAE2F][Warning] failed to stream material xml(game/materials/effects/fume_h_ssd.mtl)
<20:53:49> [8F8BAB10][Warning] Cannot load texture objects/Characters/texture/gv/58b41eb330aa548c824a154990a9bc9198eaad99_df.dds, file missing [File=objects/Characters/texture/gv/58b41eb330aa548c824a154990a9bc9198eaad99_df.dds]
<20:53:49> [3305346E][Warning] Can't load image 'objects/Characters/texture/gv/58b41eb330aa548c824a154990a9bc9198eaad99_df.dds'. 
<20:54:22> [8F8BAB10][Warning] Cannot load texture objects/Characters/texture/gv/58b41eb330aa548c824a154990a9bc9198eaad99_df.dds, file missing [File=objects/Characters/texture/gv/58b41eb330aa548c824a154990a9bc9198eaad99_df.dds]
<20:54:22> [3305346E][Warning] Can't load image 'objects/Characters/texture/gv/58b41eb330aa548c824a154990a9bc9198eaad99_df.dds'. 
<20:54:28> [64F7F23D][Warning] Cannot load texture objects/Characters/texture/hm/77c88794c42051c40ea4187156ed9d523de5d47d_df.dds, file missing [File=objects/Characters/texture/hm/77c88794c42051c40ea4187156ed9d523de5d47d_df.dds]
<20:54:28> [3305346E][Warning] Can't load image 'objects/Characters/texture/hm/77c88794c42051c40ea4187156ed9d523de5d47d_df.dds'. 
<20:54:41> [CE0EF930][Warning] failed to stream cgf : objects/effects/portal_gate.cgf
<20:54:43> [64F7F23D][Warning] Cannot load texture objects/Characters/texture/hm/77c88794c42051c40ea4187156ed9d523de5d47d_df.dds, file missing [File=objects/Characters/texture/hm/77c88794c42051c40ea4187156ed9d523de5d47d_df.dds]
<20:54:43> [3305346E][Warning] Can't load image 'objects/Characters/texture/hm/77c88794c42051c40ea4187156ed9d523de5d47d_df.dds'. 
<20:55:13> [745BAE2F][Warning] failed to stream material xml(game/objects/effects/ksw_effect/qilin.mtl)
<20:55:14> [B95EE41B][Error] invalid parent unit id(125871)
<20:55:14> [637AF710][Warning] missing chr material : game/objects/characters/dwarf/female/parts/pt/obj/dw_f_pt_cloth507.mtl (chr: game/objects/characters/dwarf/female/parts/pt/obj/dw_f_1pt104.chr)
<20:55:14> [000004EE][Warning] Independent immortal particle effect spawned: X2_EFFECT_O.Interaction.enchant_wpn_range_honor_3g
<20:55:19> [64F7F23D][Warning] Cannot load texture objects/Characters/texture/hm/77c88794c42051c40ea4187156ed9d523de5d47d_df.dds, file missing [File=objects/Characters/texture/hm/77c88794c42051c40ea4187156ed9d523de5d47d_df.dds]
<20:55:19> [3305346E][Warning] Can't load image 'objects/Characters/texture/hm/77c88794c42051c40ea4187156ed9d523de5d47d_df.dds'. 
<20:55:19> [B95EE41B][Error] invalid parent unit id(125871)
<20:55:46> [64F7F23D][Warning] Cannot load texture objects/Characters/texture/hm/77c88794c42051c40ea4187156ed9d523de5d47d_df.dds, file missing [File=objects/Characters/texture/hm/77c88794c42051c40ea4187156ed9d523de5d47d_df.dds]
<20:55:46> [3305346E][Warning] Can't load image 'objects/Characters/texture/hm/77c88794c42051c40ea4187156ed9d523de5d47d_df.dds'. 
<20:55:52> [64F7F23D][Warning] Cannot load texture objects/Characters/texture/hm/77c88794c42051c40ea4187156ed9d523de5d47d_df.dds, file missing [File=objects/Characters/texture/hm/77c88794c42051c40ea4187156ed9d523de5d47d_df.dds]
<20:55:52> [3305346E][Warning] Can't load image 'objects/Characters/texture/hm/77c88794c42051c40ea4187156ed9d523de5d47d_df.dds'. 
<20:55:57> [CE0EF930][Warning] failed to stream cgf : objects/effects/portal_gate.cgf
<20:56:31> [4820ACB9][Warning] Cannot load texture game/textures/p_effects/syh_effect/cat_footstrp_01.dds, file missing [File=game/textures/p_effects/syh_effect/cat_footstrp_01.dds]
<20:56:31> [B95EE41B][Error] invalid parent unit id(58314)
<20:56:31> [745BAE2F][Warning] failed to stream material xml(game/objects/characters/elf/male/parts/pt/obj/el_m_pt_cloth159.mtl)
<20:56:31> [637AF710][Warning] missing chr material : game/objects/characters/elf/male/parts/pt/obj/el_m_pt_cloth159.mtl (chr: game/objects/characters/elf/male/parts/pt/obj/el_m_1pt901.chr)
<20:56:43> [64F7F23D][Warning] Cannot load texture objects/Characters/texture/hm/77c88794c42051c40ea4187156ed9d523de5d47d_df.dds, file missing [File=objects/Characters/texture/hm/77c88794c42051c40ea4187156ed9d523de5d47d_df.dds]
<20:56:43> [3305346E][Warning] Can't load image 'objects/Characters/texture/hm/77c88794c42051c40ea4187156ed9d523de5d47d_df.dds'. 
<20:56:47> [B95EE41B][Error] invalid parent unit id(58314)
<20:56:58> [745BAE2F][Warning] failed to stream material xml(game/materials/effects/fume_h_ssd.mtl)
<20:56:59> [F724A392][Error] CryAnimation:: Trying to load animation with alias "fist_ba_relaxed_idle_rand_3" from file "animations/monster/yata/fist/fist_ba_relaxed_idle_rand_3.caf" into the animation container. Such animation alias already exists and uses file "animations/monster/yata/fist/fist_ba_relaxed_idle_rand_1.caf". Please use another animation alias.
<20:57:01> [64F7F23D][Warning] Cannot load texture objects/Characters/texture/hm/77c88794c42051c40ea4187156ed9d523de5d47d_df.dds, file missing [File=objects/Characters/texture/hm/77c88794c42051c40ea4187156ed9d523de5d47d_df.dds]
<20:57:01> [3305346E][Warning] Can't load image 'objects/Characters/texture/hm/77c88794c42051c40ea4187156ed9d523de5d47d_df.dds'. 
<20:57:10> [64F7F23D][Warning] Cannot load texture objects/Characters/texture/hm/77c88794c42051c40ea4187156ed9d523de5d47d_df.dds, file missing [File=objects/Characters/texture/hm/77c88794c42051c40ea4187156ed9d523de5d47d_df.dds]
<20:57:10> [3305346E][Warning] Can't load image 'objects/Characters/texture/hm/77c88794c42051c40ea4187156ed9d523de5d47d_df.dds'. 
<20:57:19> [64F7F23D][Warning] Cannot load texture objects/Characters/texture/hm/77c88794c42051c40ea4187156ed9d523de5d47d_df.dds, file missing [File=objects/Characters/texture/hm/77c88794c42051c40ea4187156ed9d523de5d47d_df.dds]
<20:57:19> [3305346E][Warning] Can't load image 'objects/Characters/texture/hm/77c88794c42051c40ea4187156ed9d523de5d47d_df.dds'. 
<20:57:40> [64F7F23D][Warning] Cannot load texture objects/Characters/texture/hm/77c88794c42051c40ea4187156ed9d523de5d47d_df.dds, file missing [File=objects/Characters/texture/hm/77c88794c42051c40ea4187156ed9d523de5d47d_df.dds]
<20:57:40> [3305346E][Warning] Can't load image 'objects/Characters/texture/hm/77c88794c42051c40ea4187156ed9d523de5d47d_df.dds'. 
<20:57:42> [B95EE41B][Error] invalid parent unit id(99717)
<20:58:11> [745BAE2F][Warning] failed to stream material xml(game/materials/effects/fume_h_ssd.mtl)
<20:58:36> [000004EE][Warning] Particle effect not found: 'game/abillity_skill_table_m.death.death_trick_launch', from unknown 
<20:58:49> [64F7F23D][Warning] Cannot load texture objects/Characters/texture/hm/77c88794c42051c40ea4187156ed9d523de5d47d_df.dds, file missing [File=objects/Characters/texture/hm/77c88794c42051c40ea4187156ed9d523de5d47d_df.dds]
<20:58:49> [3305346E][Warning] Can't load image 'objects/Characters/texture/hm/77c88794c42051c40ea4187156ed9d523de5d47d_df.dds'. 
<20:58:53> [A4D70365][Warning] rigid-body own-entity; prefab=Prefabs/airship.xml/airship.normal node=wing
<20:58:55> [64F7F23D][Warning] Cannot load texture objects/Characters/texture/hm/77c88794c42051c40ea4187156ed9d523de5d47d_df.dds, file missing [File=objects/Characters/texture/hm/77c88794c42051c40ea4187156ed9d523de5d47d_df.dds]
<20:58:55> [3305346E][Warning] Can't load image 'objects/Characters/texture/hm/77c88794c42051c40ea4187156ed9d523de5d47d_df.dds'. 
<20:59:00> [745BAE2F][Warning] failed to stream material xml(game/materials/effects/fume_h_ssd.mtl)
<20:59:01> [64F7F23D][Warning] Cannot load texture objects/Characters/texture/hm/77c88794c42051c40ea4187156ed9d523de5d47d_df.dds, file missing [File=objects/Characters/texture/hm/77c88794c42051c40ea4187156ed9d523de5d47d_df.dds]
<20:59:01> [3305346E][Warning] Can't load image 'objects/Characters/texture/hm/77c88794c42051c40ea4187156ed9d523de5d47d_df.dds'. 
<20:59:04> [F724A392][Error] CryAnimation:: Trying to load animation with alias "fist_ba_relaxed_idle_rand_3" from file "animations/monster/yata/fist/fist_ba_relaxed_idle_rand_3.caf" into the animation container. Such animation alias already exists and uses file "animations/monster/yata/fist/fist_ba_relaxed_idle_rand_1.caf". Please use another animation alias.
<20:59:04> [B95EE41B][Error] invalid parent unit id(87615)
<20:59:07> [AB97BEF0][Warning] Cannot load texture objects/characters/texture/gv/58b41eb330aa548c824a154990a9bc9198eaad99_df.dds, file missing [File=objects/characters/texture/gv/58b41eb330aa548c824a154990a9bc9198eaad99_df.dds]
<20:59:07> [745BAE2F][Warning] failed to stream material xml(game/objects/characters/dwarf/female/parts/cp/obj/01 - Default.mtl)
<20:59:07> [637AF710][Warning] missing chr material : game/objects/characters/dwarf/female/parts/cp/obj/01 - Default.mtl (chr: game/objects/characters/dwarf/female/parts/cp/obj/dw_f_1cp113.chr)
<20:59:07> [3305346E][Warning] Can't load image 'objects/Characters/texture/gv/58b41eb330aa548c824a154990a9bc9198eaad99_df.dds'. 
<20:59:07> [000004EE][Warning] Independent immortal particle effect spawned: X2_EFFECT_O.Interaction.enchant_wpn_range_honor_3g
<20:59:27> [A4D70365][Warning] rigid-body own-entity; prefab=prefabs/carriage.xml/carriage.carriageb node=AnimObject_55
<20:59:34> [64F7F23D][Warning] Cannot load texture objects/Characters/texture/hm/77c88794c42051c40ea4187156ed9d523de5d47d_df.dds, file missing [File=objects/Characters/texture/hm/77c88794c42051c40ea4187156ed9d523de5d47d_df.dds]
<20:59:34> [3305346E][Warning] Can't load image 'objects/Characters/texture/hm/77c88794c42051c40ea4187156ed9d523de5d47d_df.dds'. 
<20:59:36> [CE0EF930][Warning] failed to stream cgf : objects/effects/portal_gate.cgf
<21:00:07> [64F7F23D][Warning] Cannot load texture objects/Characters/texture/hm/77c88794c42051c40ea4187156ed9d523de5d47d_df.dds, file missing [File=objects/Characters/texture/hm/77c88794c42051c40ea4187156ed9d523de5d47d_df.dds]
<21:00:07> [3305346E][Warning] Can't load image 'objects/Characters/texture/hm/77c88794c42051c40ea4187156ed9d523de5d47d_df.dds'. 
<21:00:22> [64F7F23D][Warning] Cannot load texture objects/Characters/texture/hm/77c88794c42051c40ea4187156ed9d523de5d47d_df.dds, file missing [File=objects/Characters/texture/hm/77c88794c42051c40ea4187156ed9d523de5d47d_df.dds]
<21:00:22> [3305346E][Warning] Can't load image 'objects/Characters/texture/hm/77c88794c42051c40ea4187156ed9d523de5d47d_df.dds'. 
<21:00:33> [A4D70365][Warning] rigid-body own-entity; prefab=prefabs/carriage.xml/carriage.carriageb node=AnimObject_55
<21:01:36> [B95EE41B][Error] invalid parent unit id(108451)
<21:01:36> [99C3DD88][Warning] Not a normal map texture tried to be used as a normal map: game/objects/item/aac/all/aa_valentines/Dagger/aa_valentines_dagger_fx_02.dds [File=game/objects/item/aac/all/aa_valentines/Dagger/aa_valentines_dagger_fx_02.dds]
<21:01:36> [DE801E31][Warning] Non 3dc normal map used (wrong on DX10): game/objects/item/aac/all/aa_valentines/Dagger/aa_valentines_dagger_ddn.dds [File=game/objects/item/aac/all/aa_valentines/Dagger/aa_valentines_dagger_ddn.dds]
<21:01:36> [000004EE][Warning] [CGF Error] game/objects/item/bow/bow_mmorpg_red/bow_mmorpg_red.cgf [:] LOD1 of geometry  contains too many polygons comparing to the LOD0 [680 against 988] :
<21:01:36> [745BAE2F][Warning] failed to stream material xml(game/objects/effects/ksw_effect/qilin.mtl)
<21:01:36> [000004EE][Warning] Independent immortal particle effect spawned: X2_EFFECT_O.Interaction.enchant_wpn_range_honor_3g
<21:01:42> [B95EE41B][Error] invalid parent unit id(108451)
<21:01:49> [64F7F23D][Warning] Cannot load texture objects/Characters/texture/hm/77c88794c42051c40ea4187156ed9d523de5d47d_df.dds, file missing [File=objects/Characters/texture/hm/77c88794c42051c40ea4187156ed9d523de5d47d_df.dds]
<21:01:49> [3305346E][Warning] Can't load image 'objects/Characters/texture/hm/77c88794c42051c40ea4187156ed9d523de5d47d_df.dds'. 
<21:01:55> [64F7F23D][Warning] Cannot load texture objects/Characters/texture/hm/77c88794c42051c40ea4187156ed9d523de5d47d_df.dds, file missing [File=objects/Characters/texture/hm/77c88794c42051c40ea4187156ed9d523de5d47d_df.dds]
<21:01:55> [3305346E][Warning] Can't load image 'objects/Characters/texture/hm/77c88794c42051c40ea4187156ed9d523de5d47d_df.dds'. 
<21:01:56> [CA175C82][Warning] non-stream IO. system(Material), filePath(game/materials/effects/decal_illusion_pattern.mtl)
<21:02:44> [745BAE2F][Warning] failed to stream material xml(game/objects/effects/ksw_effect/qilin.mtl)
<21:02:45> [B95EE41B][Error] invalid parent unit id(36896)
<21:02:58> [B95EE41B][Error] invalid parent unit id(36896)
<21:03:05> [745BAE2F][Warning] failed to stream material xml(game/materials/effects/fume_h_ssd.mtl)
<21:03:11> [B95EE41B][Error] invalid parent unit id(104370)
<21:03:11> [000004EE][Warning] [CGF Error] game/objects/item/bow/bow_christmas03/bow_christmas03.cgf [:] LOD1 of geometry  contains too many polygons comparing to the LOD0 [4696 against 5971] :
<21:03:11> [94B1FC07][Warning] Failed to stream CAF-file [File=animations/item/effect_bone/spear_1h/spear_1h_darkmoon001/default.caf]
<21:03:11> [745BAE2F][Warning] failed to stream material xml(game/objects/effects/keffect/p_fire_blue1a.mtl)
<21:03:12> [99C3DD88][Warning] Not a normal map texture tried to be used as a normal map: game/objects/item/aac/all/aa_valentines/Dagger/aa_valentines_dagger_fx_02.dds [File=game/objects/item/aac/all/aa_valentines/Dagger/aa_valentines_dagger_fx_02.dds]
<21:03:12> [DE801E31][Warning] Non 3dc normal map used (wrong on DX10): game/objects/item/aac/all/aa_valentines/Dagger/aa_valentines_dagger_ddn.dds [File=game/objects/item/aac/all/aa_valentines/Dagger/aa_valentines_dagger_ddn.dds]
<21:03:12> [000004EE][Warning] Independent immortal particle effect spawned: X2_EFFECT_O.Interaction.enchant_wpn_range_honor_3g
<21:03:22> [64F7F23D][Warning] Cannot load texture objects/Characters/texture/hm/77c88794c42051c40ea4187156ed9d523de5d47d_df.dds, file missing [File=objects/Characters/texture/hm/77c88794c42051c40ea4187156ed9d523de5d47d_df.dds]
<21:03:22> [3305346E][Warning] Can't load image 'objects/Characters/texture/hm/77c88794c42051c40ea4187156ed9d523de5d47d_df.dds'. 
<21:03:25> [B95EE41B][Error] invalid parent unit id(36896)
<21:03:34> [64F7F23D][Warning] Cannot load texture objects/Characters/texture/hm/77c88794c42051c40ea4187156ed9d523de5d47d_df.dds, file missing [File=objects/Characters/texture/hm/77c88794c42051c40ea4187156ed9d523de5d47d_df.dds]
<21:03:34> [3305346E][Warning] Can't load image 'objects/Characters/texture/hm/77c88794c42051c40ea4187156ed9d523de5d47d_df.dds'. 
<21:03:37> [745BAE2F][Warning] failed to stream material xml(game/materials/effects/fume_h_ssd.mtl)
<21:04:01> [64F7F23D][Warning] Cannot load texture objects/Characters/texture/hm/77c88794c42051c40ea4187156ed9d523de5d47d_df.dds, file missing [File=objects/Characters/texture/hm/77c88794c42051c40ea4187156ed9d523de5d47d_df.dds]
<21:04:01> [3305346E][Warning] Can't load image 'objects/Characters/texture/hm/77c88794c42051c40ea4187156ed9d523de5d47d_df.dds'. 
<21:04:40> [64F7F23D][Warning] Cannot load texture objects/Characters/texture/hm/77c88794c42051c40ea4187156ed9d523de5d47d_df.dds, file missing [File=objects/Characters/texture/hm/77c88794c42051c40ea4187156ed9d523de5d47d_df.dds]
<21:04:40> [3305346E][Warning] Can't load image 'objects/Characters/texture/hm/77c88794c42051c40ea4187156ed9d523de5d47d_df.dds'. 
<21:04:53> [745BAE2F][Warning] failed to stream material xml(game/materials/effects/fume_h_ssd.mtl)
<21:04:55> [64F7F23D][Warning] Cannot load texture objects/Characters/texture/hm/77c88794c42051c40ea4187156ed9d523de5d47d_df.dds, file missing [File=objects/Characters/texture/hm/77c88794c42051c40ea4187156ed9d523de5d47d_df.dds]
<21:04:55> [3305346E][Warning] Can't load image 'objects/Characters/texture/hm/77c88794c42051c40ea4187156ed9d523de5d47d_df.dds'. 
<21:05:01> [64F7F23D][Warning] Cannot load texture objects/Characters/texture/hm/77c88794c42051c40ea4187156ed9d523de5d47d_df.dds, file missing [File=objects/Characters/texture/hm/77c88794c42051c40ea4187156ed9d523de5d47d_df.dds]
<21:05:01> [3305346E][Warning] Can't load image 'objects/Characters/texture/hm/77c88794c42051c40ea4187156ed9d523de5d47d_df.dds'. 
<21:05:10> [B95EE41B][Error] invalid parent unit id(59765)
<21:05:10> [745BAE2F][Warning] failed to stream material xml(game/objects/characters/nuian/female/parts/pt/obj/nu_f_pt_leather179.mtl)
<21:05:10> [637AF710][Warning] missing chr material : game/objects/characters/nuian/female/parts/pt/obj/nu_f_pt_leather179.mtl (chr: game/objects/characters/nuian/female/parts/pt/obj/nu_f_1pt003.chr)
<21:05:19> [64F7F23D][Warning] Cannot load texture objects/Characters/texture/hm/77c88794c42051c40ea4187156ed9d523de5d47d_df.dds, file missing [File=objects/Characters/texture/hm/77c88794c42051c40ea4187156ed9d523de5d47d_df.dds]
<21:05:19> [3305346E][Warning] Can't load image 'objects/Characters/texture/hm/77c88794c42051c40ea4187156ed9d523de5d47d_df.dds'. 
<21:05:46> [64F7F23D][Warning] Cannot load texture objects/Characters/texture/hm/77c88794c42051c40ea4187156ed9d523de5d47d_df.dds, file missing [File=objects/Characters/texture/hm/77c88794c42051c40ea4187156ed9d523de5d47d_df.dds]
<21:05:46> [3305346E][Warning] Can't load image 'objects/Characters/texture/hm/77c88794c42051c40ea4187156ed9d523de5d47d_df.dds'. 
<21:05:55> [B95EE41B][Error] invalid parent unit id(59765)
<21:05:58> [64F7F23D][Warning] Cannot load texture objects/Characters/texture/hm/77c88794c42051c40ea4187156ed9d523de5d47d_df.dds, file missing [File=objects/Characters/texture/hm/77c88794c42051c40ea4187156ed9d523de5d47d_df.dds]
<21:05:58> [3305346E][Warning] Can't load image 'objects/Characters/texture/hm/77c88794c42051c40ea4187156ed9d523de5d47d_df.dds'. 
<21:06:00> [745BAE2F][Warning] failed to stream material xml(game/materials/effects/fume_h_ssd.mtl)
<21:06:36> [745BAE2F][Warning] failed to stream material xml(game/objects/effects/ksw_effect/qilin.mtl)
<21:06:37> [B95EE41B][Error] invalid parent unit id(118917)
<21:06:47> [A4D70365][Warning] rigid-body own-entity; prefab=prefabs/carriage.xml/carriage.carriageb node=AnimObject_55
<21:06:49> [745BAE2F][Warning] failed to stream material xml(game/materials/effects/fume_h_ssd.mtl)
<21:06:49> [64F7F23D][Warning] Cannot load texture objects/Characters/texture/hm/77c88794c42051c40ea4187156ed9d523de5d47d_df.dds, file missing [File=objects/Characters/texture/hm/77c88794c42051c40ea4187156ed9d523de5d47d_df.dds]
<21:06:49> [3305346E][Warning] Can't load image 'objects/Characters/texture/hm/77c88794c42051c40ea4187156ed9d523de5d47d_df.dds'. 
<21:06:55> [64F7F23D][Warning] Cannot load texture objects/Characters/texture/hm/77c88794c42051c40ea4187156ed9d523de5d47d_df.dds, file missing [File=objects/Characters/texture/hm/77c88794c42051c40ea4187156ed9d523de5d47d_df.dds]
<21:06:55> [3305346E][Warning] Can't load image 'objects/Characters/texture/hm/77c88794c42051c40ea4187156ed9d523de5d47d_df.dds'. 
<21:06:58> [B95EE41B][Error] invalid parent unit id(102556)
<21:07:01> [64F7F23D][Warning] Cannot load texture objects/Characters/texture/hm/77c88794c42051c40ea4187156ed9d523de5d47d_df.dds, file missing [File=objects/Characters/texture/hm/77c88794c42051c40ea4187156ed9d523de5d47d_df.dds]
<21:07:01> [3305346E][Warning] Can't load image 'objects/Characters/texture/hm/77c88794c42051c40ea4187156ed9d523de5d47d_df.dds'. 
<21:07:04> [B95EE41B][Error] invalid parent unit id(102556)
<21:07:07> [64F7F23D][Warning] Cannot load texture objects/Characters/texture/hm/77c88794c42051c40ea4187156ed9d523de5d47d_df.dds, file missing [File=objects/Characters/texture/hm/77c88794c42051c40ea4187156ed9d523de5d47d_df.dds]
<21:07:07> [3305346E][Warning] Can't load image 'objects/Characters/texture/hm/77c88794c42051c40ea4187156ed9d523de5d47d_df.dds'. 
<21:07:13> [64F7F23D][Warning] Cannot load texture objects/Characters/texture/hm/77c88794c42051c40ea4187156ed9d523de5d47d_df.dds, file missing [File=objects/Characters/texture/hm/77c88794c42051c40ea4187156ed9d523de5d47d_df.dds]
<21:07:13> [3305346E][Warning] Can't load image 'objects/Characters/texture/hm/77c88794c42051c40ea4187156ed9d523de5d47d_df.dds'. 
<21:07:52> [64F7F23D][Warning] Cannot load texture objects/Characters/texture/hm/77c88794c42051c40ea4187156ed9d523de5d47d_df.dds, file missing [File=objects/Characters/texture/hm/77c88794c42051c40ea4187156ed9d523de5d47d_df.dds]
<21:07:52> [3305346E][Warning] Can't load image 'objects/Characters/texture/hm/77c88794c42051c40ea4187156ed9d523de5d47d_df.dds'. 
<21:07:54> [A4D70365][Warning] rigid-body own-entity; prefab=prefabs/carriage.xml/carriage.carriageb node=AnimObject_55
<21:08:22> [745BAE2F][Warning] failed to stream material xml(game/materials/effects/fume_h_ssd.mtl)
<21:08:28> [64F7F23D][Warning] Cannot load texture objects/Characters/texture/hm/77c88794c42051c40ea4187156ed9d523de5d47d_df.dds, file missing [File=objects/Characters/texture/hm/77c88794c42051c40ea4187156ed9d523de5d47d_df.dds]
<21:08:28> [3305346E][Warning] Can't load image 'objects/Characters/texture/hm/77c88794c42051c40ea4187156ed9d523de5d47d_df.dds'. 
<21:08:36> [000004EE][Warning] Independent immortal particle effect spawned: X2_EFFECT_O.Interaction.enchant_wpn_range_honor_3g
<21:08:46> [64F7F23D][Warning] Cannot load texture objects/Characters/texture/hm/77c88794c42051c40ea4187156ed9d523de5d47d_df.dds, file missing [File=objects/Characters/texture/hm/77c88794c42051c40ea4187156ed9d523de5d47d_df.dds]
<21:08:46> [3305346E][Warning] Can't load image 'objects/Characters/texture/hm/77c88794c42051c40ea4187156ed9d523de5d47d_df.dds'. 
<21:09:05> [64F7F23D][Warning] Cannot load texture objects/Characters/texture/hm/77c88794c42051c40ea4187156ed9d523de5d47d_df.dds, file missing [File=objects/Characters/texture/hm/77c88794c42051c40ea4187156ed9d523de5d47d_df.dds]
<21:09:05> [3305346E][Warning] Can't load image 'objects/Characters/texture/hm/77c88794c42051c40ea4187156ed9d523de5d47d_df.dds'. 
<21:09:17> [64F7F23D][Warning] Cannot load texture objects/Characters/texture/hm/77c88794c42051c40ea4187156ed9d523de5d47d_df.dds, file missing [File=objects/Characters/texture/hm/77c88794c42051c40ea4187156ed9d523de5d47d_df.dds]
<21:09:17> [3305346E][Warning] Can't load image 'objects/Characters/texture/hm/77c88794c42051c40ea4187156ed9d523de5d47d_df.dds'. 
<21:10:14> [000004EE][Warning] FX Vertex shader 'Cloth@ClothEffectsVS' compilation error:
c:\AAClassic\Working\memory(147,24): warning X3206: '_Quat_x_Vec3': implicit truncation of vector type
c:\AAClassic\Working\memory(147,96): warning X3206: '_Quat_x_Vec3': implicit truncation of vector type
c:\AAClassic\Working\memory(147,168): warning X3206: '_Quat_x_Vec3': implicit truncation of vector type
c:\AAClassic\Working\memory(147,240): warning X3206: '_Quat_x_Vec3': implicit truncation of vector type
c:\AAClassic\Worki
<21:10:14> [0F88ABCF][Warning] Couldn't compile HW shader 'Cloth@ClothEffectsVS'
<21:10:14> [A4D70365][Warning] rigid-body own-entity; prefab=Prefabs/airship.xml/airship.normal node=wing
<21:11:14> [64F7F23D][Warning] Cannot load texture objects/Characters/texture/hm/77c88794c42051c40ea4187156ed9d523de5d47d_df.dds, file missing [File=objects/Characters/texture/hm/77c88794c42051c40ea4187156ed9d523de5d47d_df.dds]
<21:11:14> [3305346E][Warning] Can't load image 'objects/Characters/texture/hm/77c88794c42051c40ea4187156ed9d523de5d47d_df.dds'. 
<21:13:17> [64F7F23D][Warning] Cannot load texture objects/Characters/texture/hm/77c88794c42051c40ea4187156ed9d523de5d47d_df.dds, file missing [File=objects/Characters/texture/hm/77c88794c42051c40ea4187156ed9d523de5d47d_df.dds]
<21:13:17> [3305346E][Warning] Can't load image 'objects/Characters/texture/hm/77c88794c42051c40ea4187156ed9d523de5d47d_df.dds'. 
<21:13:29> [64F7F23D][Warning] Cannot load texture objects/Characters/texture/hm/77c88794c42051c40ea4187156ed9d523de5d47d_df.dds, file missing [File=objects/Characters/texture/hm/77c88794c42051c40ea4187156ed9d523de5d47d_df.dds]
<21:13:29> [3305346E][Warning] Can't load image 'objects/Characters/texture/hm/77c88794c42051c40ea4187156ed9d523de5d47d_df.dds'. 
<21:13:55> [B95EE41B][Error] invalid parent unit id(112345)
<21:13:57> [CE0EF930][Warning] failed to stream cgf : objects/effects/portal_gate.cgf
<21:14:08> [A4D70365][Warning] rigid-body own-entity; prefab=prefabs/carriage.xml/carriage.carriageb node=AnimObject_55
<21:14:11> [64F7F23D][Warning] Cannot load texture objects/Characters/texture/hm/77c88794c42051c40ea4187156ed9d523de5d47d_df.dds, file missing [File=objects/Characters/texture/hm/77c88794c42051c40ea4187156ed9d523de5d47d_df.dds]
<21:14:11> [3305346E][Warning] Can't load image 'objects/Characters/texture/hm/77c88794c42051c40ea4187156ed9d523de5d47d_df.dds'. 
<21:14:17> [B95EE41B][Error] invalid parent unit id(112345)
<21:15:00> [745BAE2F][Warning] failed to stream material xml(game/materials/effects/fume_h_ssd.mtl)
<21:15:08> [64F7F23D][Warning] Cannot load texture objects/Characters/texture/hm/77c88794c42051c40ea4187156ed9d523de5d47d_df.dds, file missing [File=objects/Characters/texture/hm/77c88794c42051c40ea4187156ed9d523de5d47d_df.dds]
<21:15:08> [3305346E][Warning] Can't load image 'objects/Characters/texture/hm/77c88794c42051c40ea4187156ed9d523de5d47d_df.dds'. 
<21:15:11> [B95EE41B][Error] invalid parent unit id(116912)
<21:15:11> [745BAE2F][Warning] failed to stream material xml(game/objects/characters/nuian/female/parts/gv/obj/nu_f_gv_leather179.mtl)
<21:15:11> [637AF710][Warning] missing chr material : game/objects/characters/nuian/female/parts/bo/obj/nu_f_bo_leather179.mtl (chr: game/objects/characters/nuian/female/parts/bo/obj/nu_f_2bo502.chr)
<21:15:14> [A4D70365][Warning] rigid-body own-entity; prefab=prefabs/carriage.xml/carriage.carriageb node=AnimObject_55
<21:15:19> [B95EE41B][Error] invalid parent unit id(116912)
<21:15:26> [745BAE2F][Warning] failed to stream material xml(game/objects/characters/warborn/male/parts/cp/obj/01 - Default.mtl)
<21:15:26> [637AF710][Warning] missing chr material : game/objects/characters/warborn/male/parts/bo/obj/wa_m_bo_metal170.mtl (chr: game/objects/characters/warborn/male/parts/bo/obj/wa_m_3bo102.chr)
<21:15:26> [CA175C82][Warning] non-stream IO. system(Material), filePath(game/objects/characters/warborn/male/horns/wa_m_horns006/wa_m_horns006_hc04.mtl)
<21:15:27> [A181AEBC][Warning] Anim events cannot find effect "X2_EFFECTS_C1.Glider.Crystal_Wing.front_trail1", requested by animation "animations/env/glider_wing_crystal/fist_ac_gliding_front.caf".
<21:15:53> [13A1FD5A][Warning] AWD vehicle has different tire size. model type(2159)
<21:15:53> [714D4B8C][Warning] doodad with no entity can't be attached to vehicle/ship/actor models(Rampage S200)
<21:15:53> [B95EE41B][Error] invalid parent unit id(102004)
<21:15:53> [000004EE][Warning] Failed to load shader "Dynamiceffect_pul" in material "game/objects/characters/nuian/female/costume/nu_f_sk_tech001/nu_f_sk_tech_fx1"
<21:15:53> [000004EE][Warning] [CGF Error] game/objects/item/bow/bow_cathero/bow_cathero.cgf [:] LOD1 of geometry  contains too many polygons comparing to the LOD0 [4425 against 6582] :
<21:15:53> [2363981C][Warning] chr material is not precached : game/objects/characters/nuian/female/hair/nu_f_hair012/nu_f_hair012.mtl (chr: game/objects/characters/nuian/female/hair/nu_f_hair012/nu_f_hair012.chr)
<21:15:53> [CA175C82][Warning] non-stream IO. system(Material), filePath(game/objects/characters/nuian/female/hair/nu_f_hair012/nu_f_hair012.mtl)
<21:15:59> [64F7F23D][Warning] Cannot load texture objects/Characters/texture/hm/77c88794c42051c40ea4187156ed9d523de5d47d_df.dds, file missing [File=objects/Characters/texture/hm/77c88794c42051c40ea4187156ed9d523de5d47d_df.dds]
<21:15:59> [3305346E][Warning] Can't load image 'objects/Characters/texture/hm/77c88794c42051c40ea4187156ed9d523de5d47d_df.dds'. 
<21:16:06> [B95EE41B][Error] invalid parent unit id(102004)
<21:16:17> [745BAE2F][Warning] failed to stream material xml(game/objects/characters/warborn/female/parts/bo/obj/wa_f_bo_cloth160.mtl)
<21:16:17> [637AF710][Warning] missing chr material : game/objects/characters/warborn/female/parts/cp/obj/03 - Default.mtl (chr: game/objects/characters/warborn/female/parts/cp/obj/wa_f_1cp301.chr)
<21:16:17> [CA175C82][Warning] non-stream IO. system(Material), filePath(game/objects/characters/warborn/female/horns/wa_f_horns010/wa_f_horns010_hc01.mtl)
<21:16:17> [A181AEBC][Warning] Anim events cannot find effect "X2_EFFECTS_C1.Glider.Crystal_Wing.front_trail1", requested by animation "animations/env/glider_wing_crystal/fist_ac_gliding_front.caf".
<21:16:23> [A181AEBC][Warning] Anim events cannot find effect "X2_EFFECTS_C1.Glider.Crystal_Wing.front_trail1", requested by animation "animations/env/glider_wing_crystal/fist_ac_gliding_front.caf".
<21:16:29> [64F7F23D][Warning] Cannot load texture objects/Characters/texture/hm/77c88794c42051c40ea4187156ed9d523de5d47d_df.dds, file missing [File=objects/Characters/texture/hm/77c88794c42051c40ea4187156ed9d523de5d47d_df.dds]
<21:16:29> [3305346E][Warning] Can't load image 'objects/Characters/texture/hm/77c88794c42051c40ea4187156ed9d523de5d47d_df.dds'. 
<21:16:43> [B95EE41B][Error] invalid parent unit id(106320)
<21:16:43> [745BAE2F][Warning] failed to stream material xml(game/objects/characters/elf/female/parts/cp/obj/nu_f_1cp101.mtl)
<21:16:43> [637AF710][Warning] missing chr material : game/objects/characters/elf/female/parts/cp/obj/nu_f_1cp101.mtl (chr: game/objects/characters/elf/female/parts/cp/obj/el_f_1cp101.chr)
<21:16:44> [64F7F23D][Warning] Cannot load texture objects/Characters/texture/hm/77c88794c42051c40ea4187156ed9d523de5d47d_df.dds, file missing [File=objects/Characters/texture/hm/77c88794c42051c40ea4187156ed9d523de5d47d_df.dds]
<21:16:44> [3305346E][Warning] Can't load image 'objects/Characters/texture/hm/77c88794c42051c40ea4187156ed9d523de5d47d_df.dds'. 
<21:17:01> [B95EE41B][Error] invalid parent unit id(106320)
<21:17:03> [000004EE][Warning] [CGF Error] game/objects/item/bow/bow_mmorpg_red/bow_mmorpg_red.cgf [:] LOD1 of geometry  contains too many polygons comparing to the LOD0 [680 against 988] :
<21:17:03> [000004EE][Warning] Independent immortal particle effect spawned: X2_EFFECT_O.Interaction.enchant_wpn_range_honor_3g
<21:17:03> [745BAE2F][Warning] failed to stream material xml(game/materials/effects/fume_h_ssd.mtl)
<21:17:11> [64F7F23D][Warning] Cannot load texture objects/Characters/texture/hm/77c88794c42051c40ea4187156ed9d523de5d47d_df.dds, file missing [File=objects/Characters/texture/hm/77c88794c42051c40ea4187156ed9d523de5d47d_df.dds]
<21:17:11> [3305346E][Warning] Can't load image 'objects/Characters/texture/hm/77c88794c42051c40ea4187156ed9d523de5d47d_df.dds'. 
<21:18:06> [000004EE][Warning] [CGF Error] game/objects/item/sword_1h/sword_1h_53_1/sword_1h_53_1.cgf [:] LOD1 of geometry  contains too many polygons comparing to the LOD0 [1196 against 1350] :
<21:18:06> [000004EE][Warning] Independent immortal particle effect spawned: X2_EFFECT_O.Interaction.enchant_wpn_range_honor_3g
<21:18:55> [CE0EF930][Warning] failed to stream cgf : objects/effects/portal_gate.cgf
<21:18:56> [E46B221E][Warning] Cannot load texture game/objects/characters/monster/daru/daru_tamer/daru_tamer_sp.dds, file missing [File=game/objects/characters/monster/daru/daru_tamer/daru_tamer_sp.dds]
<21:19:37> [000004EE][Warning] [CGF Error] game/objects/item/sword_1h/sword_1h_53_1/sword_1h_53_1.cgf [:] LOD1 of geometry  contains too many polygons comparing to the LOD0 [1196 against 1350] :
<21:19:37> [000004EE][Warning] Independent immortal particle effect spawned: X2_EFFECT_O.Interaction.enchant_wpn_range_honor_3g
<21:20:09> [63ABB424][Warning] Facial sequence "fist_ac_whistle" not listed in CAL file for character "game/objects/characters/ferre/female/nude/fe_f_base.chr".
<21:20:10> [B95EE41B][Error] invalid parent unit id(96338)
<21:20:19> [B95EE41B][Error] invalid parent unit id(96338)
<21:20:19> [745BAE2F][Warning] failed to stream material xml(game/objects/characters/ferre/female/hair/fe_f_hair035/fe_f_hair035_whtp02.mtl)
<21:20:45> [B95EE41B][Error] invalid parent unit id(96338)
<21:20:55> [745BAE2F][Warning] failed to stream material xml(game/objects/effects/ksw_effect/qilin.mtl)
<21:20:55> [B95EE41B][Error] invalid parent unit id(105605)
<21:21:01> [B95EE41B][Error] invalid parent unit id(105605)
<21:21:07> [B95EE41B][Error] invalid parent unit id(105605)
<21:21:07> [000004EE][Warning] [CGF Error] game/objects/item/bow/bow_monster/bow_dragon_up2/bow_dragon_up2.cgf [:] LOD1 of geometry  contains too many polygons comparing to the LOD0 [1332 against 1992] :
<21:21:07> [000004EE][Warning] Independent immortal particle effect spawned: X2_EFFECT_O.Interaction.enchant_wpn_range_honor_3g
<21:21:12> [745BAE2F][Warning] failed to stream material xml(game/objects/characters/elf/male/parts/ar/obj/el_m_ar_cloth231.mtl)
<21:21:12> [637AF710][Warning] missing chr material : game/objects/characters/elf/male/parts/ar/obj/el_m_ar_cloth231.mtl (chr: game/objects/characters/elf/male/parts/ar/obj/el_m_1ar901_1arm010_1bt003.chr)
<21:21:17> [B95EE41B][Error] invalid parent unit id(105605)
<21:21:28> [A4D70365][Warning] rigid-body own-entity; prefab=prefabs/carriage.xml/carriage.carriageb node=AnimObject_55
<21:22:35> [A4D70365][Warning] rigid-body own-entity; prefab=prefabs/carriage.xml/carriage.carriageb node=AnimObject_55
<21:23:14> [CE0EF930][Warning] failed to stream cgf : objects/effects/portal_gate.cgf
<21:23:43> [745BAE2F][Warning] failed to stream material xml(game/objects/effects/ksw_effect/qilin.mtl)
<21:23:43> [B95EE41B][Error] invalid parent unit id(120643)
<21:23:43> [637AF710][Warning] missing chr material : game/objects/characters/warborn/female/parts/cp/obj/03 - Default.mtl (chr: game/objects/characters/warborn/female/parts/cp/obj/wa_f_1cp101.chr)
<21:23:43> [CA175C82][Warning] non-stream IO. system(Material), filePath(game/objects/characters/warborn/female/horns/wa_f_horns006/wa_f_horns006_hc06.mtl)
<21:23:49> [B95EE41B][Error] invalid parent unit id(120643)
<21:24:53> [745BAE2F][Warning] failed to stream material xml(game/objects/characters/elf/female/parts/ar/obj/el_f_ar_cloth486.mtl)
<21:24:53> [637AF710][Warning] missing chr material : game/objects/characters/elf/female/parts/ar/obj/el_f_ar_cloth486.mtl (chr: game/objects/characters/elf/female/parts/ar/obj/el_f_2ac002_5ar101.chr)
<21:25:04> [CA175C82][Warning] non-stream IO. system(Material), filePath(game/objects/characters/warborn/female/horns/wa_f_horns006/wa_f_horns006_hc07.mtl)
<21:25:48> [745BAE2F][Warning] failed to stream material xml(game/objects/characters/ferre/female/face/fe_f_face00_whtp03.mtl)
<21:25:48> [637AF710][Warning] missing chr material : game/objects/characters/ferre/female/parts/gv/obj/fe_f_gv_leather224.mtl (chr: game/objects/characters/ferre/female/parts/gv/obj/fe_f_1gf002_1gv201.chr)
<21:25:56> [A181AEBC][Warning] Anim events cannot find effect "X2_EFFECTS_C1.Glider.Crystal_Wing.wing_start1", requested by animation "animations/env/glider_wing_crystal/fist_ac_gliding_start.caf".
<21:26:06> [745BAE2F][Warning] failed to stream material xml(game/objects/characters/nuian/female/parts/ar/obj/nu_f_ar_cloth022.mtl)
<21:26:06> [637AF710][Warning] missing chr material : game/objects/characters/nuian/female/parts/ar/obj/nu_f_ar_cloth022.mtl (chr: game/objects/characters/nuian/female/parts/ar/obj/nu_f_1ar106_1arm005.chr)
<21:26:26> [745BAE2F][Warning] failed to stream material xml(game/objects/effects/ksw_effect/qilin.mtl)
<21:26:26> [B95EE41B][Error] invalid parent unit id(118273)
<21:26:26> [637AF710][Warning] missing chr material : game/objects/characters/dwarf/female/parts/pt/obj/dw_f_pt_metal165.mtl (chr: game/objects/characters/dwarf/female/parts/pt/obj/dw_f_4kn003_4pt201.chr)
<21:26:26> [000004EE][Warning] Independent immortal particle effect spawned: X2_EFFECT_O.Interaction.enchant_wpn_range_honor_3g
<21:26:33> [B95EE41B][Error] invalid parent unit id(118273)
<21:26:35> [64F7F23D][Warning] Cannot load texture objects/Characters/texture/hm/77c88794c42051c40ea4187156ed9d523de5d47d_df.dds, file missing [File=objects/Characters/texture/hm/77c88794c42051c40ea4187156ed9d523de5d47d_df.dds]
<21:26:35> [3305346E][Warning] Can't load image 'objects/Characters/texture/hm/77c88794c42051c40ea4187156ed9d523de5d47d_df.dds'. 
<21:26:41> [64F7F23D][Warning] Cannot load texture objects/Characters/texture/hm/77c88794c42051c40ea4187156ed9d523de5d47d_df.dds, file missing [File=objects/Characters/texture/hm/77c88794c42051c40ea4187156ed9d523de5d47d_df.dds]
<21:26:41> [3305346E][Warning] Can't load image 'objects/Characters/texture/hm/77c88794c42051c40ea4187156ed9d523de5d47d_df.dds'. 
<21:26:50> [745BAE2F][Warning] failed to stream material xml(game/materials/effects/fume_h_ssd.mtl)
<21:27:02> [CE0EF930][Warning] failed to stream cgf : objects/effects/portal_gate.cgf
<21:27:17> [64F7F23D][Warning] Cannot load texture objects/Characters/texture/hm/77c88794c42051c40ea4187156ed9d523de5d47d_df.dds, file missing [File=objects/Characters/texture/hm/77c88794c42051c40ea4187156ed9d523de5d47d_df.dds]
<21:27:17> [3305346E][Warning] Can't load image 'objects/Characters/texture/hm/77c88794c42051c40ea4187156ed9d523de5d47d_df.dds'. 
<21:27:38> [63ABB424][Warning] Facial sequence "fist_ac_whistle" not listed in CAL file for character "game/objects/characters/dwarf/female/nude/dw_f_base.chr".
<21:27:38> [64F7F23D][Warning] Cannot load texture objects/Characters/texture/hm/77c88794c42051c40ea4187156ed9d523de5d47d_df.dds, file missing [File=objects/Characters/texture/hm/77c88794c42051c40ea4187156ed9d523de5d47d_df.dds]
<21:27:38> [3305346E][Warning] Can't load image 'objects/Characters/texture/hm/77c88794c42051c40ea4187156ed9d523de5d47d_df.dds'. 
<21:27:39> [745BAE2F][Warning] failed to stream material xml(game/objects/effects/ksw_effect/qilin.mtl)
<21:27:39> [B95EE41B][Error] invalid parent unit id(101220)
<21:27:49> [B95EE41B][Error] invalid parent unit id(101220)
<21:28:08> [64F7F23D][Warning] Cannot load texture objects/Characters/texture/hm/77c88794c42051c40ea4187156ed9d523de5d47d_df.dds, file missing [File=objects/Characters/texture/hm/77c88794c42051c40ea4187156ed9d523de5d47d_df.dds]
<21:28:08> [3305346E][Warning] Can't load image 'objects/Characters/texture/hm/77c88794c42051c40ea4187156ed9d523de5d47d_df.dds'. 
<21:28:32> [64F7F23D][Warning] Cannot load texture objects/Characters/texture/hm/77c88794c42051c40ea4187156ed9d523de5d47d_df.dds, file missing [File=objects/Characters/texture/hm/77c88794c42051c40ea4187156ed9d523de5d47d_df.dds]
<21:28:32> [3305346E][Warning] Can't load image 'objects/Characters/texture/hm/77c88794c42051c40ea4187156ed9d523de5d47d_df.dds'. 
<21:28:49> [A4D70365][Warning] rigid-body own-entity; prefab=prefabs/carriage.xml/carriage.carriageb node=AnimObject_55
<21:29:41> [745BAE2F][Warning] failed to stream material xml(game/materials/effects/fume_h_ssd.mtl)
<21:29:55> [A4D70365][Warning] rigid-body own-entity; prefab=prefabs/carriage.xml/carriage.carriageb node=AnimObject_55
<21:30:54> [64F7F23D][Warning] Cannot load texture objects/Characters/texture/hm/77c88794c42051c40ea4187156ed9d523de5d47d_df.dds, file missing [File=objects/Characters/texture/hm/77c88794c42051c40ea4187156ed9d523de5d47d_df.dds]
<21:30:54> [3305346E][Warning] Can't load image 'objects/Characters/texture/hm/77c88794c42051c40ea4187156ed9d523de5d47d_df.dds'. 
<21:31:09> [64F7F23D][Warning] Cannot load texture objects/Characters/texture/hm/77c88794c42051c40ea4187156ed9d523de5d47d_df.dds, file missing [File=objects/Characters/texture/hm/77c88794c42051c40ea4187156ed9d523de5d47d_df.dds]
<21:31:09> [3305346E][Warning] Can't load image 'objects/Characters/texture/hm/77c88794c42051c40ea4187156ed9d523de5d47d_df.dds'. 
<21:31:32> [745BAE2F][Warning] failed to stream material xml(game/objects/effects/ksw_effect/qilin.mtl)
<21:31:32> [B95EE41B][Error] invalid parent unit id(117989)
<21:31:32> [04FA8364][Warning] Cannot load texture game/objects/characters/nuian/male/hair/hair_texture/, file missing [File=game/objects/characters/nuian/male/hair/hair_texture/]
<21:31:39> [B95EE41B][Error] invalid parent unit id(46788)
<21:31:48> [B95EE41B][Error] invalid parent unit id(46788)
<21:31:51> [64F7F23D][Warning] Cannot load texture objects/Characters/texture/hm/77c88794c42051c40ea4187156ed9d523de5d47d_df.dds, file missing [File=objects/Characters/texture/hm/77c88794c42051c40ea4187156ed9d523de5d47d_df.dds]
<21:31:51> [3305346E][Warning] Can't load image 'objects/Characters/texture/hm/77c88794c42051c40ea4187156ed9d523de5d47d_df.dds'. 
<21:31:51> [745BAE2F][Warning] failed to stream material xml(game/materials/effects/fume_h_ssd.mtl)
<21:32:03> [64F7F23D][Warning] Cannot load texture objects/Characters/texture/hm/77c88794c42051c40ea4187156ed9d523de5d47d_df.dds, file missing [File=objects/Characters/texture/hm/77c88794c42051c40ea4187156ed9d523de5d47d_df.dds]
<21:32:03> [3305346E][Warning] Can't load image 'objects/Characters/texture/hm/77c88794c42051c40ea4187156ed9d523de5d47d_df.dds'. 
<21:32:12> [64F7F23D][Warning] Cannot load texture objects/Characters/texture/hm/77c88794c42051c40ea4187156ed9d523de5d47d_df.dds, file missing [File=objects/Characters/texture/hm/77c88794c42051c40ea4187156ed9d523de5d47d_df.dds]
<21:32:12> [3305346E][Warning] Can't load image 'objects/Characters/texture/hm/77c88794c42051c40ea4187156ed9d523de5d47d_df.dds'. 
<21:32:27> [64F7F23D][Warning] Cannot load texture objects/Characters/texture/hm/77c88794c42051c40ea4187156ed9d523de5d47d_df.dds, file missing [File=objects/Characters/texture/hm/77c88794c42051c40ea4187156ed9d523de5d47d_df.dds]
<21:32:27> [3305346E][Warning] Can't load image 'objects/Characters/texture/hm/77c88794c42051c40ea4187156ed9d523de5d47d_df.dds'. 
<21:32:36> [64F7F23D][Warning] Cannot load texture objects/Characters/texture/hm/77c88794c42051c40ea4187156ed9d523de5d47d_df.dds, file missing [File=objects/Characters/texture/hm/77c88794c42051c40ea4187156ed9d523de5d47d_df.dds]
<21:32:36> [3305346E][Warning] Can't load image 'objects/Characters/texture/hm/77c88794c42051c40ea4187156ed9d523de5d47d_df.dds'. 
<21:32:54> [64F7F23D][Warning] Cannot load texture objects/Characters/texture/hm/77c88794c42051c40ea4187156ed9d523de5d47d_df.dds, file missing [File=objects/Characters/texture/hm/77c88794c42051c40ea4187156ed9d523de5d47d_df.dds]
<21:32:54> [3305346E][Warning] Can't load image 'objects/Characters/texture/hm/77c88794c42051c40ea4187156ed9d523de5d47d_df.dds'. 
<21:33:05> [745BAE2F][Warning] failed to stream material xml(game/materials/effects/fume_h_ssd.mtl)
<21:33:06> [64F7F23D][Warning] Cannot load texture objects/Characters/texture/hm/77c88794c42051c40ea4187156ed9d523de5d47d_df.dds, file missing [File=objects/Characters/texture/hm/77c88794c42051c40ea4187156ed9d523de5d47d_df.dds]
<21:33:06> [3305346E][Warning] Can't load image 'objects/Characters/texture/hm/77c88794c42051c40ea4187156ed9d523de5d47d_df.dds'. 
<21:33:33> [64F7F23D][Warning] Cannot load texture objects/Characters/texture/hm/77c88794c42051c40ea4187156ed9d523de5d47d_df.dds, file missing [File=objects/Characters/texture/hm/77c88794c42051c40ea4187156ed9d523de5d47d_df.dds]
<21:33:33> [3305346E][Warning] Can't load image 'objects/Characters/texture/hm/77c88794c42051c40ea4187156ed9d523de5d47d_df.dds'. 
<21:33:42> [64F7F23D][Warning] Cannot load texture objects/Characters/texture/hm/77c88794c42051c40ea4187156ed9d523de5d47d_df.dds, file missing [File=objects/Characters/texture/hm/77c88794c42051c40ea4187156ed9d523de5d47d_df.dds]
<21:33:42> [3305346E][Warning] Can't load image 'objects/Characters/texture/hm/77c88794c42051c40ea4187156ed9d523de5d47d_df.dds'. 
<21:33:42> [745BAE2F][Warning] failed to stream material xml(game/objects/effects/ksw_effect/qilin.mtl)
<21:33:43> [B95EE41B][Error] invalid parent unit id(125538)
<21:33:43> [637AF710][Warning] missing chr material : game/objects/characters/nuian/female/parts/bo/obj/nu_f_bo_cloth158.mtl (chr: game/objects/characters/nuian/female/parts/bo/obj/nu_f_1bo403.chr)
<21:33:57> [64F7F23D][Warning] Cannot load texture objects/Characters/texture/hm/77c88794c42051c40ea4187156ed9d523de5d47d_df.dds, file missing [File=objects/Characters/texture/hm/77c88794c42051c40ea4187156ed9d523de5d47d_df.dds]
<21:33:57> [3305346E][Warning] Can't load image 'objects/Characters/texture/hm/77c88794c42051c40ea4187156ed9d523de5d47d_df.dds'. 
<21:33:57> [A4D70365][Warning] rigid-body own-entity; prefab=Prefabs/airship.xml/airship.normal node=wing
<21:34:03> [64F7F23D][Warning] Cannot load texture objects/Characters/texture/hm/77c88794c42051c40ea4187156ed9d523de5d47d_df.dds, file missing [File=objects/Characters/texture/hm/77c88794c42051c40ea4187156ed9d523de5d47d_df.dds]
<21:34:03> [3305346E][Warning] Can't load image 'objects/Characters/texture/hm/77c88794c42051c40ea4187156ed9d523de5d47d_df.dds'. 
<21:34:04> [B95EE41B][Error] invalid parent unit id(125538)
<21:34:18> [64F7F23D][Warning] Cannot load texture objects/Characters/texture/hm/77c88794c42051c40ea4187156ed9d523de5d47d_df.dds, file missing [File=objects/Characters/texture/hm/77c88794c42051c40ea4187156ed9d523de5d47d_df.dds]
<21:34:18> [3305346E][Warning] Can't load image 'objects/Characters/texture/hm/77c88794c42051c40ea4187156ed9d523de5d47d_df.dds'. 
<21:34:42> [64F7F23D][Warning] Cannot load texture objects/Characters/texture/hm/77c88794c42051c40ea4187156ed9d523de5d47d_df.dds, file missing [File=objects/Characters/texture/hm/77c88794c42051c40ea4187156ed9d523de5d47d_df.dds]
<21:34:42> [3305346E][Warning] Can't load image 'objects/Characters/texture/hm/77c88794c42051c40ea4187156ed9d523de5d47d_df.dds'. 
<21:35:30> [64F7F23D][Warning] Cannot load texture objects/Characters/texture/hm/77c88794c42051c40ea4187156ed9d523de5d47d_df.dds, file missing [File=objects/Characters/texture/hm/77c88794c42051c40ea4187156ed9d523de5d47d_df.dds]
<21:35:30> [3305346E][Warning] Can't load image 'objects/Characters/texture/hm/77c88794c42051c40ea4187156ed9d523de5d47d_df.dds'. 
<21:35:50> [745BAE2F][Warning] failed to stream material xml(game/materials/effects/fume_h_ssd.mtl)
<21:35:51> [64F7F23D][Warning] Cannot load texture objects/Characters/texture/hm/77c88794c42051c40ea4187156ed9d523de5d47d_df.dds, file missing [File=objects/Characters/texture/hm/77c88794c42051c40ea4187156ed9d523de5d47d_df.dds]
<21:35:51> [3305346E][Warning] Can't load image 'objects/Characters/texture/hm/77c88794c42051c40ea4187156ed9d523de5d47d_df.dds'. 
<21:36:04> [745BAE2F][Warning] failed to stream material xml(game/objects/characters/hariharan/male/parts/ar/obj/ha_m_ar_metal166.mtl)
<21:36:04> [637AF710][Warning] missing chr material : game/objects/characters/hariharan/male/parts/cp/obj/ha_m_cp_leather002.mtl (chr: game/objects/characters/hariharan/male/parts/cp/obj/ha_m_1cp113.chr)
<21:36:07> [000004EE][Warning] [Lua Error] ...cripts/x2ui/questcontext/notifier/quest_notifier.lua:350: attempt to index local 'info' (a nil value)
<21:36:10> [A4D70365][Warning] rigid-body own-entity; prefab=prefabs/carriage.xml/carriage.carriageb node=AnimObject_55
<21:36:12> [64F7F23D][Warning] Cannot load texture objects/Characters/texture/hm/77c88794c42051c40ea4187156ed9d523de5d47d_df.dds, file missing [File=objects/Characters/texture/hm/77c88794c42051c40ea4187156ed9d523de5d47d_df.dds]
<21:36:12> [3305346E][Warning] Can't load image 'objects/Characters/texture/hm/77c88794c42051c40ea4187156ed9d523de5d47d_df.dds'. 
<21:36:16> [B95EE41B][Error] invalid parent unit id(104187)
<21:36:16> [745BAE2F][Warning] failed to stream material xml(game/objects/characters/warborn/female/parts/cp/obj/03 - Default.mtl)
<21:36:16> [637AF710][Warning] missing chr material : game/objects/characters/warborn/female/parts/pt/obj/wa_f_pt_cloth160.mtl (chr: game/objects/characters/warborn/female/parts/pt/obj/wa_f_1pt902.chr)
<21:36:16> [000004EE][Warning] [CGF Error] game/objects/item/mace_1h/mace_1h_valentine/mace_1h_valentine.cgf [:] LOD1 of geometry  contains too many polygons comparing to the LOD0 [706 against 992] :
<21:36:16> [CA175C82][Warning] non-stream IO. system(Material), filePath(game/objects/characters/warborn/female/horns/wa_f_horns010/wa_f_horns010_hc01.mtl)
<21:36:23> [B95EE41B][Error] invalid parent unit id(104187)
<21:36:25> [745BAE2F][Warning] failed to stream material xml(game/objects/characters/monster/tiger_ride/tiger_ride_yellow/Material #0.mtl)
<21:36:26> [637AF710][Warning] missing chr material : game/objects/characters/ferre/female/parts/ar/obj/fe_f_ar_cloth167.mtl (chr: game/objects/characters/ferre/female/parts/ar/obj/fe_f_1bt022_5ar201.chr)
<21:36:30> [B95EE41B][Error] invalid parent unit id(57456)
<21:37:16> [A4D70365][Warning] rigid-body own-entity; prefab=prefabs/carriage.xml/carriage.carriageb node=AnimObject_55
<21:38:07> [B95EE41B][Error] invalid parent unit id(43538)
<21:38:07> [745BAE2F][Warning] failed to stream material xml(game/objects/characters/ferre/female/hair/fe_f_hair035/fe_f_hair035_whtp02.mtl)
<21:38:13> [B95EE41B][Error] invalid parent unit id(58989)
<21:38:13> [CA175C82][Warning] non-stream IO. system(Material), filePath(game/objects/characters/warborn/female/horns/wa_f_horns010/wa_f_horns010_hc06.mtl)
<21:38:33> [B95EE41B][Error] invalid parent unit id(58989)
<21:38:37> [745BAE2F][Warning] failed to stream material xml(game/objects/effects/ksw_effect/qilin.mtl)
<21:38:37> [000004EE][Warning] Independent immortal particle effect spawned: X2_EFFECT_O.Interaction.enchant_wpn_range_honor_3g
<21:38:41> [B95EE41B][Error] invalid parent unit id(106170)
<21:38:41> [CE0EF930][Warning] failed to stream cgf : objects/effects/portal_gate.cgf
<21:38:42> [745BAE2F][Warning] failed to stream material xml(game/materials/effects/fume_h_ssd.mtl)
<21:40:56> [745BAE2F][Warning] failed to stream material xml(game/objects/effects/ksw_effect/qilin.mtl)
<21:40:56> [B95EE41B][Error] invalid parent unit id(115702)
<21:40:56> [637AF710][Warning] missing chr material : game/objects/characters/nuian/male/hair/nu_m_hair021/nu_m_hair012.mtl (chr: game/objects/characters/nuian/male/hair/nu_m_hair021/nu_m_hair021.chr)
<21:40:56> [F1F7138F][Warning] Cannot load texture game/objects/item/staff_1h/staff_1h_ean_2/staff_1h_ean_2_ddn.dds, file missing [File=game/objects/item/staff_1h/staff_1h_ean_2/staff_1h_ean_2_ddn.dds]
<21:40:56> [000004EE][Warning] Independent immortal particle effect spawned: X2_EFFECT_O.Interaction.enchant_wpn_range_honor_3g
<21:41:13> [B95EE41B][Error] invalid parent unit id(115702)
<21:41:24> [4820ACB9][Warning] Cannot load texture game/textures/p_effects/syh_effect/cat_footstrp_01.dds, file missing [File=game/textures/p_effects/syh_effect/cat_footstrp_01.dds]
<21:41:24> [B95EE41B][Error] invalid parent unit id(92156)
<21:41:24> [745BAE2F][Warning] failed to stream material xml(game/objects/characters/ferre/female/costume/fe_f_sk_lucius001/fe_f_sk_lucius001_whtp01.mtl)
<21:41:30> [745BAE2F][Warning] failed to stream material xml(game/objects/characters/dwarf/female/hair/dw_f_hair_common/dw_f_hair002.mtl)
<21:41:30> [30FDB211][Warning] Cannot load texture objects/characters/texture/ar/06d8c42a44eafbfb71b3ae37b6bfb96cc24eb0e4_df.dds, file missing [File=objects/characters/texture/ar/06d8c42a44eafbfb71b3ae37b6bfb96cc24eb0e4_df.dds]
<21:41:30> [637AF710][Warning] missing chr material : game/objects/characters/dwarf/female/hair/dw_f_hair_common/dw_f_hair002.mtl (chr: game/objects/characters/dwarf/female/hair/dw_f_hair_common/dw_f_hair_common0100s_type3.chr)
<21:41:30> [CA175C82][Warning] non-stream IO. system(Material), filePath(game/objects/characters/dwarf/female/hair/dw_f_hair001/dw_f_hair001.mtl)
<21:41:30> [3305346E][Warning] Can't load image 'objects/Characters/texture/ar/06d8c42a44eafbfb71b3ae37b6bfb96cc24eb0e4_df.dds'. 
<21:41:33> [000004EE][Warning] Independent immortal particle effect spawned: X2_EFFECT_O.Interaction.enchant_wpn_range_honor_3g
<21:41:33> [B95EE41B][Error] invalid parent unit id(92156)
<21:41:40> [14F19E31][Warning] Cannot load texture objects/Characters/texture/ar/06d8c42a44eafbfb71b3ae37b6bfb96cc24eb0e4_df.dds, file missing [File=objects/Characters/texture/ar/06d8c42a44eafbfb71b3ae37b6bfb96cc24eb0e4_df.dds]
<21:41:40> [3305346E][Warning] Can't load image 'objects/Characters/texture/ar/06d8c42a44eafbfb71b3ae37b6bfb96cc24eb0e4_df.dds'. 
<21:41:42> [B95EE41B][Error] invalid parent unit id(92156)
<21:41:46> [14F19E31][Warning] Cannot load texture objects/Characters/texture/ar/06d8c42a44eafbfb71b3ae37b6bfb96cc24eb0e4_df.dds, file missing [File=objects/Characters/texture/ar/06d8c42a44eafbfb71b3ae37b6bfb96cc24eb0e4_df.dds]
<21:41:46> [3305346E][Warning] Can't load image 'objects/Characters/texture/ar/06d8c42a44eafbfb71b3ae37b6bfb96cc24eb0e4_df.dds'. 
<21:41:52> [14F19E31][Warning] Cannot load texture objects/Characters/texture/ar/06d8c42a44eafbfb71b3ae37b6bfb96cc24eb0e4_df.dds, file missing [File=objects/Characters/texture/ar/06d8c42a44eafbfb71b3ae37b6bfb96cc24eb0e4_df.dds]
<21:41:52> [3305346E][Warning] Can't load image 'objects/Characters/texture/ar/06d8c42a44eafbfb71b3ae37b6bfb96cc24eb0e4_df.dds'. 
<21:41:58> [14F19E31][Warning] Cannot load texture objects/Characters/texture/ar/06d8c42a44eafbfb71b3ae37b6bfb96cc24eb0e4_df.dds, file missing [File=objects/Characters/texture/ar/06d8c42a44eafbfb71b3ae37b6bfb96cc24eb0e4_df.dds]
<21:41:58> [3305346E][Warning] Can't load image 'objects/Characters/texture/ar/06d8c42a44eafbfb71b3ae37b6bfb96cc24eb0e4_df.dds'. 
<21:42:04> [14F19E31][Warning] Cannot load texture objects/Characters/texture/ar/06d8c42a44eafbfb71b3ae37b6bfb96cc24eb0e4_df.dds, file missing [File=objects/Characters/texture/ar/06d8c42a44eafbfb71b3ae37b6bfb96cc24eb0e4_df.dds]
<21:42:04> [3305346E][Warning] Can't load image 'objects/Characters/texture/ar/06d8c42a44eafbfb71b3ae37b6bfb96cc24eb0e4_df.dds'. 
<21:42:05> [B95EE41B][Error] invalid parent unit id(92156)
<21:42:10> [14F19E31][Warning] Cannot load texture objects/Characters/texture/ar/06d8c42a44eafbfb71b3ae37b6bfb96cc24eb0e4_df.dds, file missing [File=objects/Characters/texture/ar/06d8c42a44eafbfb71b3ae37b6bfb96cc24eb0e4_df.dds]
<21:42:10> [3305346E][Warning] Can't load image 'objects/Characters/texture/ar/06d8c42a44eafbfb71b3ae37b6bfb96cc24eb0e4_df.dds'. 
<21:42:13> [000004EE][Warning] Independent immortal particle effect spawned: X2_EFFECT_O.Interaction.enchant_wpn_range_honor_3g
<21:42:37> [000004EE][Warning] Independent immortal particle effect spawned: X2_EFFECT_O.Interaction.enchant_wpn_range_honor_3g
<21:42:49> [14F19E31][Warning] Cannot load texture objects/Characters/texture/ar/06d8c42a44eafbfb71b3ae37b6bfb96cc24eb0e4_df.dds, file missing [File=objects/Characters/texture/ar/06d8c42a44eafbfb71b3ae37b6bfb96cc24eb0e4_df.dds]
<21:42:49> [3305346E][Warning] Can't load image 'objects/Characters/texture/ar/06d8c42a44eafbfb71b3ae37b6bfb96cc24eb0e4_df.dds'. 
<21:42:55> [14F19E31][Warning] Cannot load texture objects/Characters/texture/ar/06d8c42a44eafbfb71b3ae37b6bfb96cc24eb0e4_df.dds, file missing [File=objects/Characters/texture/ar/06d8c42a44eafbfb71b3ae37b6bfb96cc24eb0e4_df.dds]
<21:42:55> [3305346E][Warning] Can't load image 'objects/Characters/texture/ar/06d8c42a44eafbfb71b3ae37b6bfb96cc24eb0e4_df.dds'. 
<21:43:10> [14F19E31][Warning] Cannot load texture objects/Characters/texture/ar/06d8c42a44eafbfb71b3ae37b6bfb96cc24eb0e4_df.dds, file missing [File=objects/Characters/texture/ar/06d8c42a44eafbfb71b3ae37b6bfb96cc24eb0e4_df.dds]
<21:43:10> [3305346E][Warning] Can't load image 'objects/Characters/texture/ar/06d8c42a44eafbfb71b3ae37b6bfb96cc24eb0e4_df.dds'. 
<21:43:17> [B95EE41B][Error] invalid parent unit id(42288)
<21:43:23> [B95EE41B][Error] invalid parent unit id(42288)
<21:43:25> [745BAE2F][Warning] failed to stream material xml(game/objects/characters/dwarf/female/parts/cp/obj/01 - Default.mtl)
<21:43:25> [FB47A03E][Warning] Cannot load texture textures/cubemaps/beach_blur.dd, file missing [File=textures/cubemaps/beach_blur.dd]
<21:43:25> [637AF710][Warning] missing chr material : game/objects/characters/dwarf/female/parts/cp/obj/01 - Default.mtl (chr: game/objects/characters/dwarf/female/parts/cp/obj/dw_f_1cp113.chr)
<21:43:30> [A4D70365][Warning] rigid-body own-entity; prefab=prefabs/carriage.xml/carriage.carriageb node=AnimObject_55
<21:43:31> [14F19E31][Warning] Cannot load texture objects/Characters/texture/ar/06d8c42a44eafbfb71b3ae37b6bfb96cc24eb0e4_df.dds, file missing [File=objects/Characters/texture/ar/06d8c42a44eafbfb71b3ae37b6bfb96cc24eb0e4_df.dds]
<21:43:31> [3305346E][Warning] Can't load image 'objects/Characters/texture/ar/06d8c42a44eafbfb71b3ae37b6bfb96cc24eb0e4_df.dds'. 
<21:43:38> [B95EE41B][Error] invalid parent unit id(55876)
<21:43:43> [745BAE2F][Warning] failed to stream material xml(game/objects/effects/ksw_effect/qilin.mtl)
<21:43:43> [B95EE41B][Error] invalid parent unit id(82660)
<21:43:43> [637AF710][Warning] missing chr material : game/objects/characters/nuian/female/hair/nu_f_hair032/12.mtl (chr: game/objects/characters/nuian/female/hair/nu_f_hair032/nu_f_hair032.chr)
<21:43:43> [000004EE][Warning] [CGF Error] game/objects/item/blade_2h/blade_2h_monster/blade_2h_docheol_4/blade_2h_docheol_4.cgf [:] LOD1 of geometry  contains too many polygons comparing to the LOD0 [2486 against 3554] :
<21:43:50> [B95EE41B][Error] invalid parent unit id(82660)
<21:43:59> [745BAE2F][Warning] failed to stream material xml(game/objects/characters/nuian/male/parts/cp/obj/nu_m_1cp201.mtl)
<21:43:59> [637AF710][Warning] missing chr material : game/objects/characters/nuian/male/parts/cp/obj/nu_m_1cp201.mtl (chr: game/objects/characters/nuian/male/parts/cp/obj/nu_m_1cp101.chr)
<21:44:02> [000004EE][Warning] Independent immortal particle effect spawned: X2_EFFECT_O.Interaction.enchant_wpn_range_honor_3g
<21:44:10> [14F19E31][Warning] Cannot load texture objects/Characters/texture/ar/06d8c42a44eafbfb71b3ae37b6bfb96cc24eb0e4_df.dds, file missing [File=objects/Characters/texture/ar/06d8c42a44eafbfb71b3ae37b6bfb96cc24eb0e4_df.dds]
<21:44:10> [3305346E][Warning] Can't load image 'objects/Characters/texture/ar/06d8c42a44eafbfb71b3ae37b6bfb96cc24eb0e4_df.dds'. 
<21:44:18> [B95EE41B][Error] invalid parent unit id(119096)
<21:44:18> [F1F7138F][Warning] Cannot load texture game/objects/item/staff_1h/staff_1h_ean_2/staff_1h_ean_2_ddn.dds, file missing [File=game/objects/item/staff_1h/staff_1h_ean_2/staff_1h_ean_2_ddn.dds]
<21:44:18> [13A1FD5A][Warning] AWD vehicle has different tire size. model type(1661)
<21:44:18> [000004EE][Warning] Independent immortal particle effect spawned: X2_EFFECT_O.Interaction.enchant_wpn_range_honor_3g
<21:44:19> [3305346E][Warning] Can't load image 'objects/Characters/texture/ar/06d8c42a44eafbfb71b3ae37b6bfb96cc24eb0e4_df.dds'. 
<21:44:20> [745BAE2F][Warning] failed to stream material xml(game/materials/effects/fume_h_ssd.mtl)
<21:44:26> [B95EE41B][Error] invalid parent unit id(55876)
<21:44:33> [B95EE41B][Error] invalid parent unit id(119096)
<21:44:36> [A4D70365][Warning] rigid-body own-entity; prefab=prefabs/carriage.xml/carriage.carriageb node=AnimObject_55
<21:44:41> [B95EE41B][Error] invalid parent unit id(55876)
<21:44:55> [000004EE][Warning] Independent immortal particle effect spawned: X2_EFFECT_O.Interaction.enchant_wpn_range_honor_3g
<21:45:12> [745BAE2F][Warning] failed to stream material xml(game/materials/effects/fume_h_ssd.mtl)
<21:45:33> [CE0EF930][Warning] failed to stream cgf : objects/effects/portal_gate.cgf
<21:45:37> [14F19E31][Warning] Cannot load texture objects/Characters/texture/ar/06d8c42a44eafbfb71b3ae37b6bfb96cc24eb0e4_df.dds, file missing [File=objects/Characters/texture/ar/06d8c42a44eafbfb71b3ae37b6bfb96cc24eb0e4_df.dds]
<21:45:37> [3305346E][Warning] Can't load image 'objects/Characters/texture/ar/06d8c42a44eafbfb71b3ae37b6bfb96cc24eb0e4_df.dds'. 
<21:46:18> [A4D70365][Warning] rigid-body own-entity; prefab=Prefabs/airship.xml/airship.normal node=wing
<21:46:22> [B95EE41B][Error] invalid parent unit id(124985)
<21:46:22> [745BAE2F][Warning] failed to stream material xml(game/objects/characters/elf/female/parts/cp/obj/nu_f_1cp101.mtl)
<21:46:22> [637AF710][Warning] missing chr material : game/objects/characters/elf/female/parts/cp/obj/nu_f_1cp101.mtl (chr: game/objects/characters/elf/female/parts/cp/obj/el_f_1cp101.chr)
<21:46:43> [B95EE41B][Error] invalid parent unit id(124985)
<21:46:50> [745BAE2F][Warning] failed to stream material xml(game/objects/characters/animals/pangolin/pangolin_red/Material #47.mtl)
<21:46:51> [B95EE41B][Error] invalid parent unit id(86601)
<21:46:51> [637AF710][Warning] missing chr material : game/objects/characters/warborn/female/parts/pt/obj/wa_f_pt_metal170.mtl (chr: game/objects/characters/warborn/female/parts/pt/obj/wa_f_1pt304.chr)
<21:46:52> [CA175C82][Warning] non-stream IO. system(Material), filePath(game/objects/characters/warborn/female/hair/wa_f_hair008/wa_f_hair008.mtl)
<21:47:05> [B95EE41B][Error] invalid parent unit id(86601)
<21:47:08> [BCCDC555][Warning] MakeSprite - too many sprite update (10). dropping.. (sprites : 191)
<21:47:12> [CE0EF930][Warning] failed to stream cgf : objects/effects/portal_gate.cgf
<21:48:08> [745BAE2F][Warning] failed to stream material xml(game/objects/effects/ksw_effect/qilin.mtl)
<21:48:08> [A4D70365][Warning] rigid-body own-entity; prefab=prefabs/interaction_c.xml/house.door_anp node=AnimObject_1
<21:48:08> [B95EE41B][Error] invalid parent unit id(69406)
<21:48:08> [637AF710][Warning] missing chr material : game/objects/characters/nuian/male/parts/gv/obj/nu_m_gv_metal205.mtl (chr: game/objects/characters/nuian/male/parts/gv/obj/nu_m_4gv101.chr)
<21:48:08> [000004EE][Warning] [CGF Error] game/objects/item/shield/shield_monster/shield_baeksojeong01/shield_baeksojeong01.cgf [:] LOD1 of geometry  contains too many polygons comparing to the LOD0 [872 against 1145] :
<21:48:08> [000004EE][Warning] Independent immortal particle effect spawned: X2_EFFECT_O.Interaction.enchant_wpn_range_honor_3g
<21:48:12> [62232BEA][Warning] deferred xml stream error - game/animations/animals/crow_lucius/lmg_files/normal_run.lmg : f0000003
<21:48:12> [7AB931CE] seamless unloading cell object(W13, 9), (L5, 1)
<21:48:13> [745BAE2F][Warning] failed to stream material xml(game/objects/characters/elf/male/parts/ar/obj/el_m_ar_metal999.mtl)
<21:48:13> [637AF710][Warning] missing chr material : game/objects/characters/nuian/male/parts/pt/obj/nu_m_pt_cloth207.mtl (chr: game/objects/characters/nuian/male/parts/pt/obj/nu_m_1pt101.chr)
<21:48:14> [CE0EF930][Warning] failed to stream cgf : default
<21:48:14> [A4D70365][Warning] rigid-body own-entity; prefab=prefabs/interaction_c.xml/house.door_anp node=AnimObject_1
<21:48:15> [AB97BEF0][Warning] Cannot load texture objects/characters/texture/gv/58b41eb330aa548c824a154990a9bc9198eaad99_df.dds, file missing [File=objects/characters/texture/gv/58b41eb330aa548c824a154990a9bc9198eaad99_df.dds]
<21:48:15> [3305346E][Warning] Can't load image 'objects/Characters/texture/hm/77c88794c42051c40ea4187156ed9d523de5d47d_df.dds'. 
<21:48:18> [745BAE2F][Warning] failed to stream material xml(game/objects/characters/nuian/male/parts/hm/obj/nu_m_hm_cloth999.mtl)
<21:48:18> [B866A294] seamless unloading cell terrain(W14, 8), (L6, 0)
<21:48:18> [B95EE41B][Error] invalid parent unit id(122456)
<21:48:18> [637AF710][Warning] missing chr material : game/objects/characters/elf/female/parts/ar/obj/el_f_ar_metal164.mtl (chr: game/objects/characters/elf/female/parts/ar/obj/el_f_1ar910_2arm004_4sh045.chr)
<21:48:18> [000004EE][Warning] Independent immortal particle effect spawned: X2_EFFECT_O.Interaction.enchant_wpn_range_honor_3g
<21:48:19> [13A1FD5A][Warning] AWD vehicle has different tire size. model type(1661)
<21:48:20> [3EF08C47] seamless loading cell object(W11, 17), (L3, 6)
<21:48:20> [EFC67A6D][Warning] Error: CShaderMan::mfCreateShaderResources: Couldn't find detail texture
'game/objects/env/01_nuia/001_housing/housing_house/nuia_housing_tree07_ddn.dds' in path '' [File=game/objects/env/01_nuia/001_housing/housing_house/nuia_housing_tree07_ddn.dds]
<21:48:21> [383B4859][Warning] Cannot load texture game/objects/characters/animals/cat_baby_cat/cat_baby_threecolors_pet_df.dds, file missing [File=game/objects/characters/animals/cat_baby_cat/cat_baby_threecolors_pet_df.dds]
<21:48:21> [000004EE][Warning] [CGF Error] game/objects/env/01_nuia/001_housing/housing_furniture/hs_f_safe_d.cgf [:] LOD1 of geometry hs_f_safe_d contains too many polygons comparing to the LOD0 [1606 against 2318] :
<21:48:22> [7AB931CE] seamless unloading cell object(W14, 10), (L6, 2)
<21:48:22> [63ABB424][Warning] Facial sequence "fist_ac_whistle" not listed in CAL file for character "game/objects/characters/nuian/female/nude/nu_f_base.chr".
<21:48:23> [000004EE][Warning] [CGF Error] game/objects/env/05_nature/03_temp/temp_plants_ginseng03.cgf [:] non-uniform scale(1.62, 1.19, 1.62) at node($picking01)
<21:48:23> [CE0EF930][Warning] failed to stream cgf : default
<21:48:24> [B95EE41B][Error] invalid parent unit id(63157)
<21:48:26> [65FB52A3][Warning] Entity Cuddlebug:cannot find animation additive_fist_mo_normal_run_f_rand_2
<21:48:29> [7B1A973B] seamless loading cell terrain(W8, 16), (L0, 5)
<21:48:30> [B866A294] seamless unloading cell terrain(W15, 9), (L7, 1)
<21:48:33> [B95EE41B][Error] invalid parent unit id(63157)
<21:48:34> [000004EE][Warning] [Lua Error] ...cripts/x2ui/questcontext/notifier/quest_notifier.lua:350: attempt to index local 'info' (a nil value)
<21:48:48> [A4D70365][Warning] rigid-body own-entity; prefab=prefabs/interaction_c.xml/house.door_anp node=AnimObject_1
<21:48:48> [B95EE41B][Error] invalid parent unit id(122456)
<21:48:50> [000004EE][Warning] [CGF Error] game/objects/item/shield/shield_monster/shield_baeksojeong01/shield_baeksojeong01.cgf [:] LOD1 of geometry  contains too many polygons comparing to the LOD0 [872 against 1145] :
<21:48:50> [000004EE][Warning] Independent immortal particle effect spawned: X2_EFFECT_O.Interaction.enchant_wpn_range_honor_3g
<21:48:50> [04FA8364][Warning] Cannot load texture game/objects/characters/nuian/male/hair/hair_texture/, file missing [File=game/objects/characters/nuian/male/hair/hair_texture/]
<21:48:51> [CE0EF930][Warning] failed to stream cgf : default
<21:48:51> [745BAE2F][Warning] failed to stream material xml(game/objects/characters/dwarf/female/parts/hm/obj/dw_f_hm_leather179.mtl)
<21:48:51> [637AF710][Warning] missing chr material : game/objects/characters/dwarf/female/parts/hm/obj/dw_f_hm_leather179.mtl (chr: game/objects/characters/dwarf/female/parts/hm/obj/dw_f_2hm109.chr)
<21:48:51> [3305346E][Warning] Can't load image 'objects/Characters/texture/hm/77c88794c42051c40ea4187156ed9d523de5d47d_df.dds'. 
<21:48:52> [CA175C82][Warning] non-stream IO. system(Material), filePath(game/objects/characters/warborn/male/horns/wa_m_horns006/wa_m_horns006_hc03.mtl)
<21:49:01> [63ABB424][Warning] Facial sequence "fist_ac_whistle" not listed in CAL file for character "game/objects/characters/warborn/male/nude/wa_m_base.chr".
<21:49:01> [745BAE2F][Warning] failed to stream material xml(game/objects/characters/monster/tiger_ride/tiger_ride_yellow/Material #0.mtl)
<21:49:01> [B95EE41B][Error] invalid parent unit id(82004)
<21:49:07> [B95EE41B][Error] invalid parent unit id(87062)
<21:49:17> [745BAE2F][Warning] failed to stream material xml(game/materials/effects/fume_h_ssd.mtl)
<21:49:23> [B95EE41B][Error] invalid parent unit id(122456)
<21:49:31> [745BAE2F][Warning] failed to stream material xml(game/materials/effects/fume_h_ssd.mtl)
<21:49:37> [CA175C82][Warning] non-stream IO. system(Material), filePath(game/materials/misc/rope/rope_fishing.mtl)
<21:50:31> [745BAE2F][Warning] failed to stream material xml(game/materials/effects/fume_h_ssd.mtl)
<21:50:44> [CA175C82][Warning] non-stream IO. system(Material), filePath(game/materials/misc/rope/rope_fishing.mtl)
<21:50:53> [B95EE41B][Error] invalid parent unit id(113511)
<21:50:53> [745BAE2F][Warning] failed to stream material xml(game/objects/effects/ksw_effect/qilin.mtl)
<21:51:02> [CA175C82][Warning] non-stream IO. system(Material), filePath(game/materials/misc/rope/rope_fishing.mtl)
<21:51:09> [B95EE41B][Error] invalid parent unit id(113511)
<21:51:09> [A4D70365][Warning] rigid-body own-entity; prefab=prefabs/carriage.xml/carriage.carriageb node=AnimObject_55
<21:51:18> [B95EE41B][Error] invalid parent unit id(38923)
<21:51:28> [CA175C82][Warning] non-stream IO. system(Material), filePath(game/materials/misc/rope/rope_fishing.mtl)
<21:51:50> [745BAE2F][Warning] failed to stream material xml(game/objects/characters/dwarf/female/parts/cp/obj/01 - Default.mtl)
<21:51:50> [637AF710][Warning] missing chr material : game/objects/characters/dwarf/female/parts/cp/obj/01 - Default.mtl (chr: game/objects/characters/dwarf/female/parts/cp/obj/dw_f_1cp113.chr)
<21:51:50> [8F8BAB10][Warning] Cannot load texture objects/Characters/texture/gv/58b41eb330aa548c824a154990a9bc9198eaad99_df.dds, file missing [File=objects/Characters/texture/gv/58b41eb330aa548c824a154990a9bc9198eaad99_df.dds]
<21:51:50> [3305346E][Warning] Can't load image 'objects/Characters/texture/gv/58b41eb330aa548c824a154990a9bc9198eaad99_df.dds'. 
<21:51:54> [CA175C82][Warning] non-stream IO. system(Material), filePath(game/materials/misc/rope/rope_fishing.mtl)
<21:52:09> [B95EE41B][Error] invalid parent unit id(38923)
<21:52:15> [000004EE][Warning] [CGF Error] game/objects/item/shield/shield_monster/shield_baeksojeong01/shield_baeksojeong01.cgf [:] LOD1 of geometry  contains too many polygons comparing to the LOD0 [872 against 1145] :
<21:52:15> [000004EE][Warning] Independent immortal particle effect spawned: X2_EFFECT_O.Interaction.enchant_wpn_range_honor_3g
<21:52:29> [A181AEBC][Warning] Anim events cannot find effect "X2_EFFECTS_C1.Glider.Crystal_Wing.wing_start1", requested by animation "animations/env/glider_wing_crystal/fist_ac_gliding_start.caf".
<21:52:31> [000004EE][Warning] [CGF Error] game/objects/env/06_unit/06_glider/glider_wing_crystal/glider_wing_crystal_back.cgf [:] LOD1 of geometry  contains too many polygons comparing to the LOD0 [2720 against 4064] :
<21:52:33> [745BAE2F][Warning] failed to stream material xml(game/objects/effects/ksw_effect/qilin.mtl)
<21:52:35> [B95EE41B][Error] invalid parent unit id(71104)
<21:52:35> [A4D70365][Warning] rigid-body own-entity; prefab=prefabs/carriage.xml/carriage.carriageb node=AnimObject_55
<21:52:42> [B95EE41B][Error] invalid parent unit id(71104)
<21:52:57> [000004EE][Warning] Independent immortal particle effect spawned: X2_EFFECT_O.Interaction.enchant_wpn_range_honor_3g
<21:53:13> [745BAE2F][Warning] failed to stream material xml(game/materials/effects/fume_h_ssd.mtl)
<21:53:24> [B95EE41B][Error] invalid parent unit id(67966)
<21:53:28> [CA175C82][Warning] non-stream IO. system(Material), filePath(game/materials/misc/rope/rope_fishing.mtl)
<21:53:36> [745BAE2F][Warning] failed to stream material xml(game/objects/characters/nuian/female/parts/cp/obj/nu_f_1cp101.mtl)
<21:53:36> [637AF710][Warning] missing chr material : game/objects/characters/nuian/female/parts/cp/obj/nu_f_1cp101.mtl (chr: game/objects/characters/nuian/female/parts/cp/obj/nu_f_1cp101.chr)
<21:53:40> [B95EE41B][Error] invalid parent unit id(67966)
<21:53:42> [A4D70365][Warning] rigid-body own-entity; prefab=prefabs/interaction_c.xml/house.door_a node=AnimObject_1
<21:53:45> [B95EE41B][Error] invalid parent unit id(70497)
<21:53:49> [745BAE2F][Warning] failed to stream material xml(game/objects/characters/elf/male/parts/bo/obj/el_m_bo_cloth502.mtl)
<21:53:49> [637AF710][Warning] missing chr material : game/objects/characters/elf/male/parts/bo/obj/el_m_bo_cloth502.mtl (chr: game/objects/characters/elf/male/parts/bo/obj/el_m_1bo104.chr)
<21:53:49> [000004EE][Warning] Independent immortal particle effect spawned: X2_EFFECT_O.Interaction.enchant_wpn_range_honor_3g
<21:53:50> [000004EE][Warning] [CGF Error] game/objects/env/06_unit/06_glider/glider_wing/glider_wing_back.cgf [:] LOD1 of geometry  contains too many polygons comparing to the LOD0 [2234 against 3114] :
<21:53:51> [B95EE41B][Error] invalid parent unit id(67966)
<21:53:59> [CA175C82][Warning] non-stream IO. system(Material), filePath(game/materials/misc/rope/rope_fishing.mtl)
<21:54:02> [B95EE41B][Error] invalid parent unit id(67966)
<21:54:02> [745BAE2F][Warning] failed to stream material xml(game/materials/effects/fume_h_ssd.mtl)
<21:54:35> [CA175C82][Warning] non-stream IO. system(Material), filePath(game/materials/misc/rope/rope_fishing.mtl)
<21:55:28> [745BAE2F][Warning] failed to stream material xml(game/objects/characters/dwarf/female/parts/cp/obj/Material #0.mtl)
<21:55:29> [637AF710][Warning] missing chr material : game/objects/characters/dwarf/female/parts/cp/obj/Material #0.mtl (chr: game/objects/characters/dwarf/female/parts/cp/obj/dw_f_1cp101.chr)
<21:55:29> [CA175C82][Warning] non-stream IO. system(Material), filePath(game/materials/misc/rope/rope_fishing.mtl)
<21:55:33> [63ABB424][Warning] Facial sequence "fist_ac_whistle" not listed in CAL file for character "game/objects/characters/nuian/male/nude/nu_m_base.chr".
<21:55:35> [B95EE41B][Error] invalid parent unit id(110813)
<21:55:38> [000004EE][Warning] [CGF Error] game/objects/env/06_unit/06_glider/glider_wing_crystal/glider_wing_crystal_back.cgf [:] LOD1 of geometry  contains too many polygons comparing to the LOD0 [2720 against 4064] :
<21:55:41> [B95EE41B][Error] invalid parent unit id(110813)
<21:56:01> [CE0EF930][Warning] failed to stream cgf : objects/effects/portal_gate.cgf
<21:56:04> [745BAE2F][Warning] failed to stream material xml(game/objects/effects/ksw_effect/qilin.mtl)
<21:56:04> [B95EE41B][Error] invalid parent unit id(128014)
<21:56:04> [637AF710][Warning] missing chr material : game/objects/characters/elf/male/parts/bo/obj/el_m_bo_cloth502.mtl (chr: game/objects/characters/elf/male/parts/bo/obj/el_m_1bo104.chr)
<21:56:04> [000004EE][Warning] [CGF Error] game/objects/item/shield/shield_monster/shield_baeksojeong01/shield_baeksojeong01.cgf [:] LOD1 of geometry  contains too many polygons comparing to the LOD0 [872 against 1145] :
<21:56:05> [000004EE][Warning] Independent immortal particle effect spawned: X2_EFFECT_O.Interaction.enchant_wpn_range_honor_3g
<21:56:08> [CA175C82][Warning] non-stream IO. system(Material), filePath(game/materials/misc/rope/rope_fishing.mtl)
<21:56:19> [745BAE2F][Warning] failed to stream material xml(game/objects/characters/dwarf/female/hair/dw_f_hair_common/dw_f_hair002.mtl)
<21:56:19> [637AF710][Warning] missing chr material : game/objects/characters/dwarf/female/hair/dw_f_hair_common/dw_f_hair002.mtl (chr: game/objects/characters/dwarf/female/hair/dw_f_hair_common/dw_f_hair_common0102s_type1.chr)
<21:56:19> [000004EE][Warning] [CGF Error] game/objects/item/mace_1h/mace_1h_sea_1/mace_1h_sea_1.cgf [:] LOD1 of geometry  contains too many polygons comparing to the LOD0 [3778 against 5498] :
<21:56:19> [CA175C82][Warning] non-stream IO. system(Material), filePath(game/objects/characters/dwarf/female/hair/dw_f_hair002/dw_f_hair002.mtl)
<21:56:19> [000004EE][Warning] Independent immortal particle effect spawned: X2_EFFECT_O.Interaction.enchant_wpn_range_honor_3g
<21:56:30> [B95EE41B][Error] invalid parent unit id(110813)
<21:56:33> [CA175C82][Warning] non-stream IO. system(Material), filePath(game/materials/misc/rope/rope_fishing.mtl)
<21:56:47> [B95EE41B][Error] invalid parent unit id(110813)
<21:56:51> [745BAE2F][Warning] failed to stream material xml(game/objects/characters/elf/female/parts/gv/obj/el_f_gv_cloth168.mtl)
<21:56:51> [637AF710][Warning] missing chr material : game/objects/characters/elf/female/parts/gv/obj/el_f_gv_cloth168.mtl (chr: game/objects/characters/elf/female/parts/gv/obj/el_f_2gv302.chr)
<21:56:54> [13A1FD5A][Warning] AWD vehicle has different tire size. model type(1745)
<21:56:54> [000004EE][Warning] Particle effect not found: '@effect', from unknown 
<21:56:54> [A181AEBC][Warning] Anim events cannot find effect "@effect", requested by animation "animations/env/lava_car/fist_ba_relaxed_idle.caf".
<21:56:56> [B95EE41B][Error] invalid parent unit id(123712)
<21:57:00> [CE0EF930][Warning] failed to stream cgf : objects/effects/portal_gate.cgf
<21:57:01> [745BAE2F][Warning] failed to stream material xml(game/objects/effects/ksw_effect/qilin.mtl)
<21:57:03> [637AF710][Warning] missing chr material : game/objects/characters/nuian/female/parts/gv/obj/nu_f_gv_cloth168.mtl (chr: game/objects/characters/nuian/female/parts/gv/obj/nu_f_2gv302.chr)
<21:57:07> [6FF68EA5] SetInstantTime: type 0 time 1760061576
<21:57:11> [A181AEBC][Warning] Anim events cannot find effect "@effect", requested by animation "animations/env/lava_car/fist_ba_relaxed_idle.caf".
<21:57:13> [B95EE41B][Error] invalid parent unit id(77945)
<21:57:21> [B95EE41B][Error] invalid parent unit id(77945)
<21:57:25> [CA175C82][Warning] non-stream IO. system(Material), filePath(game/materials/misc/rope/rope_fishing.mtl)
<21:57:27> [B95EE41B][Error] invalid parent unit id(101730)
<21:57:36> [B95EE41B][Error] invalid parent unit id(101730)
<21:57:48> [745BAE2F][Warning] failed to stream material xml(game/objects/characters/ferre/female/nude/fe_f_whin01.mtl)
<21:57:48> [23C0332B][Warning] Cannot load texture objects/characters/ferre/female/nude/fe_f_nude_fur_yel_sp.dds, file missing [File=objects/characters/ferre/female/nude/fe_f_nude_fur_yel_sp.dds]
<21:57:48> [5F89E60D][Warning] non cached CDF(game/objects/characters/ferre/female/costume/fe_f_sk_melisara002/fe_f_sk_melisara002_h.cdf)
<21:57:48> [CA175C82][Warning] non-stream IO. system(Material), filePath(game/objects/characters/ferre/female/costume/fe_f_sk_melisara002/fe_f_sk_melisara002_h.mtl)
<21:57:48> [000004EE][Warning] Independent immortal particle effect spawned: X2_EFFECT_O.Interaction.enchant_wpn_range_honor_3g
<21:57:55> [CE0EF930][Warning] failed to stream cgf : objects/effects/portal_gate.cgf
<21:57:59> [A4D70365][Warning] rigid-body own-entity; prefab=prefabs/carriage.xml/carriage.carriageb node=AnimObject_55
<21:58:01> [63ABB424][Warning] Facial sequence "fist_ac_whistle" not listed in CAL file for character "game/objects/characters/ferre/female/nude/fe_f_base.chr".
<21:58:02> [B95EE41B][Error] invalid parent unit id(127696)
<21:58:09> [B95EE41B][Error] invalid parent unit id(74095)
<21:58:20> [CA175C82][Warning] non-stream IO. system(Material), filePath(game/materials/misc/rope/rope_fishing.mtl)
<21:58:30> [A4D70365][Warning] rigid-body own-entity; prefab=prefabs/carriage.xml/carriage.carriageb node=AnimObject_55
<21:58:30> [CA175C82][Warning] non-stream IO. system(Material), filePath(game/materials/misc/rope/rope_a.mtl)
<21:58:35> [B95EE41B][Error] invalid parent unit id(74095)
<21:58:41> [B95EE41B][Error] invalid parent unit id(74095)
<21:58:46> [B95EE41B][Error] invalid parent unit id(74095)
<21:58:57> [000004EE][Warning] [CGF Error] game/objects/env/06_unit/06_glider/glider_wing_crystal/glider_wing_crystal_back.cgf [:] LOD1 of geometry  contains too many polygons comparing to the LOD0 [2720 against 4064] :
<21:58:57> [CA175C82][Warning] non-stream IO. system(Material), filePath(game/materials/misc/rope/rope_fishing.mtl)
<21:59:23> [CA175C82][Warning] non-stream IO. system(Material), filePath(game/materials/misc/rope/rope_fishing.mtl)
<21:59:37> [6FF68EA5] SetInstantTime: type 0 time 0
<22:00:11> [B95EE41B][Error] invalid parent unit id(115427)
<22:00:11> [CA175C82][Warning] non-stream IO. system(Material), filePath(game/materials/misc/rope/rope_fishing.mtl)
<22:00:20> [B95EE41B][Error] invalid parent unit id(115427)
<22:00:30> [B95EE41B][Error] invalid parent unit id(70280)
<22:00:33> [745BAE2F][Warning] failed to stream material xml(game/objects/characters/nuian/female/parts/cp/obj/nu_f_1cp101.mtl)
<22:00:33> [637AF710][Warning] missing chr material : game/objects/characters/nuian/female/parts/cp/obj/nu_f_1cp101.mtl (chr: game/objects/characters/nuian/female/parts/cp/obj/nu_f_1cp101.chr)
<22:00:35> [CA175C82][Warning] non-stream IO. system(Material), filePath(game/materials/misc/rope/rope_fishing.mtl)
<22:00:40> [B95EE41B][Error] invalid parent unit id(70280)
<22:00:55> [B95EE41B][Error] invalid parent unit id(70280)
<22:01:55> [745BAE2F][Warning] failed to stream material xml(game/objects/characters/nuian/male/parts/hm/obj/nu_m_hm_cloth169.mtl)
<22:01:55> [637AF710][Warning] missing chr material : game/objects/characters/nuian/male/parts/hm/obj/nu_m_hm_cloth169.mtl (chr: game/objects/characters/nuian/male/parts/hm/obj/nu_m_1hm211.chr)
<22:01:56> [000004EE][Warning] [CGF Error] game/objects/env/06_unit/06_glider/glider_wing_crystal/glider_wing_crystal_back.cgf [:] LOD1 of geometry  contains too many polygons comparing to the LOD0 [2720 against 4064] :
<22:02:03> [B95EE41B][Error] invalid parent unit id(109848)
<22:02:08> [B95EE41B][Error] invalid parent unit id(109848)
<22:02:20> [CE0EF930][Warning] failed to stream cgf : objects/effects/portal_gate.cgf
<22:02:21> [745BAE2F][Warning] failed to stream material xml(game/objects/characters/elf/female/parts/cp/obj/nu_f_1cp101.mtl)
<22:02:21> [637AF710][Warning] missing chr material : game/objects/characters/elf/female/parts/cp/obj/nu_f_1cp101.mtl (chr: game/objects/characters/elf/female/parts/cp/obj/el_f_1cp101.chr)
<22:02:39> [745BAE2F][Warning] failed to stream material xml(game/objects/characters/warborn/female/parts/pt/obj/wa_f_pt_metal170.mtl)
<22:02:39> [637AF710][Warning] missing chr material : game/objects/characters/warborn/female/parts/bo/obj/wa_f_bo_metal170.mtl (chr: game/objects/characters/warborn/female/parts/bo/obj/wa_f_3bo102.chr)
<22:02:39> [CA175C82][Warning] non-stream IO. system(Material), filePath(game/objects/characters/warborn/female/horns/wa_f_horns010/wa_f_horns010_hc01.mtl)
<22:02:43> Loading Particle Library: breakable_objects
<22:02:43> Loading Particle Library: bullet
<22:02:45> [B95EE41B][Error] invalid parent unit id(115425)
<22:02:49> [65FB52A3][Warning] Entity Rajani:cannot find animation additive_fist_ba_relaxed_idle_rand_7
<22:02:50> [745BAE2F][Warning] failed to stream material xml(game/materials/effects/fume_h_ssd.mtl)
<22:02:50> [000004EE][Warning] Independent immortal particle effect spawned: X2_EFFECT_O.Interaction.enchant_wpn_range_honor_3g
<22:02:55> [B95EE41B][Error] invalid parent unit id(73608)
<22:02:56> [745BAE2F][Warning] failed to stream material xml(game/objects/effects/ksw_effect/qilin.mtl)
<22:03:03> [B95EE41B][Error] invalid parent unit id(115425)
<22:03:10> [63ABB424][Warning] Facial sequence "fist_ac_whistle" not listed in CAL file for character "game/objects/characters/elf/female/nude/el_f_base.chr".
<22:03:11> [B95EE41B][Error] invalid parent unit id(94582)
<22:03:20> [B95EE41B][Error] invalid parent unit id(94582)
<22:03:24> [A4D70365][Warning] rigid-body own-entity; prefab=prefabs/carriage.xml/carriage.carriageb node=AnimObject_55
<22:03:25> [000004EE][Warning] Independent immortal particle effect spawned: X2_EFFECT_O.Interaction.enchant_wpn_range_honor_3g
<22:03:29> [745BAE2F][Warning] failed to stream material xml(game/materials/effects/fume_h_ssd.mtl)
<22:03:43> [B95EE41B][Error] invalid parent unit id(129470)
<22:03:49> [63ABB424][Warning] Facial sequence "fist_ac_whistle" not listed in CAL file for character "game/objects/characters/elf/female/nude/el_f_base.chr".
<22:03:50> [B95EE41B][Error] invalid parent unit id(127915)
<22:03:57> [000004EE][Warning] [CGF Error] game/objects/env/06_unit/06_glider/glider_wing_crystal/glider_wing_crystal_back.cgf [:] LOD1 of geometry  contains too many polygons comparing to the LOD0 [2720 against 4064] :
<22:04:02> [B95EE41B][Error] invalid parent unit id(127915)
<22:04:02> [13A1FD5A][Warning] AWD vehicle has different tire size. model type(2159)
<22:04:02> [EEDF4852][Warning] doodad with no entity can't be attached to vehicle/ship/actor models(Bajablast)
<22:04:19> [CE0EF930][Warning] failed to stream cgf : objects/effects/portal_gate.cgf
<22:04:19> [B95EE41B][Error] invalid parent unit id(76573)
<22:04:28> [745BAE2F][Warning] failed to stream material xml(game/materials/effects/fume_h_ssd.mtl)
<22:04:29> [B95EE41B][Error] invalid parent unit id(76573)
<22:04:29> [13A1FD5A][Warning] AWD vehicle has different tire size. model type(2159)
<22:04:29> [EEDF4852][Warning] doodad with no entity can't be attached to vehicle/ship/actor models(Bajablast)
<22:04:32> [637AF710][Warning] missing chr material : game/objects/characters/nuian/female/parts/cp/obj/nu_f_1cp101.mtl (chr: game/objects/characters/nuian/female/parts/cp/obj/nu_f_1cp101.chr)
<22:04:39> [B95EE41B][Error] invalid parent unit id(76573)
<22:05:14> [745BAE2F][Warning] failed to stream material xml(game/materials/effects/fume_h_ssd.mtl)
<22:05:14> [000004EE][Warning] [CGF Error] game/objects/env/06_unit/06_glider/glider_wing_crystal/glider_wing_crystal_back.cgf [:] LOD1 of geometry  contains too many polygons comparing to the LOD0 [2720 against 4064] :
<22:05:39> [745BAE2F][Warning] failed to stream material xml(game/objects/characters/warborn/female/parts/pt/obj/wa_f_pt_metal170.mtl)
<22:05:39> [637AF710][Warning] missing chr material : game/objects/characters/warborn/female/parts/cp/obj/01 - Default.mtl (chr: game/objects/characters/warborn/female/parts/cp/obj/wa_f_1cp113.chr)
<22:05:39> [CA175C82][Warning] non-stream IO. system(Material), filePath(game/objects/characters/warborn/female/horns/wa_f_horns010/wa_f_horns010_hc01.mtl)
<22:05:50> [A4D70365][Warning] rigid-body own-entity; prefab=prefabs/carriage.xml/carriage.carriageb node=AnimObject_55
<22:06:45> [CE0EF930][Warning] failed to stream cgf : objects/effects/portal_gate.cgf
<22:08:42> [745BAE2F][Warning] failed to stream material xml(game/objects/characters/elf/female/parts/cp/obj/nu_f_1cp101.mtl)
<22:08:42> [637AF710][Warning] missing chr material : game/objects/characters/elf/female/parts/cp/obj/nu_f_1cp101.mtl (chr: game/objects/characters/elf/female/parts/cp/obj/el_f_1cp101.chr)
<22:08:42> [000004EE][Warning] Independent immortal particle effect spawned: X2_EFFECT_O.Interaction.enchant_wpn_range_honor_3g
<22:08:48> [A4D70365][Warning] rigid-body own-entity; prefab=prefabs/carriage.xml/carriage.carriageb node=AnimObject_55
<22:08:49> [000004EE][Warning] Particle effect not found: 'game/x2_effects.mon_effects.mon_pull_dot', from unknown 
<22:09:38> [63ABB424][Warning] Facial sequence "fist_ac_whistle" not listed in CAL file for character "game/objects/characters/elf/female/nude/el_f_base.chr".
<22:09:44> [745BAE2F][Warning] failed to stream material xml(game/objects/characters/nuian/female/parts/bo/obj/nu_f_bo_cloth200.mtl)
<22:09:45> [637AF710][Warning] missing chr material : game/objects/characters/nuian/female/parts/bo/obj/nu_f_bo_cloth200.mtl (chr: game/objects/characters/nuian/female/parts/bo/obj/nu_f_1bo101.chr)
<22:09:56> [63ABB424][Warning] Facial sequence "fist_ac_whistle" not listed in CAL file for character "game/objects/characters/elf/female/nude/el_f_base.chr".
<22:10:08> [13A1FD5A][Warning] AWD vehicle has different tire size. model type(1661)
<22:10:09> [B95EE41B][Error] invalid parent unit id(128596)
<22:10:37> [B95EE41B][Error] invalid parent unit id(128596)
<22:10:46> [13A1FD5A][Warning] AWD vehicle has different tire size. model type(1661)
<22:10:46> [B95EE41B][Error] invalid parent unit id(128596)
<22:10:55> [745BAE2F][Warning] failed to stream material xml(game/objects/characters/elf/female/parts/bo/obj/el_f_bo_cloth168.mtl)
<22:10:55> [637AF710][Warning] missing chr material : game/objects/characters/elf/female/parts/pt/obj/el_f_pt_cloth168.mtl (chr: game/objects/characters/elf/female/parts/pt/obj/el_f_1pt606.chr)
<22:10:56> [491B3718][Warning] Cannot load texture objects/characters/ferre/female/face/face01/fe_f_face01_fur_sss.dds, file missing [File=objects/characters/ferre/female/face/face01/fe_f_face01_fur_sss.dds]
<22:10:56> [5243B464][Warning] Error: CShaderMan::mfCreateShaderResources: Couldn't find subsurface texture 'objects/characters/ferre/female/face/face01/fe_f_face01_fur_sss.dds' in path '' [File=objects/characters/ferre/female/face/face01/fe_f_face01_fur_sss.dds]
<22:11:00> [745BAE2F][Warning] failed to stream material xml(game/objects/characters/hariharan/female/parts/pt/obj/ha_f_pt_cloth065.mtl)
<22:11:00> [637AF710][Warning] missing chr material : game/objects/characters/hariharan/female/parts/bo/obj/ha_f_bo_cloth234.mtl (chr: game/objects/characters/hariharan/female/parts/bo/obj/ha_f_1bo103.chr)
<22:11:03> [04FA8364][Warning] Cannot load texture game/objects/characters/nuian/male/hair/hair_texture/, file missing [File=game/objects/characters/nuian/male/hair/hair_texture/]
<22:11:06> [745BAE2F][Warning] failed to stream material xml(game/objects/characters/elf/male/parts/hm/obj/el_m_hm_cloth493.mtl)
<22:11:06> [637AF710][Warning] missing chr material : game/objects/characters/elf/male/parts/hm/obj/el_m_hm_cloth493.mtl (chr: game/objects/characters/elf/male/parts/hm/obj/el_m_1hm127.chr)
<22:11:08> [000004EE][Warning] Particle effect not found: 'game/abillity_skill_table_m.fight.swirl_slash', from unknown 
<22:11:09> [7B1A973B] seamless loading cell terrain(W8, 13), (L0, 2)
<22:11:10> [7AB931CE] seamless unloading cell object(W11, 14), (L3, 6)
<22:11:11> [745BAE2F][Warning] failed to stream material xml(game/objects/characters/elf/female/parts/bo/obj/el_f_bo_leather206.mtl)
<22:11:11> [637AF710][Warning] missing chr material : game/objects/characters/elf/female/parts/bo/obj/el_f_bo_leather206.mtl (chr: game/objects/characters/elf/female/parts/bo/obj/el_f_1bo201.chr)
<22:11:16> [CA175C82][Warning] non-stream IO. system(CGF), filePath(Objects/Env/01_nuia/001_housing/housing_house/housing_tree_spider.cgf)
<22:11:16> [95829CAD][Warning] Cannot load texture game/objects/env/01_nuia/001_housing/housing_house/housing_tree_bodywood_sp.dds, file missing [File=game/objects/env/01_nuia/001_housing/housing_house/housing_tree_bodywood_sp.dds]
<22:11:16> [755A3546][Warning] Error: CShaderMan::mfCreateShaderResources: Couldn't find custom secondary texture 'game/objects/env/01_nuia/001_housing/housing_house/nuia_housing_treemossy03_ddn.dds' in path '' [File=game/objects/env/01_nuia/001_housing/housing_house/nuia_housing_treemossy03_ddn.dds]
<22:11:17> [745BAE2F][Warning] failed to stream material xml(game/objects/env/01_nuia/001_housing/housing_house/gw_elfremain_b.mtl)
<22:11:23> [7AB931CE] seamless unloading cell object(W12, 14), (L4, 6)
<22:11:25> [000004EE][Warning] Particle effect not found: 'X2_EFFECTS_K.J_Inter_effects.water_flow_collision_dot', from unknown 
<22:11:25> [5132FEDE][Warning] invalid attached position(22.49, -16.13, -2.57)
<22:11:25> [745BAE2F][Warning] failed to stream material xml(game/$picking.mtl)
<22:11:25> [83CB8AF3][Warning] Cannot load texture game/objects/env/01_nuia/001_housing/housing_house/jack_house_low_wallout_sp.dds, file missing [File=game/objects/env/01_nuia/001_housing/housing_house/jack_house_low_wallout_sp.dds]
<22:11:25> [637AF710][Warning] missing chr material : game/objects/characters/elf/female/parts/gv/obj/el_f_gv_cloth214.mtl (chr: game/objects/characters/elf/female/parts/gv/obj/el_f_1gf001_1gv201.chr)
<22:11:26> [A4D70365][Warning] rigid-body own-entity; prefab=prefabs/interaction_c.xml/furniture.kraken_prop_am node=AnimObject_144
<22:11:27> [000004EE][Warning] [CGF Error] game/objects/env/01_nuia/001_housing/housing_furniture/hs_f_safe_d.cgf [:] LOD1 of geometry hs_f_safe_d contains too many polygons comparing to the LOD0 [1606 against 2318] :
<22:11:27> [F724A392][Error] CryAnimation:: Trying to load animation with alias "fist_ba_relaxed_idle_rand_2" from file "animations/animals/welsh_corgi_baby/fist/fist_ba_relaxed_idle_rand.caf" into the animation container. Such animation alias already exists and uses file "animations/animals/welsh_corgi_baby/fist/fist_ba_relaxed_idle_rand_2.caf". Please use another animation alias.
<22:11:28> [62232BEA][Warning] deferred xml stream error - game/animations/animals/kid/lmg_files/normal_run.lmg : f0000003
<22:11:30> [745BAE2F][Warning] failed to stream material xml(game/objects/characters/nuian/female/parts/gv/obj/nu_f_gv_cloth037.mtl)
<22:11:30> [637AF710][Warning] missing chr material : game/objects/characters/nuian/female/parts/pt/obj/nu_f_pt_cloth047.mtl (chr: game/objects/characters/nuian/female/parts/pt/obj/nu_f_1pt701.chr)
<22:11:31> [A7901A9A][Warning] Cannot load texture game/objects/env/02_harihara/01_ma/ma_tant02_ddn.dds, file missing [File=game/objects/env/02_harihara/01_ma/ma_tant02_ddn.dds]
<22:11:32> [3EF08C47] seamless loading cell object(W9, 14), (L1, 3)
<22:11:33> [EFC67A6D][Warning] Error: CShaderMan::mfCreateShaderResources: Couldn't find detail texture
'game/objects/env/01_nuia/001_housing/housing_house/nuia_housing_tree07_ddn.dds' in path '' [File=game/objects/env/01_nuia/001_housing/housing_house/nuia_housing_tree07_ddn.dds]
<22:11:34> [000004EE][Warning] [CGF Error] game/objects/env/01_nuia/001_housing/housing_house/housing_addon_roof_a.cgf [:] LOD1 of geometry  contains too many polygons comparing to the LOD0 [2104 against 3035] :
<22:11:35> [A4D70365][Warning] rigid-body own-entity; prefab=prefabs/interaction_c.xml/furniture.kraken_prop_a node=AnimObject_144
<22:11:35> [000004EE][Warning] I3DEngine::RegisterEntity: entity reports invalid position: Name: LightEntityName (), Class: LightEntityClass, Pos=(3758.7,-749.4,5369.4), aabb center=(4115.5,3876.3,127.7)
<22:11:35> [745BAE2F][Warning] failed to stream material xml(game/$picking.mtl)
<22:11:35> [BCCDC555][Warning] MakeSprite - too many sprite update (10). dropping.. (sprites : 27)
<22:11:36> [637AF710][Warning] missing chr material : game/objects/characters/nuian/female/parts/hm/obj/nu_f_hm_cloth001.mtl (chr: game/objects/characters/nuian/female/parts/hm/obj/nu_f_1hm125.chr)
<22:11:36> [4ABF8F2E][Warning] Cannot load texture game/objects/env/02_harihara/001_hdeco/quest/hdeco_quest_book_a_ddn.dds, file missing [File=game/objects/env/02_harihara/001_hdeco/quest/hdeco_quest_book_a_ddn.dds]
<22:11:38> [3EF08C47] seamless loading cell object(W9, 15), (L1, 4)
<22:11:39> [DE20B351][Warning] Flow Graph Node targets unknown entity guid: 49e17e029614af26
<22:11:39> [CFFE1C46][Error] Error streaming texture: Error 'Offset out of range', Texture: game/objects/characters/animals/cat_baby_pet/cat_baby_pet_df.dds
<22:11:40> [A4D70365][Warning] rigid-body own-entity; prefab=Prefabs/interaction_c.xml/furniture.aquarium_a_fish node=AnimObject_38
<22:11:40> [745BAE2F][Warning] failed to stream material xml(game/objects/env/01_nuia/001_housing/housing_house/06- Default.mtl)
<22:11:41> [CCFBC94A][Warning] Cannot load texture game/objects/characters/animals/cat_baby_cat/cat_baby_black_pet_df.dds, file missing [File=game/objects/characters/animals/cat_baby_cat/cat_baby_black_pet_df.dds]
<22:11:41> [8BC8B87E][Warning] Error: CShaderMan::mfCreateShaderResources: Couldn't find subsurface texture 'game/objects/characters/animals/cat_baby_cat/cat_baby_black_pet_df.dds' in path '' [File=game/objects/characters/animals/cat_baby_cat/cat_baby_black_pet_df.dds]
<22:11:41> [F724A392][Error] CryAnimation:: Trying to load animation with alias "fist_ba_relaxed_idle_rand_2" from file "animations/animals/welsh_corgi/fist/fist_ba_relaxed_idle_rand.caf" into the animation container. Such animation alias already exists and uses file "animations/animals/welsh_corgi/fist/fist_ba_relaxed_idle_rand_2.caf". Please use another animation alias.
<22:11:42> [CE0EF930][Warning] failed to stream cgf : default
<22:11:44> [CFFE1C46][Error] Error streaming texture: Error 'Offset out of range', Texture: game/objects/characters/animals/cat_baby_pet/cat_baby_pet_df.dds
<22:11:44> [000004EE][Warning] I3DEngine::RegisterEntity: entity reports invalid position: Name: LightEntityName (), Class: LightEntityClass, Pos=(3622.0,-804.1,5373.2), aabb center=(4005.2,3821.7,133.4)
<22:11:48> [745BAE2F][Warning] failed to stream material xml(game/$picking.mtl)
<22:11:49> [7AB931CE] seamless unloading cell object(W14, 12), (L6, 4)
<22:11:49> [7B1A973B] seamless loading cell terrain(W9, 11), (L1, 0)
<22:11:49> [CFFE1C46][Error] Error streaming texture: Error 'Offset out of range', Texture: game/objects/characters/animals/cat_baby_pet/cat_baby_pet_df.dds
<22:11:51> [000004EE][Warning] [CGF Error] game/objects/env/02_harihara/001_hcom/hcom_cart_b.cgf [:] LOD1 of geometry hcom_cart_b contains too many polygons comparing to the LOD0 [770 against 1114] :
<22:11:51> [A4D70365][Warning] rigid-body own-entity; prefab=prefabs/housing_furniture_props.xml/fishbowl.fishbowl_a node=AnimObject_39
<22:11:52> [3EF08C47] seamless loading cell object(W10, 12), (L2, 1)
<22:11:52> [7B1A973B] seamless loading cell terrain(W8, 12), (L0, 1)
<22:11:52> [B866A294] seamless unloading cell terrain(W13, 15), (L5, 7)
<22:11:53> [637AF710][Warning] missing chr material : game/objects/characters/dwarf/female/hair/dw_f_hair_common/nu_f_hair_common_w.mtl (chr: game/objects/characters/dwarf/female/hair/dw_f_hair_common/dw_f_hair_common0101w_type1.chr)
<22:11:54> [DE20B351][Warning] Flow Graph Node targets unknown entity guid: 4b2fb81ffe6b0dc9
<22:11:55> [CE0EF930][Warning] failed to stream cgf : game/objects/env/01_nuia/001_housing/housing_house/housing_addon_foor_b02.cgf
<22:11:55> [B95EE41B][Error] invalid parent unit id(128596)
<22:11:56> [CA175C82][Warning] non-stream IO. system(Material), filePath(game/objects/characters/dwarf/female/hair/dw_f_hair036/dw_f_hair036.mtl)
<22:11:56> [26B0EE56][Warning] Cannot load texture game/objects/characters/nuian/female/hair/nu_f_hair036/nu_f_hair036_ddn.dd, file missing [File=game/objects/characters/nuian/female/hair/nu_f_hair036/nu_f_hair036_ddn.dd]
<22:11:57> [000004EE][Warning] [CGF Error] game/objects/env/06_unit/06_glider/glider_wing_crystal/glider_wing_crystal_back.cgf [:] LOD1 of geometry  contains too many polygons comparing to the LOD0 [2720 against 4064] :
<22:11:57> [745BAE2F][Warning] failed to stream material xml(game/objects/characters/nuian/male/parts/ar/obj/nu_m_ar_cloth486.mtl)
<22:11:57> [A4D70365][Warning] rigid-body own-entity; prefab=prefabs/carriage.xml/carriage.carriageb node=AnimObject_55
<22:12:02> [CE0EF930][Warning] failed to stream cgf : Game/objects/Env/nuia/gweonid/statue/godofprophecy_statue/returnpoint_statue.cgf
<22:12:09> [000004EE][Warning] [Lua Error] ...cripts/x2ui/questcontext/notifier/quest_notifier.lua:350: attempt to index local 'info' (a nil value)
<22:14:25> [A4D70365][Warning] rigid-body own-entity; prefab=prefabs/carriage.xml/carriage.carriageb node=AnimObject_55
<22:15:32> [A4D70365][Warning] rigid-body own-entity; prefab=prefabs/carriage.xml/carriage.carriageb node=AnimObject_55
<22:15:52> [B95EE41B][Error] invalid parent unit id(36685)
<22:15:52> [000004EE][Warning] Failed to load shader "Dynamiceffect_pul" in material "game/objects/characters/nuian/female/costume/nu_f_sk_tech001/nu_f_sk_tech_fx1"
<22:15:52> [000004EE][Warning] [CGF Error] game/objects/item/bow/bow_cathero/bow_cathero.cgf [:] LOD1 of geometry  contains too many polygons comparing to the LOD0 [4425 against 6582] :
<22:15:52> [13A1FD5A][Warning] AWD vehicle has different tire size. model type(2159)
<22:15:52> [714D4B8C][Warning] doodad with no entity can't be attached to vehicle/ship/actor models(Rampage S200)
<22:15:52> [2363981C][Warning] chr material is not precached : game/objects/characters/nuian/female/hair/nu_f_hair012/nu_f_hair012.mtl (chr: game/objects/characters/nuian/female/hair/nu_f_hair012/nu_f_hair012.chr)
<22:15:52> [CA175C82][Warning] non-stream IO. system(Material), filePath(game/objects/characters/nuian/female/hair/nu_f_hair012/nu_f_hair012.mtl)
<22:15:56> [745BAE2F][Warning] failed to stream material xml(game/objects/characters/nuian/male/parts/hm/obj/nu_m_hm_cloth999.mtl)
<22:15:56> [637AF710][Warning] missing chr material : game/objects/characters/nuian/male/parts/pt/obj/nu_m_pt_cloth159.mtl (chr: game/objects/characters/nuian/male/parts/pt/obj/nu_m_1pt901.chr)
<22:15:56> [000004EE][Warning] Independent immortal particle effect spawned: X2_EFFECT_O.Interaction.enchant_wpn_range_honor_3g
<22:16:11> [B95EE41B][Error] invalid parent unit id(36685)
<22:16:20> [B95EE41B][Error] invalid parent unit id(82176)
<22:17:08> [9CAE9693] Starting In World Loading
<22:17:08> [7B1A973B] seamless loading cell terrain(W15, 12), (L7, 1)
<22:17:08> [7B1A973B] seamless loading cell terrain(W14, 11), (L6, 0)
<22:17:08> [7B1A973B] seamless loading cell terrain(W13, 18), (L5, 7)
<22:17:08> [B866A294] seamless unloading cell terrain(W8, 9), (L0, 1)
<22:17:08> [B866A294] seamless unloading cell terrain(W9, 8), (L1, 0)
<22:17:08> [B866A294] seamless unloading cell terrain(W8, 13), (L0, 5)
<22:17:08> [B866A294] seamless unloading cell terrain(W10, 15), (L2, 7)
<22:17:08> [3EF08C47] seamless loading cell object(W14, 15), (L6, 4)
<22:17:08> [3EF08C47] seamless loading cell object(W14, 13), (L6, 2)
<22:17:08> [3EF08C47] seamless loading cell object(W13, 12), (L5, 1)
<22:17:08> [7AB931CE] seamless unloading cell object(W9, 12), (L1, 4)
<22:17:08> [7AB931CE] seamless unloading cell object(W10, 9), (L2, 1)
<22:17:08> [7AB931CE] seamless unloading cell object(W9, 11), (L1, 3)
<22:17:08> [745BAE2F][Warning] failed to stream material xml(game/objects/characters/elf/male/parts/ar/obj/el_m_ar_leather493.mtl)
<22:17:08> [637AF710][Warning] missing chr material : game/objects/characters/elf/male/parts/ar/obj/el_m_ar_leather493.mtl (chr: game/objects/characters/elf/male/parts/ar/obj/el_m_1ar101_1arm003_3ar101.chr)
<22:17:08> [188BF914][Warning] [EntityLoader] invalid entity pos(0.298, -2.719, 0.001) name(B_gear_light)
<22:17:08> [DE20B351][Warning] Flow Graph Node targets unknown entity guid: 40b4eb27c568ca43
<22:17:09> [B42C333F] In World Loading Finished
<22:17:09> [82321C2B][Warning] [net 02:17:09.037] [time] remote time estimation restarted; estimate accumulator age was 0.554753
<22:17:09> [000004EE][Warning] FX Vertex shader 'Cloth@ClothEffectsVS' compilation error:
c:\AAClassic\Working\memory(147,24): warning X3206: '_Quat_x_Vec3': implicit truncation of vector type
c:\AAClassic\Working\memory(147,96): warning X3206: '_Quat_x_Vec3': implicit truncation of vector type
c:\AAClassic\Working\memory(147,168): warning X3206: '_Quat_x_Vec3': implicit truncation of vector type
c:\AAClassic\Working\memory(147,240): warning X3206: '_Quat_x_Vec3': implicit truncation of vector type
c:\AAClassic\Worki
<22:17:09> [0F88ABCF][Warning] Couldn't compile HW shader 'Cloth@ClothEffectsVS'
<22:17:10> [63ABB424][Warning] Facial sequence "closed_eyes_01" not listed in CAL file for character "game/objects/characters/warborn/female/nude/wa_f_base.chr".
<22:17:11> [000004EE][Warning] [Lua Error] ...cripts/x2ui/questcontext/notifier/quest_notifier.lua:350: attempt to index local 'info' (a nil value)
<22:17:13> [745BAE2F][Warning] failed to stream material xml(game/objects/env/03_origin_continent/001_odeco/ndeco_backpack_nuia_h.mtl)
<22:17:15> [CE0EF930][Warning] failed to stream cgf : default
<22:17:19> [A4D70365][Warning] rigid-body own-entity; prefab=prefabs/interaction_c.xml/house.door_anp node=AnimObject_1
<22:18:58> [A4D70365][Warning] rigid-body own-entity; prefab=prefabs/carriage.xml/carriage.carriageb node=AnimObject_55
<22:19:03> [B95EE41B][Error] invalid parent unit id(88304)
<22:19:03> [745BAE2F][Warning] failed to stream material xml(game/objects/characters/nuian/female/parts/cp/obj/nu_f_1cp101.mtl)
<22:19:04> [637AF710][Warning] missing chr material : game/objects/characters/nuian/female/parts/cp/obj/nu_f_1cp101.mtl (chr: game/objects/characters/nuian/female/parts/cp/obj/nu_f_1cp101.chr)
<22:19:04> [000004EE][Warning] Independent immortal particle effect spawned: X2_EFFECT_O.Interaction.enchant_wpn_range_honor_3g
<22:19:27> [B95EE41B][Error] invalid parent unit id(88304)
<22:19:58> [B95EE41B][Error] invalid parent unit id(117464)
<22:19:58> [745BAE2F][Warning] failed to stream material xml(game/objects/characters/nuian/male/parts/cp/obj/nu_m_1cp201.mtl)
<22:19:58> [637AF710][Warning] missing chr material : game/objects/characters/nuian/male/parts/cp/obj/nu_m_1cp201.mtl (chr: game/objects/characters/nuian/male/parts/cp/obj/nu_m_1cp101.chr)
<22:20:31> [B95EE41B][Error] invalid parent unit id(117464)
<22:20:48> [A4D70365][Warning] rigid-body own-entity; prefab=prefabs/carriage.xml/carriage.carriageb node=AnimObject_55
<22:21:13> [A4D70365][Warning] rigid-body own-entity; prefab=Prefabs/airship.xml/airship.normal node=wing
<22:23:37> [B95EE41B][Error] invalid parent unit id(53235)
<22:23:37> [04FA8364][Warning] Cannot load texture game/objects/characters/nuian/male/hair/hair_texture/, file missing [File=game/objects/characters/nuian/male/hair/hair_texture/]
<22:23:38> [0B111AA5][Warning] Failed to stream CAF-file [File=animations/item/effect_bone/mace_1h/mace_1h_darkmoon001/default.caf]
<22:23:38> [745BAE2F][Warning] failed to stream material xml(game/materials/effects/ljs_effect/dakmoon_sword_2h_fx.mtl)
<22:23:38> [000004EE][Warning] Independent immortal particle effect spawned: X2_EFFECT_O.Interaction.enchant_wpn_range_honor_3g
<22:24:00> [B95EE41B][Error] invalid parent unit id(53235)
<22:24:22> [A4D70365][Warning] rigid-body own-entity; prefab=prefabs/carriage.xml/carriage.carriageb node=AnimObject_55
<22:26:13> [A4D70365][Warning] rigid-body own-entity; prefab=prefabs/carriage.xml/carriage.carriageb node=AnimObject_55
<22:28:53> [BCCDC555][Warning] MakeSprite - too many sprite update (10). dropping.. (sprites : 42)
<22:29:26> [B95EE41B][Error] invalid parent unit id(119991)
<22:29:26> [745BAE2F][Warning] failed to stream material xml(game/objects/characters/dwarf/female/nude/Material #114.mtl)
<22:29:26> [637AF710][Warning] missing chr material : game/objects/characters/dwarf/female/parts/cp/obj/Material #0.mtl (chr: game/objects/characters/dwarf/female/parts/cp/obj/dw_f_1cp101.chr)
<22:29:36> [B95EE41B][Error] invalid parent unit id(119991)
<22:29:47> [A4D70365][Warning] rigid-body own-entity; prefab=prefabs/carriage.xml/carriage.carriageb node=AnimObject_55
<22:30:08> [745BAE2F][Warning] failed to stream material xml(game/objects/effects/ksw_effect/qilin.mtl)
<22:30:09> [B95EE41B][Error] invalid parent unit id(85260)
<22:30:09> [637AF710][Warning] missing chr material : game/objects/characters/warborn/female/parts/cp/obj/03 - Default.mtl (chr: game/objects/characters/warborn/female/parts/cp/obj/wa_f_1cp101.chr)
<22:30:09> [000004EE][Warning] Independent immortal particle effect spawned: X2_EFFECT_O.Interaction.enchant_wpn_range_honor_2g
<22:30:09> [000004EE][Warning] [CGF Error] game/objects/env/06_unit/06_glider/glider_wing_crystal/glider_wing_crystal_back.cgf [:] LOD1 of geometry  contains too many polygons comparing to the LOD0 [2720 against 4064] :
<22:30:09> [62232BEA][Warning] deferred xml stream error - game/animations/animals/chick/lmg_files/normal_run.lmg : f0000003
<22:30:11> [A4D70365][Warning] rigid-body own-entity; prefab=prefabs/carriage.xml/carriage.carriageb node=AnimObject_55
<22:30:11> [00DCF04C][Warning] Cannot load texture game/objects/characters/ferre/female/test/fe_f_nude_fur_df.dds, file missing [File=game/objects/characters/ferre/female/test/fe_f_nude_fur_df.dds]
<22:30:11> [CA175C82][Warning] non-stream IO. system(Material), filePath(game/objects/characters/dwarf/female/hair/dw_f_hair005/dw_f_hair005.mtl)
<22:30:12> [3305346E][Warning] Can't load image 'objects/Characters/texture/hm/77c88794c42051c40ea4187156ed9d523de5d47d_df.dds'. 
<22:30:13> [5243B464][Warning] Error: CShaderMan::mfCreateShaderResources: Couldn't find subsurface texture 'objects/characters/ferre/female/face/face01/fe_f_face01_fur_sss.dds' in path '' [File=objects/characters/ferre/female/face/face01/fe_f_face01_fur_sss.dds]
<22:30:13> [745BAE2F][Warning] failed to stream material xml(game/objects/characters/ferre/male/face/fe_m_face00_blup01.mtl)
<22:30:14> [637AF710][Warning] missing chr material : game/objects/characters/nuian/female/parts/pt/obj/nu_f_pt_cloth999.mtl (chr: game/objects/characters/nuian/female/parts/pt/obj/nu_f_1pt702.chr)
<22:30:15> [000004EE][Warning] Failed to load shader "Dynamiceffect_pul" in material "game/objects/characters/nuian/male/costume/nu_m_sk_tech001/nu_m_sk_tech_fx1"
<22:30:16> [000004EE][Warning] Independent immortal particle effect spawned: X2_EFFECT_O.Interaction.enchant_wpn_range_honor_3g
<22:30:16> [2363981C][Warning] chr material is not precached : game/objects/characters/elf/male/costume/el_m_sk_saint001/el_m_sk_saint001_h.mtl (chr: game/objects/characters/elf/male/costume/el_m_sk_saint001/el_m_sk_saint001_h.chr)
<22:30:17> [CA175C82][Warning] non-stream IO. system(Material), filePath(game/objects/characters/warborn/female/horns/wa_f_horns003/wa_f_horns003_hc07.mtl)
<22:30:28> [000004EE][Warning] [Lua Error] ...cripts/x2ui/questcontext/notifier/quest_notifier.lua:350: attempt to index local 'info' (a nil value)
<22:30:29> [A181AEBC][Warning] Anim events cannot find effect "X2_EFFECTS_C1.Glider.Crystal_Wing.wing_start1", requested by animation "animations/env/glider_wing_crystal/fist_ac_gliding_start.caf".
<22:30:35> [B866A294] seamless unloading cell terrain(W8, 10), (L0, 2)
<22:30:39> [745BAE2F][Warning] failed to stream material xml(game/materials/effects/fume_h_ssd.mtl)
<22:32:57> [A181AEBC][Warning] Anim events cannot find effect "X2_EFFECTS_C1.Glider.Crystal_Wing.wing_start1", requested by animation "animations/env/glider_wing_crystal/fist_ac_gliding_start.caf".
<22:33:26> [B95EE41B][Error] invalid parent unit id(57001)
<22:33:26> [000004EE][Warning] Independent immortal particle effect spawned: X2_EFFECT_O.Interaction.enchant_wpn_range_honor_3g
<22:33:30> [000004EE][Warning] [CGF Error] game/objects/item/blade_2h/blade_2h_monster/blade_2h_docheol_4/blade_2h_docheol_4.cgf [:] LOD1 of geometry  contains too many polygons comparing to the LOD0 [2486 against 3554] :
<22:33:33> [B95EE41B][Error] invalid parent unit id(57001)
<22:33:33> [000004EE][Warning] Independent immortal particle effect spawned: X2_EFFECT_O.Interaction.enchant_wpn_range_honor_3g
<22:33:33> [A181AEBC][Warning] Anim events cannot find effect "X2_EFFECTS_C1.Glider.Crystal_Wing.front_trail1", requested by animation "animations/env/glider_wing_crystal/fist_ac_gliding_front.caf".
<22:33:39> [745BAE2F][Warning] failed to stream material xml(game/materials/effects/fume_h_ssd.mtl)
<22:33:44> [A4D70365][Warning] rigid-body own-entity; prefab=Prefabs/airship.xml/airship.normal node=wing
<22:34:27> [B95EE41B][Error] invalid parent unit id(72153)
<22:34:35> [B95EE41B][Error] invalid parent unit id(72153)
<22:34:54> [A4D70365][Warning] rigid-body own-entity; prefab=prefabs/carriage.xml/carriage.carriageb node=AnimObject_55
<22:36:01> [A4D70365][Warning] rigid-body own-entity; prefab=prefabs/carriage.xml/carriage.carriageb node=AnimObject_55
<22:36:07> [000004EE][Warning] [Lua Error] ...cripts/x2ui/questcontext/notifier/quest_notifier.lua:350: attempt to index local 'info' (a nil value)
<22:36:30> [B95EE41B][Error] invalid parent unit id(88810)
<22:36:30> [FC7CE2C6][Warning] Cannot load texture , file missing
<22:36:30> [3305346E][Warning] Can't load image ''. 
<22:36:31> [000004EE][Warning] Independent immortal particle effect spawned: X2_EFFECT_O.Interaction.enchant_wpn_range_honor_3g
<22:36:41> [B95EE41B][Error] invalid parent unit id(76384)
<22:36:41> [437E3168][Warning] Cannot load texture game/objects/characters/monster/phoenix_white/phoenix_white2_df.dds, file missing [File=game/objects/characters/monster/phoenix_white/phoenix_white2_df.dds]
<22:36:41> [000004EE][Warning] [CGF Error] game/objects/item/mace_1h/mace_1h_valentine/mace_1h_valentine.cgf [:] LOD1 of geometry  contains too many polygons comparing to the LOD0 [706 against 992] :
<22:36:47> [B95EE41B][Error] invalid parent unit id(88810)
<22:36:54> [FC7CE2C6][Warning] Cannot load texture , file missing
<22:36:54> [3305346E][Warning] Can't load image ''. 
<22:37:00> [FC7CE2C6][Warning] Cannot load texture , file missing
<22:37:00> [3305346E][Warning] Can't load image ''. 
<22:37:05> [000004EE][Warning] Independent immortal particle effect spawned: X2_EFFECT_O.Interaction.enchant_wpn_range_honor_3g
<22:37:06> [B95EE41B][Error] invalid parent unit id(76384)
<22:37:14> [745BAE2F][Warning] failed to stream material xml(game/materials/effects/fume_h_ssd.mtl)
<22:37:40> [000004EE][Warning] Independent immortal particle effect spawned: X2_EFFECT_O.Interaction.enchant_wpn_range_honor_3g
<22:37:42> [FC7CE2C6][Warning] Cannot load texture , file missing
<22:37:42> [3305346E][Warning] Can't load image ''. 
<22:37:57> [FC7CE2C6][Warning] Cannot load texture , file missing
<22:37:57> [3305346E][Warning] Can't load image ''. 
<22:38:00> [B95EE41B][Error] invalid parent unit id(76384)
<22:38:05> [000004EE][Warning] [CGF Error] game/objects/item/blade_2h/blade_2h_monster/blade_2h_docheol_4/blade_2h_docheol_4.cgf [:] LOD1 of geometry  contains too many polygons comparing to the LOD0 [2486 against 3554] :
<22:38:05> [000004EE][Warning] Independent immortal particle effect spawned: X2_EFFECT_O.Interaction.enchant_wpn_range_honor_3g
<22:38:05> [B95EE41B][Error] invalid parent unit id(76384)
<22:38:15> [B95EE41B][Error] invalid parent unit id(87313)
<22:38:31> [BCCDC555][Warning] MakeSprite - too many sprite update (10). dropping.. (sprites : 142)
<22:38:35> [B95EE41B][Error] invalid parent unit id(87313)
<22:38:41> [B95EE41B][Error] invalid parent unit id(88050)
<22:38:41> [745BAE2F][Warning] failed to stream material xml(game/objects/effects/keffect/p_fire_blue1a.mtl)
<22:39:03> [CE0EF930][Warning] failed to stream cgf : objects/effects/portal_gate.cgf
<22:39:15> [BCCDC555][Warning] MakeSprite - too many sprite update (10). dropping.. (sprites : 156)
<22:39:21> [CE0EF930][Warning] failed to stream cgf : objects/effects/portal_gate.cgf
<22:39:28> [745BAE2F][Warning] failed to stream material xml(game/materials/effects/fume_h_ssd.mtl)
<22:40:09> [B95EE41B][Error] invalid parent unit id(95021)
<22:40:10> [FC7CE2C6][Warning] Cannot load texture , file missing
<22:40:10> [3305346E][Warning] Can't load image ''. 
<22:40:10> [000004EE][Warning] Independent immortal particle effect spawned: X2_EFFECT_O.Interaction.enchant_wpn_range_honor_3g
<22:40:10> [7F773128][Warning] Not a normal map texture tried to be used as a normal map: game/objects/item/aac/all/aa_valentines/2h_spear/aa_valentines_2h_spear_fx_02.dds [File=game/objects/item/aac/all/aa_valentines/2h_spear/aa_valentines_2h_spear_fx_02.dds]
<22:40:10> [3B7525D1][Warning] Non 3dc normal map used (wrong on DX10): game/objects/item/aac/all/aa_valentines/2h_spear/aa_valentines_2h_spear_ddn.dds [File=game/objects/item/aac/all/aa_valentines/2h_spear/aa_valentines_2h_spear_ddn.dds]
<22:40:11> [745BAE2F][Warning] failed to stream material xml(game/objects/effects/keffect/p_fire_blue1a.mtl)
<22:40:22> [B95EE41B][Error] invalid parent unit id(84129)
<22:40:25> [62232BEA][Warning] deferred xml stream error - game/animations/animals/owl_postman/lmg_files/normal_run.lmg : f0000003
<22:40:27> [CE0EF930][Warning] failed to stream cgf : objects/effects/portal_gate.cgf
<22:40:28> [FC7CE2C6][Warning] Cannot load texture , file missing
<22:40:28> [3305346E][Warning] Can't load image ''. 
<22:40:33> [B95EE41B][Error] invalid parent unit id(70589)
<22:41:08> [FC7CE2C6][Warning] Cannot load texture , file missing
<22:41:08> [3305346E][Warning] Can't load image ''. 
<22:41:32> [FC7CE2C6][Warning] Cannot load texture , file missing
<22:41:32> [3305346E][Warning] Can't load image ''. 
<22:41:48> [B95EE41B][Error] invalid parent unit id(85260)
<22:42:15> [A4D70365][Warning] rigid-body own-entity; prefab=prefabs/carriage.xml/carriage.carriageb node=AnimObject_55
<22:42:26> [AB97BEF0][Warning] Cannot load texture objects/characters/texture/gv/58b41eb330aa548c824a154990a9bc9198eaad99_df.dds, file missing [File=objects/characters/texture/gv/58b41eb330aa548c824a154990a9bc9198eaad99_df.dds]
<22:42:26> [745BAE2F][Warning] failed to stream material xml(game/objects/characters/dwarf/female/parts/gv/obj/dw_f_gv_leather179.mtl)
<22:42:26> [637AF710][Warning] missing chr material : game/objects/characters/dwarf/female/parts/gv/obj/dw_f_gv_leather179.mtl (chr: game/objects/characters/dwarf/female/parts/gv/obj/dw_f_2gv102.chr)
<22:42:26> [3305346E][Warning] Can't load image 'objects/Characters/texture/gv/58b41eb330aa548c824a154990a9bc9198eaad99_df.dds'. 
<22:42:36> [B95EE41B][Error] invalid parent unit id(84129)
<22:43:21> [A4D70365][Warning] rigid-body own-entity; prefab=prefabs/carriage.xml/carriage.carriageb node=AnimObject_55
<22:43:40> [B95EE41B][Error] invalid parent unit id(96204)
<22:43:41> [000004EE][Warning] [CGF Error] game/objects/item/blade_2h/blade_2h_monster/blade_2h_docheol_4/blade_2h_docheol_4.cgf [:] LOD1 of geometry  contains too many polygons comparing to the LOD0 [2486 against 3554] :
<22:43:41> [000004EE][Warning] Independent immortal particle effect spawned: X2_EFFECT_O.Interaction.enchant_wpn_range_honor_3g
<22:43:48> [745BAE2F][Warning] failed to stream material xml(game/materials/effects/fume_h_ssd.mtl)
<22:43:54> [B95EE41B][Error] invalid parent unit id(129717)
<22:43:59> [B95EE41B][Error] invalid parent unit id(129717)
<22:45:05> [A4D70365][Warning] rigid-body own-entity; prefab=Prefabs/airship.xml/airship.normal node=wing
<22:45:16> [745BAE2F][Warning] failed to stream material xml(game/materials/effects/fume_h_ssd.mtl)
<22:45:24> [745BAE2F][Warning] failed to stream material xml(game/objects/effects/ksw_effect/qilin.mtl)
<22:45:24> [B95EE41B][Error] invalid parent unit id(92619)
<22:45:29> [BCCDC555][Warning] MakeSprite - too many sprite update (10). dropping.. (sprites : 93)
<22:45:50> [CE0EF930][Warning] failed to stream cgf : objects/effects/portal_gate.cgf
<22:46:07> [745BAE2F][Warning] failed to stream material xml(game/objects/characters/warborn/female/hair/wa_f_hair004/nu_f_hair001.mtl)
<22:46:07> [CA175C82][Warning] non-stream IO. system(Material), filePath(game/objects/characters/warborn/female/horns/wa_f_horns011/wa_f_horns011_hc02.mtl)
<22:46:07> [000004EE][Warning] Independent immortal particle effect spawned: X2_EFFECT_O.Interaction.enchant_wpn_range_honor_3g
<22:46:07> [A181AEBC][Warning] Anim events cannot find effect "X2_EFFECTS_C1.Glider.Crystal_Wing.front_trail1", requested by animation "animations/env/glider_wing_crystal/fist_ac_gliding_front.caf".
<22:47:56> [B95EE41B][Error] invalid parent unit id(84431)
<22:47:57> [4820ACB9][Warning] Cannot load texture game/textures/p_effects/syh_effect/cat_footstrp_01.dds, file missing [File=game/textures/p_effects/syh_effect/cat_footstrp_01.dds]
<22:48:06> [745BAE2F][Warning] failed to stream material xml(game/materials/effects/fume_h_ssd.mtl)
<22:48:49> [B95EE41B][Error] invalid parent unit id(93167)
<22:48:50> [4E1BBF7C][Warning] Cannot load texture objects/characters/texture/pt/5a400895df5e7832ac1cbc28dce3174f3ccf81c1_df.dds, file missing [File=objects/characters/texture/pt/5a400895df5e7832ac1cbc28dce3174f3ccf81c1_df.dds]
<22:48:50> [745BAE2F][Warning] failed to stream material xml(game/objects/characters/dwarf/male/parts/ar/obj/dw_m_ar_leather181.mtl)
<22:48:50> [637AF710][Warning] missing chr material : game/objects/characters/dwarf/male/parts/pt/obj/dw_m_pt_metal224.mtl (chr: game/objects/characters/dwarf/male/parts/pt/obj/dw_m_1pt201.chr)
<22:48:50> [CA175C82][Warning] non-stream IO. system(Material), filePath(game/objects/characters/dwarf/male/hair/dw_m_hair002/dw_m_hair002.mtl)
<22:48:50> [3305346E][Warning] Can't load image 'objects/Characters/texture/pt/5a400895df5e7832ac1cbc28dce3174f3ccf81c1_df.dds'. 
<22:48:59> [320FAB9C][Warning] Cannot load texture objects/Characters/texture/pt/5a400895df5e7832ac1cbc28dce3174f3ccf81c1_df.dds, file missing [File=objects/Characters/texture/pt/5a400895df5e7832ac1cbc28dce3174f3ccf81c1_df.dds]
<22:48:59> [3305346E][Warning] Can't load image 'objects/Characters/texture/pt/5a400895df5e7832ac1cbc28dce3174f3ccf81c1_df.dds'. 
<22:49:02> [B95EE41B][Error] invalid parent unit id(93167)
<22:49:05> [320FAB9C][Warning] Cannot load texture objects/Characters/texture/pt/5a400895df5e7832ac1cbc28dce3174f3ccf81c1_df.dds, file missing [File=objects/Characters/texture/pt/5a400895df5e7832ac1cbc28dce3174f3ccf81c1_df.dds]
<22:49:05> [3305346E][Warning] Can't load image 'objects/Characters/texture/pt/5a400895df5e7832ac1cbc28dce3174f3ccf81c1_df.dds'. 
<22:49:24> [320FAB9C][Warning] Cannot load texture objects/Characters/texture/pt/5a400895df5e7832ac1cbc28dce3174f3ccf81c1_df.dds, file missing [File=objects/Characters/texture/pt/5a400895df5e7832ac1cbc28dce3174f3ccf81c1_df.dds]
<22:49:24> [3305346E][Warning] Can't load image 'objects/Characters/texture/pt/5a400895df5e7832ac1cbc28dce3174f3ccf81c1_df.dds'. 
<22:49:36> [A4D70365][Warning] rigid-body own-entity; prefab=prefabs/carriage.xml/carriage.carriageb node=AnimObject_55
<22:49:36> [320FAB9C][Warning] Cannot load texture objects/Characters/texture/pt/5a400895df5e7832ac1cbc28dce3174f3ccf81c1_df.dds, file missing [File=objects/Characters/texture/pt/5a400895df5e7832ac1cbc28dce3174f3ccf81c1_df.dds]
<22:49:36> [3305346E][Warning] Can't load image 'objects/Characters/texture/pt/5a400895df5e7832ac1cbc28dce3174f3ccf81c1_df.dds'. 
<22:50:12> [320FAB9C][Warning] Cannot load texture objects/Characters/texture/pt/5a400895df5e7832ac1cbc28dce3174f3ccf81c1_df.dds, file missing [File=objects/Characters/texture/pt/5a400895df5e7832ac1cbc28dce3174f3ccf81c1_df.dds]
<22:50:12> [3305346E][Warning] Can't load image 'objects/Characters/texture/pt/5a400895df5e7832ac1cbc28dce3174f3ccf81c1_df.dds'. 
<22:50:24> [745BAE2F][Warning] failed to stream material xml(game/materials/effects/fume_h_ssd.mtl)
<22:50:27> [320FAB9C][Warning] Cannot load texture objects/Characters/texture/pt/5a400895df5e7832ac1cbc28dce3174f3ccf81c1_df.dds, file missing [File=objects/Characters/texture/pt/5a400895df5e7832ac1cbc28dce3174f3ccf81c1_df.dds]
<22:50:27> [3305346E][Warning] Can't load image 'objects/Characters/texture/pt/5a400895df5e7832ac1cbc28dce3174f3ccf81c1_df.dds'. 
<22:50:38> [745BAE2F][Warning] failed to stream material xml(game/objects/characters/elf/female/parts/pt/obj/el_f_pt_leather179.mtl)
<22:50:38> [637AF710][Warning] missing chr material : game/objects/characters/elf/female/parts/gv/obj/el_f_gv_leather179.mtl (chr: game/objects/characters/elf/female/parts/gv/obj/el_f_2gv102.chr)
<22:50:42> [A4D70365][Warning] rigid-body own-entity; prefab=prefabs/carriage.xml/carriage.carriageb node=AnimObject_55
<22:50:47> [CE0EF930][Warning] failed to stream cgf : objects/effects/portal_gate.cgf
<22:51:08> [745BAE2F][Warning] failed to stream material xml(game/materials/effects/fume_h_ssd.mtl)
<22:53:07> [745BAE2F][Warning] failed to stream material xml(game/objects/characters/nuian/male/parts/cp/obj/nu_m_1cp201.mtl)
<22:53:07> [637AF710][Warning] missing chr material : game/objects/characters/nuian/male/parts/ar/obj/nu_m_ar_cloth110.mtl (chr: game/objects/characters/nuian/male/parts/ar/obj/nu_m_1ar903_1arm016_1bt019.chr)
<22:53:07> [000004EE][Warning] Independent immortal particle effect spawned: X2_EFFECT_O.Interaction.enchant_wpn_range_honor_3g
<22:53:20> [B95EE41B][Error] invalid parent unit id(83739)
<22:53:30> [745BAE2F][Warning] failed to stream material xml(game/materials/effects/fume_h_ssd.mtl)
<22:53:38> [B95EE41B][Error] invalid parent unit id(83739)
<22:54:03> [745BAE2F][Warning] failed to stream material xml(game/objects/effects/ksw_effect/qilin.mtl)
<22:54:03> [B95EE41B][Error] invalid parent unit id(92325)
<22:54:04> [637AF710][Warning] missing chr material : game/objects/characters/hariharan/female/parts/bo/obj/ha_f_bo_cloth156.mtl (chr: game/objects/characters/hariharan/female/parts/bo/obj/ha_f_1bo403.chr)
<22:54:04> [000004EE][Warning] Independent immortal particle effect spawned: X2_EFFECT_O.Interaction.enchant_wpn_range_honor_3g
<22:54:26> [000004EE][Warning] Particle effect not found: 'game/abillity_skill_table_m.illusion.evil_spawn_form', from unknown 
<22:54:26> [745BAE2F][Warning] failed to stream material xml(game/objects/characters/ferre/male/nude/fe_m_grap02.mtl)
<22:54:27> [000004EE][Warning] [CGF Error] game/objects/item/shield/shield_monster/shield_baeksojeong01/shield_baeksojeong01.cgf [:] LOD1 of geometry  contains too many polygons comparing to the LOD0 [872 against 1145] :
<22:54:27> [000004EE][Warning] Independent immortal particle effect spawned: X2_EFFECT_O.Interaction.enchant_wpn_range_honor_3g
<22:54:43> [B95EE41B][Error] invalid parent unit id(92325)
<22:54:44> [BCCDC555][Warning] MakeSprite - too many sprite update (10). dropping.. (sprites : 164)
<22:55:00> [745BAE2F][Warning] failed to stream material xml(game/objects/characters/hariharan/female/parts/hm/obj/ha_f_hm_cloth158.mtl)
<22:55:00> [637AF710][Warning] missing chr material : game/objects/characters/hariharan/female/parts/hm/obj/ha_f_hm_cloth158.mtl (chr: game/objects/characters/hariharan/female/parts/hm/obj/ha_f_1hm190.chr)
<22:55:31> [745BAE2F][Warning] failed to stream material xml(game/objects/characters/ferre/male/face/fe_m_face00_blup02.mtl)
<22:55:33> [637AF710][Warning] missing chr material : game/objects/characters/hariharan/female/parts/pt/obj/ha_f_pt_cloth200.mtl (chr: game/objects/characters/hariharan/female/parts/pt/obj/ha_f_1pt601.chr)
<22:55:38> [CE0EF930][Warning] failed to stream cgf : objects/effects/portal_gate.cgf
<22:56:25> [745BAE2F][Warning] failed to stream material xml(game/objects/characters/hariharan/female/parts/bo/obj/ha_f_bo_leather179.mtl)
<22:56:25> [637AF710][Warning] missing chr material : game/objects/characters/hariharan/female/parts/gv/obj/ha_f_gv_leather179.mtl (chr: game/objects/characters/hariharan/female/parts/gv/obj/ha_f_2gv102.chr)
<22:56:31> [B95EE41B][Error] invalid parent unit id(116589)
<22:56:39> [B95EE41B][Error] invalid parent unit id(116589)
<22:56:41> [63ABB424][Warning] Facial sequence "fist_ac_whistle" not listed in CAL file for character "game/objects/characters/hariharan/female/nude/ha_f_base.chr".
<22:56:42> [F724A392][Error] CryAnimation:: Trying to load animation with alias "fist_ba_relaxed_idle_rand_3" from file "animations/monster/yata/fist/fist_ba_relaxed_idle_rand_3.caf" into the animation container. Such animation alias already exists and uses file "animations/monster/yata/fist/fist_ba_relaxed_idle_rand_1.caf". Please use another animation alias.
<22:56:49> [B95EE41B][Error] invalid parent unit id(123076)
<22:56:51> [CE0EF930][Warning] failed to stream cgf : objects/effects/portal_gate.cgf
<22:56:56> [A4D70365][Warning] rigid-body own-entity; prefab=prefabs/carriage.xml/carriage.carriageb node=AnimObject_55
<22:57:27> [A4D70365][Warning] rigid-body own-entity; prefab=Prefabs/airship.xml/airship.normal node=wing
<22:57:44> [745BAE2F][Warning] failed to stream material xml(game/objects/characters/nuian/female/parts/bo/obj/nu_f_bo_cloth168.mtl)
<22:57:44> [637AF710][Warning] missing chr material : game/objects/characters/nuian/female/parts/pt/obj/nu_f_pt_cloth168.mtl (chr: game/objects/characters/nuian/female/parts/pt/obj/nu_f_1pt606.chr)
<22:57:44> [000004EE][Warning] Independent immortal particle effect spawned: X2_EFFECT_O.Interaction.enchant_wpn_range_honor_3g
<22:57:46> [B95EE41B][Error] invalid parent unit id(107906)
<22:57:57> [CA175C82][Warning] non-stream IO. system(Material), filePath(game/objects/characters/warborn/female/horns/wa_f_horns010/wa_f_horns010_hc01.mtl)
<22:58:01> [B95EE41B][Error] invalid parent unit id(116589)
<22:58:02> [A4D70365][Warning] rigid-body own-entity; prefab=prefabs/carriage.xml/carriage.carriageb node=AnimObject_55
<22:58:04> [000004EE][Warning] [CGF Error] game/objects/item/sword_2h/sword_2h_55_6/sword_2h_55_6.cgf [:] LOD1 of geometry  contains too many polygons comparing to the LOD0 [934 against 1320] :
<22:58:04> [13A1FD5A][Warning] AWD vehicle has different tire size. model type(2159)
<22:58:04> [FB5E55CF][Warning] doodad with no entity can't be attached to vehicle/ship/actor models(Gtr)
<22:58:06> [745BAE2F][Warning] failed to stream material xml(game/objects/effects/ksw_effect/qilin.mtl)
<22:58:06> [637AF710][Warning] missing chr material : game/objects/characters/nuian/female/parts/hm/obj/nu_f_hm_cloth164.mtl (chr: game/objects/characters/nuian/female/parts/hm/obj/nu_f_1hm220.chr)
<22:58:07> [B95EE41B][Error] invalid parent unit id(116589)
<22:58:20> [B95EE41B][Error] invalid parent unit id(96878)
<22:58:24> [CE0EF930][Warning] failed to stream cgf : objects/effects/portal_gate.cgf
<22:58:24> [745BAE2F][Warning] failed to stream material xml(game/objects/effects/jjc_effect/01___Default.mtl)
<22:58:30> [B95EE41B][Error] invalid parent unit id(116589)
<22:58:39> [F724A392][Error] CryAnimation:: Trying to load animation with alias "fist_ba_relaxed_idle_rand_3" from file "animations/animals/horse/fist/fist_ba_relaxed_idle_rand_3.caf" into the animation container. Such animation alias already exists and uses file "animations/animals/horse/fist/fist_ba_relaxed_idle_rand_1.caf". Please use another animation alias.
<22:58:39> [B95EE41B][Error] invalid parent unit id(82335)
<22:58:40> [000004EE][Warning] Independent immortal particle effect spawned: X2_EFFECT_O.Interaction.enchant_wpn_range_honor_3g
<22:58:54> [B95EE41B][Error] invalid parent unit id(82335)
<22:58:55> [63ABB424][Warning] Facial sequence "fist_ac_whistle" not listed in CAL file for character "game/objects/characters/hariharan/female/nude/ha_f_base.chr".
<22:59:00> [B95EE41B][Error] invalid parent unit id(70374)
<22:59:16> [CE0EF930][Warning] failed to stream cgf : objects/effects/portal_gate.cgf
<22:59:41> [BCCDC555][Warning] MakeSprite - too many sprite update (10). dropping.. (sprites : 53)
<23:00:17> [745BAE2F][Warning] failed to stream material xml(game/materials/effects/fume_h_ssd.mtl)
<23:00:32> [CE0EF930][Warning] failed to stream cgf : objects/effects/portal_gate.cgf
<23:00:46> [CE0EF930][Warning] failed to stream cgf : objects/effects/portal_gate.cgf
<23:01:18> [745BAE2F][Warning] failed to stream material xml(game/objects/characters/nuian/male/parts/cp/obj/nu_m_cp_cloth027.mtl)
<23:01:18> [637AF710][Warning] missing chr material : game/objects/characters/nuian/male/parts/cp/obj/nu_m_cp_cloth027.mtl (chr: game/objects/characters/nuian/male/parts/cp/obj/nu_m_1cp301.chr)
<23:02:00> [745BAE2F][Warning] failed to stream material xml(game/objects/effects/ksw_effect/qilin.mtl)
<23:02:01> [B95EE41B][Error] invalid parent unit id(95689)
<23:02:07> [B95EE41B][Error] invalid parent unit id(95689)
<23:02:52> [B95EE41B][Error] invalid parent unit id(102890)
<23:02:53> [000004EE][Warning] [CGF Error] game/objects/item/bow/bow_christmas03/bow_christmas03.cgf [:] LOD1 of geometry  contains too many polygons comparing to the LOD0 [4696 against 5971] :
<23:02:53> [745BAE2F][Warning] failed to stream material xml(game/objects/effects/keffect/p_fire_blue1a.mtl)
<23:02:53> [13A1FD5A][Warning] AWD vehicle has different tire size. model type(2159)
<23:02:53> [E4127324][Warning] doodad with no entity can't be attached to vehicle/ship/actor models(Mechaautisma)
<23:03:05> [B95EE41B][Error] invalid parent unit id(102890)
<23:03:31> [B95EE41B][Error] invalid parent unit id(105177)
<23:03:31> [2363981C][Warning] chr material is not precached : game/objects/characters/dwarf/female/costume/dw_f_sk_succubus001/dw_f_sk_succubus001_h.mtl (chr: game/objects/characters/dwarf/female/costume/dw_f_sk_succubus001/dw_f_sk_succubus001_h.chr)
<23:03:31> [CA175C82][Warning] non-stream IO. system(Material), filePath(game/objects/characters/dwarf/female/costume/dw_f_sk_succubus001/dw_f_sk_succubus001_h.mtl)
<23:03:35> [745BAE2F][Warning] failed to stream material xml(game/objects/effects/ksw_effect/qilin.mtl)
<23:03:41> [B95EE41B][Error] invalid parent unit id(24875)
<23:03:42> [745BAE2F][Warning] failed to stream material xml(game/objects/characters/nuian/male/parts/all/leather/leather099/Material #14.mtl)
<23:03:42> [637AF710][Warning] missing chr material : game/objects/characters/nuian/male/parts/cp/obj/nu_m_cp_cloth027.mtl (chr: game/objects/characters/nuian/male/parts/cp/obj/nu_m_1cp301.chr)
<23:03:50> [745BAE2F][Warning] failed to stream material xml(game/materials/effects/fume_h_ssd.mtl)
<23:03:56> [B95EE41B][Error] invalid parent unit id(68508)
<23:04:03> [B95EE41B][Error] invalid parent unit id(105177)
<23:04:15> [B95EE41B][Error] invalid parent unit id(93602)
<23:04:17> [A4D70365][Warning] rigid-body own-entity; prefab=prefabs/carriage.xml/carriage.carriageb node=AnimObject_55
<23:04:24> [B95EE41B][Error] invalid parent unit id(79242)
<23:04:29> [B95EE41B][Error] invalid parent unit id(79242)
<23:04:34> [000004EE][Warning] Independent immortal particle effect spawned: X2_EFFECT_O.Interaction.enchant_wpn_range_honor_3g
<23:04:46> [B95EE41B][Error] invalid parent unit id(78734)
<23:04:46> [63ABB424][Warning] Facial sequence "fist_ac_whistle" not listed in CAL file for character "game/objects/characters/elf/male/nude/el_m_base.chr".
<23:04:47> [745BAE2F][Warning] failed to stream material xml(game/objects/env/06_unit/06_glider/glider_phoenix_black_blup03.mtl)
<23:04:47> [637AF710][Warning] missing chr material : game/objects/characters/ferre/male/hair/fe_m_hair013/fe_m_hair009.mtl (chr: game/objects/characters/ferre/male/hair/fe_m_hair013/fe_m_hair013.chr)
<23:04:53> [B95EE41B][Error] invalid parent unit id(99697)
<23:05:02> [B95EE41B][Error] invalid parent unit id(105177)
<23:05:23> [A4D70365][Warning] rigid-body own-entity; prefab=prefabs/carriage.xml/carriage.carriageb node=AnimObject_55
<23:05:26> [745BAE2F][Warning] failed to stream material xml(game/objects/characters/nuian/female/parts/gv/obj/nu_f_gv_leather179.mtl)
<23:05:26> [637AF710][Warning] missing chr material : game/objects/characters/nuian/female/parts/ar/obj/nu_f_ar_leather181.mtl (chr: game/objects/characters/nuian/female/parts/ar/obj/nu_f_1ac014_1ar117_2ar602_2arm004_2bt005_2pv002.chr)
<23:05:26> [000004EE][Warning] Independent immortal particle effect spawned: X2_EFFECT_O.Interaction.enchant_wpn_range_honor_2g
<23:05:34> [B95EE41B][Error] invalid parent unit id(102431)
<23:05:39> [B95EE41B][Error] invalid parent unit id(102431)
<23:05:41> [000004EE][Warning] Particle effect not found: 'game/x2_effects_k.j_pc_effects.skill_hatred_sc_curse_cast', from unknown 
<23:05:42> [FC7CE2C6][Warning] Cannot load texture , file missing
<23:05:42> [3305346E][Warning] Can't load image ''. 
<23:05:42> [745BAE2F][Warning] failed to stream material xml(objects/effects/peffect/magic_sphere_mesh_a.mtl)
<23:05:45> [B95EE41B][Error] invalid parent unit id(73368)
<23:06:16> [B95EE41B][Error] invalid parent unit id(76162)
<23:06:17> [13A1FD5A][Warning] AWD vehicle has different tire size. model type(2159)
<23:06:17> [714D4B8C][Warning] doodad with no entity can't be attached to vehicle/ship/actor models(Rampage S200)
<23:06:28> [B95EE41B][Error] invalid parent unit id(76162)
<23:07:11> [745BAE2F][Warning] failed to stream material xml(game/materials/effects/fume_h_ssd.mtl)
<23:07:24> [FC7CE2C6][Warning] Cannot load texture , file missing
<23:07:24> [3305346E][Warning] Can't load image ''. 
<23:07:32> [B95EE41B][Error] invalid parent unit id(109937)
<23:07:32> [745BAE2F][Warning] failed to stream material xml(game/objects/characters/nuian/male/parts/gv/obj/nu_m_gv_leather001.mtl)
<23:07:33> [637AF710][Warning] missing chr material : game/objects/characters/nuian/male/parts/bo/obj/nu_m_bo_leather001.mtl (chr: game/objects/characters/nuian/male/parts/bo/obj/nu_m_2bo502.chr)
<23:07:33> [FC7CE2C6][Warning] Cannot load texture , file missing
<23:07:33> [3305346E][Warning] Can't load image ''. 
<23:07:40> [B95EE41B][Error] invalid parent unit id(109937)
<23:08:06> [FC7CE2C6][Warning] Cannot load texture , file missing
<23:08:06> [3305346E][Warning] Can't load image ''. 
<23:08:17> [63ABB424][Warning] Facial sequence "fist_ba_combat_idle_rand_4" not listed in CAL file for character "game/objects/characters/dwarf/male/nude/dw_m_base.chr".
<23:08:18> [FC7CE2C6][Warning] Cannot load texture , file missing
<23:08:18> [3305346E][Warning] Can't load image ''. 
<23:08:24> [FC7CE2C6][Warning] Cannot load texture , file missing
<23:08:24> [3305346E][Warning] Can't load image ''. 
<23:08:28> [62232BEA][Warning] deferred xml stream error - game/animations/animals/owl_postman/lmg_files/normal_run.lmg : f0000003
<23:08:32> [000004EE][Warning] [Lua Error] ...cripts/x2ui/questcontext/notifier/quest_notifier.lua:350: attempt to index local 'info' (a nil value)
<23:08:34> [BCCDC555][Warning] MakeSprite - too many sprite update (10). dropping.. (sprites : 153)
<23:08:37> [B95EE41B][Error] invalid parent unit id(75518)
<23:08:37> [745BAE2F][Warning] failed to stream material xml(game/objects/characters/nuian/male/parts/hm/obj/nu_m_hm_cloth169.mtl)
<23:08:37> [637AF710][Warning] missing chr material : game/objects/characters/nuian/male/parts/gv/obj/nu_m_gv_cloth168.mtl (chr: game/objects/characters/nuian/male/parts/gv/obj/nu_m_2gv302.chr)
<23:08:46> [B95EE41B][Error] invalid parent unit id(106700)
<23:08:48> [A4D70365][Warning] rigid-body own-entity; prefab=Prefabs/airship.xml/airship.normal node=wing
<23:09:25> [6FF68EA5] SetInstantTime: type 0 time 1760065915
<23:09:27> [63ABB424][Warning] Facial sequence "fist_ba_combat_idle_rand_2" not listed in CAL file for character "game/objects/characters/dwarf/male/nude/dw_m_base.chr".
<23:09:45> [745BAE2F][Warning] failed to stream material xml(game/objects/characters/hariharan/male/parts/ar/obj/ha_m_ar_metal166.mtl)
<23:09:45> [637AF710][Warning] missing chr material : game/objects/characters/hariharan/male/parts/all/cloth/cloth041/el_m_cp_cloth041.mtl (chr: game/objects/characters/hariharan/male/parts/all/cloth/cloth041/ha_m_cp_cloth041.chr)
<23:09:49> [CE0EF930][Warning] failed to stream cgf : objects/effects/portal_gate.cgf
<23:10:04> [FC7CE2C6][Warning] Cannot load texture , file missing
<23:10:04> [3305346E][Warning] Can't load image ''. 
<23:10:19> [FC7CE2C6][Warning] Cannot load texture , file missing
<23:10:19> [3305346E][Warning] Can't load image ''. 
<23:10:32> [CE0EF930][Warning] failed to stream cgf : objects/effects/portal_gate.cgf
<23:10:44> [B95EE41B][Error] invalid parent unit id(126231)
<23:10:44> [745BAE2F][Warning] failed to stream material xml(game/objects/effects/ksw_effect/qilin.mtl)
<23:10:45> [637AF710][Warning] missing chr material : game/objects/characters/hariharan/male/parts/pt/obj/ha_m_pt_metal162.mtl (chr: game/objects/characters/hariharan/male/parts/pt/obj/ha_m_4kn003_4pt201.chr)
<23:10:53> [B95EE41B][Error] invalid parent unit id(126231)
<23:11:04> [745BAE2F][Warning] failed to stream material xml(game/objects/effects/ksw_effect/qilin.mtl)
<23:11:04> [B95EE41B][Error] invalid parent unit id(88085)
<23:11:05> [637AF710][Warning] missing chr material : game/objects/characters/hariharan/male/parts/gv/obj/ha_m_gv_cloth504.mtl (chr: game/objects/characters/hariharan/male/parts/gv/obj/ha_m_1gv501.chr)
<23:11:05> [000004EE][Warning] Independent immortal particle effect spawned: X2_EFFECT_O.Interaction.enchant_wpn_range_honor_3g
<23:11:12> [B95EE41B][Error] invalid parent unit id(88085)
<23:11:32> [745BAE2F][Warning] failed to stream material xml(game/materials/effects/fume_h_ssd.mtl)
<23:11:37> [A4D70365][Warning] rigid-body own-entity; prefab=prefabs/carriage.xml/carriage.carriageb node=AnimObject_55
<23:11:40> [A181AEBC][Warning] Anim events cannot find effect "X2_EFFECTS_C1.Glider.Crystal_Wing.front_trail1", requested by animation "animations/env/glider_wing_crystal/fist_ac_gliding_front.caf".
<23:11:45> [745BAE2F][Warning] failed to stream material xml(game/objects/characters/warborn/female/parts/gv/obj/wa_f_gv_cloth170.mtl)
<23:11:45> [637AF710][Warning] missing chr material : game/objects/characters/warborn/female/parts/ar/obj/wa_f_ar_cloth170.mtl (chr: game/objects/characters/warborn/female/parts/ar/obj/wa_f_2sh018_5ar204.chr)
<23:11:45> [CA175C82][Warning] non-stream IO. system(Material), filePath(game/objects/characters/warborn/female/horns/wa_f_horns011/wa_f_horns011_hc07.mtl)
<23:11:47> [A181AEBC][Warning] Anim events cannot find effect "X2_EFFECTS_C1.Glider.Crystal_Wing.front_trail1", requested by animation "animations/env/glider_wing_crystal/fist_ac_gliding_front.caf".
<23:11:47> [000004EE][Warning] Independent immortal particle effect spawned: X2_EFFECT_O.Interaction.enchant_wpn_range_honor_3g
<23:11:50> [745BAE2F][Warning] failed to stream material xml(game/objects/characters/dwarf/male/parts/ar/obj/dw_m_ar_cloth262.mtl)
<23:11:50> [637AF710][Warning] missing chr material : game/objects/characters/dwarf/male/parts/ar/obj/dw_m_ar_cloth262.mtl (chr: game/objects/characters/dwarf/male/parts/ar/obj/dw_m_1ar903_1arm016_1bt015_1pv004_3sh021.chr)
<23:11:50> [FC7CE2C6][Warning] Cannot load texture , file missing
<23:11:50> [3305346E][Warning] Can't load image ''. 
<23:11:51> [000004EE][Warning] Particle effect not found: 'X2_EFFECTS_C1.Glider.Crystal_Wing.front_trail_idle', from unknown 
<23:11:55> [745BAE2F][Warning] failed to stream material xml(game/objects/characters/hariharan/female/parts/cp/obj/ha_f_1cp101.mtl)
<23:11:55> [637AF710][Warning] missing chr material : game/objects/characters/hariharan/female/parts/gv/obj/ha_f_gv_cloth037.mtl (chr: game/objects/characters/hariharan/female/parts/gv/obj/ha_f_1gv102.chr)
<23:11:55> [6FF68EA5] SetInstantTime: type 0 time 0
<23:11:56> [A181AEBC][Warning] Anim events cannot find effect "X2_EFFECTS_C1.Glider.Crystal_Wing.front_trail1", requested by animation "animations/env/glider_wing_crystal/fist_ac_gliding_front.caf".
<23:12:01> [745BAE2F][Warning] failed to stream material xml(game/materials/effects/fume_h_ssd.mtl)
<23:12:42> [FC7CE2C6][Warning] Cannot load texture , file missing
<23:12:42> [3305346E][Warning] Can't load image ''. 
<23:12:44> [A4D70365][Warning] rigid-body own-entity; prefab=prefabs/carriage.xml/carriage.carriageb node=AnimObject_55
<23:12:44> [745BAE2F][Warning] failed to stream material xml(game/objects/effects/ksw_effect/qilin.mtl)
<23:12:44> [B95EE41B][Error] invalid parent unit id(109319)
<23:12:48> [FC7CE2C6][Warning] Cannot load texture , file missing
<23:12:48> [3305346E][Warning] Can't load image ''. 
<23:12:54> [B95EE41B][Error] invalid parent unit id(109319)
<23:12:54> [FC7CE2C6][Warning] Cannot load texture , file missing
<23:12:54> [3305346E][Warning] Can't load image ''. 
<23:13:00> [FC7CE2C6][Warning] Cannot load texture , file missing
<23:13:00> [3305346E][Warning] Can't load image ''. 
<23:13:14> [B95EE41B][Error] invalid parent unit id(73962)
<23:13:14> [745BAE2F][Warning] failed to stream material xml(game/objects/characters/nuian/male/parts/cp/obj/nu_m_1cp201.mtl)
<23:13:14> [0C909E39][Warning] Cannot load texture game/objects/characters/texture/cp/nu_m_cp_cloth047_df.dds, file missing [File=game/objects/characters/texture/cp/nu_m_cp_cloth047_df.dds]
<23:13:15> [637AF710][Warning] missing chr material : game/objects/characters/nuian/male/parts/cp/obj/nu_m_1cp201.mtl (chr: game/objects/characters/nuian/male/parts/cp/obj/nu_m_1cp101.chr)
<23:13:16> [BCCDC555][Warning] MakeSprite - too many sprite update (10). dropping.. (sprites : 72)
<23:13:21> [FC7CE2C6][Warning] Cannot load texture , file missing
<23:13:21> [3305346E][Warning] Can't load image ''. 
<23:13:45> [745BAE2F][Warning] failed to stream material xml(game/materials/effects/fume_h_ssd.mtl)
<23:13:45> [FC7CE2C6][Warning] Cannot load texture , file missing
<23:13:45> [3305346E][Warning] Can't load image ''. 
<23:13:51> [745BAE2F][Warning] failed to stream material xml(game/objects/characters/dwarf/female/parts/cp/obj/01 - Default.mtl)
<23:13:51> [637AF710][Warning] missing chr material : game/objects/characters/dwarf/female/parts/cp/obj/01 - Default.mtl (chr: game/objects/characters/dwarf/female/parts/cp/obj/dw_f_1cp113.chr)
<23:13:51> [B95EE41B][Error] invalid parent unit id(73962)
<23:13:55> [000004EE][Warning] [CGF Error] game/objects/item/spear_1h/spear_1h_monster/spear_1h_baeksojeong_1/spear_1h_baeksojeong_1.cgf [:] LOD1 of geometry  contains too many polygons comparing to the LOD0 [1489 against 1930] :
<23:13:55> [A181AEBC][Warning] Anim events cannot find effect "X2_EFFECTS_C1.Glider.Crystal_Wing.front_trail1", requested by animation "animations/env/glider_wing_crystal/fist_ac_gliding_front.caf".
<23:13:58> [745BAE2F][Warning] failed to stream material xml(game/objects/characters/hariharan/male/parts/ar/obj/ha_m_ar_cloth486.mtl)
<23:13:58> [637AF710][Warning] missing chr material : game/objects/characters/hariharan/male/parts/hm/obj/ha_m_hm_cloth999.mtl (chr: game/objects/characters/hariharan/male/parts/hm/obj/ha_m_1hm124.chr)
<23:14:10> [4FC35136][Warning] Cannot load texture game/objects/characters/texture/cp/nu_m_cp_cloth044_df.dds, file missing [File=game/objects/characters/texture/cp/nu_m_cp_cloth044_df.dds]
<23:14:20> [745BAE2F][Warning] failed to stream material xml(game/materials/effects/fume_h_ssd.mtl)
<23:14:28> [A181AEBC][Warning] Anim events cannot find effect "X2_EFFECTS_C1.Glider.Crystal_Wing.wing_start1", requested by animation "animations/env/glider_wing_crystal/fist_ac_gliding_start.caf".
<23:14:52> [FC7CE2C6][Warning] Cannot load texture , file missing
<23:14:52> [3305346E][Warning] Can't load image ''. 
<23:14:55> [A181AEBC][Warning] Anim events cannot find effect "X2_EFFECTS_C1.Glider.Crystal_Wing.wing_start1", requested by animation "animations/env/glider_wing_crystal/fist_ac_gliding_start.caf".
<23:14:58> [FC7CE2C6][Warning] Cannot load texture , file missing
<23:14:58> [3305346E][Warning] Can't load image ''. 
<23:15:08> [A181AEBC][Warning] Anim events cannot find effect "X2_EFFECTS_C1.Glider.Crystal_Wing.wing_start1", requested by animation "animations/env/glider_wing_crystal/fist_ac_gliding_start.caf".
<23:15:10> [FC7CE2C6][Warning] Cannot load texture , file missing
<23:15:10> [3305346E][Warning] Can't load image ''. 
<23:15:25> [FC7CE2C6][Warning] Cannot load texture , file missing
<23:15:25> [3305346E][Warning] Can't load image ''. 
<23:15:47> [CE0EF930][Warning] failed to stream cgf : objects/effects/portal_gate.cgf
<23:16:05> [FC7CE2C6][Warning] Cannot load texture , file missing
<23:16:05> [3305346E][Warning] Can't load image ''. 
<23:16:15> [B95EE41B][Error] invalid parent unit id(92278)
<23:16:23> [FC7CE2C6][Warning] Cannot load texture , file missing
<23:16:23> [3305346E][Warning] Can't load image ''. 
<23:16:25> [B95EE41B][Error] invalid parent unit id(105345)
<23:16:32> [B95EE41B][Error] invalid parent unit id(105345)
<23:16:35> [000004EE][Warning] [CGF Error] game/objects/item/spear_1h/spear_1h_monster/spear_1h_baeksojeong_1/spear_1h_baeksojeong_1.cgf [:] LOD1 of geometry  contains too many polygons comparing to the LOD0 [1489 against 1930] :
<23:16:44> [FC7CE2C6][Warning] Cannot load texture , file missing
<23:16:44> [3305346E][Warning] Can't load image ''. 
<23:16:59> [B95EE41B][Error] invalid parent unit id(105345)
<23:17:53> [BB897B6D][Warning] Cannot load texture 0, file missing [File=0]
<23:17:53> [B95EE41B][Error] invalid parent unit id(105345)
<23:17:55> [745BAE2F][Warning] failed to stream material xml(game/objects/characters/hariharan/female/parts/bo/obj/ha_f_bo_cloth486.mtl)
<23:17:55> [637AF710][Warning] missing chr material : game/objects/characters/hariharan/female/parts/bo/obj/ha_f_bo_cloth486.mtl (chr: game/objects/characters/hariharan/female/parts/bo/obj/ha_f_1bf004_1bo201.chr)
<23:18:17> [63ABB424][Warning] Facial sequence "fist_ac_whistle" not listed in CAL file for character "game/objects/characters/dwarf/male/nude/dw_m_base.chr".
<23:18:20> [B95EE41B][Error] invalid parent unit id(102777)
<23:18:20> [745BAE2F][Warning] failed to stream material xml(game/objects/effects/ksw_effect/qilin.mtl)
<23:18:27> [B95EE41B][Error] invalid parent unit id(102777)
<23:18:34> [FC7CE2C6][Warning] Cannot load texture , file missing
<23:18:34> [3305346E][Warning] Can't load image ''. 
<23:18:55> [B95EE41B][Error] invalid parent unit id(89679)
<23:18:58> [A4D70365][Warning] rigid-body own-entity; prefab=prefabs/carriage.xml/carriage.carriageb node=AnimObject_55
<23:18:58> [745BAE2F][Warning] failed to stream material xml(game/objects/characters/ferre/male/parts/all/cloth/cloth094/fe_m_ar_cloth094_brop02.mtl)
<23:19:03> [B95EE41B][Error] invalid parent unit id(89679)
<23:19:09> [B95EE41B][Error] invalid parent unit id(90839)
<23:19:20> [B95EE41B][Error] invalid parent unit id(90839)
<23:19:24> [63ABB424][Warning] Facial sequence "fist_ac_whistle" not listed in CAL file for character "game/objects/characters/ferre/male/nude/fe_m_base.chr".
<23:19:27> [8AE10976][Warning] No AnimationGraph layer property defined for entity
<23:19:36> [B95EE41B][Error] invalid parent unit id(81554)
<23:19:51> [B95EE41B][Error] invalid parent unit id(80074)
<23:20:04> [A4D70365][Warning] rigid-body own-entity; prefab=prefabs/carriage.xml/carriage.carriageb node=AnimObject_55
<23:20:10> Loading Particle Library: pino_effect
<23:20:17> [B95EE41B][Error] invalid parent unit id(80074)
<23:21:10> [A4D70365][Warning] rigid-body own-entity; prefab=Prefabs/airship.xml/airship.normal node=wing
<23:21:38> [B95EE41B][Error] invalid parent unit id(116019)
<23:21:38> [4E1BBF7C][Warning] Cannot load texture objects/characters/texture/pt/5a400895df5e7832ac1cbc28dce3174f3ccf81c1_df.dds, file missing [File=objects/characters/texture/pt/5a400895df5e7832ac1cbc28dce3174f3ccf81c1_df.dds]
<23:21:38> [745BAE2F][Warning] failed to stream material xml(game/objects/characters/dwarf/male/parts/pt/obj/dw_m_pt_metal224.mtl)
<23:21:38> [637AF710][Warning] missing chr material : game/objects/characters/dwarf/male/parts/pt/obj/dw_m_pt_metal224.mtl (chr: game/objects/characters/dwarf/male/parts/pt/obj/dw_m_1pt201.chr)
<23:21:39> [CA175C82][Warning] non-stream IO. system(Material), filePath(game/objects/characters/dwarf/male/hair/dw_m_hair002/dw_m_hair002.mtl)
<23:21:39> [3305346E][Warning] Can't load image 'objects/Characters/texture/pt/5a400895df5e7832ac1cbc28dce3174f3ccf81c1_df.dds'. 
<23:21:57> [B95EE41B][Error] invalid parent unit id(116019)
<23:22:14> [320FAB9C][Warning] Cannot load texture objects/Characters/texture/pt/5a400895df5e7832ac1cbc28dce3174f3ccf81c1_df.dds, file missing [File=objects/Characters/texture/pt/5a400895df5e7832ac1cbc28dce3174f3ccf81c1_df.dds]
<23:22:14> [3305346E][Warning] Can't load image 'objects/Characters/texture/pt/5a400895df5e7832ac1cbc28dce3174f3ccf81c1_df.dds'. 
<23:22:20> [320FAB9C][Warning] Cannot load texture objects/Characters/texture/pt/5a400895df5e7832ac1cbc28dce3174f3ccf81c1_df.dds, file missing [File=objects/Characters/texture/pt/5a400895df5e7832ac1cbc28dce3174f3ccf81c1_df.dds]
<23:22:20> [3305346E][Warning] Can't load image 'objects/Characters/texture/pt/5a400895df5e7832ac1cbc28dce3174f3ccf81c1_df.dds'. 
<23:22:22> [B95EE41B][Error] invalid parent unit id(95224)
<23:22:30> [745BAE2F][Warning] failed to stream material xml(game/objects/effects/ksw_effect/qilin.mtl)
<23:22:31> [B95EE41B][Error] invalid parent unit id(95224)
<23:22:48> [CE0EF930][Warning] failed to stream cgf : objects/effects/portal_gate.cgf
<23:23:30> [B95EE41B][Error] invalid parent unit id(51152)
<23:23:41> [B95EE41B][Error] invalid parent unit id(110997)
<23:23:41> [745BAE2F][Warning] failed to stream material xml(game/objects/characters/warborn/female/parts/ar/obj/wa_f_ar_cloth170.mtl)
<23:23:41> [637AF710][Warning] missing chr material : game/objects/characters/warborn/female/parts/gv/obj/wa_f_gv_cloth170.mtl (chr: game/objects/characters/warborn/female/parts/gv/obj/wa_f_2gv302.chr)
<23:23:41> [CA175C82][Warning] non-stream IO. system(Material), filePath(game/objects/characters/warborn/female/horns/wa_f_horns005/wa_f_horns005_hc02.mtl)
<23:23:54> [745BAE2F][Warning] failed to stream material xml(game/materials/effects/fume_h_ssd.mtl)
<23:24:54> [745BAE2F][Warning] failed to stream material xml(game/materials/effects/fume_h_ssd.mtl)
<23:25:06> [745BAE2F][Warning] failed to stream material xml(game/objects/characters/hariharan/male/parts/pt/obj/ha_m_pt_metal162.mtl)
<23:25:06> [637AF710][Warning] missing chr material : game/objects/characters/hariharan/male/parts/pt/obj/ha_m_pt_metal162.mtl (chr: game/objects/characters/hariharan/male/parts/pt/obj/ha_m_4kn003_4pt201.chr)
<23:25:31> [745BAE2F][Warning] failed to stream material xml(game/objects/item/shield/shield_monster/shield_baeksojeong02/shield_baeksojeong02_whin01.mtl)
<23:25:31> [23C0332B][Warning] Cannot load texture objects/characters/ferre/female/nude/fe_f_nude_fur_yel_sp.dds, file missing [File=objects/characters/ferre/female/nude/fe_f_nude_fur_yel_sp.dds]
<23:25:52> [CE0EF930][Warning] failed to stream cgf : objects/effects/portal_gate.cgf
<23:26:10> [745BAE2F][Warning] failed to stream material xml(game/objects/characters/hariharan/male/parts/ar/obj/ha_m_ar_cloth133.mtl)
<23:26:10> [637AF710][Warning] missing chr material : game/objects/characters/hariharan/male/parts/pt/obj/ha_m_pt_cloth215.mtl (chr: game/objects/characters/hariharan/male/parts/pt/obj/ha_m_1pt303.chr)
<23:26:11> [B95EE41B][Error] invalid parent unit id(90497)
<23:26:11> [F724A392][Error] CryAnimation:: Trying to load animation with alias "fist_ba_relaxed_idle_rand_3" from file "animations/monster/yata/fist/fist_ba_relaxed_idle_rand_3.caf" into the animation container. Such animation alias already exists and uses file "animations/monster/yata/fist/fist_ba_relaxed_idle_rand_1.caf". Please use another animation alias.
<23:26:15> [BCCDC555][Warning] MakeSprite - too many sprite update (10). dropping.. (sprites : 24)
<23:26:18> [A4D70365][Warning] rigid-body own-entity; prefab=prefabs/carriage.xml/carriage.carriageb node=AnimObject_55
<23:26:22> [B95EE41B][Error] invalid parent unit id(90497)
<23:26:23> [745BAE2F][Warning] failed to stream material xml(game/materials/effects/fume_h_ssd.mtl)
<23:26:34> [64F7F23D][Warning] Cannot load texture objects/Characters/texture/hm/77c88794c42051c40ea4187156ed9d523de5d47d_df.dds, file missing [File=objects/Characters/texture/hm/77c88794c42051c40ea4187156ed9d523de5d47d_df.dds]
<23:26:34> [3305346E][Warning] Can't load image 'objects/Characters/texture/hm/77c88794c42051c40ea4187156ed9d523de5d47d_df.dds'. 
<23:26:40> [64F7F23D][Warning] Cannot load texture objects/Characters/texture/hm/77c88794c42051c40ea4187156ed9d523de5d47d_df.dds, file missing [File=objects/Characters/texture/hm/77c88794c42051c40ea4187156ed9d523de5d47d_df.dds]
<23:26:40> [3305346E][Warning] Can't load image 'objects/Characters/texture/hm/77c88794c42051c40ea4187156ed9d523de5d47d_df.dds'. 
<23:26:51> [3EF08C47] seamless loading cell object(W12, 17), (L4, 6)
<23:27:14> [CE0EF930][Warning] failed to stream cgf : objects/effects/portal_gate.cgf
<23:27:16> [A4D70365][Warning] rigid-body own-entity; prefab=prefabs/carriage.xml/carriage.carriageb node=AnimObject_55
<23:27:17> [AB97BEF0][Warning] Cannot load texture objects/characters/texture/gv/58b41eb330aa548c824a154990a9bc9198eaad99_df.dds, file missing [File=objects/characters/texture/gv/58b41eb330aa548c824a154990a9bc9198eaad99_df.dds]
<23:27:17> [745BAE2F][Warning] failed to stream material xml(game/objects/characters/dwarf/female/parts/gv/obj/dw_f_gv_leather179.mtl)
<23:27:17> [637AF710][Warning] missing chr material : game/objects/characters/dwarf/female/parts/gv/obj/dw_f_gv_leather179.mtl (chr: game/objects/characters/dwarf/female/parts/gv/obj/dw_f_2gv102.chr)
<23:27:17> [3305346E][Warning] Can't load image 'objects/Characters/texture/gv/58b41eb330aa548c824a154990a9bc9198eaad99_df.dds'. 
<23:27:19> [BB790A81] origin change campos : 12008.73, 15212.266602
<23:27:19> [00000020]  
<23:27:19> [00000020]  
<23:27:19> [A581FA6D] -----------------------------------------------------------------------------
<23:27:19> [1DAA5677] SeamlessSystem::ChangeOrigin() : Here we go. Old(8,11) -> New(16,22)
<23:27:19> [A581FA6D] -----------------------------------------------------------------------------
<23:27:19> [00000020]  
<23:27:19> [00000020]  
<23:27:19> [B866A294] seamless unloading cell terrain(W8, 11), (L0, 3)
<23:27:19> [B866A294] seamless unloading cell terrain(W8, 12), (L0, 4)
<23:27:19> [B866A294] seamless unloading cell terrain(W9, 9), (L1, 1)
<23:27:19> [B866A294] seamless unloading cell terrain(W9, 10), (L1, 2)
<23:27:19> [B866A294] seamless unloading cell terrain(W9, 11), (L1, 3)
<23:27:19> [B866A294] seamless unloading cell terrain(W9, 12), (L1, 4)
<23:27:19> [B866A294] seamless unloading cell terrain(W9, 13), (L1, 5)
<23:27:19> [B866A294] seamless unloading cell terrain(W9, 14), (L1, 6)
<23:27:19> [B866A294] seamless unloading cell terrain(W10, 8), (L2, 0)
<23:27:19> [B866A294] seamless unloading cell terrain(W10, 9), (L2, 1)
<23:27:19> [B866A294] seamless unloading cell terrain(W10, 10), (L2, 2)
<23:27:19> [7AB931CE] seamless unloading cell object(W10, 10), (L2, 2)
<23:27:19> [4B1E8B22] unload cell object count : 358
<23:27:19> [B866A294] seamless unloading cell terrain(W10, 11), (L2, 3)
<23:27:19> [7AB931CE] seamless unloading cell object(W10, 11), (L2, 3)
<23:27:19> [4B1E8B22] unload cell object count : 39027
<23:27:19> [B866A294] seamless unloading cell terrain(W10, 12), (L2, 4)
<23:27:19> [7AB931CE] seamless unloading cell object(W10, 12), (L2, 4)
<23:27:19> [4B1E8B22] unload cell object count : 22600
<23:27:19> [B866A294] seamless unloading cell terrain(W10, 13), (L2, 5)
<23:27:19> [7AB931CE] seamless unloading cell object(W10, 13), (L2, 5)
<23:27:19> [4B1E8B22] unload cell object count : 3653
<23:27:19> [B866A294] seamless unloading cell terrain(W10, 14), (L2, 6)
<23:27:19> [B866A294] seamless unloading cell terrain(W11, 8), (L3, 0)
<23:27:19> [B866A294] seamless unloading cell terrain(W11, 9), (L3, 1)
<23:27:19> [7AB931CE] seamless unloading cell object(W11, 9), (L3, 1)
<23:27:19> [4B1E8B22] unload cell object count : 12634
<23:27:19> [B866A294] seamless unloading cell terrain(W11, 10), (L3, 2)
<23:27:19> [7AB931CE] seamless unloading cell object(W11, 10), (L3, 2)
<23:27:19> [4B1E8B22] unload cell object count : 2274
<23:27:19> [B866A294] seamless unloading cell terrain(W11, 11), (L3, 3)
<23:27:19> [7AB931CE] seamless unloading cell object(W11, 11), (L3, 3)
<23:27:19> [4B1E8B22] unload cell object count : 29133
<23:27:19> [B866A294] seamless unloading cell terrain(W11, 12), (L3, 4)
<23:27:19> [7AB931CE] seamless unloading cell object(W11, 12), (L3, 4)
<23:27:19> [4B1E8B22] unload cell object count : 11586
<23:27:19> [B866A294] seamless unloading cell terrain(W11, 13), (L3, 5)
<23:27:19> [7AB931CE] seamless unloading cell object(W11, 13), (L3, 5)
<23:27:19> [4B1E8B22] unload cell object count : 264
<23:27:19> [B866A294] seamless unloading cell terrain(W11, 14), (L3, 6)
<23:27:19> [B866A294] seamless unloading cell terrain(W11, 15), (L3, 7)
<23:27:19> [B866A294] seamless unloading cell terrain(W12, 8), (L4, 0)
<23:27:19> [B866A294] seamless unloading cell terrain(W12, 9), (L4, 1)
<23:27:19> [7AB931CE] seamless unloading cell object(W12, 9), (L4, 1)
<23:27:19> [4B1E8B22] unload cell object count : 5532
<23:27:19> [B866A294] seamless unloading cell terrain(W12, 10), (L4, 2)
<23:27:19> [7AB931CE] seamless unloading cell object(W12, 10), (L4, 2)
<23:27:19> [4B1E8B22] unload cell object count : 11668
<23:27:19> [B866A294] seamless unloading cell terrain(W12, 11), (L4, 3)
<23:27:19> [7AB931CE] seamless unloading cell object(W12, 11), (L4, 3)
<23:27:19> [4B1E8B22] unload cell object count : 29612
<23:27:19> [B866A294] seamless unloading cell terrain(W12, 12), (L4, 4)
<23:27:19> [7AB931CE] seamless unloading cell object(W12, 12), (L4, 4)
<23:27:19> [4B1E8B22] unload cell object count : 17140
<23:27:19> [B866A294] seamless unloading cell terrain(W12, 13), (L4, 5)
<23:27:19> [7AB931CE] seamless unloading cell object(W12, 13), (L4, 5)
<23:27:19> [4B1E8B22] unload cell object count : 12
<23:27:19> [B866A294] seamless unloading cell terrain(W12, 14), (L4, 6)
<23:27:19> [7AB931CE] seamless unloading cell object(W12, 14), (L4, 6)
<23:27:19> [4B1E8B22] unload cell object count : 0
<23:27:19> [B866A294] seamless unloading cell terrain(W12, 15), (L4, 7)
<23:27:19> [B866A294] seamless unloading cell terrain(W13, 8), (L5, 0)
<23:27:19> [B866A294] seamless unloading cell terrain(W13, 9), (L5, 1)
<23:27:19> [7AB931CE] seamless unloading cell object(W13, 9), (L5, 1)
<23:27:19> [4B1E8B22] unload cell object count : 9289
<23:27:19> [B866A294] seamless unloading cell terrain(W13, 10), (L5, 2)
<23:27:19> [7AB931CE] seamless unloading cell object(W13, 10), (L5, 2)
<23:27:19> [4B1E8B22] unload cell object count : 19241
<23:27:19> [B866A294] seamless unloading cell terrain(W13, 11), (L5, 3)
<23:27:19> [7AB931CE] seamless unloading cell object(W13, 11), (L5, 3)
<23:27:19> [4B1E8B22] unload cell object count : 47437
<23:27:19> [B866A294] seamless unloading cell terrain(W13, 12), (L5, 4)
<23:27:19> [7AB931CE] seamless unloading cell object(W13, 12), (L5, 4)
<23:27:19> [4B1E8B22] unload cell object count : 15566
<23:27:19> [B866A294] seamless unloading cell terrain(W13, 13), (L5, 5)
<23:27:19> [7AB931CE] seamless unloading cell object(W13, 13), (L5, 5)
<23:27:19> [4B1E8B22] unload cell object count : 0
<23:27:19> [B866A294] seamless unloading cell terrain(W13, 14), (L5, 6)
<23:27:19> [B866A294] seamless unloading cell terrain(W13, 15), (L5, 7)
<23:27:19> [B866A294] seamless unloading cell terrain(W14, 8), (L6, 0)
<23:27:19> [B866A294] seamless unloading cell terrain(W14, 9), (L6, 1)
<23:27:19> [B866A294] seamless unloading cell terrain(W14, 10), (L6, 2)
<23:27:19> [7AB931CE] seamless unloading cell object(W14, 10), (L6, 2)
<23:27:19> [4B1E8B22] unload cell object count : 25041
<23:27:19> [B866A294] seamless unloading cell terrain(W14, 11), (L6, 3)
<23:27:19> [7AB931CE] seamless unloading cell object(W14, 11), (L6, 3)
<23:27:19> [4B1E8B22] unload cell object count : 46970
<23:27:19> [B866A294] seamless unloading cell terrain(W14, 12), (L6, 4)
<23:27:19> [7AB931CE] seamless unloading cell object(W14, 12), (L6, 4)
<23:27:19> [4B1E8B22] unload cell object count : 3066
<23:27:19> [B866A294] seamless unloading cell terrain(W14, 13), (L6, 5)
<23:27:19> [B866A294] seamless unloading cell terrain(W14, 14), (L6, 6)
<23:27:19> [B866A294] seamless unloading cell terrain(W15, 9), (L7, 1)
<23:27:19> [B866A294] seamless unloading cell terrain(W15, 10), (L7, 2)
<23:27:19> [B866A294] seamless unloading cell terrain(W15, 11), (L7, 3)
<23:27:19> [B866A294] seamless unloading cell terrain(W15, 12), (L7, 4)
<23:27:19> [B866A294] seamless unloading cell terrain(W15, 13), (L7, 5)
<23:27:19> [3623F74F] [Seamless] camera has been warped
<23:27:19> [9CAE9693] Starting In World Loading
<23:27:19> [7B1A973B] seamless loading cell terrain(W19, 25), (L3, 3)
<23:27:19> [7B1A973B] seamless loading cell terrain(W19, 26), (L3, 4)
<23:27:19> [7B1A973B] seamless loading cell terrain(W20, 25), (L4, 3)
<23:27:19> [7B1A973B] seamless loading cell terrain(W20, 26), (L4, 4)
<23:27:19> [7B1A973B] seamless loading cell terrain(W18, 25), (L2, 3)
<23:27:19> [7B1A973B] seamless loading cell terrain(W19, 24), (L3, 2)
<23:27:19> [7B1A973B] seamless loading cell terrain(W18, 26), (L2, 4)
<23:27:19> [7B1A973B] seamless loading cell terrain(W20, 24), (L4, 2)
<23:27:19> [7B1A973B] seamless loading cell terrain(W19, 27), (L3, 5)
<23:27:19> [7B1A973B] seamless loading cell terrain(W21, 25), (L5, 3)
<23:27:19> [7B1A973B] seamless loading cell terrain(W20, 27), (L4, 5)
<23:27:19> [7B1A973B] seamless loading cell terrain(W18, 24), (L2, 2)
<23:27:19> [7B1A973B] seamless loading cell terrain(W21, 26), (L5, 4)
<23:27:19> [7B1A973B] seamless loading cell terrain(W18, 27), (L2, 5)
<23:27:19> [7B1A973B] seamless loading cell terrain(W21, 24), (L5, 2)
<23:27:19> [7B1A973B] seamless loading cell terrain(W17, 25), (L1, 3)
<23:27:19> [7B1A973B] seamless loading cell terrain(W17, 26), (L1, 4)
<23:27:19> [7B1A973B] seamless loading cell terrain(W19, 23), (L3, 1)
<23:27:19> [7B1A973B] seamless loading cell terrain(W21, 27), (L5, 5)
<23:27:19> [7B1A973B] seamless loading cell terrain(W20, 23), (L4, 1)
<23:27:19> [7B1A973B] seamless loading cell terrain(W17, 24), (L1, 2)
<23:27:19> [7B1A973B] seamless loading cell terrain(W19, 28), (L3, 6)
<23:27:19> [7B1A973B] seamless loading cell terrain(W18, 23), (L2, 1)
<23:27:19> [7B1A973B] seamless loading cell terrain(W20, 28), (L4, 6)
<23:27:19> [7B1A973B] seamless loading cell terrain(W17, 27), (L1, 5)
<23:27:19> [7B1A973B] seamless loading cell terrain(W22, 25), (L6, 3)
<23:27:19> [7B1A973B] seamless loading cell terrain(W22, 26), (L6, 4)
<23:27:19> [7B1A973B] seamless loading cell terrain(W18, 28), (L2, 6)
<23:27:19> [7B1A973B] seamless loading cell terrain(W21, 23), (L5, 1)
<23:27:19> [7B1A973B] seamless loading cell terrain(W22, 24), (L6, 2)
<23:27:19> [7B1A973B] seamless loading cell terrain(W21, 28), (L5, 6)
<23:27:19> [7B1A973B] seamless loading cell terrain(W22, 27), (L6, 5)
<23:27:19> [7B1A973B] seamless loading cell terrain(W17, 23), (L1, 1)
<23:27:19> [7B1A973B] seamless loading cell terrain(W16, 25), (L0, 3)
<23:27:19> [7B1A973B] seamless loading cell terrain(W16, 26), (L0, 4)
<23:27:19> [7B1A973B] seamless loading cell terrain(W19, 22), (L3, 0)
<23:27:19> [7B1A973B] seamless loading cell terrain(W20, 22), (L4, 0)
<23:27:19> [7B1A973B] seamless loading cell terrain(W17, 28), (L1, 6)
<23:27:19> [7B1A973B] seamless loading cell terrain(W16, 24), (L0, 2)
<23:27:19> [7B1A973B] seamless loading cell terrain(W18, 22), (L2, 0)
<23:27:19> [7B1A973B] seamless loading cell terrain(W16, 27), (L0, 5)
<23:27:19> [7B1A973B] seamless loading cell terrain(W22, 23), (L6, 1)
<23:27:19> [7B1A973B] seamless loading cell terrain(W19, 29), (L3, 7)
<23:27:19> [7B1A973B] seamless loading cell terrain(W20, 29), (L4, 7)
<23:27:20> [7B1A973B] seamless loading cell terrain(W23, 25), (L7, 3)
<23:27:20> [7B1A973B] seamless loading cell terrain(W21, 22), (L5, 0)
<23:27:20> [7B1A973B] seamless loading cell terrain(W23, 26), (L7, 4)
<23:27:20> [7B1A973B] seamless loading cell terrain(W22, 28), (L6, 6)
<23:27:20> [7B1A973B] seamless loading cell terrain(W18, 29), (L2, 7)
<23:27:20> [7B1A973B] seamless loading cell terrain(W16, 23), (L0, 1)
<23:27:20> [7B1A973B] seamless loading cell terrain(W23, 24), (L7, 2)
<23:27:20> [3EF08C47] seamless loading cell object(W19, 25), (L3, 3)
<23:27:20> [3EF08C47] seamless loading cell object(W19, 26), (L3, 4)
<23:27:20> [3EF08C47] seamless loading cell object(W20, 25), (L4, 3)
<23:27:20> [3EF08C47] seamless loading cell object(W20, 26), (L4, 4)
<23:27:20> [3EF08C47] seamless loading cell object(W18, 25), (L2, 3)
<23:27:20> [3EF08C47] seamless loading cell object(W19, 24), (L3, 2)
<23:27:20> [3EF08C47] seamless loading cell object(W18, 26), (L2, 4)
<23:27:20> [3EF08C47] seamless loading cell object(W20, 24), (L4, 2)
<23:27:20> [3EF08C47] seamless loading cell object(W19, 27), (L3, 5)
<23:27:20> [3EF08C47] seamless loading cell object(W21, 25), (L5, 3)
<23:27:20> [3EF08C47] seamless loading cell object(W20, 27), (L4, 5)
<23:27:20> [3EF08C47] seamless loading cell object(W18, 24), (L2, 2)
<23:27:20> [3EF08C47] seamless loading cell object(W21, 26), (L5, 4)
<23:27:20> [3EF08C47] seamless loading cell object(W18, 27), (L2, 5)
<23:27:20> [3EF08C47] seamless loading cell object(W21, 24), (L5, 2)
<23:27:20> [3EF08C47] seamless loading cell object(W17, 25), (L1, 3)
<23:27:20> [3EF08C47] seamless loading cell object(W17, 26), (L1, 4)
<23:27:20> [3EF08C47] seamless loading cell object(W19, 23), (L3, 1)
<23:27:20> [3EF08C47] seamless loading cell object(W21, 27), (L5, 5)
<23:27:20> [3EF08C47] seamless loading cell object(W20, 23), (L4, 1)
<23:27:20> [FCC3CF4D][Warning] Error: CShaderMan::mfCreateShaderResources: Couldn't find subsurface texture 'game/objects/Env/01_nuia/001_ncom/ncom_city_old_multi_in_prison_cave_rock_aa_df.dds' in path '' [File=game/objects/Env/01_nuia/001_ncom/ncom_city_old_multi_in_prison_cave_rock_aa_df.dds]
<23:27:20> [000004EE][Warning] [CGF Error] game/objects/env/03_origin_continent/25_shining_shore/o_shining_ostcamp_column_b.cgf [:] LOD1 of geometry  contains too many polygons comparing to the LOD0 [488 against 684] :
<23:27:21> [B42C333F] In World Loading Finished
<23:27:22> [82321C2B][Warning] [net 03:27:22.072] [time] remote time estimation restarted; estimate accumulator age was 2.748786
<23:27:22> [CA175C82][Warning] non-stream IO. system(CGF), filePath(Objects\Env\01_nuia\001_housing\housing_house\housing_m_floor03.cgf)
<23:27:23> [000004EE][Warning] [CGF Error] game/objects/env/01_nuia/001_housing/housing_furniture/hs_f_safe_d.cgf [:] LOD1 of geometry hs_f_safe_d contains too many polygons comparing to the LOD0 [1606 against 2318] :
<23:27:26> [22545D91][Warning] Cannot load texture game/objects/env/03_origin_continent/22_dew_plains/dummy_middletree_df.dds, file missing [File=game/objects/env/03_origin_continent/22_dew_plains/dummy_middletree_df.dds]
<23:27:26> [000004EE][Warning] [Lua Error] ...cripts/x2ui/questcontext/notifier/quest_notifier.lua:350: attempt to index local 'info' (a nil value)
<23:27:27> [CE0EF930][Warning] failed to stream cgf : default
<23:27:27> [745BAE2F][Warning] failed to stream material xml(game/objects/env/01_nuia/001_ndeco/making/ndeco_making_rock01_second.mtl)
<23:27:38> [9DC28BAD][Warning] Cannot load texture game/objects/env/05_nature/10_origin/origin_nation_tree_a01_sp.dds, file missing [File=game/objects/env/05_nature/10_origin/origin_nation_tree_a01_sp.dds]
<23:27:38> [745BAE2F][Warning] failed to stream material xml(game/objects/characters/people/girl03/girl01_cloth004.mtl)
<23:27:38> [637AF710][Warning] missing chr material : game/objects/characters/people/girl03/girl01_cloth004.mtl (chr: game/objects/characters/people/girl03/girl03.chr)
<23:27:48> [745BAE2F][Warning] failed to stream material xml(game/objects/env/01_nuia/001_ndeco/climb/ndeco_do_ladder_add.mtl)
<23:27:48> [43951EFD][Warning] Cannot load texture game/objects/env/01_nuia/001_ndeco/collect/ndeco_collect_geyser02_df.dd, file missing [File=game/objects/env/01_nuia/001_ndeco/collect/ndeco_collect_geyser02_df.dd]
<23:27:49> [A4D70365][Warning] rigid-body own-entity; prefab=prefabs/origin_continent.xml/tower.safezone_down node=AnimObject_51
<23:27:50> [CE0EF930][Warning] failed to stream cgf : objects/env/05_nature/08_cry_source/rocks/road_rocks/road_rocks_flat_grey_a.cgf
<23:27:56> [745BAE2F][Warning] failed to stream material xml(game/objects/env/01_nuia/001_ndeco/ndeco_backpack_fertilizer.mtl)
<23:28:02> [CE0EF930][Warning] failed to stream cgf : default
<23:28:06> [A4D70365][Warning] rigid-body own-entity; prefab=prefabs/origin_continent.xml/tower.safezone_down node=AnimObject_51
<23:28:07> [CE0EF930][Warning] failed to stream cgf : default
<23:28:07> [A5DDEC33][Warning] Warning: CShaderMan::mfForName: NULL name
<23:28:08> [DE20B351][Warning] Flow Graph Node targets unknown entity guid: 49f4f73d578ac428
<23:28:16> [A4D70365][Warning] rigid-body own-entity; prefab=prefabs/origin_continent.xml/tower.safezone_down node=AnimObject_51
<23:28:16> [CE0EF930][Warning] failed to stream cgf : objects/env/05_nature/08_cry_source/rocks/road_rocks/road_rocks_flat_grey_a.cgf
<23:28:20> [000004EE][Warning] I3DEngine::RegisterEntity: entity reports invalid position: Name: LightEntityName (), Class: LightEntityClass, Pos=(-2104.7,7513.8,987.4), aabb center=(3842.0,3931.7,89.6)
<23:28:20> [BCCDC555][Warning] MakeSprite - too many sprite update (10). dropping.. (sprites : 14)
<23:28:21> [A4D70365][Warning] rigid-body own-entity; prefab=prefabs/origin_continent.xml/tower.safezone_down node=AnimObject_51
<23:28:21> [CE0EF930][Warning] failed to stream cgf : objects/env/05_nature/08_cry_source/rocks/road_rocks/road_rocks_flat_grey_a.cgf
<23:28:24> [000004EE][Warning] [Lua] invalid style type...  / brown
<23:28:29> [000004EE][Warning] [Lua Error] ...cripts/x2ui/questcontext/notifier/quest_notifier.lua:350: attempt to index local 'info' (a nil value)
<23:29:42> [0D01BD65] start to parse systm mail
<23:29:42> [BFBA8B5E] end to parse systm mail
<23:29:44> [0D01BD65] start to parse systm mail
<23:29:44> [BFBA8B5E] end to parse systm mail
<23:29:44> [0D01BD65] start to parse systm mail
<23:29:44> [BFBA8B5E] end to parse systm mail
<23:29:45> [0D01BD65] start to parse systm mail
<23:29:45> [BFBA8B5E] end to parse systm mail
<23:29:45> [0D01BD65] start to parse systm mail
<23:29:45> [BFBA8B5E] end to parse systm mail
<23:29:45> [0D01BD65] start to parse systm mail
<23:29:45> [BFBA8B5E] end to parse systm mail
<23:29:49> [2363981C][Warning] chr material is not precached : game/objects/characters/warborn/female/nude/wa_f_nude.mtl (chr: game/objects/characters/warborn/female/nude/wa_f_nude.chr)
<23:29:49> [CA175C82][Warning] non-stream IO. system(Material), filePath(game/objects/characters/warborn/female/nude/wa_f_nude.mtl)
<23:29:49> [000004EE][Warning] [Lua Error] 1_3_0/scripts/x2ui/characterinfo/character_info.lua:520: attempt to call method 'AnimForEquipped' (a nil value)
<23:29:55> [CA175C82][Warning] non-stream IO. system(Material), filePath(game/materials/misc/rope/rope_fishing.mtl)
<23:30:02> [000004EE][Warning] [Lua Error] ...cripts/x2ui/questcontext/notifier/quest_notifier.lua:350: attempt to index local 'info' (a nil value)
<23:30:07> [000004EE][Warning] [Lua Error] ...cripts/x2ui/questcontext/notifier/quest_notifier.lua:350: attempt to index local 'info' (a nil value)
<23:30:14> [000004EE][Warning] [Lua Error] ...cripts/x2ui/questcontext/notifier/quest_notifier.lua:350: attempt to index local 'info' (a nil value)
<23:30:19> [000004EE][Warning] [Lua Error] ...cripts/x2ui/questcontext/notifier/quest_notifier.lua:350: attempt to index local 'info' (a nil value)
<23:30:22> [CA175C82][Warning] non-stream IO. system(Material), filePath(game/materials/misc/rope/rope_fishing.mtl)
<23:30:29> [000004EE][Warning] [Lua Error] ...cripts/x2ui/questcontext/notifier/quest_notifier.lua:350: attempt to index local 'info' (a nil value)
<23:30:38> [000004EE][Warning] [Lua Error] ...cripts/x2ui/questcontext/notifier/quest_notifier.lua:350: attempt to index local 'info' (a nil value)
<23:30:43> [000004EE][Warning] [Lua Error] ...cripts/x2ui/questcontext/notifier/quest_notifier.lua:350: attempt to index local 'info' (a nil value)
<23:30:52> [000004EE][Warning] [Lua Error] ...cripts/x2ui/questcontext/notifier/quest_notifier.lua:350: attempt to index local 'info' (a nil value)
<23:30:56> [CA175C82][Warning] non-stream IO. system(Material), filePath(game/materials/misc/rope/rope_fishing.mtl)
<23:30:58> [000004EE][Warning] [Lua Error] ...cripts/x2ui/questcontext/notifier/quest_notifier.lua:350: attempt to index local 'info' (a nil value)
<23:31:03> [000004EE][Warning] [Lua Error] ...cripts/x2ui/questcontext/notifier/quest_notifier.lua:350: attempt to index local 'info' (a nil value)
<23:31:10> [000004EE][Warning] [Lua Error] ...cripts/x2ui/questcontext/notifier/quest_notifier.lua:350: attempt to index local 'info' (a nil value)
<23:31:18> [000004EE][Warning] [Lua Error] ...cripts/x2ui/questcontext/notifier/quest_notifier.lua:350: attempt to index local 'info' (a nil value)
<23:31:24> [000004EE][Warning] [Lua Error] ...cripts/x2ui/questcontext/notifier/quest_notifier.lua:350: attempt to index local 'info' (a nil value)
<23:31:27> [CA175C82][Warning] non-stream IO. system(Material), filePath(game/materials/misc/rope/rope_fishing.mtl)
<23:31:31> [000004EE][Warning] [Lua Error] ...cripts/x2ui/questcontext/notifier/quest_notifier.lua:350: attempt to index local 'info' (a nil value)
<23:31:37> [000004EE][Warning] [Lua Error] ...cripts/x2ui/questcontext/notifier/quest_notifier.lua:350: attempt to index local 'info' (a nil value)
<23:31:42> [000004EE][Warning] [Lua Error] ...cripts/x2ui/questcontext/notifier/quest_notifier.lua:350: attempt to index local 'info' (a nil value)
<23:31:48> [000004EE][Warning] [Lua Error] ...cripts/x2ui/questcontext/notifier/quest_notifier.lua:350: attempt to index local 'info' (a nil value)
<23:31:56> [000004EE][Warning] [Lua Error] ...cripts/x2ui/questcontext/notifier/quest_notifier.lua:350: attempt to index local 'info' (a nil value)
<23:32:01> [000004EE][Warning] [Lua Error] ...cripts/x2ui/questcontext/notifier/quest_notifier.lua:350: attempt to index local 'info' (a nil value)
<23:32:06> [000004EE][Warning] [Lua Error] ...cripts/x2ui/questcontext/notifier/quest_notifier.lua:350: attempt to index local 'info' (a nil value)
<23:32:09> [CA175C82][Warning] non-stream IO. system(Material), filePath(game/materials/misc/rope/rope_fishing.mtl)
<23:32:15> [000004EE][Warning] [Lua Error] ...cripts/x2ui/questcontext/notifier/quest_notifier.lua:350: attempt to index local 'info' (a nil value)
<23:32:20> [000004EE][Warning] [Lua Error] ...cripts/x2ui/questcontext/notifier/quest_notifier.lua:350: attempt to index local 'info' (a nil value)
<23:32:27> [000004EE][Warning] [Lua Error] ...cripts/x2ui/questcontext/notifier/quest_notifier.lua:350: attempt to index local 'info' (a nil value)
<23:32:33> [000004EE][Warning] [Lua Error] ...cripts/x2ui/questcontext/notifier/quest_notifier.lua:350: attempt to index local 'info' (a nil value)
<23:32:38> [000004EE][Warning] [Lua Error] ...cripts/x2ui/questcontext/notifier/quest_notifier.lua:350: attempt to index local 'info' (a nil value)
<23:32:45> [000004EE][Warning] [Lua Error] ...cripts/x2ui/questcontext/notifier/quest_notifier.lua:350: attempt to index local 'info' (a nil value)
<23:32:48> [CA175C82][Warning] non-stream IO. system(Material), filePath(game/materials/misc/rope/rope_fishing.mtl)
<23:32:50> [000004EE][Warning] [Lua Error] ...cripts/x2ui/questcontext/notifier/quest_notifier.lua:350: attempt to index local 'info' (a nil value)
<23:32:55> [000004EE][Warning] [Lua Error] ...cripts/x2ui/questcontext/notifier/quest_notifier.lua:350: attempt to index local 'info' (a nil value)
<23:33:03> [000004EE][Warning] [Lua Error] ...cripts/x2ui/questcontext/notifier/quest_notifier.lua:350: attempt to index local 'info' (a nil value)
<23:33:10> [000004EE][Warning] [Lua Error] ...cripts/x2ui/questcontext/notifier/quest_notifier.lua:350: attempt to index local 'info' (a nil value)
<23:33:16> [000004EE][Warning] [Lua Error] ...cripts/x2ui/questcontext/notifier/quest_notifier.lua:350: attempt to index local 'info' (a nil value)
<23:33:23> [000004EE][Warning] [Lua Error] ...cripts/x2ui/questcontext/notifier/quest_notifier.lua:350: attempt to index local 'info' (a nil value)
<23:33:32> [000004EE][Warning] [Lua Error] ...cripts/x2ui/questcontext/notifier/quest_notifier.lua:350: attempt to index local 'info' (a nil value)
<23:33:32> [BCCDC555][Warning] MakeSprite - too many sprite update (10). dropping.. (sprites : 209)
<23:33:39> [000004EE][Warning] [Lua Error] ...cripts/x2ui/questcontext/notifier/quest_notifier.lua:350: attempt to index local 'info' (a nil value)
<23:33:42> [CA175C82][Warning] non-stream IO. system(Material), filePath(game/materials/misc/rope/rope_fishing.mtl)
<23:33:47> [000004EE][Warning] [Lua Error] ...cripts/x2ui/questcontext/notifier/quest_notifier.lua:350: attempt to index local 'info' (a nil value)
<23:33:52> [000004EE][Warning] [Lua Error] ...cripts/x2ui/questcontext/notifier/quest_notifier.lua:350: attempt to index local 'info' (a nil value)
<23:33:57> [000004EE][Warning] [Lua Error] ...cripts/x2ui/questcontext/notifier/quest_notifier.lua:350: attempt to index local 'info' (a nil value)
<23:34:04> [000004EE][Warning] [Lua Error] ...cripts/x2ui/questcontext/notifier/quest_notifier.lua:350: attempt to index local 'info' (a nil value)
<23:34:09> [000004EE][Warning] [Lua Error] ...cripts/x2ui/questcontext/notifier/quest_notifier.lua:350: attempt to index local 'info' (a nil value)
<23:34:15> [000004EE][Warning] [Lua Error] ...cripts/x2ui/questcontext/notifier/quest_notifier.lua:350: attempt to index local 'info' (a nil value)
<23:34:19> [CA175C82][Warning] non-stream IO. system(Material), filePath(game/materials/misc/rope/rope_fishing.mtl)
<23:34:21> [000004EE][Warning] [Lua Error] ...cripts/x2ui/questcontext/notifier/quest_notifier.lua:350: attempt to index local 'info' (a nil value)
<23:34:29> [CA175C82][Warning] non-stream IO. system(Material), filePath(game/materials/misc/rope/rope_fishing.mtl)
<23:34:31> [000004EE][Warning] [Lua Error] ...cripts/x2ui/questcontext/notifier/quest_notifier.lua:350: attempt to index local 'info' (a nil value)
<23:34:36> [000004EE][Warning] [Lua Error] ...cripts/x2ui/questcontext/notifier/quest_notifier.lua:350: attempt to index local 'info' (a nil value)
<23:34:43> [000004EE][Warning] [Lua Error] ...cripts/x2ui/questcontext/notifier/quest_notifier.lua:350: attempt to index local 'info' (a nil value)
<23:34:49> [000004EE][Warning] [Lua Error] ...cripts/x2ui/questcontext/notifier/quest_notifier.lua:350: attempt to index local 'info' (a nil value)
<23:34:56> [000004EE][Warning] [Lua Error] ...cripts/x2ui/questcontext/notifier/quest_notifier.lua:350: attempt to index local 'info' (a nil value)
<23:35:00> [CA175C82][Warning] non-stream IO. system(Material), filePath(game/materials/misc/rope/rope_fishing.mtl)
<23:35:02> [000004EE][Warning] [Lua Error] ...cripts/x2ui/questcontext/notifier/quest_notifier.lua:350: attempt to index local 'info' (a nil value)
<23:35:08> [000004EE][Warning] [Lua Error] ...cripts/x2ui/questcontext/notifier/quest_notifier.lua:350: attempt to index local 'info' (a nil value)
<23:35:13> [000004EE][Warning] [Lua Error] ...cripts/x2ui/questcontext/notifier/quest_notifier.lua:350: attempt to index local 'info' (a nil value)
<23:35:20> [000004EE][Warning] [Lua Error] ...cripts/x2ui/questcontext/notifier/quest_notifier.lua:350: attempt to index local 'info' (a nil value)
<23:35:26> [000004EE][Warning] [Lua Error] ...cripts/x2ui/questcontext/notifier/quest_notifier.lua:350: attempt to index local 'info' (a nil value)
<23:35:31> [000004EE][Warning] [Lua Error] ...cripts/x2ui/questcontext/notifier/quest_notifier.lua:350: attempt to index local 'info' (a nil value)
<23:35:39> [000004EE][Warning] [Lua Error] ...cripts/x2ui/questcontext/notifier/quest_notifier.lua:350: attempt to index local 'info' (a nil value)
<23:35:42> [CA175C82][Warning] non-stream IO. system(Material), filePath(game/materials/misc/rope/rope_fishing.mtl)
<23:35:44> [000004EE][Warning] [Lua Error] ...cripts/x2ui/questcontext/notifier/quest_notifier.lua:350: attempt to index local 'info' (a nil value)
<23:35:50> [000004EE][Warning] [Lua Error] ...cripts/x2ui/questcontext/notifier/quest_notifier.lua:350: attempt to index local 'info' (a nil value)
<23:35:57> [000004EE][Warning] [Lua Error] ...cripts/x2ui/questcontext/notifier/quest_notifier.lua:350: attempt to index local 'info' (a nil value)
<23:36:02> [000004EE][Warning] [Lua Error] ...cripts/x2ui/questcontext/notifier/quest_notifier.lua:350: attempt to index local 'info' (a nil value)
<23:36:06> [CA175C82][Warning] non-stream IO. system(Material), filePath(game/materials/misc/rope/rope_fishing.mtl)
<23:36:09> [000004EE][Warning] [Lua Error] ...cripts/x2ui/questcontext/notifier/quest_notifier.lua:350: attempt to index local 'info' (a nil value)
<23:36:15> [000004EE][Warning] [Lua Error] ...cripts/x2ui/questcontext/notifier/quest_notifier.lua:350: attempt to index local 'info' (a nil value)
<23:36:20> [000004EE][Warning] [Lua Error] ...cripts/x2ui/questcontext/notifier/quest_notifier.lua:350: attempt to index local 'info' (a nil value)
<23:36:28> [000004EE][Warning] [Lua Error] ...cripts/x2ui/questcontext/notifier/quest_notifier.lua:350: attempt to index local 'info' (a nil value)
<23:36:34> [000004EE][Warning] [Lua Error] ...cripts/x2ui/questcontext/notifier/quest_notifier.lua:350: attempt to index local 'info' (a nil value)
<23:36:40> [000004EE][Warning] [Lua Error] ...cripts/x2ui/questcontext/notifier/quest_notifier.lua:350: attempt to index local 'info' (a nil value)
<23:36:50> [000004EE][Warning] [Lua Error] ...cripts/x2ui/questcontext/notifier/quest_notifier.lua:350: attempt to index local 'info' (a nil value)
<23:36:53> [CA175C82][Warning] non-stream IO. system(Material), filePath(game/materials/misc/rope/rope_fishing.mtl)
<23:36:57> [000004EE][Warning] [Lua Error] ...cripts/x2ui/questcontext/notifier/quest_notifier.lua:350: attempt to index local 'info' (a nil value)
<23:37:03> [000004EE][Warning] [Lua Error] ...cripts/x2ui/questcontext/notifier/quest_notifier.lua:350: attempt to index local 'info' (a nil value)
<23:37:09> [000004EE][Warning] [Lua Error] ...cripts/x2ui/questcontext/notifier/quest_notifier.lua:350: attempt to index local 'info' (a nil value)
<23:37:18> [000004EE][Warning] [Lua Error] ...cripts/x2ui/questcontext/notifier/quest_notifier.lua:350: attempt to index local 'info' (a nil value)
<23:37:21> [CA175C82][Warning] non-stream IO. system(Material), filePath(game/materials/misc/rope/rope_fishing.mtl)
<23:37:23> [000004EE][Warning] [Lua Error] ...cripts/x2ui/questcontext/notifier/quest_notifier.lua:350: attempt to index local 'info' (a nil value)
<23:37:28> [000004EE][Warning] [Lua Error] ...cripts/x2ui/questcontext/notifier/quest_notifier.lua:350: attempt to index local 'info' (a nil value)
<23:37:38> [000004EE][Warning] [Lua Error] ...cripts/x2ui/questcontext/notifier/quest_notifier.lua:350: attempt to index local 'info' (a nil value)
<23:37:45> [000004EE][Warning] [Lua Error] ...cripts/x2ui/questcontext/notifier/quest_notifier.lua:350: attempt to index local 'info' (a nil value)
<23:37:50> [000004EE][Warning] [Lua Error] ...cripts/x2ui/questcontext/notifier/quest_notifier.lua:350: attempt to index local 'info' (a nil value)
<23:38:00> [000004EE][Warning] [Lua Error] ...cripts/x2ui/questcontext/notifier/quest_notifier.lua:350: attempt to index local 'info' (a nil value)
<23:38:04> [CA175C82][Warning] non-stream IO. system(Material), filePath(game/materials/misc/rope/rope_fishing.mtl)
<23:38:08> [000004EE][Warning] [Lua Error] ...cripts/x2ui/questcontext/notifier/quest_notifier.lua:350: attempt to index local 'info' (a nil value)
<23:38:14> [000004EE][Warning] [Lua Error] ...cripts/x2ui/questcontext/notifier/quest_notifier.lua:350: attempt to index local 'info' (a nil value)
<23:38:22> [000004EE][Warning] [Lua Error] ...cripts/x2ui/questcontext/notifier/quest_notifier.lua:350: attempt to index local 'info' (a nil value)
<23:38:28> [000004EE][Warning] [Lua Error] ...cripts/x2ui/questcontext/notifier/quest_notifier.lua:350: attempt to index local 'info' (a nil value)
<23:38:32> [CA175C82][Warning] non-stream IO. system(Material), filePath(game/materials/misc/rope/rope_fishing.mtl)
<23:38:33> [000004EE][Warning] [Lua Error] ...cripts/x2ui/questcontext/notifier/quest_notifier.lua:350: attempt to index local 'info' (a nil value)
<23:38:40> [000004EE][Warning] [Lua Error] ...cripts/x2ui/questcontext/notifier/quest_notifier.lua:350: attempt to index local 'info' (a nil value)
<23:38:46> [000004EE][Warning] [Lua Error] ...cripts/x2ui/questcontext/notifier/quest_notifier.lua:350: attempt to index local 'info' (a nil value)
<23:38:51> [000004EE][Warning] [Lua Error] ...cripts/x2ui/questcontext/notifier/quest_notifier.lua:350: attempt to index local 'info' (a nil value)
<23:38:56> [000004EE][Warning] [Lua Error] ...cripts/x2ui/questcontext/notifier/quest_notifier.lua:350: attempt to index local 'info' (a nil value)
<23:39:00> [CA175C82][Warning] non-stream IO. system(Material), filePath(game/materials/misc/rope/rope_fishing.mtl)
<23:39:04> [000004EE][Warning] [Lua Error] ...cripts/x2ui/questcontext/notifier/quest_notifier.lua:350: attempt to index local 'info' (a nil value)
<23:39:12> [000004EE][Warning] [Lua Error] ...cripts/x2ui/questcontext/notifier/quest_notifier.lua:350: attempt to index local 'info' (a nil value)
<23:39:18> [000004EE][Warning] [Lua Error] ...cripts/x2ui/questcontext/notifier/quest_notifier.lua:350: attempt to index local 'info' (a nil value)
<23:39:28> [000004EE][Warning] [Lua Error] ...cripts/x2ui/questcontext/notifier/quest_notifier.lua:350: attempt to index local 'info' (a nil value)
<23:39:36> [000004EE][Warning] [Lua Error] ...cripts/x2ui/questcontext/notifier/quest_notifier.lua:350: attempt to index local 'info' (a nil value)
<23:39:42> [000004EE][Warning] [Lua Error] ...cripts/x2ui/questcontext/notifier/quest_notifier.lua:350: attempt to index local 'info' (a nil value)
<23:39:45> [CA175C82][Warning] non-stream IO. system(Material), filePath(game/materials/misc/rope/rope_fishing.mtl)
<23:39:50> [000004EE][Warning] [Lua Error] ...cripts/x2ui/questcontext/notifier/quest_notifier.lua:350: attempt to index local 'info' (a nil value)
<23:39:55> [000004EE][Warning] [Lua Error] ...cripts/x2ui/questcontext/notifier/quest_notifier.lua:350: attempt to index local 'info' (a nil value)
<23:40:01> [000004EE][Warning] [Lua Error] ...cripts/x2ui/questcontext/notifier/quest_notifier.lua:350: attempt to index local 'info' (a nil value)
<23:40:06> [000004EE][Warning] [Lua Error] ...cripts/x2ui/questcontext/notifier/quest_notifier.lua:350: attempt to index local 'info' (a nil value)
<23:40:13> [000004EE][Warning] [Lua Error] ...cripts/x2ui/questcontext/notifier/quest_notifier.lua:350: attempt to index local 'info' (a nil value)
<23:40:17> [CA175C82][Warning] non-stream IO. system(Material), filePath(game/materials/misc/rope/rope_fishing.mtl)
<23:40:23> [000004EE][Warning] [Lua Error] ...cripts/x2ui/questcontext/notifier/quest_notifier.lua:350: attempt to index local 'info' (a nil value)
<23:40:32> [000004EE][Warning] [Lua Error] ...cripts/x2ui/questcontext/notifier/quest_notifier.lua:350: attempt to index local 'info' (a nil value)
<23:40:38> [000004EE][Warning] [Lua Error] ...cripts/x2ui/questcontext/notifier/quest_notifier.lua:350: attempt to index local 'info' (a nil value)
<23:40:44> [000004EE][Warning] [Lua Error] ...cripts/x2ui/questcontext/notifier/quest_notifier.lua:350: attempt to index local 'info' (a nil value)
<23:40:51> [000004EE][Warning] [Lua Error] ...cripts/x2ui/questcontext/notifier/quest_notifier.lua:350: attempt to index local 'info' (a nil value)
<23:40:54> [CA175C82][Warning] non-stream IO. system(Material), filePath(game/materials/misc/rope/rope_fishing.mtl)
<23:40:59> [000004EE][Warning] [Lua Error] ...cripts/x2ui/questcontext/notifier/quest_notifier.lua:350: attempt to index local 'info' (a nil value)
<23:41:04> [000004EE][Warning] [Lua Error] ...cripts/x2ui/questcontext/notifier/quest_notifier.lua:350: attempt to index local 'info' (a nil value)
<23:41:11> [000004EE][Warning] [Lua Error] ...cripts/x2ui/questcontext/notifier/quest_notifier.lua:350: attempt to index local 'info' (a nil value)
<23:41:18> [000004EE][Warning] [Lua Error] ...cripts/x2ui/questcontext/notifier/quest_notifier.lua:350: attempt to index local 'info' (a nil value)
<23:41:26> [000004EE][Warning] [Lua Error] ...cripts/x2ui/questcontext/notifier/quest_notifier.lua:350: attempt to index local 'info' (a nil value)
<23:41:32> [000004EE][Warning] [Lua Error] ...cripts/x2ui/questcontext/notifier/quest_notifier.lua:350: attempt to index local 'info' (a nil value)
<23:41:37> [000004EE][Warning] [Lua Error] ...cripts/x2ui/questcontext/notifier/quest_notifier.lua:350: attempt to index local 'info' (a nil value)
<23:41:40> [CA175C82][Warning] non-stream IO. system(Material), filePath(game/materials/misc/rope/rope_fishing.mtl)
<23:41:42> [000004EE][Warning] [Lua Error] ...cripts/x2ui/questcontext/notifier/quest_notifier.lua:350: attempt to index local 'info' (a nil value)
<23:41:49> [000004EE][Warning] [Lua Error] ...cripts/x2ui/questcontext/notifier/quest_notifier.lua:350: attempt to index local 'info' (a nil value)
<23:41:57> [000004EE][Warning] [Lua Error] ...cripts/x2ui/questcontext/notifier/quest_notifier.lua:350: attempt to index local 'info' (a nil value)
<23:42:02> [000004EE][Warning] [Lua Error] ...cripts/x2ui/questcontext/notifier/quest_notifier.lua:350: attempt to index local 'info' (a nil value)
<23:42:12> [000004EE][Warning] [Lua Error] ...cripts/x2ui/questcontext/notifier/quest_notifier.lua:350: attempt to index local 'info' (a nil value)
<23:42:16> [CA175C82][Warning] non-stream IO. system(Material), filePath(game/materials/misc/rope/rope_fishing.mtl)
<23:42:18> [000004EE][Warning] [Lua Error] ...cripts/x2ui/questcontext/notifier/quest_notifier.lua:350: attempt to index local 'info' (a nil value)
<23:42:23> [000004EE][Warning] [Lua Error] ...cripts/x2ui/questcontext/notifier/quest_notifier.lua:350: attempt to index local 'info' (a nil value)
<23:42:34> [000004EE][Warning] [Lua Error] ...cripts/x2ui/questcontext/notifier/quest_notifier.lua:350: attempt to index local 'info' (a nil value)
<23:42:40> [000004EE][Warning] [Lua Error] ...cripts/x2ui/questcontext/notifier/quest_notifier.lua:350: attempt to index local 'info' (a nil value)
<23:42:46> [000004EE][Warning] [Lua Error] ...cripts/x2ui/questcontext/notifier/quest_notifier.lua:350: attempt to index local 'info' (a nil value)
<23:42:53> [000004EE][Warning] [Lua Error] ...cripts/x2ui/questcontext/notifier/quest_notifier.lua:350: attempt to index local 'info' (a nil value)
<23:42:56> [CA175C82][Warning] non-stream IO. system(Material), filePath(game/materials/misc/rope/rope_fishing.mtl)
<23:42:59> [000004EE][Warning] [Lua Error] ...cripts/x2ui/questcontext/notifier/quest_notifier.lua:350: attempt to index local 'info' (a nil value)
<23:43:05> [000004EE][Warning] [Lua Error] ...cripts/x2ui/questcontext/notifier/quest_notifier.lua:350: attempt to index local 'info' (a nil value)
<23:43:15> [000004EE][Warning] [Lua Error] ...cripts/x2ui/questcontext/notifier/quest_notifier.lua:350: attempt to index local 'info' (a nil value)
<23:43:20> [000004EE][Warning] [Lua Error] ...cripts/x2ui/questcontext/notifier/quest_notifier.lua:350: attempt to index local 'info' (a nil value)
<23:43:27> [000004EE][Warning] [Lua Error] ...cripts/x2ui/questcontext/notifier/quest_notifier.lua:350: attempt to index local 'info' (a nil value)
<23:43:34> [000004EE][Warning] [Lua Error] ...cripts/x2ui/questcontext/notifier/quest_notifier.lua:350: attempt to index local 'info' (a nil value)
<23:43:43> [000004EE][Warning] [Lua Error] ...cripts/x2ui/questcontext/notifier/quest_notifier.lua:350: attempt to index local 'info' (a nil value)
<23:43:53> [000004EE][Warning] [Lua Error] ...cripts/x2ui/questcontext/notifier/quest_notifier.lua:350: attempt to index local 'info' (a nil value)
<23:44:00> [000004EE][Warning] [Lua Error] ...cripts/x2ui/questcontext/notifier/quest_notifier.lua:350: attempt to index local 'info' (a nil value)
<23:44:05> [000004EE][Warning] [Lua Error] ...cripts/x2ui/questcontext/notifier/quest_notifier.lua:350: attempt to index local 'info' (a nil value)
<23:44:08> [CA175C82][Warning] non-stream IO. system(Material), filePath(game/materials/misc/rope/rope_fishing.mtl)
<23:44:10> [000004EE][Warning] [Lua Error] ...cripts/x2ui/questcontext/notifier/quest_notifier.lua:350: attempt to index local 'info' (a nil value)
<23:44:20> [000004EE][Warning] [Lua Error] ...cripts/x2ui/questcontext/notifier/quest_notifier.lua:350: attempt to index local 'info' (a nil value)
<23:44:27> [000004EE][Warning] [Lua Error] ...cripts/x2ui/questcontext/notifier/quest_notifier.lua:350: attempt to index local 'info' (a nil value)
<23:44:33> [000004EE][Warning] [Lua Error] ...cripts/x2ui/questcontext/notifier/quest_notifier.lua:350: attempt to index local 'info' (a nil value)
<23:44:42> [000004EE][Warning] [Lua Error] ...cripts/x2ui/questcontext/notifier/quest_notifier.lua:350: attempt to index local 'info' (a nil value)
<23:44:50> [000004EE][Warning] [Lua Error] ...cripts/x2ui/questcontext/notifier/quest_notifier.lua:350: attempt to index local 'info' (a nil value)
<23:44:54> [CA175C82][Warning] non-stream IO. system(Material), filePath(game/materials/misc/rope/rope_fishing.mtl)
<23:44:54> [BCCDC555][Warning] MakeSprite - too many sprite update (10). dropping.. (sprites : 186)
<23:44:56> [000004EE][Warning] [Lua Error] ...cripts/x2ui/questcontext/notifier/quest_notifier.lua:350: attempt to index local 'info' (a nil value)
<23:45:02> [000004EE][Warning] [Lua Error] ...cripts/x2ui/questcontext/notifier/quest_notifier.lua:350: attempt to index local 'info' (a nil value)
<23:45:11> [000004EE][Warning] [Lua Error] ...cripts/x2ui/questcontext/notifier/quest_notifier.lua:350: attempt to index local 'info' (a nil value)
<23:45:19> [000004EE][Warning] [Lua Error] ...cripts/x2ui/questcontext/notifier/quest_notifier.lua:350: attempt to index local 'info' (a nil value)
<23:45:24> [000004EE][Warning] [Lua Error] ...cripts/x2ui/questcontext/notifier/quest_notifier.lua:350: attempt to index local 'info' (a nil value)
<23:45:27> [CA175C82][Warning] non-stream IO. system(Material), filePath(game/materials/misc/rope/rope_fishing.mtl)
<23:45:31> [000004EE][Warning] [Lua Error] ...cripts/x2ui/questcontext/notifier/quest_notifier.lua:350: attempt to index local 'info' (a nil value)
<23:45:41> [000004EE][Warning] [Lua Error] ...cripts/x2ui/questcontext/notifier/quest_notifier.lua:350: attempt to index local 'info' (a nil value)
<23:45:46> [000004EE][Warning] [Lua Error] ...cripts/x2ui/questcontext/notifier/quest_notifier.lua:350: attempt to index local 'info' (a nil value)
<23:45:51> [000004EE][Warning] [Lua Error] ...cripts/x2ui/questcontext/notifier/quest_notifier.lua:350: attempt to index local 'info' (a nil value)
<23:45:58> [000004EE][Warning] [Lua Error] ...cripts/x2ui/questcontext/notifier/quest_notifier.lua:350: attempt to index local 'info' (a nil value)
<23:46:03> [BCCDC555][Warning] MakeSprite - too many sprite update (10). dropping.. (sprites : 186)
<23:46:04> [000004EE][Warning] [Lua Error] ...cripts/x2ui/questcontext/notifier/quest_notifier.lua:350: attempt to index local 'info' (a nil value)
<23:46:10> [000004EE][Warning] [Lua Error] ...cripts/x2ui/questcontext/notifier/quest_notifier.lua:350: attempt to index local 'info' (a nil value)
<23:46:17> [000004EE][Warning] [Lua Error] ...cripts/x2ui/questcontext/notifier/quest_notifier.lua:350: attempt to index local 'info' (a nil value)
<23:46:20> [CA175C82][Warning] non-stream IO. system(Material), filePath(game/materials/misc/rope/rope_fishing.mtl)
<23:46:22> [000004EE][Warning] [Lua Error] ...cripts/x2ui/questcontext/notifier/quest_notifier.lua:350: attempt to index local 'info' (a nil value)
<23:46:32> [000004EE][Warning] [Lua Error] ...cripts/x2ui/questcontext/notifier/quest_notifier.lua:350: attempt to index local 'info' (a nil value)
<23:46:40> [000004EE][Warning] [Lua Error] ...cripts/x2ui/questcontext/notifier/quest_notifier.lua:350: attempt to index local 'info' (a nil value)
<23:46:46> [000004EE][Warning] [Lua Error] ...cripts/x2ui/questcontext/notifier/quest_notifier.lua:350: attempt to index local 'info' (a nil value)
<23:46:52> [000004EE][Warning] [Lua Error] ...cripts/x2ui/questcontext/notifier/quest_notifier.lua:350: attempt to index local 'info' (a nil value)
<23:46:58> [000004EE][Warning] [Lua Error] ...cripts/x2ui/questcontext/notifier/quest_notifier.lua:350: attempt to index local 'info' (a nil value)
<23:47:05> [000004EE][Warning] [Lua Error] ...cripts/x2ui/questcontext/notifier/quest_notifier.lua:350: attempt to index local 'info' (a nil value)
<23:47:15> [000004EE][Warning] [Lua Error] ...cripts/x2ui/questcontext/notifier/quest_notifier.lua:350: attempt to index local 'info' (a nil value)
<23:47:20> [000004EE][Warning] [Lua Error] ...cripts/x2ui/questcontext/notifier/quest_notifier.lua:350: attempt to index local 'info' (a nil value)
<23:47:24> [CA175C82][Warning] non-stream IO. system(Material), filePath(game/materials/misc/rope/rope_fishing.mtl)
<23:47:28> [000004EE][Warning] [Lua Error] ...cripts/x2ui/questcontext/notifier/quest_notifier.lua:350: attempt to index local 'info' (a nil value)
<23:47:36> [000004EE][Warning] [Lua Error] ...cripts/x2ui/questcontext/notifier/quest_notifier.lua:350: attempt to index local 'info' (a nil value)
<23:47:39> [CA175C82][Warning] non-stream IO. system(Material), filePath(game/materials/misc/rope/rope_fishing.mtl)
<23:47:41> [000004EE][Warning] [Lua Error] ...cripts/x2ui/questcontext/notifier/quest_notifier.lua:350: attempt to index local 'info' (a nil value)
<23:47:45> [CA175C82][Warning] non-stream IO. system(Material), filePath(game/materials/misc/rope/rope_fishing.mtl)
<23:47:48> [000004EE][Warning] [Lua Error] ...cripts/x2ui/questcontext/notifier/quest_notifier.lua:350: attempt to index local 'info' (a nil value)
<23:47:55> [000004EE][Warning] [Lua Error] ...cripts/x2ui/questcontext/notifier/quest_notifier.lua:350: attempt to index local 'info' (a nil value)
<23:48:02> [000004EE][Warning] [Lua Error] ...cripts/x2ui/questcontext/notifier/quest_notifier.lua:350: attempt to index local 'info' (a nil value)
<23:48:11> [000004EE][Warning] [Lua Error] ...cripts/x2ui/questcontext/notifier/quest_notifier.lua:350: attempt to index local 'info' (a nil value)
<23:48:20> [000004EE][Warning] [Lua Error] ...cripts/x2ui/questcontext/notifier/quest_notifier.lua:350: attempt to index local 'info' (a nil value)
<23:48:23> [CA175C82][Warning] non-stream IO. system(Material), filePath(game/materials/misc/rope/rope_fishing.mtl)
<23:48:27> [000004EE][Warning] [Lua Error] ...cripts/x2ui/questcontext/notifier/quest_notifier.lua:350: attempt to index local 'info' (a nil value)
<23:48:37> [000004EE][Warning] [Lua Error] ...cripts/x2ui/questcontext/notifier/quest_notifier.lua:350: attempt to index local 'info' (a nil value)
<23:48:43> [000004EE][Warning] [Lua Error] ...cripts/x2ui/questcontext/notifier/quest_notifier.lua:350: attempt to index local 'info' (a nil value)
<23:48:48> [000004EE][Warning] [Lua Error] ...cripts/x2ui/questcontext/notifier/quest_notifier.lua:350: attempt to index local 'info' (a nil value)
<23:48:54> [000004EE][Warning] [Lua Error] ...cripts/x2ui/questcontext/notifier/quest_notifier.lua:350: attempt to index local 'info' (a nil value)
<23:48:58> [CA175C82][Warning] non-stream IO. system(Material), filePath(game/materials/misc/rope/rope_fishing.mtl)
<23:49:01> [000004EE][Warning] [Lua Error] ...cripts/x2ui/questcontext/notifier/quest_notifier.lua:350: attempt to index local 'info' (a nil value)
<23:49:07> [000004EE][Warning] [Lua Error] ...cripts/x2ui/questcontext/notifier/quest_notifier.lua:350: attempt to index local 'info' (a nil value)
<23:49:16> [000004EE][Warning] [Lua Error] ...cripts/x2ui/questcontext/notifier/quest_notifier.lua:350: attempt to index local 'info' (a nil value)
<23:49:22> [000004EE][Warning] [Lua Error] ...cripts/x2ui/questcontext/notifier/quest_notifier.lua:350: attempt to index local 'info' (a nil value)
<23:49:27> [000004EE][Warning] [Lua Error] ...cripts/x2ui/questcontext/notifier/quest_notifier.lua:350: attempt to index local 'info' (a nil value)
<23:49:31> [CA175C82][Warning] non-stream IO. system(Material), filePath(game/materials/misc/rope/rope_fishing.mtl)
<23:49:34> [000004EE][Warning] [Lua Error] ...cripts/x2ui/questcontext/notifier/quest_notifier.lua:350: attempt to index local 'info' (a nil value)
<23:49:39> [000004EE][Warning] [Lua Error] ...cripts/x2ui/questcontext/notifier/quest_notifier.lua:350: attempt to index local 'info' (a nil value)
<23:49:48> [000004EE][Warning] [Lua Error] ...cripts/x2ui/questcontext/notifier/quest_notifier.lua:350: attempt to index local 'info' (a nil value)
<23:49:55> [000004EE][Warning] [Lua Error] ...cripts/x2ui/questcontext/notifier/quest_notifier.lua:350: attempt to index local 'info' (a nil value)
<23:50:03> [000004EE][Warning] [Lua Error] ...cripts/x2ui/questcontext/notifier/quest_notifier.lua:350: attempt to index local 'info' (a nil value)
<23:50:07> [CA175C82][Warning] non-stream IO. system(Material), filePath(game/materials/misc/rope/rope_fishing.mtl)
<23:50:10> [000004EE][Warning] [Lua Error] ...cripts/x2ui/questcontext/notifier/quest_notifier.lua:350: attempt to index local 'info' (a nil value)
<23:50:15> [000004EE][Warning] [Lua Error] ...cripts/x2ui/questcontext/notifier/quest_notifier.lua:350: attempt to index local 'info' (a nil value)
<23:50:23> [000004EE][Warning] [Lua Error] ...cripts/x2ui/questcontext/notifier/quest_notifier.lua:350: attempt to index local 'info' (a nil value)
<23:50:29> [000004EE][Warning] [Lua Error] ...cripts/x2ui/questcontext/notifier/quest_notifier.lua:350: attempt to index local 'info' (a nil value)
<23:50:36> [000004EE][Warning] [Lua Error] ...cripts/x2ui/questcontext/notifier/quest_notifier.lua:350: attempt to index local 'info' (a nil value)
<23:50:40> [CA175C82][Warning] non-stream IO. system(Material), filePath(game/materials/misc/rope/rope_fishing.mtl)
<23:50:42> [000004EE][Warning] [Lua Error] ...cripts/x2ui/questcontext/notifier/quest_notifier.lua:350: attempt to index local 'info' (a nil value)
<23:50:48> [000004EE][Warning] [Lua Error] ...cripts/x2ui/questcontext/notifier/quest_notifier.lua:350: attempt to index local 'info' (a nil value)
<23:50:50> [000004EE][Warning] [Lua] invalid style type...  / brown
<23:50:52> [CA175C82][Warning] non-stream IO. system(Material), filePath(game/materials/misc/rope/rope_fishing.mtl)
<23:50:54> [000004EE][Warning] [Lua Error] ...cripts/x2ui/questcontext/notifier/quest_notifier.lua:350: attempt to index local 'info' (a nil value)
<23:50:57> [58F3F7FF][Warning] @1_3_5q/scripts/x2ui/inventory/sort_bag.lua:764: [Script Error] Wrong parameter type. Function .GetBagItemInfo(bagId, slot) expect parameter 2 of type Number (Provided type Null)
<23:51:02> [000004EE][Warning] [Lua Error] ...cripts/x2ui/questcontext/notifier/quest_notifier.lua:350: attempt to index local 'info' (a nil value)
<23:51:05> [CA175C82][Warning] non-stream IO. system(Material), filePath(game/materials/misc/rope/rope_fishing.mtl)
<23:51:08> [000004EE][Warning] [Lua Error] ...cripts/x2ui/questcontext/notifier/quest_notifier.lua:350: attempt to index local 'info' (a nil value)
<23:51:13> [3AFFEB25][Warning] Cannot load texture game/textures/p_effects/o_effect/aura_11_ddn.dds, file missing [File=game/textures/p_effects/o_effect/aura_11_ddn.dds]
<23:51:13> [980ACE5D][Warning] Error: CShaderMan::mfCreateShaderResources: Couldn't find custom texture 'game/textures/p_effects/o_effect/aura_11_ddn.dds' in path '' [File=game/textures/p_effects/o_effect/aura_11_ddn.dds]
<23:51:13> [745BAE2F][Warning] failed to stream material xml(game/objects/effects/oeffect/ice_broken_parts_a.mtl)
<23:51:13> [000004EE][Warning] [Lua Error] ...cripts/x2ui/questcontext/notifier/quest_notifier.lua:350: attempt to index local 'info' (a nil value)
<23:51:16> [CA175C82][Warning] non-stream IO. system(Material), filePath(game/materials/misc/rope/rope_fishing.mtl)
<23:51:19> [000004EE][Warning] [Lua Error] ...cripts/x2ui/questcontext/notifier/quest_notifier.lua:350: attempt to index local 'info' (a nil value)
<23:51:25> [000004EE][Warning] [Lua Error] ...cripts/x2ui/questcontext/notifier/quest_notifier.lua:350: attempt to index local 'info' (a nil value)
<23:51:28> [CA175C82][Warning] non-stream IO. system(Material), filePath(game/materials/misc/rope/rope_fishing.mtl)
<23:51:32> [000004EE][Warning] [Lua Error] ...cripts/x2ui/questcontext/notifier/quest_notifier.lua:350: attempt to index local 'info' (a nil value)
<23:51:37> [000004EE][Warning] [Lua Error] ...cripts/x2ui/questcontext/notifier/quest_notifier.lua:350: attempt to index local 'info' (a nil value)
<23:51:40> [CA175C82][Warning] non-stream IO. system(Material), filePath(game/materials/misc/rope/rope_fishing.mtl)
<23:51:43> [000004EE][Warning] [Lua Error] ...cripts/x2ui/questcontext/notifier/quest_notifier.lua:350: attempt to index local 'info' (a nil value)
<23:51:49> [000004EE][Warning] [Lua Error] ...cripts/x2ui/questcontext/notifier/quest_notifier.lua:350: attempt to index local 'info' (a nil value)
<23:51:53> [CA175C82][Warning] non-stream IO. system(Material), filePath(game/materials/misc/rope/rope_fishing.mtl)
<23:51:55> [000004EE][Warning] [Lua Error] ...cripts/x2ui/questcontext/notifier/quest_notifier.lua:350: attempt to index local 'info' (a nil value)
<23:52:00> [000004EE][Warning] [Lua Error] ...cripts/x2ui/questcontext/notifier/quest_notifier.lua:350: attempt to index local 'info' (a nil value)
<23:52:03> [CA175C82][Warning] non-stream IO. system(Material), filePath(game/materials/misc/rope/rope_fishing.mtl)
<23:52:05> [000004EE][Warning] [Lua Error] ...cripts/x2ui/questcontext/notifier/quest_notifier.lua:350: attempt to index local 'info' (a nil value)
<23:52:10> [000004EE][Warning] [Lua Error] ...cripts/x2ui/questcontext/notifier/quest_notifier.lua:350: attempt to index local 'info' (a nil value)
<23:52:14> [CA175C82][Warning] non-stream IO. system(Material), filePath(game/materials/misc/rope/rope_fishing.mtl)
<23:52:16> [000004EE][Warning] [Lua Error] ...cripts/x2ui/questcontext/notifier/quest_notifier.lua:350: attempt to index local 'info' (a nil value)
<23:52:22> [000004EE][Warning] [Lua Error] ...cripts/x2ui/questcontext/notifier/quest_notifier.lua:350: attempt to index local 'info' (a nil value)
<23:52:25> [CA175C82][Warning] non-stream IO. system(Material), filePath(game/materials/misc/rope/rope_fishing.mtl)
<23:52:29> [000004EE][Warning] [Lua Error] ...cripts/x2ui/questcontext/notifier/quest_notifier.lua:350: attempt to index local 'info' (a nil value)
<23:52:34> [000004EE][Warning] [Lua] invalid style type...  / brown
<23:52:35> [000004EE][Warning] [Lua Error] ...cripts/x2ui/questcontext/notifier/quest_notifier.lua:350: attempt to index local 'info' (a nil value)
<23:52:38> [CA175C82][Warning] non-stream IO. system(Material), filePath(game/materials/misc/rope/rope_fishing.mtl)
<23:52:41> [000004EE][Warning] [Lua Error] ...cripts/x2ui/questcontext/notifier/quest_notifier.lua:350: attempt to index local 'info' (a nil value)
<23:52:44> [CA175C82][Warning] non-stream IO. system(Material), filePath(game/materials/misc/rope/rope_fishing.mtl)
<23:52:47> [000004EE][Warning] [Lua Error] ...cripts/x2ui/questcontext/notifier/quest_notifier.lua:350: attempt to index local 'info' (a nil value)
<23:52:52> [000004EE][Warning] [Lua Error] ...cripts/x2ui/questcontext/notifier/quest_notifier.lua:350: attempt to index local 'info' (a nil value)
<23:52:55> [CA175C82][Warning] non-stream IO. system(Material), filePath(game/materials/misc/rope/rope_fishing.mtl)
<23:53:05> [000004EE][Warning] [Lua Error] ...cripts/x2ui/questcontext/notifier/quest_notifier.lua:350: attempt to index local 'info' (a nil value)
<23:53:10> [000004EE][Warning] [Lua Error] ...cripts/x2ui/questcontext/notifier/quest_notifier.lua:350: attempt to index local 'info' (a nil value)
<23:53:15> [000004EE][Warning] [Lua Error] ...cripts/x2ui/questcontext/notifier/quest_notifier.lua:350: attempt to index local 'info' (a nil value)
<23:53:19> [CA175C82][Warning] non-stream IO. system(Material), filePath(game/materials/misc/rope/rope_fishing.mtl)
<23:53:22> [000004EE][Warning] [Lua Error] ...cripts/x2ui/questcontext/notifier/quest_notifier.lua:350: attempt to index local 'info' (a nil value)
<23:53:28> [000004EE][Warning] [Lua Error] ...cripts/x2ui/questcontext/notifier/quest_notifier.lua:350: attempt to index local 'info' (a nil value)
<23:53:36> [000004EE][Warning] [Lua Error] ...cripts/x2ui/questcontext/notifier/quest_notifier.lua:350: attempt to index local 'info' (a nil value)
<23:53:39> [CA175C82][Warning] non-stream IO. system(Material), filePath(game/materials/misc/rope/rope_fishing.mtl)
<23:53:41> [000004EE][Warning] [Lua Error] ...cripts/x2ui/questcontext/notifier/quest_notifier.lua:350: attempt to index local 'info' (a nil value)
<23:53:50> [000004EE][Warning] [Lua Error] ...cripts/x2ui/questcontext/notifier/quest_notifier.lua:350: attempt to index local 'info' (a nil value)
<23:53:53> [CA175C82][Warning] non-stream IO. system(Material), filePath(game/materials/misc/rope/rope_fishing.mtl)
<23:53:57> [000004EE][Warning] [Lua Error] ...cripts/x2ui/questcontext/notifier/quest_notifier.lua:350: attempt to index local 'info' (a nil value)
<23:54:03> [000004EE][Warning] [Lua Error] ...cripts/x2ui/questcontext/notifier/quest_notifier.lua:350: attempt to index local 'info' (a nil value)
<23:54:06> [CA175C82][Warning] non-stream IO. system(Material), filePath(game/materials/misc/rope/rope_fishing.mtl)
<23:54:09> [000004EE][Warning] [Lua Error] ...cripts/x2ui/questcontext/notifier/quest_notifier.lua:350: attempt to index local 'info' (a nil value)
<23:54:15> [000004EE][Warning] [Lua Error] ...cripts/x2ui/questcontext/notifier/quest_notifier.lua:350: attempt to index local 'info' (a nil value)
<23:54:18> [CA175C82][Warning] non-stream IO. system(Material), filePath(game/materials/misc/rope/rope_fishing.mtl)
<23:54:21> [000004EE][Warning] [Lua Error] ...cripts/x2ui/questcontext/notifier/quest_notifier.lua:350: attempt to index local 'info' (a nil value)
<23:54:27> [000004EE][Warning] [Lua Error] ...cripts/x2ui/questcontext/notifier/quest_notifier.lua:350: attempt to index local 'info' (a nil value)
<23:54:31> [CA175C82][Warning] non-stream IO. system(Material), filePath(game/materials/misc/rope/rope_fishing.mtl)
<23:54:33> [000004EE][Warning] [Lua Error] ...cripts/x2ui/questcontext/notifier/quest_notifier.lua:350: attempt to index local 'info' (a nil value)
<23:54:38> [000004EE][Warning] [Lua Error] ...cripts/x2ui/questcontext/notifier/quest_notifier.lua:350: attempt to index local 'info' (a nil value)
<23:54:41> [CA175C82][Warning] non-stream IO. system(Material), filePath(game/materials/misc/rope/rope_fishing.mtl)
<23:54:44> [000004EE][Warning] [Lua Error] ...cripts/x2ui/questcontext/notifier/quest_notifier.lua:350: attempt to index local 'info' (a nil value)
<23:54:49> [000004EE][Warning] [Lua Error] ...cripts/x2ui/questcontext/notifier/quest_notifier.lua:350: attempt to index local 'info' (a nil value)
<23:54:53> [CA175C82][Warning] non-stream IO. system(Material), filePath(game/materials/misc/rope/rope_fishing.mtl)
<23:54:55> [000004EE][Warning] [Lua Error] ...cripts/x2ui/questcontext/notifier/quest_notifier.lua:350: attempt to index local 'info' (a nil value)
<23:55:03> [CA175C82][Warning] non-stream IO. system(Material), filePath(game/materials/misc/rope/rope_fishing.mtl)
<23:55:09> [000004EE][Warning] [Lua Error] ...cripts/x2ui/questcontext/notifier/quest_notifier.lua:350: attempt to index local 'info' (a nil value)
<23:55:14> [000004EE][Warning] [Lua Error] ...cripts/x2ui/questcontext/notifier/quest_notifier.lua:350: attempt to index local 'info' (a nil value)
<23:55:17> [CA175C82][Warning] non-stream IO. system(Material), filePath(game/materials/misc/rope/rope_fishing.mtl)
<23:55:19> [000004EE][Warning] [Lua Error] ...cripts/x2ui/questcontext/notifier/quest_notifier.lua:350: attempt to index local 'info' (a nil value)
<23:55:29> [000004EE][Warning] [Lua Error] ...cripts/x2ui/questcontext/notifier/quest_notifier.lua:350: attempt to index local 'info' (a nil value)
<23:55:32> [CA175C82][Warning] non-stream IO. system(Material), filePath(game/materials/misc/rope/rope_fishing.mtl)
<23:55:35> [000004EE][Warning] [Lua Error] ...cripts/x2ui/questcontext/notifier/quest_notifier.lua:350: attempt to index local 'info' (a nil value)
<23:55:45> [000004EE][Warning] [Lua Error] ...cripts/x2ui/questcontext/notifier/quest_notifier.lua:350: attempt to index local 'info' (a nil value)
<23:55:48> [CA175C82][Warning] non-stream IO. system(Material), filePath(game/materials/misc/rope/rope_fishing.mtl)
<23:55:50> [000004EE][Warning] [Lua Error] ...cripts/x2ui/questcontext/notifier/quest_notifier.lua:350: attempt to index local 'info' (a nil value)
<23:55:54> [CA175C82][Warning] non-stream IO. system(Material), filePath(game/materials/misc/rope/rope_fishing.mtl)
<23:55:59> [000004EE][Warning] [Lua Error] ...cripts/x2ui/questcontext/notifier/quest_notifier.lua:350: attempt to index local 'info' (a nil value)
<23:56:04> [000004EE][Warning] [Lua Error] ...cripts/x2ui/questcontext/notifier/quest_notifier.lua:350: attempt to index local 'info' (a nil value)
<23:56:12> [000004EE][Warning] [Lua Error] ...cripts/x2ui/questcontext/notifier/quest_notifier.lua:350: attempt to index local 'info' (a nil value)
<23:56:16> [CA175C82][Warning] non-stream IO. system(Material), filePath(game/materials/misc/rope/rope_fishing.mtl)
<23:56:18> [000004EE][Warning] [Lua Error] ...cripts/x2ui/questcontext/notifier/quest_notifier.lua:350: attempt to index local 'info' (a nil value)
<23:56:27> [000004EE][Warning] [Lua Error] ...cripts/x2ui/questcontext/notifier/quest_notifier.lua:350: attempt to index local 'info' (a nil value)
<23:56:34> [000004EE][Warning] [Lua Error] ...cripts/x2ui/questcontext/notifier/quest_notifier.lua:350: attempt to index local 'info' (a nil value)
<23:56:39> [000004EE][Warning] [Lua Error] ...cripts/x2ui/questcontext/notifier/quest_notifier.lua:350: attempt to index local 'info' (a nil value)
<23:56:44> [000004EE][Warning] [Lua Error] ...cripts/x2ui/questcontext/notifier/quest_notifier.lua:350: attempt to index local 'info' (a nil value)
<23:56:53> [000004EE][Warning] [Lua Error] ...cripts/x2ui/questcontext/notifier/quest_notifier.lua:350: attempt to index local 'info' (a nil value)
<23:56:57> [CA175C82][Warning] non-stream IO. system(Material), filePath(game/materials/misc/rope/rope_fishing.mtl)
<23:57:00> [000004EE][Warning] [Lua Error] ...cripts/x2ui/questcontext/notifier/quest_notifier.lua:350: attempt to index local 'info' (a nil value)
<23:57:06> [000004EE][Warning] [Lua Error] ...cripts/x2ui/questcontext/notifier/quest_notifier.lua:350: attempt to index local 'info' (a nil value)
<23:57:08> [CA175C82][Warning] non-stream IO. system(Material), filePath(game/materials/misc/rope/rope_fishing.mtl)
<23:57:12> [000004EE][Warning] [Lua Error] ...cripts/x2ui/questcontext/notifier/quest_notifier.lua:350: attempt to index local 'info' (a nil value)
<23:57:18> [000004EE][Warning] [Lua Error] ...cripts/x2ui/questcontext/notifier/quest_notifier.lua:350: attempt to index local 'info' (a nil value)
<23:57:21> [CA175C82][Warning] non-stream IO. system(Material), filePath(game/materials/misc/rope/rope_fishing.mtl)
<23:57:24> [000004EE][Warning] [Lua Error] ...cripts/x2ui/questcontext/notifier/quest_notifier.lua:350: attempt to index local 'info' (a nil value)
<23:57:31> [000004EE][Warning] [Lua Error] ...cripts/x2ui/questcontext/notifier/quest_notifier.lua:350: attempt to index local 'info' (a nil value)
<23:57:37> [000004EE][Warning] [Lua Error] ...cripts/x2ui/questcontext/notifier/quest_notifier.lua:350: attempt to index local 'info' (a nil value)
<23:57:42> [000004EE][Warning] [Lua Error] ...cripts/x2ui/questcontext/notifier/quest_notifier.lua:350: attempt to index local 'info' (a nil value)
<23:57:48> [000004EE][Warning] [Lua Error] ...cripts/x2ui/questcontext/notifier/quest_notifier.lua:350: attempt to index local 'info' (a nil value)
<23:57:53> [000004EE][Warning] [Lua Error] ...cripts/x2ui/questcontext/notifier/quest_notifier.lua:350: attempt to index local 'info' (a nil value)
<23:57:57> [CA175C82][Warning] non-stream IO. system(Material), filePath(game/materials/misc/rope/rope_fishing.mtl)
<23:57:59> [000004EE][Warning] [Lua Error] ...cripts/x2ui/questcontext/notifier/quest_notifier.lua:350: attempt to index local 'info' (a nil value)
<23:58:04> [000004EE][Warning] [Lua Error] ...cripts/x2ui/questcontext/notifier/quest_notifier.lua:350: attempt to index local 'info' (a nil value)
<23:58:14> [000004EE][Warning] [Lua Error] ...cripts/x2ui/questcontext/notifier/quest_notifier.lua:350: attempt to index local 'info' (a nil value)
<23:58:20> [000004EE][Warning] [Lua Error] ...cripts/x2ui/questcontext/notifier/quest_notifier.lua:350: attempt to index local 'info' (a nil value)
<23:58:27> [000004EE][Warning] [Lua Error] ...cripts/x2ui/questcontext/notifier/quest_notifier.lua:350: attempt to index local 'info' (a nil value)
<23:58:35> [000004EE][Warning] [Lua Error] ...cripts/x2ui/questcontext/notifier/quest_notifier.lua:350: attempt to index local 'info' (a nil value)
<23:58:38> [CA175C82][Warning] non-stream IO. system(Material), filePath(game/materials/misc/rope/rope_fishing.mtl)
<23:58:42> [000004EE][Warning] [Lua Error] ...cripts/x2ui/questcontext/notifier/quest_notifier.lua:350: attempt to index local 'info' (a nil value)
<23:58:48> [000004EE][Warning] [Lua Error] ...cripts/x2ui/questcontext/notifier/quest_notifier.lua:350: attempt to index local 'info' (a nil value)
<23:58:58> [000004EE][Warning] [Lua Error] ...cripts/x2ui/questcontext/notifier/quest_notifier.lua:350: attempt to index local 'info' (a nil value)
<23:59:04> [000004EE][Warning] [Lua Error] ...cripts/x2ui/questcontext/notifier/quest_notifier.lua:350: attempt to index local 'info' (a nil value)
<23:59:08> [CA175C82][Warning] non-stream IO. system(Material), filePath(game/materials/misc/rope/rope_fishing.mtl)
<23:59:10> [000004EE][Warning] [Lua Error] ...cripts/x2ui/questcontext/notifier/quest_notifier.lua:350: attempt to index local 'info' (a nil value)
<23:59:18> [000004EE][Warning] [Lua Error] ...cripts/x2ui/questcontext/notifier/quest_notifier.lua:350: attempt to index local 'info' (a nil value)
<23:59:21> [CA175C82][Warning] non-stream IO. system(Material), filePath(game/materials/misc/rope/rope_fishing.mtl)
<23:59:25> [6FF68EA5] SetInstantTime: type 0 time 1760068914
<23:59:29> [000004EE][Warning] [Lua Error] ...cripts/x2ui/questcontext/notifier/quest_notifier.lua:350: attempt to index local 'info' (a nil value)
<23:59:39> [000004EE][Warning] [Lua Error] ...cripts/x2ui/questcontext/notifier/quest_notifier.lua:350: attempt to index local 'info' (a nil value)
<23:59:42> [6FF68EA5] SetInstantTime: type 0 time 0
<23:59:42> [CA175C82][Warning] non-stream IO. system(Material), filePath(game/materials/misc/rope/rope_fishing.mtl)
<23:59:49> [000004EE][Warning] [Lua Error] ...cripts/x2ui/questcontext/notifier/quest_notifier.lua:350: attempt to index local 'info' (a nil value)
<23:59:56> [000004EE][Warning] [Lua Error] ...cripts/x2ui/questcontext/notifier/quest_notifier.lua:350: attempt to index local 'info' (a nil value)
<23:59:59> [CA175C82][Warning] non-stream IO. system(Material), filePath(game/materials/misc/rope/rope_fishing.mtl)
<23:59:59> [BCCDC555][Warning] MakeSprite - too many sprite update (10). dropping.. (sprites : 191)
<00:00:01> [000004EE][Warning] [Lua Error] ...cripts/x2ui/questcontext/notifier/quest_notifier.lua:350: attempt to index local 'info' (a nil value)
<00:00:06> [000004EE][Warning] [Lua Error] ...cripts/x2ui/questcontext/notifier/quest_notifier.lua:350: attempt to index local 'info' (a nil value)
<00:00:15> [000004EE][Warning] [Lua Error] ...cripts/x2ui/questcontext/notifier/quest_notifier.lua:350: attempt to index local 'info' (a nil value)
<00:00:18> [CA175C82][Warning] non-stream IO. system(Material), filePath(game/materials/misc/rope/rope_fishing.mtl)
<00:00:21> [000004EE][Warning] [Lua Error] ...cripts/x2ui/questcontext/notifier/quest_notifier.lua:350: attempt to index local 'info' (a nil value)
<00:00:27> [000004EE][Warning] [Lua Error] ...cripts/x2ui/questcontext/notifier/quest_notifier.lua:350: attempt to index local 'info' (a nil value)
<00:00:31> [CA175C82][Warning] non-stream IO. system(Material), filePath(game/materials/misc/rope/rope_fishing.mtl)
<00:00:35> [000004EE][Warning] [Lua Error] ...cripts/x2ui/questcontext/notifier/quest_notifier.lua:350: attempt to index local 'info' (a nil value)
<00:00:36> [82321C2B][Warning] [net 04:00:36.757] [time] remote time estimation restarted; estimate accumulator age was 0.537698
<00:00:44> [CA175C82][Warning] non-stream IO. system(Material), filePath(game/materials/misc/rope/rope_fishing.mtl)
<00:00:59> [CA175C82][Warning] non-stream IO. system(Material), filePath(game/materials/misc/rope/rope_fishing.mtl)
<00:01:11> [CA175C82][Warning] non-stream IO. system(Material), filePath(game/materials/misc/rope/rope_fishing.mtl)
<00:01:21> [CA175C82][Warning] non-stream IO. system(Material), filePath(game/materials/misc/rope/rope_fishing.mtl)
<00:01:36> [CA175C82][Warning] non-stream IO. system(Material), filePath(game/materials/misc/rope/rope_fishing.mtl)
<00:01:50> [CA175C82][Warning] non-stream IO. system(Material), filePath(game/materials/misc/rope/rope_fishing.mtl)
<00:02:00> [CA175C82][Warning] non-stream IO. system(Material), filePath(game/materials/misc/rope/rope_fishing.mtl)
<00:02:07> [000004EE][Warning] [Lua] invalid style type...  / brown
<00:02:44> [0D01BD65] start to parse systm mail
<00:02:44> [BFBA8B5E] end to parse systm mail
<00:02:44> [0D01BD65] start to parse systm mail
<00:02:44> [BFBA8B5E] end to parse systm mail
<00:02:44> [0D01BD65] start to parse systm mail
<00:02:44> [BFBA8B5E] end to parse systm mail
<00:02:47> [0D01BD65] start to parse systm mail
<00:02:47> [BFBA8B5E] end to parse systm mail
<00:02:47> [0D01BD65] start to parse systm mail
<00:02:47> [BFBA8B5E] end to parse systm mail
<00:02:47> [0D01BD65] start to parse systm mail
<00:02:47> [BFBA8B5E] end to parse systm mail
<00:02:48> [0D01BD65] start to parse systm mail
<00:02:48> [BFBA8B5E] end to parse systm mail
<00:02:48> [0D01BD65] start to parse systm mail
<00:02:48> [BFBA8B5E] end to parse systm mail
<00:02:48> [0D01BD65] start to parse systm mail
<00:02:48> [BFBA8B5E] end to parse systm mail
<00:02:48> [0D01BD65] start to parse systm mail
<00:02:48> [BFBA8B5E] end to parse systm mail
<00:02:48> [0D01BD65] start to parse systm mail
<00:02:48> [BFBA8B5E] end to parse systm mail
<00:02:48> [0D01BD65] start to parse systm mail
<00:02:48> [BFBA8B5E] end to parse systm mail
<00:03:13> [CE0EF930][Warning] failed to stream cgf : objects/effects/portal_gate.cgf
<00:03:14> [5F2B49C4][Warning] cell get sector zone : invalid sector pos (-12, 0)
<00:03:14> [BB790A81] origin change campos : -5909.96, -5175.319336
<00:03:14> [00000020]  
<00:03:14> [00000020]  
<00:03:14> [A581FA6D] -----------------------------------------------------------------------------
<00:03:14> [1DAA5677] SeamlessSystem::ChangeOrigin() : Here we go. Old(16,22) -> New(7,14)
<00:03:14> [A581FA6D] -----------------------------------------------------------------------------
<00:03:14> [00000020]  
<00:03:14> [00000020]  
<00:03:14> [B866A294] seamless unloading cell terrain(W23, 20), (L7, 4)
<00:03:14> [B866A294] seamless unloading cell terrain(W23, 19), (L7, 3)
<00:03:14> [B866A294] seamless unloading cell terrain(W23, 18), (L7, 2)
<00:03:14> [B866A294] seamless unloading cell terrain(W22, 22), (L6, 6)
<00:03:14> [B866A294] seamless unloading cell terrain(W22, 21), (L6, 5)
<00:03:14> [B866A294] seamless unloading cell terrain(W22, 20), (L6, 4)
<00:03:14> [B866A294] seamless unloading cell terrain(W22, 19), (L6, 3)
<00:03:14> [B866A294] seamless unloading cell terrain(W22, 18), (L6, 2)
<00:03:14> [B866A294] seamless unloading cell terrain(W22, 17), (L6, 1)
<00:03:14> [B866A294] seamless unloading cell terrain(W21, 22), (L5, 6)
<00:03:14> [B866A294] seamless unloading cell terrain(W21, 21), (L5, 5)
<00:03:14> [7AB931CE] seamless unloading cell object(W21, 21), (L5, 5)
<00:03:14> [4B1E8B22] unload cell object count : 0
<00:03:14> [B866A294] seamless unloading cell terrain(W21, 20), (L5, 4)
<00:03:14> [7AB931CE] seamless unloading cell object(W21, 20), (L5, 4)
<00:03:14> [4B1E8B22] unload cell object count : 4408
<00:03:14> [B866A294] seamless unloading cell terrain(W21, 19), (L5, 3)
<00:03:14> [7AB931CE] seamless unloading cell object(W21, 19), (L5, 3)
<00:03:14> [4B1E8B22] unload cell object count : 2549
<00:03:14> [B866A294] seamless unloading cell terrain(W21, 18), (L5, 2)
<00:03:14> [7AB931CE] seamless unloading cell object(W21, 18), (L5, 2)
<00:03:14> [4B1E8B22] unload cell object count : 15328
<00:03:14> [B866A294] seamless unloading cell terrain(W21, 17), (L5, 1)
<00:03:14> [B866A294] seamless unloading cell terrain(W21, 16), (L5, 0)
<00:03:14> [B866A294] seamless unloading cell terrain(W20, 23), (L4, 7)
<00:03:14> [B866A294] seamless unloading cell terrain(W20, 22), (L4, 6)
<00:03:14> [B866A294] seamless unloading cell terrain(W20, 21), (L4, 5)
<00:03:14> [7AB931CE] seamless unloading cell object(W20, 21), (L4, 5)
<00:03:14> [4B1E8B22] unload cell object count : 0
<00:03:14> [B866A294] seamless unloading cell terrain(W20, 20), (L4, 4)
<00:03:14> [7AB931CE] seamless unloading cell object(W20, 20), (L4, 4)
<00:03:14> [4B1E8B22] unload cell object count : 1057
<00:03:14> [B866A294] seamless unloading cell terrain(W20, 19), (L4, 3)
<00:03:14> [7AB931CE] seamless unloading cell object(W20, 19), (L4, 3)
<00:03:15> [4B1E8B22] unload cell object count : 4945
<00:03:15> [B866A294] seamless unloading cell terrain(W20, 18), (L4, 2)
<00:03:15> [7AB931CE] seamless unloading cell object(W20, 18), (L4, 2)
<00:03:15> [4B1E8B22] unload cell object count : 31789
<00:03:15> [B866A294] seamless unloading cell terrain(W20, 17), (L4, 1)
<00:03:15> [7AB931CE] seamless unloading cell object(W20, 17), (L4, 1)
<00:03:15> [4B1E8B22] unload cell object count : 14585
<00:03:15> [B866A294] seamless unloading cell terrain(W20, 16), (L4, 0)
<00:03:15> [B866A294] seamless unloading cell terrain(W19, 23), (L3, 7)
<00:03:15> [B866A294] seamless unloading cell terrain(W19, 22), (L3, 6)
<00:03:15> [B866A294] seamless unloading cell terrain(W19, 21), (L3, 5)
<00:03:15> [7AB931CE] seamless unloading cell object(W19, 21), (L3, 5)
<00:03:15> [4B1E8B22] unload cell object count : 6385
<00:03:15> [B866A294] seamless unloading cell terrain(W19, 20), (L3, 4)
<00:03:15> [7AB931CE] seamless unloading cell object(W19, 20), (L3, 4)
<00:03:15> [4B1E8B22] unload cell object count : 2510
<00:03:15> [B866A294] seamless unloading cell terrain(W19, 19), (L3, 3)
<00:03:15> [7AB931CE] seamless unloading cell object(W19, 19), (L3, 3)
<00:03:15> [4B1E8B22] unload cell object count : 0
<00:03:15> [B866A294] seamless unloading cell terrain(W19, 18), (L3, 2)
<00:03:15> [7AB931CE] seamless unloading cell object(W19, 18), (L3, 2)
<00:03:15> [4B1E8B22] unload cell object count : 32645
<00:03:15> [B866A294] seamless unloading cell terrain(W19, 17), (L3, 1)
<00:03:15> [7AB931CE] seamless unloading cell object(W19, 17), (L3, 1)
<00:03:15> [4B1E8B22] unload cell object count : 18944
<00:03:15> [B866A294] seamless unloading cell terrain(W19, 16), (L3, 0)
<00:03:15> [B866A294] seamless unloading cell terrain(W18, 23), (L2, 7)
<00:03:15> [B866A294] seamless unloading cell terrain(W18, 22), (L2, 6)
<00:03:15> [B866A294] seamless unloading cell terrain(W18, 21), (L2, 5)
<00:03:15> [7AB931CE] seamless unloading cell object(W18, 21), (L2, 5)
<00:03:15> [4B1E8B22] unload cell object count : 4007
<00:03:15> [B866A294] seamless unloading cell terrain(W18, 20), (L2, 4)
<00:03:15> [7AB931CE] seamless unloading cell object(W18, 20), (L2, 4)
<00:03:15> [4B1E8B22] unload cell object count : 3256
<00:03:15> [B866A294] seamless unloading cell terrain(W18, 19), (L2, 3)
<00:03:15> [7AB931CE] seamless unloading cell object(W18, 19), (L2, 3)
<00:03:15> [4B1E8B22] unload cell object count : 0
<00:03:15> [B866A294] seamless unloading cell terrain(W18, 18), (L2, 2)
<00:03:15> [7AB931CE] seamless unloading cell object(W18, 18), (L2, 2)
<00:03:15> [4B1E8B22] unload cell object count : 2538
<00:03:15> [B866A294] seamless unloading cell terrain(W18, 17), (L2, 1)
<00:03:15> [B866A294] seamless unloading cell terrain(W18, 16), (L2, 0)
<00:03:15> [B866A294] seamless unloading cell terrain(W17, 22), (L1, 6)
<00:03:15> [B866A294] seamless unloading cell terrain(W17, 21), (L1, 5)
<00:03:15> [B866A294] seamless unloading cell terrain(W17, 20), (L1, 4)
<00:03:15> [7AB931CE] seamless unloading cell object(W17, 20), (L1, 4)
<00:03:15> [4B1E8B22] unload cell object count : 15047
<00:03:15> [B866A294] seamless unloading cell terrain(W17, 19), (L1, 3)
<00:03:15> [7AB931CE] seamless unloading cell object(W17, 19), (L1, 3)
<00:03:15> [4B1E8B22] unload cell object count : 0
<00:03:15> [B866A294] seamless unloading cell terrain(W17, 18), (L1, 2)
<00:03:15> [B866A294] seamless unloading cell terrain(W17, 17), (L1, 1)
<00:03:15> [B866A294] seamless unloading cell terrain(W16, 21), (L0, 5)
<00:03:15> [B866A294] seamless unloading cell terrain(W16, 20), (L0, 4)
<00:03:15> [B866A294] seamless unloading cell terrain(W16, 19), (L0, 3)
<00:03:15> [B866A294] seamless unloading cell terrain(W16, 18), (L0, 2)
<00:03:15> [B866A294] seamless unloading cell terrain(W16, 17), (L0, 1)
<00:03:15> [3623F74F] [Seamless] camera has been warped
<00:03:15> [9CAE9693] Starting In World Loading
<00:03:15> [7B1A973B] seamless loading cell terrain(W10, 16), (L3, 2)
<00:03:15> [7B1A973B] seamless loading cell terrain(W10, 17), (L3, 3)
<00:03:15> [7B1A973B] seamless loading cell terrain(W9, 16), (L2, 2)
<00:03:15> [7B1A973B] seamless loading cell terrain(W9, 17), (L2, 3)
<00:03:15> [7B1A973B] seamless loading cell terrain(W11, 16), (L4, 2)
<00:03:15> [7B1A973B] seamless loading cell terrain(W11, 17), (L4, 3)
<00:03:15> [7B1A973B] seamless loading cell terrain(W10, 15), (L3, 1)
<00:03:15> [7B1A973B] seamless loading cell terrain(W10, 18), (L3, 4)
<00:03:15> [7B1A973B] seamless loading cell terrain(W9, 15), (L2, 1)
<00:03:15> [7B1A973B] seamless loading cell terrain(W9, 18), (L2, 4)
<00:03:15> [7B1A973B] seamless loading cell terrain(W8, 16), (L1, 2)
<00:03:15> [7B1A973B] seamless loading cell terrain(W8, 17), (L1, 3)
<00:03:15> [7B1A973B] seamless loading cell terrain(W11, 15), (L4, 1)
<00:03:15> [7B1A973B] seamless loading cell terrain(W11, 18), (L4, 4)
<00:03:15> [7B1A973B] seamless loading cell terrain(W8, 15), (L1, 1)
<00:03:15> [7B1A973B] seamless loading cell terrain(W12, 16), (L5, 2)
<00:03:15> [7B1A973B] seamless loading cell terrain(W8, 18), (L1, 4)
<00:03:15> [7B1A973B] seamless loading cell terrain(W12, 17), (L5, 3)
<00:03:15> [7B1A973B] seamless loading cell terrain(W10, 14), (L3, 0)
<00:03:15> [7B1A973B] seamless loading cell terrain(W9, 14), (L2, 0)
<00:03:15> [7B1A973B] seamless loading cell terrain(W10, 19), (L3, 5)
<00:03:15> [7B1A973B] seamless loading cell terrain(W9, 19), (L2, 5)
<00:03:15> [7B1A973B] seamless loading cell terrain(W12, 15), (L5, 1)
<00:03:15> [7B1A973B] seamless loading cell terrain(W12, 18), (L5, 4)
<00:03:15> [7B1A973B] seamless loading cell terrain(W11, 14), (L4, 0)
<00:03:15> [7B1A973B] seamless loading cell terrain(W7, 16), (L0, 2)
<00:03:15> [7B1A973B] seamless loading cell terrain(W7, 17), (L0, 3)
<00:03:15> [7B1A973B] seamless loading cell terrain(W11, 19), (L4, 5)
<00:03:15> [7B1A973B] seamless loading cell terrain(W8, 14), (L1, 0)
<00:03:15> [7B1A973B] seamless loading cell terrain(W8, 19), (L1, 5)
<00:03:15> [7B1A973B] seamless loading cell terrain(W7, 15), (L0, 1)
<00:03:15> [7B1A973B] seamless loading cell terrain(W7, 18), (L0, 4)
<00:03:15> [7B1A973B] seamless loading cell terrain(W13, 16), (L6, 2)
<00:03:15> [7B1A973B] seamless loading cell terrain(W13, 17), (L6, 3)
<00:03:15> [7B1A973B] seamless loading cell terrain(W12, 14), (L5, 0)
<00:03:15> [7B1A973B] seamless loading cell terrain(W12, 19), (L5, 5)
<00:03:15> [7B1A973B] seamless loading cell terrain(W13, 15), (L6, 1)
<00:03:15> [7B1A973B] seamless loading cell terrain(W13, 18), (L6, 4)
<00:03:15> [7B1A973B] seamless loading cell terrain(W9, 20), (L2, 6)
<00:03:15> [7B1A973B] seamless loading cell terrain(W7, 14), (L0, 0)
<00:03:15> [7B1A973B] seamless loading cell terrain(W7, 19), (L0, 5)
<00:03:15> [7B1A973B] seamless loading cell terrain(W8, 20), (L1, 6)
<00:03:15> [3EF08C47] seamless loading cell object(W10, 16), (L3, 2)
<00:03:15> [3EF08C47] seamless loading cell object(W10, 17), (L3, 3)
<00:03:15> [3EF08C47] seamless loading cell object(W9, 16), (L2, 2)
<00:03:15> [3EF08C47] seamless loading cell object(W9, 17), (L2, 3)
<00:03:15> [3EF08C47] seamless loading cell object(W11, 16), (L4, 2)
<00:03:15> [3EF08C47] seamless loading cell object(W11, 17), (L4, 3)
<00:03:15> [3EF08C47] seamless loading cell object(W10, 15), (L3, 1)
<00:03:15> [3EF08C47] seamless loading cell object(W10, 18), (L3, 4)
<00:03:15> [3EF08C47] seamless loading cell object(W9, 15), (L2, 1)
<00:03:15> [3EF08C47] seamless loading cell object(W9, 18), (L2, 4)
<00:03:15> [3EF08C47] seamless loading cell object(W8, 16), (L1, 2)
<00:03:15> [3EF08C47] seamless loading cell object(W8, 17), (L1, 3)
<00:03:15> [3EF08C47] seamless loading cell object(W11, 15), (L4, 1)
<00:03:15> [3EF08C47] seamless loading cell object(W11, 18), (L4, 4)
<00:03:15> [3EF08C47] seamless loading cell object(W8, 15), (L1, 1)
<00:03:15> [3EF08C47] seamless loading cell object(W12, 16), (L5, 2)
<00:03:15> [3EF08C47] seamless loading cell object(W8, 18), (L1, 4)
<00:03:15> [3EF08C47] seamless loading cell object(W12, 17), (L5, 3)
<00:03:15> [3EF08C47] seamless loading cell object(W10, 19), (L3, 5)
<00:03:15> [745BAE2F][Warning] failed to stream material xml(Default.mtl)
<00:03:15> [000004EE][Warning] [CGF Error] game/objects/env/01_nuia/001_housing/housing_people/hs_people_roof_a.cgf [:] Duplicate LOD helper $lod2 hs_people_roof_a
<00:03:15> [A5DDEC33][Warning] Warning: CShaderMan::mfForName: NULL name
<00:03:15> [BB790A81] origin change campos : 3306.04, 3016.680664
<00:03:15> [00000020]  
<00:03:15> [00000020]  
<00:03:15> [A581FA6D] -----------------------------------------------------------------------------
<00:03:15> [1DAA5677] SeamlessSystem::ChangeOrigin() : Here we go. Old(7,14) -> New(6,13)
<00:03:15> [A581FA6D] -----------------------------------------------------------------------------
<00:03:15> [00000020]  
<00:03:15> [00000020]  
<00:03:15> [7B1A973B] seamless loading cell terrain(W10, 13), (L4, 0)
<00:03:15> [3EF08C47] seamless loading cell object(W10, 14), (L4, 1)
<00:03:15> [7B1A973B] seamless loading cell terrain(W9, 13), (L3, 0)
<00:03:15> [3EF08C47] seamless loading cell object(W9, 14), (L3, 1)
<00:03:15> [7B1A973B] seamless loading cell terrain(W11, 13), (L5, 0)
<00:03:15> [7B1A973B] seamless loading cell terrain(W6, 16), (L0, 3)
<00:03:15> [7B1A973B] seamless loading cell terrain(W6, 17), (L0, 4)
<00:03:15> [7B1A973B] seamless loading cell terrain(W8, 13), (L2, 0)
<00:03:15> [7B1A973B] seamless loading cell terrain(W6, 15), (L0, 2)
<00:03:16> [B15674F7][Warning] failed to load cga from file objects/env/nuia/gw/gw_memo_stone.cga
<00:03:16> [000004EE][Warning] [CGF Error] game/objects/env/01_nuia/04_gw/gw_memo_etc_a01.cgf [:] LOD1 of geometry gw_memo_etc_a01 contains too many polygons comparing to the LOD0 [450 against 628] :
<00:03:16> [188BF914][Warning] [EntityLoader] invalid entity pos(-0.243, -1.347, 3.976) name(Light129)
<00:03:17> [000004EE][Warning] [CGF Error] game/objects/env/01_nuia/001_housing/housing_guild/nuia_h_guild_door_b_back.cga [:] non-uniform scale(1.00, 1.39, 1.00) at node(nuia_h_guild_door_b01_back)
<00:03:17> [B42C333F] In World Loading Finished
<00:03:17> [82321C2B][Warning] [net 04:03:17.692] [time] remote time estimation restarted; estimate accumulator age was 2.738114
<00:03:18> [637AF710][Warning] missing chr material : game/objects/characters/elf/male/parts/hm/obj/el_m_hm_metal217.mtl (chr: game/objects/characters/elf/male/parts/hm/obj/el_m_4hm130.chr)
<00:03:18> [62232BEA][Warning] deferred xml stream error - game/animations/animals/duck/lmg_files/normal_walk.lmg : f0000003
<00:03:20> [BCCDC555][Warning] MakeSprite - too many sprite update (10). dropping.. (sprites : 11)
<00:03:21> [04FA8364][Warning] Cannot load texture game/objects/characters/nuian/male/hair/hair_texture/, file missing [File=game/objects/characters/nuian/male/hair/hair_texture/]
<00:03:21> [745BAE2F][Warning] failed to stream material xml(game/objects/characters/elf/male/parts/gv/obj/el_m_gv_leather221.mtl)
<00:03:24> [637AF710][Warning] missing chr material : game/objects/characters/elf/female/parts/ar/obj/el_f_ar_leather218.mtl (chr: game/objects/characters/elf/female/parts/ar/obj/el_f_1ar311_1arm016.chr)
<00:03:27> [CE0EF930][Warning] failed to stream cgf : default
<00:03:28> [000004EE][Warning] [Lua Error] 1_3_0/scripts/x2ui/characterinfo/character_info.lua:520: attempt to call method 'AnimForEquipped' (a nil value)
<00:03:28> [2363981C][Warning] chr material is not precached : game/objects/characters/warborn/female/nude/wa_f_nude.mtl (chr: game/objects/characters/warborn/female/nude/wa_f_nude.chr)
<00:03:28> [CA175C82][Warning] non-stream IO. system(Material), filePath(game/objects/characters/warborn/female/nude/wa_f_nude.mtl)
<00:03:28> [000004EE][Warning] Particle effect not found: 'game/x2_effect_o.mon_effects.mon_strong_light_form', from unknown 
<00:03:28> [04FA8364][Warning] Cannot load texture game/objects/characters/nuian/male/hair/hair_texture/, file missing [File=game/objects/characters/nuian/male/hair/hair_texture/]
<00:03:32> [000004EE][Warning] [CGF Error] game/objects/env/05_nature/03_temp/temp_plants_ginseng03.cgf [:] non-uniform scale(1.62, 1.19, 1.62) at node($picking01)
<00:03:32> [CE0EF930][Warning] failed to stream cgf : default
<00:03:34> [A5DDEC33][Warning] Warning: CShaderMan::mfForName: NULL name
<00:03:41> [000004EE][Warning] [Lua Error] 1_3_0/scripts/x2ui/characterinfo/character_info.lua:520: attempt to call method 'AnimForEquipped' (a nil value)
<00:03:49> [000004EE][Warning] [Lua Error] 1_3_0/scripts/x2ui/characterinfo/character_info.lua:520: attempt to call method 'AnimForEquipped' (a nil value)
<00:03:51> [000004EE][Warning] Particle effect not found: 'game/abillity_skill_table_m.death.psychokinesis_launch_form_end', from unknown 
<00:04:00> [000004EE][Warning] [Lua Error] 1_3_0/scripts/x2ui/characterinfo/character_info.lua:520: attempt to call method 'AnimForEquipped' (a nil value)
<00:04:09> [000004EE][Warning] [Lua Error] 1_3_0/scripts/x2ui/characterinfo/character_info.lua:520: attempt to call method 'AnimForEquipped' (a nil value)
<00:04:20> [000004EE][Warning] [Lua Error] 1_3_0/scripts/x2ui/characterinfo/character_info.lua:520: attempt to call method 'AnimForEquipped' (a nil value)
<00:04:28> [000004EE][Warning] [Lua Error] 1_3_0/scripts/x2ui/characterinfo/character_info.lua:520: attempt to call method 'AnimForEquipped' (a nil value)
<00:04:40> [000004EE][Warning] [Lua Error] 1_3_0/scripts/x2ui/characterinfo/character_info.lua:520: attempt to call method 'AnimForEquipped' (a nil value)
<00:04:46> [000004EE][Warning] [Lua Error] 1_3_0/scripts/x2ui/characterinfo/character_info.lua:520: attempt to call method 'AnimForEquipped' (a nil value)
<00:04:59> [000004EE][Warning] [Lua Error] 1_3_0/scripts/x2ui/characterinfo/character_info.lua:520: attempt to call method 'AnimForEquipped' (a nil value)
<00:05:10> [000004EE][Warning] [Lua Error] 1_3_0/scripts/x2ui/characterinfo/character_info.lua:520: attempt to call method 'AnimForEquipped' (a nil value)
<00:05:22> [000004EE][Warning] [Lua Error] 1_3_0/scripts/x2ui/characterinfo/character_info.lua:520: attempt to call method 'AnimForEquipped' (a nil value)
<00:05:28> [000004EE][Warning] [Lua Error] 1_3_0/scripts/x2ui/characterinfo/character_info.lua:520: attempt to call method 'AnimForEquipped' (a nil value)
<00:05:39> [000004EE][Warning] [Lua Error] 1_3_0/scripts/x2ui/characterinfo/character_info.lua:520: attempt to call method 'AnimForEquipped' (a nil value)
<00:05:48> [000004EE][Warning] [Lua Error] 1_3_0/scripts/x2ui/characterinfo/character_info.lua:520: attempt to call method 'AnimForEquipped' (a nil value)
<00:06:00> [000004EE][Warning] [Lua Error] 1_3_0/scripts/x2ui/characterinfo/character_info.lua:520: attempt to call method 'AnimForEquipped' (a nil value)
<00:06:10> [745BAE2F][Warning] failed to stream material xml(game/objects/characters/elf/female/parts/cp/obj/nu_f_1cp101.mtl)
<00:06:10> [637AF710][Warning] missing chr material : game/objects/characters/elf/female/parts/cp/obj/nu_f_1cp101.mtl (chr: game/objects/characters/elf/female/parts/cp/obj/el_f_1cp101.chr)
<00:06:10> [000004EE][Warning] [CGF Error] game/objects/item/blade_2h/blade_2h_monster/blade_2h_docheol_3/blade_2h_docheol_3.cgf [:] LOD1 of geometry  contains too many polygons comparing to the LOD0 [1900 against 2652] :
<00:06:11> [000004EE][Warning] [Lua Error] 1_3_0/scripts/x2ui/characterinfo/character_info.lua:520: attempt to call method 'AnimForEquipped' (a nil value)
<00:06:22> [000004EE][Warning] [Lua Error] 1_3_0/scripts/x2ui/characterinfo/character_info.lua:520: attempt to call method 'AnimForEquipped' (a nil value)
<00:06:30> [000004EE][Warning] [Lua Error] 1_3_0/scripts/x2ui/characterinfo/character_info.lua:520: attempt to call method 'AnimForEquipped' (a nil value)
<00:06:58> [A181AEBC][Warning] Anim events cannot find effect "X2_EFFECTS_C1.Glider.Crystal_Wing.wing_start1", requested by animation "animations/env/glider_wing_crystal/fist_ac_gliding_start.caf".
<00:07:00> [000004EE][Warning] [CGF Error] game/objects/env/06_unit/06_glider/glider_wing_crystal/glider_wing_crystal_back.cgf [:] LOD1 of geometry  contains too many polygons comparing to the LOD0 [2720 against 4064] :
<00:07:07> [745BAE2F][Warning] failed to stream material xml(game/objects/characters/elf/male/parts/gv/obj/el_m_gv_cloth037.mtl)
<00:07:07> [637AF710][Warning] missing chr material : game/objects/characters/elf/male/parts/gv/obj/el_m_gv_cloth037.mtl (chr: game/objects/characters/elf/male/parts/gv/obj/el_m_1gv102.chr)
<00:07:15> [84229360][Warning] Cannot load texture game/objects/characters/monster/daru/daru_pilot/daru_pilot_ddn.dd, file missing [File=game/objects/characters/monster/daru/daru_pilot/daru_pilot_ddn.dd]
<00:07:16> [745BAE2F][Warning] failed to stream material xml(game/objects/characters/elf/female/parts/hm/obj/el_f_hm_cloth999.mtl)
<00:07:16> [637AF710][Warning] missing chr material : game/objects/characters/elf/female/parts/hm/obj/el_f_hm_cloth999.mtl (chr: game/objects/characters/elf/female/parts/hm/obj/el_f_1hm123.chr)
<00:07:25> [745BAE2F][Warning] failed to stream material xml(game/objects/characters/elf/female/parts/ar/obj/el_f_ar_leather218.mtl)
<00:07:25> [637AF710][Warning] missing chr material : game/objects/characters/elf/female/parts/ar/obj/el_f_ar_leather218.mtl (chr: game/objects/characters/elf/female/parts/ar/obj/el_f_1ar311_1arm016.chr)
<00:07:31> [BCCDC555][Warning] MakeSprite - too many sprite update (10). dropping.. (sprites : 20)
<00:07:40> [04FA8364][Warning] Cannot load texture game/objects/characters/nuian/male/hair/hair_texture/, file missing [File=game/objects/characters/nuian/male/hair/hair_texture/]
<00:07:55> [CE0EF930][Warning] failed to stream cgf : objects/effects/portal_gate.cgf
<00:07:55> [BB790A81] origin change campos : 10660.30, -4163.423828
<00:07:55> [00000020]  
<00:07:55> [00000020]  
<00:07:55> [A581FA6D] -----------------------------------------------------------------------------
<00:07:55> [1DAA5677] SeamlessSystem::ChangeOrigin() : Here we go. Old(6,13) -> New(12,6)
<00:07:55> [A581FA6D] -----------------------------------------------------------------------------
<00:07:55> [00000020]  
<00:07:55> [00000020]  
<00:07:55> [B866A294] seamless unloading cell terrain(W6, 10), (L0, 4)
<00:07:55> [B866A294] seamless unloading cell terrain(W6, 9), (L0, 3)
<00:07:55> [B866A294] seamless unloading cell terrain(W6, 8), (L0, 2)
<00:07:55> [B866A294] seamless unloading cell terrain(W7, 12), (L1, 6)
<00:07:55> [B866A294] seamless unloading cell terrain(W7, 11), (L1, 5)
<00:07:55> [B866A294] seamless unloading cell terrain(W7, 10), (L1, 4)
<00:07:55> [B866A294] seamless unloading cell terrain(W7, 9), (L1, 3)
<00:07:55> [B866A294] seamless unloading cell terrain(W7, 8), (L1, 2)
<00:07:55> [B866A294] seamless unloading cell terrain(W7, 7), (L1, 1)
<00:07:55> [B866A294] seamless unloading cell terrain(W8, 13), (L2, 7)
<00:07:55> [B866A294] seamless unloading cell terrain(W8, 12), (L2, 6)
<00:07:55> [B866A294] seamless unloading cell terrain(W8, 11), (L2, 5)
<00:07:55> [7AB931CE] seamless unloading cell object(W8, 11), (L2, 5)
<00:07:55> [4B1E8B22] unload cell object count : 0
<00:07:55> [B866A294] seamless unloading cell terrain(W8, 10), (L2, 4)
<00:07:55> [7AB931CE] seamless unloading cell object(W8, 10), (L2, 4)
<00:07:55> [4B1E8B22] unload cell object count : 6
<00:07:55> [B866A294] seamless unloading cell terrain(W8, 9), (L2, 3)
<00:07:55> [7AB931CE] seamless unloading cell object(W8, 9), (L2, 3)
<00:07:55> [4B1E8B22] unload cell object count : 1348
<00:07:55> [B866A294] seamless unloading cell terrain(W8, 8), (L2, 2)
<00:07:55> [7AB931CE] seamless unloading cell object(W8, 8), (L2, 2)
<00:07:55> [4B1E8B22] unload cell object count : 507
<00:07:55> [B866A294] seamless unloading cell terrain(W8, 7), (L2, 1)
<00:07:55> [B866A294] seamless unloading cell terrain(W8, 6), (L2, 0)
<00:07:55> [B866A294] seamless unloading cell terrain(W9, 13), (L3, 7)
<00:07:55> [B866A294] seamless unloading cell terrain(W9, 12), (L3, 6)
<00:07:55> [B866A294] seamless unloading cell terrain(W9, 11), (L3, 5)
<00:07:55> [7AB931CE] seamless unloading cell object(W9, 11), (L3, 5)
<00:07:55> [4B1E8B22] unload cell object count : 0
<00:07:55> [B866A294] seamless unloading cell terrain(W9, 10), (L3, 4)
<00:07:55> [7AB931CE] seamless unloading cell object(W9, 10), (L3, 4)
<00:07:55> [4B1E8B22] unload cell object count : 200
<00:07:55> [B866A294] seamless unloading cell terrain(W9, 9), (L3, 3)
<00:07:55> [7AB931CE] seamless unloading cell object(W9, 9), (L3, 3)
<00:07:55> [4B1E8B22] unload cell object count : 2384
<00:07:55> [B866A294] seamless unloading cell terrain(W9, 8), (L3, 2)
<00:07:55> [7AB931CE] seamless unloading cell object(W9, 8), (L3, 2)
<00:07:55> [4B1E8B22] unload cell object count : 10121
<00:07:55> [B866A294] seamless unloading cell terrain(W9, 7), (L3, 1)
<00:07:55> [7AB931CE] seamless unloading cell object(W9, 7), (L3, 1)
<00:07:55> [4B1E8B22] unload cell object count : 7234
<00:07:55> [B866A294] seamless unloading cell terrain(W9, 6), (L3, 0)
<00:07:55> [B866A294] seamless unloading cell terrain(W10, 12), (L4, 6)
<00:07:55> [7AB931CE] seamless unloading cell object(W10, 12), (L4, 6)
<00:07:55> [4B1E8B22] unload cell object count : 0
<00:07:55> [B866A294] seamless unloading cell terrain(W10, 11), (L4, 5)
<00:07:55> [7AB931CE] seamless unloading cell object(W10, 11), (L4, 5)
<00:07:55> [4B1E8B22] unload cell object count : 0
<00:07:55> [B866A294] seamless unloading cell terrain(W10, 10), (L4, 4)
<00:07:55> [7AB931CE] seamless unloading cell object(W10, 10), (L4, 4)
<00:07:55> [4B1E8B22] unload cell object count : 2197
<00:07:55> [B866A294] seamless unloading cell terrain(W10, 9), (L4, 3)
<00:07:55> [7AB931CE] seamless unloading cell object(W10, 9), (L4, 3)
<00:07:55> [4B1E8B22] unload cell object count : 3653
<00:07:55> [B866A294] seamless unloading cell terrain(W10, 8), (L4, 2)
<00:07:55> [7AB931CE] seamless unloading cell object(W10, 8), (L4, 2)
<00:07:55> [4B1E8B22] unload cell object count : 22600
<00:07:55> [B866A294] seamless unloading cell terrain(W10, 7), (L4, 1)
<00:07:55> [7AB931CE] seamless unloading cell object(W10, 7), (L4, 1)
<00:07:55> [4B1E8B22] unload cell object count : 39027
<00:07:55> [B866A294] seamless unloading cell terrain(W10, 6), (L4, 0)
<00:07:55> [B866A294] seamless unloading cell terrain(W11, 12), (L5, 6)
<00:07:55> [B866A294] seamless unloading cell terrain(W11, 11), (L5, 5)
<00:07:55> [7AB931CE] seamless unloading cell object(W11, 11), (L5, 5)
<00:07:55> [4B1E8B22] unload cell object count : 0
<00:07:55> [B866A294] seamless unloading cell terrain(W11, 10), (L5, 4)
<00:07:55> [7AB931CE] seamless unloading cell object(W11, 10), (L5, 4)
<00:07:55> [4B1E8B22] unload cell object count : 203
<00:07:55> [B866A294] seamless unloading cell terrain(W11, 9), (L5, 3)
<00:07:55> [7AB931CE] seamless unloading cell object(W11, 9), (L5, 3)
<00:07:55> [4B1E8B22] unload cell object count : 264
<00:07:55> [B866A294] seamless unloading cell terrain(W11, 8), (L5, 2)
<00:07:55> [7AB931CE] seamless unloading cell object(W11, 8), (L5, 2)
<00:07:55> [4B1E8B22] unload cell object count : 11586
<00:07:55> [B866A294] seamless unloading cell terrain(W11, 7), (L5, 1)
<00:07:55> [B866A294] seamless unloading cell terrain(W11, 6), (L5, 0)
<00:07:55> [B866A294] seamless unloading cell terrain(W12, 12), (L6, 6)
<00:07:55> [B866A294] seamless unloading cell terrain(W12, 11), (L6, 5)
<00:07:55> [B866A294] seamless unloading cell terrain(W12, 10), (L6, 4)
<00:07:55> [7AB931CE] seamless unloading cell object(W12, 10), (L6, 4)
<00:07:55> [4B1E8B22] unload cell object count : 0
<00:07:55> [B866A294] seamless unloading cell terrain(W12, 9), (L6, 3)
<00:07:55> [7AB931CE] seamless unloading cell object(W12, 9), (L6, 3)
<00:07:55> [4B1E8B22] unload cell object count : 12
<00:07:55> [B866A294] seamless unloading cell terrain(W12, 8), (L6, 2)
<00:07:55> [B866A294] seamless unloading cell terrain(W12, 7), (L6, 1)
<00:07:55> [B866A294] seamless unloading cell terrain(W13, 11), (L7, 5)
<00:07:55> [B866A294] seamless unloading cell terrain(W13, 10), (L7, 4)
<00:07:55> [B866A294] seamless unloading cell terrain(W13, 9), (L7, 3)
<00:07:55> [B866A294] seamless unloading cell terrain(W13, 8), (L7, 2)
<00:07:55> [3623F74F] [Seamless] camera has been warped
<00:07:55> [9CAE9693] Starting In World Loading
<00:07:55> [7B1A973B] seamless loading cell terrain(W16, 8), (L4, 2)
<00:07:55> [7B1A973B] seamless loading cell terrain(W16, 9), (L4, 3)
<00:07:55> [7B1A973B] seamless loading cell terrain(W15, 8), (L3, 2)
<00:07:55> [7B1A973B] seamless loading cell terrain(W15, 9), (L3, 3)
<00:07:56> [7B1A973B] seamless loading cell terrain(W17, 8), (L5, 2)
<00:07:56> [7B1A973B] seamless loading cell terrain(W17, 9), (L5, 3)
<00:07:56> [7B1A973B] seamless loading cell terrain(W16, 7), (L4, 1)
<00:07:56> [7B1A973B] seamless loading cell terrain(W16, 10), (L4, 4)
<00:07:56> [7B1A973B] seamless loading cell terrain(W15, 7), (L3, 1)
<00:07:56> [7B1A973B] seamless loading cell terrain(W17, 7), (L5, 1)
<00:07:56> [7B1A973B] seamless loading cell terrain(W15, 10), (L3, 4)
<00:07:56> [7B1A973B] seamless loading cell terrain(W17, 10), (L5, 4)
<00:07:56> [7B1A973B] seamless loading cell terrain(W14, 8), (L2, 2)
<00:07:56> [7B1A973B] seamless loading cell terrain(W14, 9), (L2, 3)
<00:07:56> [7B1A973B] seamless loading cell terrain(W18, 8), (L6, 2)
<00:07:56> [7B1A973B] seamless loading cell terrain(W18, 9), (L6, 3)
<00:07:56> [7B1A973B] seamless loading cell terrain(W14, 7), (L2, 1)
<00:07:56> [7B1A973B] seamless loading cell terrain(W16, 6), (L4, 0)
<00:07:56> [7B1A973B] seamless loading cell terrain(W14, 10), (L2, 4)
<00:07:56> [7B1A973B] seamless loading cell terrain(W18, 7), (L6, 1)
<00:07:56> [7B1A973B] seamless loading cell terrain(W16, 11), (L4, 5)
<00:07:56> [7B1A973B] seamless loading cell terrain(W15, 6), (L3, 0)
<00:07:56> [7B1A973B] seamless loading cell terrain(W18, 10), (L6, 4)
<00:07:56> [7B1A973B] seamless loading cell terrain(W17, 6), (L5, 0)
<00:07:56> [7B1A973B] seamless loading cell terrain(W15, 11), (L3, 5)
<00:07:56> [7B1A973B] seamless loading cell terrain(W17, 11), (L5, 5)
<00:07:56> [7B1A973B] seamless loading cell terrain(W13, 8), (L1, 2)
<00:07:56> [7B1A973B] seamless loading cell terrain(W13, 9), (L1, 3)
<00:07:56> [7B1A973B] seamless loading cell terrain(W14, 6), (L2, 0)
<00:07:56> [7B1A973B] seamless loading cell terrain(W19, 8), (L7, 2)
<00:07:56> [7B1A973B] seamless loading cell terrain(W19, 9), (L7, 3)
<00:07:56> [7B1A973B] seamless loading cell terrain(W14, 11), (L2, 5)
<00:07:56> [7B1A973B] seamless loading cell terrain(W18, 6), (L6, 0)
<00:07:56> [7B1A973B] seamless loading cell terrain(W13, 7), (L1, 1)
<00:07:56> [7B1A973B] seamless loading cell terrain(W13, 10), (L1, 4)
<00:07:56> [7B1A973B] seamless loading cell terrain(W18, 11), (L6, 5)
<00:07:56> [7B1A973B] seamless loading cell terrain(W19, 7), (L7, 1)
<00:07:56> [7B1A973B] seamless loading cell terrain(W19, 10), (L7, 4)
<00:07:56> [7B1A973B] seamless loading cell terrain(W16, 12), (L4, 6)
<00:07:56> [7B1A973B] seamless loading cell terrain(W15, 12), (L3, 6)
<00:07:56> [7B1A973B] seamless loading cell terrain(W17, 12), (L5, 6)
<00:07:56> [7B1A973B] seamless loading cell terrain(W13, 6), (L1, 0)
<00:07:56> [7B1A973B] seamless loading cell terrain(W13, 11), (L1, 5)
<00:07:56> [7B1A973B] seamless loading cell terrain(W19, 6), (L7, 0)
<00:07:56> [7B1A973B] seamless loading cell terrain(W12, 8), (L0, 2)
<00:07:56> [7B1A973B] seamless loading cell terrain(W12, 9), (L0, 3)
<00:07:56> [3EF08C47] seamless loading cell object(W16, 8), (L4, 2)
<00:07:56> [3EF08C47] seamless loading cell object(W16, 9), (L4, 3)
<00:07:56> [3EF08C47] seamless loading cell object(W15, 8), (L3, 2)
<00:07:56> [3EF08C47] seamless loading cell object(W15, 9), (L3, 3)
<00:07:56> [3EF08C47] seamless loading cell object(W17, 8), (L5, 2)
<00:07:56> [3EF08C47] seamless loading cell object(W17, 9), (L5, 3)
<00:07:56> [3EF08C47] seamless loading cell object(W16, 7), (L4, 1)
<00:07:56> [3EF08C47] seamless loading cell object(W16, 10), (L4, 4)
<00:07:56> [3EF08C47] seamless loading cell object(W15, 7), (L3, 1)
<00:07:56> [3EF08C47] seamless loading cell object(W17, 7), (L5, 1)
<00:07:56> [3EF08C47] seamless loading cell object(W15, 10), (L3, 4)
<00:07:56> [3EF08C47] seamless loading cell object(W17, 10), (L5, 4)
<00:07:56> [3EF08C47] seamless loading cell object(W14, 8), (L2, 2)
<00:07:56> [3EF08C47] seamless loading cell object(W14, 9), (L2, 3)
<00:07:56> [3EF08C47] seamless loading cell object(W18, 8), (L6, 2)
<00:07:56> [3EF08C47] seamless loading cell object(W18, 9), (L6, 3)
<00:07:56> [3EF08C47] seamless loading cell object(W14, 7), (L2, 1)
<00:07:56> [3EF08C47] seamless loading cell object(W14, 10), (L2, 4)
<00:07:56> [3EF08C47] seamless loading cell object(W18, 7), (L6, 1)
<00:07:56> [3EF08C47] seamless loading cell object(W16, 11), (L4, 5)
<00:07:56> [9684057F][Warning] Cannot load texture game/objects/env/01_nuia/001_ndeco/old/rope_a_ddn.dds, file missing [File=game/objects/env/01_nuia/001_ndeco/old/rope_a_ddn.dds]
<00:07:56> [000004EE][Warning] [CGF Error] game/objects/env/02_harihara/01_ma/ma_top05.cgf [:] non-uniform scale(0.70, 1.00, 0.70) at node(Box11)
<00:07:56> [A5DDEC33][Warning] Warning: CShaderMan::mfForName: NULL name
<00:07:56> [000004EE][Warning] [CGF Error] game/objects/env/02_harihara/001_hdeco/hdeco_workprop_b01.cgf [:] LOD1 of geometry hdeco_workprop_b01 contains too many polygons comparing to the LOD0 [408 against 608] :
<00:07:56> [7F89A202][Warning] AI: Warning: AIPoint is not inside Navigation Modifier. pos(4445.1, 2959.6, 114.4)
<00:07:56> [BB790A81] origin change campos : 4516.30, 3004.576172
<00:07:56> [00000020]  
<00:07:56> [00000020]  
<00:07:56> [A581FA6D] -----------------------------------------------------------------------------
<00:07:56> [1DAA5677] SeamlessSystem::ChangeOrigin() : Here we go. Old(12,6) -> New(12,5)
<00:07:56> [A581FA6D] -----------------------------------------------------------------------------
<00:07:56> [00000020]  
<00:07:56> [00000020]  
<00:07:56> [7B1A973B] seamless loading cell terrain(W16, 5), (L4, 0)
<00:07:56> [3EF08C47] seamless loading cell object(W16, 6), (L4, 1)
<00:07:56> [7B1A973B] seamless loading cell terrain(W15, 5), (L3, 0)
<00:07:56> [7B1A973B] seamless loading cell terrain(W17, 5), (L5, 0)
<00:07:56> [7B1A973B] seamless loading cell terrain(W14, 5), (L2, 0)
<00:07:56> [188BF914][Warning] [EntityLoader] invalid entity pos(1172.249, 2147.883, 0.000) name(AAC_Mahadevi_Ext_1)
<00:07:56> [392AF52E][Error] *** Memory allocation for 982012 bytes failed ****
