[801989E0] BackupNameAttachment=" Build(0) Date(09 October 2025) Time(12 54 42)"  -- used by backup system
[00000020]  
[38F38F32] Log Started at #c
[0232BD25] Running 32 bit version
[7AB6F5FE] Executable: C:\Games\AAClassic\bin32\archeage.exe
[E5C771AC] FileVersion: 3.5.0.0
[F799D55F] ProductVersion: 3.5.3.0
[1F1D6B13] Using Microsoft (tm) C++ Standard Library implementation
[00000020]  
[C7D96C80] Revision: 350000
[00000020]  
[64533E3E] this is the first client
<12:54:47> [B9197FD5][Error] ConsoleVariableGroup[option_effect] key[e_particles_lod_onoff] has no default
<12:54:47> [76666E6D] 
--- CPU detection ---
<12:54:47> [F4D992D8] CPU: AMD AMD Ryzen 7 7800X3D 8-Core Processor           
<12:54:47> [3F649B02] Family: 15, Model: 1, Stepping: 2
<12:54:47> [83D12E0B] FPU: On-Chip
<12:54:47> [50919DA0] CPU Speed (estimated): 4192.048884 MHz
<12:54:47> [C73FD83A] MMX: not present
<12:54:47> [89D1077A] SSE: present
<12:54:47> [64E2B6F1] 3DNow!: present
<12:54:47> [27B7AC6E] Serial number not present or disabled
<12:54:47> [1D2D8E5B] Number of logical processors: 16
<12:54:47> [FA658084] Number of available logical processors: 16
<12:54:47> [A1F061C2] Invariant Time Stamp Counter : yes
<12:54:47> [FA0251ED] ---------------------

<12:54:47> [03E7D838] Device Info
<12:54:47> [9F603516] Device Info - 1
<12:54:47> [9F603517] Device Info - 2
<12:54:47> [9F603518] Device Info - 3
<12:54:47> [9F603519] Device Info - 4
<12:54:47> [9F60351A] Device Info - 5
<12:54:47> [9F60351B] Device Info - 6
<12:54:47> [9F60351C] Device Info - 7
<12:54:47> [E98ECC28] Video Memory Info
<12:54:47> [D5FBE664] Video Memory - 1
<12:54:47> [D5FBE665] Video Memory - 2
<12:54:48> [D5FBE666] Video Memory - 3
<12:54:48> [D5FBE667] Video Memory - 4
<12:54:48> [D5FBE668] Video Memory - 5
<12:54:48> [D5FBE669] Video Memory - 6
<12:54:48> [D5FBE66A] Video Memory - 7
<12:54:48> [D5FBE66B] Video Memory - 8
<12:54:48> [3A4D54A2][Warning] config/gpu/amd.txt line 55 contains a multiple defined GPU rating!
<12:54:48> [D20872C0] InitThreadAffinities
<12:54:48> [2F28A434] UpdateMainThreadAffinity
<12:54:48> [16962512] Windows 8 64 bit (build 6.2.9200)
<12:54:48> [38DFF081] System language: English
<12:54:48> [861A0178] Windows Directory: "C:\windows"
<12:54:48> [341B54F1] Prerequisites...
<12:54:48> [5D1B3C9C] * Installation of KB940105 hotfix required: no! (either not needed or already installed)
<12:54:48> [79D3D11B] Local time is 12:54:48 10/09/25, system running for 138 minutes
<12:54:48> [AC539802] 63426MB physical memory installed, 32665MB available, 4095MB virtual memory installed, 48 percent of memory in use
<12:54:48> [31259232] PageFile usage: 
<12:54:48> [453F0D1B] Current display mode is 2560x1440x32
<12:54:48> [8A64FCCC] IBM enhanced (101/102-key) keyboard and 3+ button mouse installed
<12:54:48> [CE30556B] ----- GPU Detection -----------------
<12:54:48> [03E7D838] Device Info
<12:54:48> [9F603516] Device Info - 1
<12:54:48> [9F603517] Device Info - 2
<12:54:48> [9F603518] Device Info - 3
<12:54:48> [9F603519] Device Info - 4
<12:54:48> [9F60351A] Device Info - 5
<12:54:48> [9F60351B] Device Info - 6
<12:54:48> [9F60351C] Device Info - 7
<12:54:48> [E98ECC28] Video Memory Info
<12:54:48> [D5FBE664] Video Memory - 1
<12:54:48> [D5FBE665] Video Memory - 2
<12:54:48> [D5FBE666] Video Memory - 3
<12:54:48> [D5FBE667] Video Memory - 4
<12:54:48> [D5FBE668] Video Memory - 5
<12:54:48> [D5FBE669] Video Memory - 6
<12:54:48> [D5FBE66A] Video Memory - 7
<12:54:48> [D5FBE66B] Video Memory - 8
<12:54:48> [99EA404A]  AMD Radeon RX 7800 XT (RADV NAVI32) (vendor = 0x1002, device = 0x747e, subSys = 0x00000000)
<12:54:48> [77718B6A] -- Video memory: 4081 MB
<12:54:48> [30DF1863] -- Minimum SM 2.0 support: yes
<12:54:48> [13E11956] -- DX11 supported: yes
<12:54:48> [50B60100] --------------------------------------------------------------------------------
<12:54:48> [5921EDBE] Stream Engine Initialization
<12:54:48> [BA0D559B] Splash: Initializing Stream Engine...
<12:54:48> [939F6EBB] Enable Resolutions : 0
<12:54:48> [A30A84B6] can't enum display resolution modes
<12:54:48> [B324CD25] Screen Resolution - 1024x768
<12:54:48> [3778EA0B] Screen Resolution - 0 (2560x1440)
<12:54:48> [A1B107F0] Screen Resolution - Test OK (2560x1440)
<12:54:48> [A9E4B0F2] Network initialization
<12:54:48> [BA0D559B] Splash: Initializing Network System...
<12:54:48> [14FAD233] Socket I/O by iocp
<12:54:48> [E36A4FB9] Physics initialization
<12:54:48> [BA0D559B] Splash: Initializing Physics...
<12:54:48> [2462D581] MovieSystem initialization
<12:54:48> [BA0D559B] Splash: Initializing Movie System...
<12:54:48> [93287AEC] Renderer initialization - Start
<12:54:48> [BA0D559B] Splash: Initializing Renderer...
<12:54:48> [91207680] Renderer initialization - Open
<12:54:48> [4377E7CB] Renderer initialization - DLL Load(CryRenderD3D9.dll)
<12:54:48> [71203A94] Renderer initialization - DLL Done
<12:54:48> [71227C22] Renderer initialization - DLL Init
<12:54:48> [C653D9CB] Renderer initialization - Instance
<12:54:48> [44D9754D] D3D Adapter: Driver name: aticfx32.dll
<12:54:48> [82BE8322] D3D Adapter: Driver description: AMD Radeon RX 7800 XT (RADV NAVI32)
<12:54:48> [2224501A] D3D Adapter: Driver version: 32767.65535.65535.65535
<12:54:48> [E8D1E30D] D3D Adapter: Driver GUID: 00000000-0003-0000-0000000000000000
<12:54:48> [BC8C1ACB] D3D Adapter: VendorId = 0x1002
<12:54:48> [B6A10CFD] D3D Adapter: DeviceId = 0x747E
<12:54:48> [0678E702] D3D Adapter: SubSysId = 0x00000000
<12:54:48> [F2243F0E] D3D Adapter: Revision = 0
<12:54:48> [E571CFEE] Shader manager initialization
<12:54:49> [05BAAEF6] CResFile allocations incurred by user cache preload: (25587.43k)
<12:54:49> [911B73B8] Renderer initialization - Done
<12:54:49> [8E444EA9] Console initialization
<12:54:49> [2904A233] Time initialization
<12:54:49> [3650CFD6] Input initialization
<12:54:49> [BA0D559B] Splash: Initializing Input System...
<12:54:49> Initializing Keyboard
<12:54:49> [99640BF1] Sound initialization
<12:54:49> [BA0D559B] Splash: Initializing Sound System...
<12:54:49> [2C33885C] Sound - Initializing AudioDevice now!
<12:54:49> [E46760A9] <Sound> Initialize FMOD with dynamic memory callbacks
<12:54:50> [D6755BFD] <Sound> Starting to initialize Windows Audio Session API output! 
<12:54:50> [F7E8E3CD] <Sound> Drivers found: 4
<12:54:50> [150963EB] <Sound> Available drivers:
	1.	PulseAudio Output (PulseAudio Output)
	2.	Blue Microphones Analog Stereo (Blue Microphones Analog Stereo)
	3.	Navi 31 HDMI/DP Audio Digital Stereo (HDMI) (Navi 31 HDMI/DP Audio Digital Stereo (HDMI))
	4.	Family 17h/19h/1ah HD Audio Controller Analog Stereo (Family 17h/19h/1ah HD Audio Controller Analog Stereo)
<12:54:50> [A0BBF7E1] <Sound> FmodEx-AudioDevice: Now running on driver: PulseAudio Output (PulseAudio Output)
<12:54:50> [14D8EFE1] <Sound> Using speaker mode: FMOD_SPEAKERMODE_STEREO
<12:54:50> [E79C27E5] <Sound> Initializing FMOD-EX now!
<12:54:50> [E2A9FE08] <Sound> Available record drivers: 0 PulseAudio Input (PulseAudio Input) !
<12:54:50> [E2A9FE08] <Sound> Available record drivers: 1 Family 17h/19h/1ah HD Audio Controller Analog Stereo (Family 17h/19h/1ah HD Audio Controller Analog Stereo) !
<12:54:50> [E2A9FE08] <Sound> Available record drivers: 2 Blue Microphones Analog Stereo (Blue Microphones Analog Stereo) !
<12:54:50> [E2A9FE08] <Sound> Available record drivers: 3 Monitor of Family 17h/19h/1ah HD Audio Controller (Monitor of Family 17h/19h/1ah HD Audio Controller) !
<12:54:50> [E2A9FE08] <Sound> Available record drivers: 4 Monitor of Blue Microphones Analog Stereo (Monitor of Blue Microphones Analog Stereo) !
<12:54:50> [E2A9FE08] <Sound> Available record drivers: 5 Monitor of Navi 31 HDMI/DP Audio Digital Stereo (HDMI) (Monitor of Navi 31 HDMI/DP Audio Digital Stereo (HDMI)) !
<12:54:50> [6841BE38] <Sound> Record config is set to autodetect using record driver 0
<12:54:50> [7808B4C4] <Sound> Using FMOD version: 00044414 and internal 00044414!
<12:54:50> [2A2815C7] <Sound> Initialized FMOD-EX
<12:54:50> [BE4EF52E] Sound - Initializing SoundSystem now!
<12:54:50> [0D547471] Font initialization
<12:54:50> [BA0D559B] Splash: Initializing Fonts...
<12:54:50> [C194F7C8][Warning] Cannot load texture textures/defaults/replacemecm.tif, file missing [File=textures/defaults/replacemecm.dds]
<12:54:50> [84206398] AI initialization
<12:54:50> [1BC221DE] Initializing Animation System
<12:54:50> [BA0D559B] Splash: Initializing Animation System...
<12:54:50> [9E592EFE] Initializing 3D Engine
<12:54:50> [BA0D559B] Splash: Initializing 3D Engine...
<12:54:50> [637AF710][Warning] missing chr material : game/objects/characters/ferre/female/nude/Standard_22.mtl (chr: game/objects/characters/ferre/female/nude/fe_f_base.chr)
<12:54:50> [91F5AEEC][Warning] number of bones mismatch! game/objects/characters/ferre/female/nude/fe_f_base.chr=195 game/objects/characters/ferre/female/nude/fe_f_base_lod1.chr=185
<12:54:51> [7415A452] CHR PreCaching 25 Done
<12:54:51> [E7AD4E53] AddSharedMorphTargets - Failed to load objects/characters/dwarf/male/face/dw_m_face00.chr
<12:54:51> [61AD1790] MorphTargetPreCaching - objects/characters/dwarf/male/face/dw_m_face00.chr Add Failed
<12:54:51> [A4A6E4C6] MorphTarget PreCaching 11 Done
<12:54:51> [5ACB40E2] Init Face Makers
<12:54:51> [56B5985B] X2FaceMaker - game/objects/characters/nuian/male/face/nu_m_face01_mid.chr : mouth_UnderbiteOverbite target not exist
<12:54:52> [56B5985B] X2FaceMaker - game/objects/characters/nuian/male/face/nu_m_face01_mid.chr : mouth_UnderbiteOverbite target not exist
<12:54:52> [56B5985B] X2FaceMaker - game/objects/characters/nuian/male/face/nu_m_face01_mid.chr : mouth_UnderbiteOverbite target not exist
<12:54:52> [4ABB03EB] game/objects/characters/ferre/female/face/fe_f_face01_low.chr(303) - objects/characters/ferre/female/face/fe_f_face00.chr(3063) SharedMorph is not matched
<12:54:52> [56B5985B] X2FaceMaker - game/objects/characters/nuian/male/face/nu_m_face01_mid.chr : mouth_UnderbiteOverbite target not exist
<12:54:52> [56B5985B] X2FaceMaker - game/objects/characters/nuian/male/face/nu_m_face01_mid.chr : nose_dw_SeptumVol target not exist
<12:54:52> [56B5985B] X2FaceMaker - game/objects/characters/nuian/male/face/nu_m_face01_mid.chr : nose_dw_NasalZposition target not exist
<12:54:52> [56B5985B] X2FaceMaker - game/objects/characters/nuian/male/face/nu_m_face01_mid.chr : FS_dwEarSize target not exist
<12:54:52> [56B5985B] X2FaceMaker - game/objects/characters/nuian/male/face/nu_m_face01_mid.chr : dwarf_Morph target not exist
<12:54:52> [56B5985B] X2FaceMaker - game/objects/characters/nuian/male/face/nu_m_face01_mid.chr : FS_dw_CheekMeat_min target not exist
<12:54:52> [1191A6A8] X2FaceMaker - game/objects/characters/nuian/male/face/nu_m_face01_mid.chr : FS_dw_CheekMeat_max ex target not exist
<12:54:52> [56B5985B] X2FaceMaker - game/objects/characters/warborn/male/face/wa_m_face01_mid.chr : eye_Forehead target not exist
<12:54:52> [56B5985B] X2FaceMaker - game/objects/characters/warborn/male/face/wa_m_face01_mid.chr : eye_Tail_min target not exist
<12:54:52> [1191A6A8] X2FaceMaker - game/objects/characters/warborn/male/face/wa_m_face01_mid.chr : eye_Tail_max ex target not exist
<12:54:52> [56B5985B] X2FaceMaker - game/objects/characters/warborn/male/face/wa_m_face01_mid.chr : eye_WidthLength_min target not exist
<12:54:52> [1191A6A8] X2FaceMaker - game/objects/characters/warborn/male/face/wa_m_face01_mid.chr : eye_WidthLength_max ex target not exist
<12:54:52> [56B5985B] X2FaceMaker - game/objects/characters/warborn/male/face/wa_m_face01_mid.chr : eye_DoubleEyelidShape target not exist
<12:54:52> [56B5985B] X2FaceMaker - game/objects/characters/warborn/male/face/wa_m_face01_mid.chr : eye_BrowXposition target not exist
<12:54:52> [56B5985B] X2FaceMaker - game/objects/characters/warborn/male/face/wa_m_face01_mid.chr : eye_BrowZposition target not exist
<12:54:52> [56B5985B] X2FaceMaker - game/objects/characters/warborn/male/face/wa_m_face01_mid.chr : nose_Nostril target not exist
<12:54:52> [56B5985B] X2FaceMaker - game/objects/characters/warborn/male/face/wa_m_face01_mid.chr : nose_Size target not exist
<12:54:52> [56B5985B] X2FaceMaker - game/objects/characters/warborn/male/face/wa_m_face01_mid.chr : nose_SeptumZposition target not exist
<12:54:52> [56B5985B] X2FaceMaker - game/objects/characters/warborn/male/face/wa_m_face01_mid.chr : nose_End target not exist
<12:54:52> [56B5985B] X2FaceMaker - game/objects/characters/warborn/male/face/wa_m_face01_mid.chr : nose_Size target not exist
<12:54:52> [56B5985B] X2FaceMaker - game/objects/characters/warborn/male/face/wa_m_face01_mid.chr : mouth_UpperLipVolume target not exist
<12:54:52> [56B5985B] X2FaceMaker - game/objects/characters/warborn/male/face/wa_m_face01_mid.chr : mouth_LowerLipVolume target not exist
<12:54:52> [56B5985B] X2FaceMaker - game/objects/characters/warborn/male/face/wa_m_face01_mid.chr : mouth_UpperLipOpen target not exist
<12:54:52> [56B5985B] X2FaceMaker - game/objects/characters/warborn/male/face/wa_m_face01_mid.chr : mouth_LowerLipOpen target not exist
<12:54:52> [56B5985B] X2FaceMaker - game/objects/characters/warborn/male/face/wa_m_face01_mid.chr : mouth_MouthOpen target not exist
<12:54:52> [56B5985B] X2FaceMaker - game/objects/characters/warborn/male/face/wa_m_face01_mid.chr : mouth_Size target not exist
<12:54:52> [56B5985B] X2FaceMaker - game/objects/characters/warborn/male/face/wa_m_face01_mid.chr : mouth_Shape_min target not exist
<12:54:52> [1191A6A8] X2FaceMaker - game/objects/characters/warborn/male/face/wa_m_face01_mid.chr : mouth_Shape_max ex target not exist
<12:54:52> [56B5985B] X2FaceMaker - game/objects/characters/warborn/male/face/wa_m_face01_mid.chr : mouth_TeethZposition target not exist
<12:54:52> [56B5985B] X2FaceMaker - game/objects/characters/warborn/male/face/wa_m_face01_mid.chr : FS_JawHigh_min target not exist
<12:54:52> [1191A6A8] X2FaceMaker - game/objects/characters/warborn/male/face/wa_m_face01_mid.chr : FS_JawHigh_max ex target not exist
<12:54:52> [56B5985B] X2FaceMaker - game/objects/characters/warborn/male/face/wa_m_face01_mid.chr : FS_EarRotate_min target not exist
<12:54:52> [1191A6A8] X2FaceMaker - game/objects/characters/warborn/male/face/wa_m_face01_mid.chr : FS_EarRotate_max ex target not exist
<12:54:52> [56B5985B] X2FaceMaker - game/objects/characters/warborn/male/face/wa_m_face01_mid.chr : FS_Beard1 target not exist
<12:54:52> [56B5985B] X2FaceMaker - game/objects/characters/warborn/male/face/wa_m_face01_mid.chr : FS_Beard2 target not exist
<12:54:52> [56B5985B] X2FaceMaker - game/objects/characters/warborn/male/face/wa_m_face01_mid.chr : FS_Beard3 target not exist
<12:54:52> [56B5985B] X2FaceMaker - game/objects/characters/warborn/female/face/wa_f_face01_mid.chr : eye_Yposition_min target not exist
<12:54:52> [1191A6A8] X2FaceMaker - game/objects/characters/warborn/female/face/wa_f_face01_mid.chr : eye_Yposition_max ex target not exist
<12:54:52> [56B5985B] X2FaceMaker - game/objects/characters/warborn/female/face/wa_f_face01_mid.chr : FS_AllLowerY target not exist
<12:54:52> [56B5985B] X2FaceMaker - game/objects/characters/warborn/female/face/wa_f_face01_mid.chr : FS_AllRotate target not exist
<12:54:52> [56B5985B] X2FaceMaker - game/objects/characters/warborn/female/face/wa_f_face01_mid.chr : FS_AllY target not exist
<12:54:52> [56B5985B] X2FaceMaker - game/objects/characters/warborn/female/face/wa_f_face01_mid.chr : mouth_Open_min target not exist
<12:54:52> [1191A6A8] X2FaceMaker - game/objects/characters/warborn/female/face/wa_f_face01_mid.chr : mouth_Open_max ex target not exist
<12:54:52> [E320B5CE] Init Face Makers - Done!
<12:54:52> [581CA53C] Script System Initialization
<12:54:52> [BA0D559B] Splash: Initializing Script System...
<12:54:52> [000004EE][Warning] [Lua Error] 1_3_0/scripts/common.lua:276: attempt to index global 'Script' (a nil value)
<12:54:52> [58F3F7FF][Warning] <null>:0: [Lua Error] Failed to execute file @game/scriptsbin/common.alb
<12:54:52> [D8B2BA54] Entity system initialization
<12:54:52> [BA0D559B] Splash: Initializing Entity System...
<12:54:52> [D55F91B2][Warning] [CEntityClassRegistry] LoadClassDescription failed, Entity Class name Chick already registered
<12:54:52> [BA0D559B] Splash: Initializing AI System...
<12:54:52> [DA019954] Initializing AI System
<12:54:52> [2546BCC5] Initializing Budgeting System
<12:54:52> [C0E19025] Initializing Seamless System
<12:54:52> [BA0D559B] Splash: Loading Game Data...
<12:54:53> [90B8EC50][Warning] too many ranges: aoe_shapes descs 10156(10156) threshold 100 ranges 12
<12:54:54> [BA4AD6CE] Loading portal list
<12:54:54> [92597454] Portal added, enter: 3891, exit: 6629
<12:54:54> [92597454] Portal added, enter: 21448, exit: 21449
<12:54:54> [92597454] Portal added, enter: 21450, exit: 21451
<12:54:54> [92597454] Portal added, enter: 21452, exit: 21453
<12:54:54> [92597454] Portal added, enter: 21698, exit: 21699
<12:54:54> [92597454] Portal added, enter: 22023, exit: 22024
<12:54:54> [92597454] Portal added, enter: 22042, exit: 22066
<12:54:54> [92597454] Portal added, enter: 22136, exit: 22137
<12:54:54> [92597454] Portal added, enter: 22163, exit: 22164
<12:54:54> [92597454] Portal added, enter: 22184, exit: 22185
<12:54:54> [92597454] Portal added, enter: 22336, exit: 22337
<12:54:54> [92597454] Portal added, enter: 9000063, exit: 9000064
<12:54:54> [1C664009] End loading portal list
<12:54:54> [937812F7] loaded DDCMS (1397356 descs, 719461 links (17 page 16.95MB size) string) from game\db\compact.sqlite3 in 968 ms
<12:54:54> [BA0D559B] Splash: Initializing Game System...
<12:54:54> [000004EE][Warning] [Lua Error] no localized ui text for 18 always_refund
<12:54:55> [0ADE3294][Warning] [MFX] Effect 'collisions:grenade' already present. Overriding.
<12:54:55> [311630D1][Warning] MFX WARNING: Material not found: mat_ice_breakable
<12:54:55>  
<12:54:55>    sys_spec = Custom (assuming 4)
<12:54:55>      option_character_lod = 5 expected:4
<12:54:55>      option_terrain_detail = 5 expected:4
<12:54:55>      option_terrain_lod = 5 expected:4
<12:54:55>      option_texture_bg = 5 expected:4
<12:54:55>      option_texture_character = 5 expected:4
<12:54:55>      option_view_dist_ratio = 2 expected:4
<12:54:55>      option_view_distance = 5 expected:4
<12:54:55>  
<12:54:55> [BA0D559B] Splash: Preparing Screen...
<12:54:55> [963385F6] Level System - Loading Start
<12:54:55> [806B6F8D] precaching world entities ..
<12:54:55> [7E39E0DE] precaching world entities .. done!  total (0) objects
<12:54:55> [D2B280D6] Vegetation Manager : Loading World(login2)
<12:54:55> [075AB92F] Vegetation Manager : Loading World - Done (total 36 vegetations)
<12:54:55> [B9410AA1] total 20 terrain world surfaces loaded
<12:54:55> Loading Particle Library: collisions
<12:54:55> Loading Particle Library: water
<12:54:55> Loading Particle Library: misc
<12:54:55> Loading Particle Library: ability_skill_table
<12:54:55> Loading Particle Library: ability_skill_table_k
<12:54:55> Loading Particle Library: abillity_skill_table_m
<12:54:55> Loading Particle Library: machinima
<12:54:55> Loading Particle Library: x2_effects
<12:54:55> Loading Particle Library: x2_effects_k
<12:54:56> [280A47E3] Precached total 2 materials
<12:54:56> [7B1A973B] seamless loading cell terrain(W0, 1), (L0, 0)
<12:54:56> [3EF08C47] seamless loading cell object(W0, 1), (L0, 0)
<12:54:56> [584C4FFD] [net 16:54:48.311]  dns ip:192.168.1.202
<12:54:56> [584C4FFD] [net 16:54:48.311]  dns ip:172.19.0.1
<12:54:56> [584C4FFD] [net 16:54:48.311]  dns ip:172.18.0.1
<12:54:56> [584C4FFD] [net 16:54:48.311]  dns ip:172.17.0.1
<12:54:56> [0DE3FA89][Error] CryAnimation: character-definition creation failed: game/objects/characters/elf/female/nude/el_f_kyprosa.cdf
<12:54:56> [13A58BA0][Error] CryAnimation: character-definition not found: game/objects/characters/elf/female/nude/el_f_kyprosa.cdf
<12:54:56> [4DD44108] Start DaruCommon Extension
<12:54:56> [1B425DA5] Duplicated post effect param! pszName = FilterMaskedBlurring_Amount
<12:54:56> [1B425DA5] Duplicated post effect param! pszName = FilterMaskedBlurring_MaskTexName
<12:54:56> [1B425DA5] Duplicated post effect param! pszName = FilterChromaShift_User_Amount
<12:54:56> [1B425DA5] Duplicated post effect param! pszName = FilterGrain_Amount
<12:54:56> [8F6BAA6C][Warning] Couldn't find console variable 'e_water_ocean_fft'
<12:54:56> Loading Particle Library: wind
<12:54:56> Loading Particle Library: X2_EFFECT_O
<12:54:56> [000004EE][Warning] Particle effect not found: '                                                                ', from ParticleEffect fx_land_green
<12:54:56> [12409CCC] Load Zone Finished
<12:54:56> [A39C1725] Level System - Loading Complete
<12:54:56> [27293DED] -----------------------------------------------------
<12:54:56> [120C18F5] * LOADING: 'loginbg4' loading time: 1.35 seconds
<12:54:56> [27293DED] -----------------------------------------------------
<12:54:56> [000004EE][Warning] [Lua Error] no client player exists
<12:54:56> [A13C772D][Warning] Cannot load texture ui/font_color.g, Image file format is invalid [File=ui/font_color.g]
<12:54:56> [000FABC5][Warning] CAreaGrid::BeginAreas() called before being initialized.
<12:54:56> [000004EE][Warning] I3DEngine::RegisterEntity: entity reports invalid position: Name: LightEntityName (), Class: LightEntityClass, Pos=(515.8,6996.2,587.4), aabb center=(0.0,40.0,0.0)
<12:55:04> [11E02DA3][Warning] Cannot load texture textures/defaults/16_12.dds, file missing [File=textures/defaults/16_12.dds]
<12:55:05> [1D01FDCA] Auth: client connected to server
<12:55:05> [584C4FFD] [net 16:55:05.856]  socket ip:192.168.1.202
<12:55:05> [4C920A71] mac address : 74-56-3c-fe-52-f3
<12:55:07> [A13C772D][Warning] Cannot load texture ui/font_color.g, Image file format is invalid [File=ui/font_color.g]
<13:00:11> [584C4FFD] [net 17:00:11.623] connection requested to: 51.79.38.190:1239
<13:00:11> [4ABA7BDB] Auth: client disconnected (reason=0)
<13:00:11> [0F08E548] [NetConnection] connect completed (succeeded:true)
<13:00:11> [48F7BDF2] invalid world id in world queue packet
<13:00:11> [9FC303B8][Error] [CVARS]: [DUPLICATE] CXConsole::RegisterFloat(): variable [camera_max_dist] is already registered
<13:00:12> [26623ECA] ucc info.. 5 0
<13:00:12> [4516816D] pay method: person
<13:00:12> [4AA30841] pay location: person
<13:00:12> [ADF1C07E] pay start: 1900-1-1 00:00:00
<13:00:12> [6486A277] pay end: 1900-1-1 00:00:00
<13:00:12> [FFF6198C] premium point: 0
<13:00:12> [481C0862] premium grade: premium_0
<13:00:12> [88D9AB0C] real pay time: 2715484684288
<13:00:12> [34CCC219] stream: connected to world server
<13:00:12> [06A46B5B] stream: authorized by world server
<13:00:12> [4516816D] pay method: person
<13:00:12> [4AA30841] pay location: person
<13:00:12> [ADF1C07E] pay start: 1900-1-1 00:00:00
<13:00:12> [6486A277] pay end: 2037-12-31 16:00:00
<13:00:12> [FFF6198C] premium point: 0
<13:00:12> [481C0862] premium grade: premium_0
<13:00:12> [88D9AB0C] real pay time: -1
<13:00:12> [82321C2B][Warning] [net 17:00:12.508] [time] remote time estimation restarted; estimate accumulator age was 8625.509766
<13:00:14> [000004EE][Warning] [Lua Error] no localized ui text for 18 always_refund
<13:00:14> [09F46B9D]     cl_fov = 90 []
<13:00:14> [09F46B9D]     camera_max_dist = 180 []
<13:00:14> [09F46B9D]     name_tag_hp_width_on_bgmode = 80 []
<13:00:14> [09F46B9D]     name_tag_hp_height_on_bgmode = 30 []
<13:00:14> [A13C772D][Warning] Cannot load texture ui/font_color.g, Image file format is invalid [File=ui/font_color.g]
<13:00:14> [06E6A3E9][Warning] Cannot load texture ui/login_stage/queue.dds, file missing [File=ui/login_stage/queue.dds]
<13:00:14> [000004EE][Warning] RenderMesh not assigned game/objects/box_nodraw.cgf
<13:00:16> [DA579B6C][Error] can't load client driven connect info.. Kompy
<13:00:21> [9FC303B8][Error] [CVARS]: [DUPLICATE] CXConsole::RegisterFloat(): variable [ui_double_click_interval] is already registered
<13:00:21> [000004EE][Warning] [Lua Error] no localized ui text for 18 always_refund
<13:00:21> [0DE3FA89][Error] CryAnimation: character-definition creation failed: game/objects/characters/returned/female/nude/re_f.cdf
<13:00:21> [82321C2B][Warning] [net 17:00:21.434] [time] remote time estimation restarted; estimate accumulator age was 2.137195
<13:00:21> [6FF68EA5] SetInstantTime: type 0 time 0
<13:00:21> [6FF68EA5] SetInstantTime: type 1 time 1758904169
<13:00:21> [6FF68EA5] SetInstantTime: type 2 time 1759977023
<13:00:21> [6FF68EA5] SetInstantTime: type 3 time 0
<13:00:21> [6FF68EA5] SetInstantTime: type 4 time 0
<13:00:21> [6FF68EA5] SetInstantTime: type 5 time 0
<13:00:21> [6FF68EA5] SetInstantTime: type 6 time 0
<13:00:21> [6FF68EA5] SetInstantTime: type 7 time 1760022456
<13:00:21> [0E61BD35] ExpeditionMember 20 added
<13:00:21> [0E61BD35] ExpeditionMember 20 added
<13:00:21> [0E61BD35] ExpeditionMember 20 added
<13:00:21> [0E61BD35] ExpeditionMember 20 added
<13:00:21> [0E61BD35] ExpeditionMember 20 added
<13:00:21> [51CFCC4C] ExpeditionMember count matched. total 100
<13:00:21> [7AB931CE] seamless unloading cell object(W0, 0), (L0, 0)
<13:00:21> [4B1E8B22] unload cell object count : 1511
<13:00:21> [B866A294] seamless unloading cell terrain(W0, 0), (L0, 0)
<13:00:21> [963385F6] Level System - Loading Start
<13:00:21> [E0E0EDAE][Warning] failed to load zone time of day from game/worlds/main_world/zone/225//time_of_day.xml
<13:00:21> [AB17243B][Warning] failed to load zone environment from game/worlds/main_world/zone/309//env.xml
<13:00:21> [35D4413E][Warning] failed to load zone clouds from game/worlds/main_world/zone/309//clouds.xml
<13:00:21> [806B6F8D] precaching world entities ..
<13:00:21> [7E39E0DE] precaching world entities .. done!  total (1778) objects
<13:00:21> [D2B280D6] Vegetation Manager : Loading World(main_world)
<13:00:22> [075AB92F] Vegetation Manager : Loading World - Done (total 3055 vegetations)
<13:00:22> [000004EE][Error] CTerrain::LoadWorldSurfaces: Error loading material: materials/Terrain/gweonidforest/w_forest_road_a1
<13:00:22> [59CBED13][Warning] Cannot load texture textures/aa_terrain/canyon/tr_canyon_rock3d_405a_ddn.dds, file missing [File=textures/aa_terrain/canyon/tr_canyon_rock3d_405a_ddn.dds]
<13:00:22> [751FFB9E][Warning] Error: CShaderMan::mfCreateShaderResources: Couldn't find detail texture
'game/textures/aa_terrain/canyon/tr_canyon_rock_616a_ddn.tga' in path '' [File=game/textures/aa_terrain/canyon/tr_canyon_rock_616a_ddn.tga]
<13:00:22> [B9410AA1] total 600 terrain world surfaces loaded
<13:00:22> [280A47E3] Precached total 4 materials
<13:00:22> [7B1A973B] seamless loading cell terrain(W29, 8), (L4, 4)
<13:00:22> [7B1A973B] seamless loading cell terrain(W28, 8), (L3, 4)
<13:00:22> [7B1A973B] seamless loading cell terrain(W29, 9), (L4, 5)
<13:00:22> [7B1A973B] seamless loading cell terrain(W29, 7), (L4, 3)
<13:00:22> [7B1A973B] seamless loading cell terrain(W28, 9), (L3, 5)
<13:00:22> [7B1A973B] seamless loading cell terrain(W30, 8), (L5, 4)
<13:00:22> [7B1A973B] seamless loading cell terrain(W28, 7), (L3, 3)
<13:00:22> [7B1A973B] seamless loading cell terrain(W30, 9), (L5, 5)
<13:00:22> [7B1A973B] seamless loading cell terrain(W30, 7), (L5, 3)
<13:00:22> [7B1A973B] seamless loading cell terrain(W27, 8), (L2, 4)
<13:00:22> [7B1A973B] seamless loading cell terrain(W29, 10), (L4, 6)
<13:00:22> [7B1A973B] seamless loading cell terrain(W27, 9), (L2, 5)
<13:00:22> [7B1A973B] seamless loading cell terrain(W27, 7), (L2, 3)
<13:00:22> [7B1A973B] seamless loading cell terrain(W29, 6), (L4, 2)
<13:00:22> [7B1A973B] seamless loading cell terrain(W28, 10), (L3, 6)
<13:00:22> [7B1A973B] seamless loading cell terrain(W28, 6), (L3, 2)
<13:00:22> [7B1A973B] seamless loading cell terrain(W31, 8), (L6, 4)
<13:00:22> [7B1A973B] seamless loading cell terrain(W30, 6), (L5, 2)
<13:00:22> [7B1A973B] seamless loading cell terrain(W31, 9), (L6, 5)
<13:00:22> [7B1A973B] seamless loading cell terrain(W31, 7), (L6, 3)
<13:00:22> [7B1A973B] seamless loading cell terrain(W27, 10), (L2, 6)
<13:00:22> [7B1A973B] seamless loading cell terrain(W27, 6), (L2, 2)
<13:00:22> [7B1A973B] seamless loading cell terrain(W26, 8), (L1, 4)
<13:00:22> [7B1A973B] seamless loading cell terrain(W26, 9), (L1, 5)
<13:00:22> [7B1A973B] seamless loading cell terrain(W29, 11), (L4, 7)
<13:00:22> [7B1A973B] seamless loading cell terrain(W26, 7), (L1, 3)
<13:00:22> [7B1A973B] seamless loading cell terrain(W31, 6), (L6, 2)
<13:00:22> [7B1A973B] seamless loading cell terrain(W28, 11), (L3, 7)
<13:00:22> [7B1A973B] seamless loading cell terrain(W29, 5), (L4, 1)
<13:00:22> [7B1A973B] seamless loading cell terrain(W28, 5), (L3, 1)
<13:00:22> [7B1A973B] seamless loading cell terrain(W32, 8), (L7, 4)
<13:00:22> [7B1A973B] seamless loading cell terrain(W30, 5), (L5, 1)
<13:00:22> [7B1A973B] seamless loading cell terrain(W32, 9), (L7, 5)
<13:00:22> [7B1A973B] seamless loading cell terrain(W26, 10), (L1, 6)
<13:00:22> [7B1A973B] seamless loading cell terrain(W32, 7), (L7, 3)
<13:00:22> [7B1A973B] seamless loading cell terrain(W27, 11), (L2, 7)
<13:00:22> [7B1A973B] seamless loading cell terrain(W26, 6), (L1, 2)
<13:00:22> [7B1A973B] seamless loading cell terrain(W27, 5), (L2, 1)
<13:00:22> [7B1A973B] seamless loading cell terrain(W25, 8), (L0, 4)
<13:00:22> [7B1A973B] seamless loading cell terrain(W31, 5), (L6, 1)
<13:00:22> [7B1A973B] seamless loading cell terrain(W32, 6), (L7, 2)
<13:00:22> [7B1A973B] seamless loading cell terrain(W25, 9), (L0, 5)
<13:00:22> [7B1A973B] seamless loading cell terrain(W25, 7), (L0, 3)
<13:00:22> [7B1A973B] seamless loading cell terrain(W26, 11), (L1, 7)
<13:00:22> [7B1A973B] seamless loading cell terrain(W29, 4), (L4, 0)
<13:00:22> [7B1A973B] seamless loading cell terrain(W26, 5), (L1, 1)
<13:00:22> [7B1A973B] seamless loading cell terrain(W28, 4), (L3, 0)
<13:00:22> [7B1A973B] seamless loading cell terrain(W30, 4), (L5, 0)
<13:00:22> [7B1A973B] seamless loading cell terrain(W25, 10), (L0, 6)
<13:00:22> [7B1A973B] seamless loading cell terrain(W25, 6), (L0, 2)
<13:00:22> [7B1A973B] seamless loading cell terrain(W27, 4), (L2, 0)
<13:00:22> [7B1A973B] seamless loading cell terrain(W31, 4), (L6, 0)
<13:00:22> [7B1A973B] seamless loading cell terrain(W25, 11), (L0, 7)
<13:00:22> [7B1A973B] seamless loading cell terrain(W25, 5), (L0, 1)
<13:00:22> [7B1A973B] seamless loading cell terrain(W26, 4), (L1, 0)
<13:00:22> [7B1A973B] seamless loading cell terrain(W25, 4), (L0, 0)
<13:00:22> [3EF08C47] seamless loading cell object(W29, 8), (L4, 4)
<13:00:22> [000004EE][Warning] [CGF Error] game/objects/env/01_nuia/001_housing/housing_people/hs_people_roof_a.cgf [:] Duplicate LOD helper $lod2 hs_people_roof_a
<13:00:22> Loading Particle Library: X2_EFFECTS_P
<13:00:23> Loading Particle Library: x2_sounds
<13:00:23> [000004EE][Warning] [CGF Error] game/objects/env/01_nuia/001_housing/housing_guild/nuia_h_guild_door_b_front.cga [:] non-uniform scale(1.00, 1.39, 1.00) at node(nuia_h_guild_door_b01_front)
<13:00:23> [3EF08C47] seamless loading cell object(W28, 8), (L3, 4)
<13:00:23> [000004EE][Warning] [CGF Error] game/objects/env/02_harihara/001_hcom/hcom_cart_b.cgf [:] LOD1 of geometry hcom_cart_b contains too many polygons comparing to the LOD0 [770 against 1114] :
<13:00:23> [CE0EF930][Warning] failed to stream cgf : objects/env/05_nature/08_cry_source/rocks/road_rocks/road_rocks_flat_grey_a.cgf
<13:00:23> [3EF08C47] seamless loading cell object(W29, 9), (L4, 5)
<13:00:23> [000004EE][Warning] [CGF Error] game/objects/env/02_harihara/03_ti/ti_factorymain_a.cga [:] Invalid BBox : has Invalid BBox node(Object32)
<13:00:23> [3EF08C47] seamless loading cell object(W29, 7), (L4, 3)
<13:00:23> [A5DDEC33][Warning] Warning: CShaderMan::mfForName: NULL name
<13:00:23> [3EF08C47] seamless loading cell object(W28, 9), (L3, 5)
<13:00:23> [3EF08C47] seamless loading cell object(W30, 8), (L5, 4)
<13:00:23> [3EF08C47] seamless loading cell object(W28, 7), (L3, 3)
<13:00:23> [3EF08C47] seamless loading cell object(W30, 9), (L5, 5)
<13:00:23> [3EF08C47] seamless loading cell object(W30, 7), (L5, 3)
<13:00:23> [3EF08C47] seamless loading cell object(W27, 8), (L2, 4)
<13:00:23> [3EF08C47] seamless loading cell object(W29, 10), (L4, 6)
<13:00:23> [3EF08C47] seamless loading cell object(W27, 9), (L2, 5)
<13:00:23> [3EF08C47] seamless loading cell object(W27, 7), (L2, 3)
<13:00:23> [3EF08C47] seamless loading cell object(W29, 6), (L4, 2)
<13:00:23> [3EF08C47] seamless loading cell object(W28, 10), (L3, 6)
<13:00:23> [3EF08C47] seamless loading cell object(W28, 6), (L3, 2)
<13:00:23> [3EF08C47] seamless loading cell object(W31, 8), (L6, 4)
<13:00:23> [3EF08C47] seamless loading cell object(W30, 6), (L5, 2)
<13:00:23> [3EF08C47] seamless loading cell object(W31, 9), (L6, 5)
<13:00:23> [3EF08C47] seamless loading cell object(W31, 7), (L6, 3)
<13:00:23> [3EF08C47] seamless loading cell object(W27, 10), (L2, 6)
<13:00:23> [3EF08C47] seamless loading cell object(W27, 6), (L2, 2)
<13:00:23> [3EF08C47] seamless loading cell object(W26, 8), (L1, 4)
<13:00:24> [3EF08C47] seamless loading cell object(W26, 9), (L1, 5)
<13:00:24> [3EF08C47] seamless loading cell object(W26, 7), (L1, 3)
<13:00:24> [D7C2E65B][Warning] Error: CShaderMan::mfCreateShaderResources: Couldn't find custom texture 'game/textures/p_effects/armourdslime_ironpiece_body_ddn4.dds' in path '' [File=game/textures/p_effects/armourdslime_ironpiece_body_ddn4.dds]
<13:00:24> [3EF08C47] seamless loading cell object(W31, 6), (L6, 2)
<13:00:24> [3EF08C47] seamless loading cell object(W29, 5), (L4, 1)
<13:00:24> [3EF08C47] seamless loading cell object(W28, 5), (L3, 1)
<13:00:24> [3EF08C47] seamless loading cell object(W30, 5), (L5, 1)
<13:00:24> [3EF08C47] seamless loading cell object(W26, 10), (L1, 6)
<13:00:24> [3EF08C47] seamless loading cell object(W26, 6), (L1, 2)
<13:00:24> [3EF08C47] seamless loading cell object(W27, 5), (L2, 1)
<13:00:24> [3EF08C47] seamless loading cell object(W31, 5), (L6, 1)
<13:00:24> [3EF08C47] seamless loading cell object(W26, 5), (L1, 1)
<13:00:24> [12409CCC] Load Zone Finished
<13:00:24> [000004EE][Warning] I3DEngine::RegisterEntity: entity reports invalid position: Name: LightEntityName (), Class: LightEntityClass, Pos=(6411.5,2342.7,2816.1), aabb center=(142.0,1019.8,-2.3)
<13:00:24> [BCCDC555][Warning] MakeSprite - too many sprite update (10). dropping.. (sprites : 185)
<13:00:24> [188BF914][Warning] [EntityLoader] invalid entity pos(1135.002, 221.553, 722.659) name(AAC_Rokhala_Ext_2)
<13:00:24> [5CE4EF2C][Warning] failed to load particle lib from (Libs/Particles/game/abillity_skill_table_m.xml)
<13:00:24> [000004EE][Warning] Particle effect not found: 'game/abillity_skill_table_m.wild.shock_form2', from unknown 
<13:00:24> [2BFDEC33][Error] realstep 11, not match unit req
<13:00:24> [A39C1725] Level System - Loading Complete
<13:00:24> [9BE3F673] total 0 CGF files are precached
<13:00:25> [27293DED] -----------------------------------------------------
<13:00:25> [120C18F5] * LOADING: 'e_hasla_2' loading time: 3.65 seconds
<13:00:25> [27293DED] -----------------------------------------------------
<13:00:25> [82321C2B][Warning] [net 17:00:25.237] [time] remote time estimation restarted; estimate accumulator age was 0.583152
<13:00:25> [745BAE2F][Warning] failed to stream material xml(game/objects/env/01_nuia/001_ndeco/making/ndeco_making_rock01_second.mtl)
<13:00:25> [637AF710][Warning] missing chr material : game/objects/characters/hariharan/female/parts/pt/obj/ha_f_pt_cloth201.mtl (chr: game/objects/characters/hariharan/female/parts/pt/obj/ha_f_1pt702.chr)
<13:00:26> [04FA8364][Warning] Cannot load texture game/objects/characters/nuian/male/hair/hair_texture/, file missing [File=game/objects/characters/nuian/male/hair/hair_texture/]
<13:00:27> [09F46B9D]     cl_fov = 90 []
<13:00:27> [09F46B9D]     camera_max_dist = 180 []
<13:00:27> [09F46B9D]     name_tag_hp_width_on_bgmode = 80 []
<13:00:27> [09F46B9D]     name_tag_hp_height_on_bgmode = 30 []
<13:00:27> [000004EE][Warning] [Lua Error] Failed to load script file scriptsbin/x2ui/assignment/form.alb
<13:00:27> [A13C772D][Warning] Cannot load texture ui/font_color.g, Image file format is invalid [File=ui/font_color.g]
<13:00:27> [B5A61D8F] Chat Channel(0) Color is not found.
<13:00:27> [000004EE][Warning] [Lua Error] ...ts/x2ui/loginstage/character_create/locale/en_us.lua:524: attempt to index a nil value
<13:00:27> [58F3F7FF][Warning] <null>:0: [Lua Error] Failed to execute file @game/scriptsbin/x2ui/loginstage/character_create/locale/en_us.alb
<13:00:28> [000004EE][Warning] [Lua] invalid style type...  / brown
<13:00:28> [01D0005E][Warning] Not a normal map texture tried to be used as a normal map: Game\ui\icon\aac/icon_item_daru_coin.dds [File=Game\ui\icon\aac/icon_item_daru_coin.dds]
<13:00:31> [745BAE2F][Warning] failed to stream material xml(game/objects/characters/hariharan/female/parts/bo/obj/ha_f_bo_cloth137.mtl)
<13:00:31> [637AF710][Warning] missing chr material : game/objects/characters/hariharan/male/parts/hm/obj/ha_m_hm_cloth001.mtl (chr: game/objects/characters/hariharan/male/parts/hm/obj/ha_m_1hm130.chr)
<13:00:31> [CE0EF930][Warning] failed to stream cgf : default
<13:00:32> [04FA8364][Warning] Cannot load texture game/objects/characters/nuian/male/hair/hair_texture/, file missing [File=game/objects/characters/nuian/male/hair/hair_texture/]
<13:00:32> [58F3F7FF][Warning] @c:/aaclassic/documents//Addon/CooldawnBuffTracker/util/color_picker.lua:23: [Script Error] Wrong parameter type. Function .SetAlign(align) expect parameter 1 of type Number (Provided type Null)
<13:00:37> [CE0EF930][Warning] failed to stream cgf : default
<13:00:42> [745BAE2F][Warning] failed to stream material xml(game/objects/env/01_nuia/001_ndeco/ndeco_backpack_fertilizer.mtl)
<13:00:43> [BCCDC555][Warning] MakeSprite - too many sprite update (10). dropping.. (sprites : 423)
<13:00:45> [CE0EF930][Warning] failed to stream cgf : default
<13:00:48> [A4D70365][Warning] rigid-body own-entity; prefab=prefabs/interaction_c.xml/container.backpack_kraken_b_ground node=AnimObject_76
<13:00:48> [73C0D09F][Warning] Not a normal map texture tried to be used as a normal map: game/objects/env/99_aac/001_ndeco/ndeco_backpack_kraken_p/primal_tent_df.dds [File=game/objects/env/99_aac/001_ndeco/ndeco_backpack_kraken_p/primal_tent_df.dds]
<13:00:52> [CE0EF930][Warning] failed to stream cgf : default
<13:00:52> [000004EE][Warning] [Lua] invalid style type...  / brown
<13:00:53> [745BAE2F][Warning] failed to stream material xml(game/objects/characters/animals/osprey/Material #1.mtl)
<13:01:21> [CE0EF930][Warning] failed to stream cgf : default
<13:01:22> [A4D70365][Warning] rigid-body own-entity; prefab=Prefabs/interaction.xml/toy.crane node=AnimObject_1
<13:01:28> [A13C772D][Warning] Cannot load texture ui/font_color.g, Image file format is invalid [File=ui/font_color.g]
<13:02:01> [CE0EF930][Warning] failed to stream cgf : default
<13:02:13> [CE0EF930][Warning] failed to stream cgf : default
<13:05:10> [BCCDC555][Warning] MakeSprite - too many sprite update (10). dropping.. (sprites : 401)
<13:05:28> [BCCDC555][Warning] MakeSprite - too many sprite update (10). dropping.. (sprites : 401)
<13:10:48> [745BAE2F][Warning] failed to stream material xml(game/objects/characters/animals/pangolin/pangolin_red/Material #47.mtl)
<13:10:49> [B95EE41B][Error] invalid parent unit id(117415)
<13:10:49> [000004EE][Warning] Particle effect not found: 'game/abillity_skill_table_m.fight.full_dot_end', from unknown 
<13:10:50> [637AF710][Warning] missing chr material : game/objects/characters/warborn/male/parts/ar/obj/wa_m_ar_metal145.mtl (chr: game/objects/characters/warborn/male/parts/ar/obj/wa_m_1ac007_1arm025_4ar902_4pv003_4sh041.chr)
<13:10:50> [CA175C82][Warning] non-stream IO. system(Material), filePath(game/objects/characters/warborn/male/hair/wa_m_hair006/wa_m_hair006.mtl)
<13:10:55> [F724A392][Error] CryAnimation:: Trying to load animation with alias "fist_ba_relaxed_idle_rand_2" from file "animations/monster/hedgehog_wood/fist/fist_ba_relaxed_idle_rand.caf" into the animation container. Such animation alias already exists and uses file "animations/monster/hedgehog_wood/fist/fist_ba_relaxed_idle_rand_2.caf". Please use another animation alias.
<13:12:18> [000004EE][Warning] [Lua] invalid style type...  / brown
<13:14:40> [6FF68EA5] SetInstantTime: type 0 time 1760030230
<13:14:54> [6FF68EA5] SetInstantTime: type 0 time 0
<13:16:28> [B95EE41B][Error] invalid parent unit id(117415)
<13:16:56> [000004EE][Warning] [Lua] invalid style type...  / brown
<13:17:03> [BB897B6D][Warning] Cannot load texture 0, file missing [File=0]
<13:17:35> [000004EE][Warning] [Lua] invalid style type...  / brown
<13:18:25> [5CE4EF2C][Warning] failed to load particle lib from (Libs/Particles/game/ability_skill_table.xml)
<13:18:25> [000004EE][Warning] Particle effect not found: 'game/ability_skill_table.firing.firing0001_hit', from unknown 
<13:18:33> [BB897B6D][Warning] Cannot load texture 0, file missing [File=0]
<13:20:04> [745BAE2F][Warning] failed to stream material xml(game/materials/effects/fume_h_ssd.mtl)
<13:20:14> [A4D70365][Warning] rigid-body own-entity; prefab=Prefabs/airship.xml/airship.normal node=wing
<13:20:56> [63ABB424][Warning] Facial sequence "all_re_combat_hit_r" not listed in CAL file for character "game/objects/characters/hariharan/male/nude/ha_m_base.chr".
<13:21:02> [63ABB424][Warning] Facial sequence "all_re_combat_hit_r" not listed in CAL file for character "game/objects/characters/hariharan/male/nude/ha_m_base.chr".
<13:21:26> [745BAE2F][Warning] failed to stream material xml(game/objects/characters/nuian/male/parts/hm/obj/nu_m_hm_cloth001.mtl)
<13:21:26> [637AF710][Warning] missing chr material : game/objects/characters/nuian/male/parts/hm/obj/nu_m_hm_cloth001.mtl (chr: game/objects/characters/nuian/male/parts/hm/obj/nu_m_1hm130.chr)
<13:21:40> [745BAE2F][Warning] failed to stream material xml(game/objects/characters/animals/pangolin/pangolin_red/Material #47.mtl)
<13:21:41> [B95EE41B][Error] invalid parent unit id(129162)
<13:21:45> [0D01BD65] start to parse systm mail
<13:21:45> [BFBA8B5E] end to parse systm mail
<13:21:45> [0D01BD65] start to parse systm mail
<13:21:45> [BFBA8B5E] end to parse systm mail
<13:21:45> [0D01BD65] start to parse systm mail
<13:21:45> [BFBA8B5E] end to parse systm mail
<13:21:45> [0D01BD65] start to parse systm mail
<13:21:45> [BFBA8B5E] end to parse systm mail
<13:21:45> [0D01BD65] start to parse systm mail
<13:21:45> [BFBA8B5E] end to parse systm mail
<13:21:45> [0D01BD65] start to parse systm mail
<13:21:45> [BFBA8B5E] end to parse systm mail
<13:21:45> [0D01BD65] start to parse systm mail
<13:21:45> [BFBA8B5E] end to parse systm mail
<13:21:45> [0D01BD65] start to parse systm mail
<13:21:45> [BFBA8B5E] end to parse systm mail
<13:21:45> [0D01BD65] start to parse systm mail
<13:21:45> [BFBA8B5E] end to parse systm mail
<13:21:45> [0D01BD65] start to parse systm mail
<13:21:45> [BFBA8B5E] end to parse systm mail
<13:21:45> [0D01BD65] start to parse systm mail
<13:21:45> [BFBA8B5E] end to parse systm mail
<13:21:45> [0D01BD65] start to parse systm mail
<13:21:45> [BFBA8B5E] end to parse systm mail
<13:21:45> [0D01BD65] start to parse systm mail
<13:21:45> [BFBA8B5E] end to parse systm mail
<13:21:45> [0D01BD65] start to parse systm mail
<13:21:45> [BFBA8B5E] end to parse systm mail
<13:21:48> [0D01BD65] start to parse systm mail
<13:21:48> [BFBA8B5E] end to parse systm mail
<13:21:48> [0D01BD65] start to parse systm mail
<13:21:48> [BFBA8B5E] end to parse systm mail
<13:21:48> [0D01BD65] start to parse systm mail
<13:21:48> [BFBA8B5E] end to parse systm mail
<13:21:48> [0D01BD65] start to parse systm mail
<13:21:48> [BFBA8B5E] end to parse systm mail
<13:21:48> [000004EE][Warning] [Lua Error] 1_3_0/scripts/x2ui/mailbox/mail/read_mail.lua:197: attempt to index local 'bodyInfo' (a nil value)
<13:21:49> [0D01BD65] start to parse systm mail
<13:21:49> [BFBA8B5E] end to parse systm mail
<13:21:49> [0D01BD65] start to parse systm mail
<13:21:49> [BFBA8B5E] end to parse systm mail
<13:21:49> [0D01BD65] start to parse systm mail
<13:21:49> [BFBA8B5E] end to parse systm mail
<13:21:49> [0D01BD65] start to parse systm mail
<13:21:49> [BFBA8B5E] end to parse systm mail
<13:21:49> [0D01BD65] start to parse systm mail
<13:21:49> [BFBA8B5E] end to parse systm mail
<13:21:49> [0D01BD65] start to parse systm mail
<13:21:49> [BFBA8B5E] end to parse systm mail
<13:21:49> [0D01BD65] start to parse systm mail
<13:21:49> [BFBA8B5E] end to parse systm mail
<13:21:49> [0D01BD65] start to parse systm mail
<13:21:49> [BFBA8B5E] end to parse systm mail
<13:22:01> [B95EE41B][Error] invalid parent unit id(129162)
<13:23:34> [0D01BD65] start to parse systm mail
<13:23:34> [BFBA8B5E] end to parse systm mail
<13:23:34> [0D01BD65] start to parse systm mail
<13:23:34> [BFBA8B5E] end to parse systm mail
<13:23:34> [0D01BD65] start to parse systm mail
<13:23:34> [BFBA8B5E] end to parse systm mail
<13:23:34> [0D01BD65] start to parse systm mail
<13:23:34> [BFBA8B5E] end to parse systm mail
<13:23:34> [0D01BD65] start to parse systm mail
<13:23:34> [BFBA8B5E] end to parse systm mail
<13:23:34> [0D01BD65] start to parse systm mail
<13:23:34> [BFBA8B5E] end to parse systm mail
<13:23:34> [0D01BD65] start to parse systm mail
<13:23:34> [BFBA8B5E] end to parse systm mail
<13:23:34> [0D01BD65] start to parse systm mail
<13:23:34> [BFBA8B5E] end to parse systm mail
<13:23:34> [0D01BD65] start to parse systm mail
<13:23:34> [BFBA8B5E] end to parse systm mail
<13:23:34> [0D01BD65] start to parse systm mail
<13:23:34> [BFBA8B5E] end to parse systm mail
<13:25:07> [000004EE][Warning] Particle effect not found: 'game/abillity_skill_table_m.wild.lights_arrow_hit', from unknown 
<13:26:37> [6FF68EA5] SetInstantTime: type 0 time 1760030947
<13:27:28> [6FF68EA5] SetInstantTime: type 0 time 0
<13:28:06> [000004EE][Warning] Particle effect not found: 'game/ability_skill_table_k.p_skill_will.life_aura_form2_end', from unknown 
<13:28:07> [CA175C82][Warning] non-stream IO. system(Material), filePath(game/objects/characters/warborn/female/horns/wa_f_horns011/wa_f_horns011_hc03.mtl)
<13:28:07> [000004EE][Warning] [CGF Error] game/objects/env/06_unit/06_glider/glider_wing_crystal/glider_wing_crystal_back.cgf [:] LOD1 of geometry  contains too many polygons comparing to the LOD0 [2720 against 4064] :
<13:28:07> [BD8C448A][Warning] Cannot load texture game/objects/characters/warborn/male/nude/wa_m_nude_ddn.dds, file missing [File=game/objects/characters/warborn/male/nude/wa_m_nude_ddn.dds]
<13:28:39> [745BAE2F][Warning] failed to stream material xml(game/objects/characters/animals/pangolin/pangolin_red/Material #47.mtl)
<13:28:40> [B95EE41B][Error] invalid parent unit id(67798)
<13:29:26> [000004EE][Warning] Particle effect not found: 'game/abillity_skill_table_m.fight.critical_damage_hit', from unknown 
<13:29:26> [745BAE2F][Warning] failed to stream material xml(game/objects/characters/nuian/male/parts/cp/obj/nu_m_1cp201.mtl)
<13:29:26> [637AF710][Warning] missing chr material : game/objects/characters/nuian/male/parts/cp/obj/nu_m_1cp201.mtl (chr: game/objects/characters/nuian/male/parts/cp/obj/nu_m_1cp101.chr)
<13:29:31> [B95EE41B][Error] invalid parent unit id(69690)
<13:29:44> [65FB52A3][Warning] Entity Blackscale Pangolin:cannot find animation additive_fist_ba_relaxed_idle_rand_5
<13:29:50> [B95EE41B][Error] invalid parent unit id(69690)
<13:29:57> [BB897B6D][Warning] Cannot load texture 0, file missing [File=0]
<13:30:18> [34837D7E][Warning] Failed to Load Character file. Skeleton-Initial-Positions are missing [File=game/objects/characters/monster/snowman_ride/snowman_ride_armor01/snowman_ride_hm_01/snowman_ride_hm_01.chr]
<13:30:19> [B95EE41B][Error] invalid parent unit id(56226)
<13:30:30> [B95EE41B][Error] invalid parent unit id(67798)
<13:30:44> [BB897B6D][Warning] Cannot load texture 0, file missing [File=0]
<13:31:34> [BCCDC555][Warning] MakeSprite - too many sprite update (10). dropping.. (sprites : 379)
<13:31:42> [04FA8364][Warning] Cannot load texture game/objects/characters/nuian/male/hair/hair_texture/, file missing [File=game/objects/characters/nuian/male/hair/hair_texture/]
<13:31:51> [745BAE2F][Warning] failed to stream material xml(game/objects/env/01_nuia/001_housing/housing_house/housing_hari_2t.mtl)
<13:31:51> [A7901A9A][Warning] Cannot load texture game/objects/env/02_harihara/01_ma/ma_tant02_ddn.dds, file missing [File=game/objects/env/02_harihara/01_ma/ma_tant02_ddn.dds]
<13:31:51> [EFC67A6D][Warning] Error: CShaderMan::mfCreateShaderResources: Couldn't find detail texture
'game/objects/env/01_nuia/001_housing/housing_house/nuia_housing_tree07_ddn.dds' in path '' [File=game/objects/env/01_nuia/001_housing/housing_house/nuia_housing_tree07_ddn.dds]
<13:31:51> Loading Particle Library: ljs_particle_fx
<13:31:51> [000004EE][Warning] Particle effect not found: 'X2_EFFECTS_K.J_Inter_effects.water_flow_collision_dot', from unknown 
<13:31:51> Loading Particle Library: X2_effect_H
<13:31:51> [910643CC][Warning] cutter mesh is not correctly triangulated. source=[game/objects/characters/animals/fish/fish_tropical_greenhouse/fish_tropical_greenhouse_small.chr, Indices:3]
<13:31:51> [EFA8E813][Warning] cutter mesh is zero indices
<13:31:51> [000004EE][Warning] [CGF Error] game/objects/env/01_nuia/001_housing/housing_furniture/hs_f_safe_d.cgf [:] LOD1 of geometry hs_f_safe_d contains too many polygons comparing to the LOD0 [1606 against 2318] :
<13:32:11> [A4D70365][Warning] rigid-body own-entity; prefab=Prefabs/interaction_c.xml/furniture.aquarium_c_fish node=AnimObject_38
<13:32:11> [745BAE2F][Warning] failed to stream material xml(game/objects/env/01_nuia/001_housing/housing_house/ndeco_mining_machinery_small.mtl)
<13:32:11> [000004EE][Warning] I3DEngine::RegisterEntity: entity reports invalid position: Name: LightEntityName (), Class: LightEntityClass, Pos=(9912.9,2883.3,4645.1), aabb center=(4574.0,4561.3,440.3)
<13:32:13> [A7901A9A][Warning] Cannot load texture game/objects/env/02_harihara/01_ma/ma_tant02_ddn.dds, file missing [File=game/objects/env/02_harihara/01_ma/ma_tant02_ddn.dds]
<13:32:15> [755A3546][Warning] Error: CShaderMan::mfCreateShaderResources: Couldn't find custom secondary texture 'game/objects/env/01_nuia/001_housing/housing_house/nuia_housing_treemossy03_ddn.dds' in path '' [File=game/objects/env/01_nuia/001_housing/housing_house/nuia_housing_treemossy03_ddn.dds]
<13:32:18> [CA175C82][Warning] non-stream IO. system(CGF), filePath(Objects/Env/01_nuia/001_housing/housing_house/housing_tree_spider.cgf)
<13:32:18> [000004EE][Warning] [CGF Error] game/objects/env/01_nuia/001_housing/housing_furniture/hs_f_safe_e.cgf [:] non-uniform scale(1.00, 1.03, 1.00) at node(hs_f_safe_e)
<13:32:23> [745BAE2F][Warning] failed to stream material xml(game/$picking.mtl)
<13:32:23> [83CB8AF3][Warning] Cannot load texture game/objects/env/01_nuia/001_housing/housing_house/jack_house_low_wallout_sp.dds, file missing [File=game/objects/env/01_nuia/001_housing/housing_house/jack_house_low_wallout_sp.dds]
<13:32:28> [A4D70365][Warning] rigid-body own-entity; prefab=prefabs/interaction_c.xml/furniture.baby_cat_d node=AnimObject_144
<13:32:28> [383B4859][Warning] Cannot load texture game/objects/characters/animals/cat_baby_cat/cat_baby_threecolors_pet_df.dds, file missing [File=game/objects/characters/animals/cat_baby_cat/cat_baby_threecolors_pet_df.dds]
<13:32:28> [5E1D008D][Warning] Error: CShaderMan::mfCreateShaderResources: Couldn't find subsurface texture 'game/objects/characters/animals/cat_baby_cat/cat_baby_threecolors_pet_df.dds' in path '' [File=game/objects/characters/animals/cat_baby_cat/cat_baby_threecolors_pet_df.dds]
<13:32:28> [F724A392][Error] CryAnimation:: Trying to load animation with alias "fist_ba_relaxed_idle_rand_2" from file "animations/animals/welsh_corgi_baby/fist/fist_ba_relaxed_idle_rand.caf" into the animation container. Such animation alias already exists and uses file "animations/animals/welsh_corgi_baby/fist/fist_ba_relaxed_idle_rand_2.caf". Please use another animation alias.
<13:32:32> [745BAE2F][Warning] failed to stream material xml(game/objects/characters/animals/cow/cow_black.mtl)
<13:33:43> [CFFE1C46][Error] Error streaming texture: Error 'Offset out of range', Texture: game/objects/characters/animals/cat_baby_pet/cat_baby_pet_df.dds
<13:33:48> [CFFE1C46][Error] Error streaming texture: Error 'Offset out of range', Texture: game/objects/characters/animals/cat_baby_pet/cat_baby_pet_df.dds
<13:34:23> [CFFE1C46][Error] Error streaming texture: Error 'Offset out of range', Texture: game/objects/characters/animals/cat_baby_pet/cat_baby_pet_df.dds
<13:34:54> [CE0EF930][Warning] failed to stream cgf : objects/effects/portal_gate.cgf
<13:34:55> [BB790A81] origin change campos : 1703.92, 7126.172363
<13:34:55> [00000020]  
<13:34:55> [00000020]  
<13:34:55> [A581FA6D] -----------------------------------------------------------------------------
<13:34:55> [1DAA5677] SeamlessSystem::ChangeOrigin() : Here we go. Old(25,4) -> New(23,7)
<13:34:55> [A581FA6D] -----------------------------------------------------------------------------
<13:34:55> [00000020]  
<13:34:55> [00000020]  
<13:34:55> [B866A294] seamless unloading cell terrain(W32, 27), (L7, 2)
<13:34:55> [B866A294] seamless unloading cell terrain(W32, 28), (L7, 3)
<13:34:55> [B866A294] seamless unloading cell terrain(W32, 29), (L7, 4)
<13:34:55> [B866A294] seamless unloading cell terrain(W32, 30), (L7, 5)
<13:34:55> [B866A294] seamless unloading cell terrain(W31, 25), (L6, 0)
<13:34:55> [B866A294] seamless unloading cell terrain(W31, 26), (L6, 1)
<13:34:55> [7AB931CE] seamless unloading cell object(W31, 26), (L6, 1)
<13:34:55> [4B1E8B22] unload cell object count : 0
<13:34:55> [B866A294] seamless unloading cell terrain(W31, 27), (L6, 2)
<13:34:55> [7AB931CE] seamless unloading cell object(W31, 27), (L6, 2)
<13:34:55> [4B1E8B22] unload cell object count : 0
<13:34:55> [B866A294] seamless unloading cell terrain(W31, 28), (L6, 3)
<13:34:55> [7AB931CE] seamless unloading cell object(W31, 28), (L6, 3)
<13:34:55> [4B1E8B22] unload cell object count : 0
<13:34:55> [B866A294] seamless unloading cell terrain(W31, 29), (L6, 4)
<13:34:55> [7AB931CE] seamless unloading cell object(W31, 29), (L6, 4)
<13:34:55> [4B1E8B22] unload cell object count : 0
<13:34:55> [B866A294] seamless unloading cell terrain(W31, 30), (L6, 5)
<13:34:55> [7AB931CE] seamless unloading cell object(W31, 30), (L6, 5)
<13:34:55> [4B1E8B22] unload cell object count : 0
<13:34:55> [B866A294] seamless unloading cell terrain(W30, 25), (L5, 0)
<13:34:55> [B866A294] seamless unloading cell terrain(W30, 26), (L5, 1)
<13:34:55> [7AB931CE] seamless unloading cell object(W30, 26), (L5, 1)
<13:34:55> [4B1E8B22] unload cell object count : 0
<13:34:55> [B866A294] seamless unloading cell terrain(W30, 27), (L5, 2)
<13:34:55> [7AB931CE] seamless unloading cell object(W30, 27), (L5, 2)
<13:34:55> [4B1E8B22] unload cell object count : 0
<13:34:55> [B866A294] seamless unloading cell terrain(W29, 25), (L4, 0)
<13:34:55> [B866A294] seamless unloading cell terrain(W29, 26), (L4, 1)
<13:34:55> [7AB931CE] seamless unloading cell object(W29, 26), (L4, 1)
<13:34:55> [4B1E8B22] unload cell object count : 0
<13:34:55> [B866A294] seamless unloading cell terrain(W29, 27), (L4, 2)
<13:34:55> [7AB931CE] seamless unloading cell object(W29, 27), (L4, 2)
<13:34:55> [4B1E8B22] unload cell object count : 6233
<13:34:55> [B866A294] seamless unloading cell terrain(W28, 25), (L3, 0)
<13:34:55> [B866A294] seamless unloading cell terrain(W28, 26), (L3, 1)
<13:34:55> [7AB931CE] seamless unloading cell object(W28, 26), (L3, 1)
<13:34:55> [4B1E8B22] unload cell object count : 2942
<13:34:55> [B866A294] seamless unloading cell terrain(W28, 27), (L3, 2)
<13:34:55> [7AB931CE] seamless unloading cell object(W28, 27), (L3, 2)
<13:34:55> [4B1E8B22] unload cell object count : 13369
<13:34:55> [B866A294] seamless unloading cell terrain(W27, 25), (L2, 0)
<13:34:55> [B866A294] seamless unloading cell terrain(W27, 26), (L2, 1)
<13:34:55> [7AB931CE] seamless unloading cell object(W27, 26), (L2, 1)
<13:34:55> [4B1E8B22] unload cell object count : 17375
<13:34:55> [B866A294] seamless unloading cell terrain(W27, 27), (L2, 2)
<13:34:55> [7AB931CE] seamless unloading cell object(W27, 27), (L2, 2)
<13:34:55> [4B1E8B22] unload cell object count : 20141
<13:34:55> [B866A294] seamless unloading cell terrain(W26, 25), (L1, 0)
<13:34:55> [B866A294] seamless unloading cell terrain(W26, 26), (L1, 1)
<13:34:55> [7AB931CE] seamless unloading cell object(W26, 26), (L1, 1)
<13:34:55> [4B1E8B22] unload cell object count : 2498
<13:34:55> [B866A294] seamless unloading cell terrain(W26, 27), (L1, 2)
<13:34:55> [7AB931CE] seamless unloading cell object(W26, 27), (L1, 2)
<13:34:55> [4B1E8B22] unload cell object count : 5752
<13:34:55> [B866A294] seamless unloading cell terrain(W25, 25), (L0, 0)
<13:34:55> [B866A294] seamless unloading cell terrain(W25, 26), (L0, 1)
<13:34:55> [B866A294] seamless unloading cell terrain(W25, 27), (L0, 2)
<13:34:55> [3623F74F] [Seamless] camera has been warped
<13:34:55> [9CAE9693] Starting In World Loading
<13:34:55> [7B1A973B] seamless loading cell terrain(W26, 12), (L3, 5)
<13:34:55> [7B1A973B] seamless loading cell terrain(W27, 12), (L4, 5)
<13:34:55> [7B1A973B] seamless loading cell terrain(W25, 12), (L2, 5)
<13:34:55> [7B1A973B] seamless loading cell terrain(W24, 10), (L1, 3)
<13:34:55> [7B1A973B] seamless loading cell terrain(W24, 11), (L1, 4)
<13:34:55> [7B1A973B] seamless loading cell terrain(W28, 12), (L5, 5)
<13:34:55> [7B1A973B] seamless loading cell terrain(W26, 13), (L3, 6)
<13:34:55> [7B1A973B] seamless loading cell terrain(W24, 9), (L1, 2)
<13:34:55> [7B1A973B] seamless loading cell terrain(W24, 12), (L1, 5)
<13:34:55> [7B1A973B] seamless loading cell terrain(W27, 13), (L4, 6)
<13:34:55> [7B1A973B] seamless loading cell terrain(W25, 13), (L2, 6)
<13:34:55> [7B1A973B] seamless loading cell terrain(W23, 10), (L0, 3)
<13:34:55> [7B1A973B] seamless loading cell terrain(W23, 11), (L0, 4)
<13:34:55> [7B1A973B] seamless loading cell terrain(W29, 12), (L6, 5)
<13:34:55> [7B1A973B] seamless loading cell terrain(W24, 8), (L1, 1)
<13:34:55> [7B1A973B] seamless loading cell terrain(W24, 13), (L1, 6)
<13:34:55> [7B1A973B] seamless loading cell terrain(W23, 9), (L0, 2)
<13:34:55> [7B1A973B] seamless loading cell terrain(W23, 12), (L0, 5)
<13:34:55> [7B1A973B] seamless loading cell terrain(W26, 14), (L3, 7)
<13:34:55> [7B1A973B] seamless loading cell terrain(W27, 14), (L4, 7)
<13:34:55> [7B1A973B] seamless loading cell terrain(W25, 14), (L2, 7)
<13:34:55> [7B1A973B] seamless loading cell terrain(W28, 14), (L5, 7)
<13:34:55> [7B1A973B] seamless loading cell terrain(W23, 8), (L0, 1)
<13:34:55> [7B1A973B] seamless loading cell terrain(W23, 13), (L0, 6)
<13:34:55> [7B1A973B] seamless loading cell terrain(W24, 7), (L1, 0)
<13:34:55> [7B1A973B] seamless loading cell terrain(W24, 14), (L1, 7)
<13:34:55> [7B1A973B] seamless loading cell terrain(W23, 7), (L0, 0)
<13:34:55> [7B1A973B] seamless loading cell terrain(W23, 14), (L0, 7)
<13:34:55> [3EF08C47] seamless loading cell object(W26, 11), (L3, 4)
<13:34:55> [3EF08C47] seamless loading cell object(W27, 11), (L4, 4)
<13:34:55> [3EF08C47] seamless loading cell object(W25, 10), (L2, 3)
<13:34:55> [3EF08C47] seamless loading cell object(W25, 11), (L2, 4)
<13:34:55> [3EF08C47] seamless loading cell object(W26, 12), (L3, 5)
<13:34:55> [3EF08C47] seamless loading cell object(W27, 12), (L4, 5)
<13:34:55> [3EF08C47] seamless loading cell object(W25, 9), (L2, 2)
<13:34:55> [3EF08C47] seamless loading cell object(W28, 11), (L5, 4)
<13:34:55> [3EF08C47] seamless loading cell object(W25, 12), (L2, 5)
<13:34:55> [3EF08C47] seamless loading cell object(W24, 10), (L1, 3)
<13:34:55> [3EF08C47] seamless loading cell object(W24, 11), (L1, 4)
<13:34:55> [3EF08C47] seamless loading cell object(W28, 12), (L5, 5)
<13:34:55> [3EF08C47] seamless loading cell object(W26, 13), (L3, 6)
<13:34:55> [3EF08C47] seamless loading cell object(W24, 9), (L1, 2)
<13:34:55> [3EF08C47] seamless loading cell object(W24, 12), (L1, 5)
<13:34:55> [3EF08C47] seamless loading cell object(W27, 13), (L4, 6)
<13:34:55> [3EF08C47] seamless loading cell object(W25, 8), (L2, 1)
<13:34:55> [3EF08C47] seamless loading cell object(W25, 13), (L2, 6)
<13:34:55> [3EF08C47] seamless loading cell object(W29, 11), (L6, 4)
<13:34:55> [3EF08C47] seamless loading cell object(W29, 12), (L6, 5)
<13:34:55> [3EF08C47] seamless loading cell object(W24, 8), (L1, 1)
<13:34:55> [3EF08C47] seamless loading cell object(W24, 13), (L1, 6)
<13:34:55> [7F89A202][Warning] AI: Warning: AIPoint is not inside Navigation Modifier. pos(3744.6, 4107.2, 868.7)
<13:34:55> [CF2CE049][Warning] CMTSafeHeap::m_pBigPool is full. (5421453, CRefReadStreamProxy::StartRead: m_pBuffer)
<13:34:56> [4BF1C05C][Warning] Cannot load texture game/objects/env/01_nuia/001_housing/housing_house/housing_house_equipment_glow.dds, file missing [File=game/objects/env/01_nuia/001_housing/housing_house/housing_house_equipment_glow.dds]
<13:34:56> [BF0124EC][Warning] Error: CShaderMan::mfCreateShaderResources: Couldn't find decal texture 'game/objects/Env/01_nuia/001_housing/housing_house/housing_house_equipment_glow.dds' in path '' [File=game/objects/Env/01_nuia/001_housing/housing_house/housing_house_equipment_glow.dds]
<13:34:56> [000004EE][Warning] RenderMesh not assigned game/objects/env/01_nuia/001_ndeco/old/carpet_common_a.cgf
<13:34:56> [B42C333F] In World Loading Finished
<13:34:56> [82321C2B][Warning] [net 17:34:56.903] [time] remote time estimation restarted; estimate accumulator age was 1.751102
<13:34:56> [BCCDC555][Warning] MakeSprite - too many sprite update (10). dropping.. (sprites : 35)
<13:34:56> [DE20B351][Warning] Flow Graph Node targets unknown entity guid: 4b2fb81ffe6b0dc9
<13:34:56> [CA175C82][Warning] non-stream IO. system(Material), filePath(game/objects/env/01_nuia/001_housing/housing_house/housing_witch_2t/ipnir_ivy_b02.mtl)
<13:34:56> [A4D70365][Warning] rigid-body own-entity; prefab=prefabs/interaction_c.xml/furniture.kraken_prop_a node=AnimObject_144
<13:34:57> [745BAE2F][Warning] failed to stream material xml(game/$picking.mtl)
<13:34:59> [5132FEDE][Warning] invalid attached position(-20.13, 20.99, 0.89)
<13:34:59> [000004EE][Warning] Particle effect not found: 'game/x2_effects.doodad_effect.qeust_teleport_launch', from unknown 
<13:35:00> [F724A392][Error] CryAnimation:: Trying to load animation with alias "fist_ba_relaxed_idle_rand_2" from file "animations/animals/welsh_corgi/fist/fist_ba_relaxed_idle_rand.caf" into the animation container. Such animation alias already exists and uses file "animations/animals/welsh_corgi/fist/fist_ba_relaxed_idle_rand_2.caf". Please use another animation alias.
<13:35:02> [A4D70365][Warning] rigid-body own-entity; prefab=prefabs/e_lokalokamountains.xml/cable_car.tram node=AnimObject_3
<13:35:02> [82321C2B][Warning] [net 17:35:02.850] [time] remote time estimation restarted; estimate accumulator age was 0.781704
<13:35:02> [745BAE2F][Warning] failed to stream material xml(game/objects/characters/warborn/female/parts/ar/obj/wa_f_ar_metal170.mtl)
<13:35:02> [637AF710][Warning] missing chr material : game/objects/characters/warborn/female/parts/ar/obj/wa_f_ar_metal170.mtl (chr: game/objects/characters/warborn/female/parts/ar/obj/wa_f_1ac016_1arm030_3ar902_3arm006_3bt008_3eb001_3pv003_3sh024.chr)
<13:35:03> [CFFE1C46][Error] Error streaming texture: Error 'Offset out of range', Texture: game/objects/characters/animals/cat_baby_pet/cat_baby_pet_df.dds
<13:35:03> [4ABF8F2E][Warning] Cannot load texture game/objects/env/02_harihara/001_hdeco/quest/hdeco_quest_book_a_ddn.dds, file missing [File=game/objects/env/02_harihara/001_hdeco/quest/hdeco_quest_book_a_ddn.dds]
<13:35:03> [000004EE][Warning] [CGF Error] game/objects/env/01_nuia/001_ncom/ncom_xmas_musicbox.cga [:] Duplicate LOD helper $lod1 ncom_xmas_musicbox_top
<13:35:03> [000004EE][Warning] [CGF Error] game/objects/item/interaction/dragon_statue/dragon_tree_statue.cgf [:] LOD1 of geometry  contains too many polygons comparing to the LOD0 [1622 against 2418] :
<13:35:03> [CE0EF930][Warning] failed to stream cgf : default
<13:35:03> [5243B464][Warning] Error: CShaderMan::mfCreateShaderResources: Couldn't find subsurface texture 'objects/characters/ferre/female/face/face01/fe_f_face01_fur_sss.dds' in path '' [File=objects/characters/ferre/female/face/face01/fe_f_face01_fur_sss.dds]
<13:35:03> [CA175C82][Warning] non-stream IO. system(Material), filePath(game/objects/characters/warborn/female/horns/wa_f_horns006/wa_f_horns006_hc03.mtl)
<13:35:07> [C53E6FFE][Warning] non cached CDF material(objects/Characters/monster/snowlion/snowlion_blue/snowlion_blue.mtl, game/objects/characters/monster/snowlion/snowlion_blue/snowlion_blue.cdf)
<13:35:07> [63ABB424][Warning] Facial sequence "fist_ac_whistle" not listed in CAL file for character "game/objects/characters/warborn/female/nude/wa_f_base.chr".
<13:35:07> [CFFE1C46][Error] Error streaming texture: Error 'Offset out of range', Texture: game/objects/characters/animals/cat_baby_pet/cat_baby_pet_df.dds
<13:35:08> [B95EE41B][Error] invalid parent unit id(72868)
<13:35:10> [745BAE2F][Warning] failed to stream material xml(game/$picking.mtl)
<13:35:10> [C9209D07][Warning] Cannot load texture game/objects/env/01_nuia/001_housing/housing_house/hs_addon_a_sp.dds, file missing [File=game/objects/env/01_nuia/001_housing/housing_house/hs_addon_a_sp.dds]
<13:35:10> [000004EE][Warning] [CGF Error] game/objects/env/01_nuia/001_housing/housing_house/housing_addon_roof_a.cgf [:] LOD1 of geometry  contains too many polygons comparing to the LOD0 [2104 against 3035] :
<13:35:10> [A4D70365][Warning] rigid-body own-entity; prefab=prefabs/interaction_c.xml/toy.slotmachine_ca node=AnimObject_64
<13:35:10> [000004EE][Warning] I3DEngine::RegisterEntity: entity reports invalid position: Name: LightEntityName (), Class: LightEntityClass, Pos=(8746.3,1999.0,5239.5), aabb center=(3695.9,4077.6,860.9)
<13:35:13> [CFFE1C46][Error] Error streaming texture: Error 'Offset out of range', Texture: game/objects/characters/animals/cat_baby_pet/cat_baby_pet_df.dds
<13:35:13> [CE0EF930][Warning] failed to stream cgf : default
<13:35:16> [000004EE][Warning] [CGF Error] game/objects/env/01_nuia/001_ndeco/collect/ndeco_collect_geyser01.cgf [:] non-uniform scale(1.48, 1.48, 1.00) at node(proxy)
<13:35:16> [A4D70365][Warning] rigid-body own-entity; prefab=prefabs/interaction_c.xml/furniture.kraken_prop_al node=AnimObject_144
<13:35:17> [745BAE2F][Warning] failed to stream material xml(game/objects/env/01_nuia/001_housing/housing_house/ndeco_mining_machinery_small.mtl)
<13:35:18> [FCD07016][Warning] Cannot load texture objects/characters/ferre/male/hair/fe_m_hair02/fe_m_hair02_df.dds, file missing [File=objects/characters/ferre/male/hair/fe_m_hair02/fe_m_hair02_df.dds]
<13:35:18> [637AF710][Warning] missing chr material : game/objects/characters/nuian/female/parts/ar/obj/nu_f_ar_cloth495.mtl (chr: game/objects/characters/nuian/female/parts/ar/obj/nu_f_1ar906_1arm012_1sh010_n.chr)
<13:35:19> [5132FEDE][Warning] invalid attached position(-20.97, -21.00, -2.77)
<13:35:19> [7F89A202][Warning] AI: Warning: AIPoint is not inside Navigation Modifier. pos(3744.6, 4107.2, 868.7)
<13:35:19> [DE20B351][Warning] Flow Graph Node targets unknown entity guid: 45671b71c0b06ecd
<13:35:21> [F9376E0D][Warning] [flow] FG-0x6EDE5254-Entity 'AnimObject_19' was destroyed with pending updates/activations. Report follows...
<13:35:21> [A8F1529E][Warning] [flow] Pending nodes:
<13:35:21> [A4D70365][Warning] rigid-body own-entity; prefab=prefabs/interaction_c.xml/furniture.baby_cat_d node=AnimObject_144
<13:35:21> [5E1D008D][Warning] Error: CShaderMan::mfCreateShaderResources: Couldn't find subsurface texture 'game/objects/characters/animals/cat_baby_cat/cat_baby_threecolors_pet_df.dds' in path '' [File=game/objects/characters/animals/cat_baby_cat/cat_baby_threecolors_pet_df.dds]
<13:35:22> [73C0D09F][Warning] Not a normal map texture tried to be used as a normal map: game/objects/env/99_aac/001_ndeco/ndeco_backpack_kraken_p/primal_tent_df.dds [File=game/objects/env/99_aac/001_ndeco/ndeco_backpack_kraken_p/primal_tent_df.dds]
<13:35:23> [62232BEA][Warning] deferred xml stream error - game/animations/animals/chick/lmg_files/normal_run.lmg : f0000003
<13:35:23> [CE0EF930][Warning] failed to stream cgf : default
<13:35:24> [745BAE2F][Warning] failed to stream material xml(game/$picking.mtl)
<13:35:24> [94DB4391][Warning] Cannot load texture game/objects/characters/animals/cat_baby_cat/cat_baby_stripes_pet_df.dds, file missing [File=game/objects/characters/animals/cat_baby_cat/cat_baby_stripes_pet_df.dds]
<13:35:27> [A4D70365][Warning] rigid-body own-entity; prefab=prefabs/interaction_c.xml/furniture.kraken_prop_am node=AnimObject_144
<13:35:28> [000004EE][Warning] I3DEngine::RegisterEntity: entity reports invalid position: Name: LightEntityName (), Class: LightEntityClass, Pos=(8513.6,2004.1,5286.1), aabb center=(3493.5,4121.0,890.9)
<13:35:29> [F9376E0D][Warning] [flow] FG-0x85760284-Entity 'AnimObject_19' was destroyed with pending updates/activations. Report follows...
<13:35:29> [A8F1529E][Warning] [flow] Pending nodes:
<13:35:34> [F9376E0D][Warning] [flow] FG-0x66537214-Entity 'AnimObject_19' was destroyed with pending updates/activations. Report follows...
<13:35:34> [A8F1529E][Warning] [flow] Pending nodes:
<13:35:35> [DE20B351][Warning] Flow Graph Node targets unknown entity guid: 4849a9ff4b91ab69
<13:35:40> [000004EE][Warning] Particle effect not found: 'game/x2_effects_k.j_pc_effects.skill_hatred_sc_cursegaze_launch', from unknown 
<13:35:40> [745BAE2F][Warning] failed to stream material xml(game/objects/characters/ferre/female/parts/all/metal/metal182/fe_f_hm_metal182_blan01.mtl)
<13:35:40> [23C0332B][Warning] Cannot load texture objects/characters/ferre/female/nude/fe_f_nude_fur_yel_sp.dds, file missing [File=objects/characters/ferre/female/nude/fe_f_nude_fur_yel_sp.dds]
<13:35:40> [CA175C82][Warning] non-stream IO. system(Material), filePath(game/objects/effects/keffect/m_enchant2_yellow_l.mtl)
<13:35:41> [F9376E0D][Warning] [flow] FG-0x5722BE24-Entity 'AnimObject_119' was destroyed with pending updates/activations. Report follows...
<13:35:41> [A8F1529E][Warning] [flow] Pending nodes:
<13:35:41> [000004EE][Warning] [CGF Error] game/objects/env/06_unit/06_glider/glider_wing_crystal/glider_wing_crystal_back.cgf [:] LOD1 of geometry  contains too many polygons comparing to the LOD0 [2720 against 4064] :
<13:35:46> [745BAE2F][Warning] failed to stream material xml(objects/Characters/nuian/female/parts/all/cloth/cloth061/nu_f_cp_cloth061_blan01.mtl)
<13:35:49> [000004EE][Warning] Particle effect not found: 'game/abillity_skill_table_m.wild.standhold_shot_form', from unknown 
<13:35:49> [CA175C82][Warning] non-stream IO. system(Material), filePath(game/objects/effects/keffect/m_enchant3_silver_l.mtl)
<13:35:51> [745BAE2F][Warning] failed to stream material xml(game/objects/env/06_unit/06_glider/glider_wing_crystal/glider_wing_crystal_blan01.mtl)
<13:35:52> [000004EE][Warning] [CGF Error] game/objects/env/06_unit/06_glider/glider_wing_crystal/glider_wing_crystal_back.cgf [:] LOD1 of geometry  contains too many polygons comparing to the LOD0 [2720 against 4064] :
<13:35:54> [BB897B6D][Warning] Cannot load texture 0, file missing [File=0]
<13:35:55> [B95EE41B][Error] invalid parent unit id(72868)
<13:35:57> [745BAE2F][Warning] failed to stream material xml(objects/Characters/nuian/female/parts/all/cloth/cloth061/nu_f_cp_cloth061_blan01.mtl)
<13:36:02> [745BAE2F][Warning] failed to stream material xml(objects/Characters/nuian/female/parts/all/cloth/cloth061/nu_f_cp_cloth061_blan01.mtl)
<13:36:02> [000004EE][Warning] [CGF Error] game/objects/env/06_unit/06_glider/glider_wing_crystal/glider_wing_crystal_back.cgf [:] LOD1 of geometry  contains too many polygons comparing to the LOD0 [2720 against 4064] :
<13:36:15> [CA175C82][Warning] non-stream IO. system(CGF), filePath(objects/ui/grow_mark/guide_leaf_r.cgf)
<13:36:16> [745BAE2F][Warning] failed to stream material xml(game/objects/env/06_unit/06_glider/glider_wing_crystal/glider_wing_crystal_blan01.mtl)
<13:36:16> [000004EE][Warning] [CGF Error] game/objects/env/06_unit/06_glider/glider_wing_crystal/glider_wing_crystal_back.cgf [:] LOD1 of geometry  contains too many polygons comparing to the LOD0 [2720 against 4064] :
<13:36:21> [CA175C82][Warning] non-stream IO. system(CGF), filePath(objects/ui/grow_mark/guide_leaf_r.cgf)
<13:36:22> [745BAE2F][Warning] failed to stream material xml(game/objects/env/06_unit/06_glider/glider_wing_crystal/glider_wing_crystal_blan01.mtl)
<13:36:22> [000004EE][Warning] [CGF Error] game/objects/env/06_unit/06_glider/glider_wing_crystal/glider_wing_crystal_back.cgf [:] LOD1 of geometry  contains too many polygons comparing to the LOD0 [2720 against 4064] :
<13:36:27> [CA175C82][Warning] non-stream IO. system(CGF), filePath(objects/ui/grow_mark/guide_leaf_r.cgf)
<13:36:30> [745BAE2F][Warning] failed to stream material xml(game/objects/env/06_unit/06_glider/glider_wing_crystal/glider_wing_crystal_blan01.mtl)
<13:36:30> [000004EE][Warning] [CGF Error] game/objects/env/06_unit/06_glider/glider_wing_crystal/glider_wing_crystal_back.cgf [:] LOD1 of geometry  contains too many polygons comparing to the LOD0 [2720 against 4064] :
<13:36:33> [CA175C82][Warning] non-stream IO. system(CGF), filePath(objects/ui/grow_mark/guide_leaf_r.cgf)
<13:36:34> Loading Particle Library: X2_EFFECT_KSW
<13:36:35> [B95EE41B][Error] invalid parent unit id(76192)
<13:36:39> [CA175C82][Warning] non-stream IO. system(CGF), filePath(objects/ui/grow_mark/guide_leaf_r.cgf)
<13:36:50> [CA175C82][Warning] non-stream IO. system(CGF), filePath(objects/ui/grow_mark/guide_leaf_y.cgf)
<13:36:56> [CA175C82][Warning] non-stream IO. system(CGF), filePath(objects/ui/grow_mark/guide_leaf_r.cgf)
<13:37:01> [CA175C82][Warning] non-stream IO. system(CGF), filePath(objects/ui/grow_mark/guide_leaf_r.cgf)
<13:37:09> [CA175C82][Warning] non-stream IO. system(CGF), filePath(objects/ui/grow_mark/guide_leaf_r.cgf)
<13:37:17> [CA175C82][Warning] non-stream IO. system(CGF), filePath(objects/ui/grow_mark/guide_leaf_r.cgf)
<13:37:22> [CA175C82][Warning] non-stream IO. system(CGF), filePath(objects/ui/grow_mark/guide_leaf_g.cgf)
<13:37:29> [CA175C82][Warning] non-stream IO. system(CGF), filePath(objects/ui/grow_mark/guide_leaf_g.cgf)
<13:37:35> [CA175C82][Warning] non-stream IO. system(CGF), filePath(objects/ui/grow_mark/guide_leaf_r.cgf)
<13:37:43> [CA175C82][Warning] non-stream IO. system(CGF), filePath(objects/ui/grow_mark/guide_leaf_r.cgf)
<13:37:48> [CA175C82][Warning] non-stream IO. system(CGF), filePath(objects/ui/grow_mark/guide_leaf_g.cgf)
<13:37:53> [CA175C82][Warning] non-stream IO. system(CGF), filePath(objects/ui/grow_mark/guide_leaf_g.cgf)
<13:38:01> [CA175C82][Warning] non-stream IO. system(CGF), filePath(objects/ui/grow_mark/guide_leaf_g.cgf)
<13:38:07> [CA175C82][Warning] non-stream IO. system(CGF), filePath(objects/ui/grow_mark/guide_leaf_r.cgf)
<13:38:12> [CA175C82][Warning] non-stream IO. system(CGF), filePath(objects/ui/grow_mark/guide_leaf_g.cgf)
<13:38:18> [CA175C82][Warning] non-stream IO. system(CGF), filePath(objects/ui/grow_mark/guide_leaf_r.cgf)
<13:38:25> [CA175C82][Warning] non-stream IO. system(CGF), filePath(objects/ui/grow_mark/guide_leaf_r.cgf)
<13:38:30> [CA175C82][Warning] non-stream IO. system(CGF), filePath(objects/ui/grow_mark/guide_leaf_r.cgf)
<13:38:36> [CA175C82][Warning] non-stream IO. system(CGF), filePath(objects/ui/grow_mark/guide_leaf_g.cgf)
<13:38:41> [CA175C82][Warning] non-stream IO. system(CGF), filePath(objects/ui/grow_mark/guide_leaf_y.cgf)
<13:38:47> [CA175C82][Warning] non-stream IO. system(CGF), filePath(objects/ui/grow_mark/guide_leaf_r.cgf)
<13:38:58> [CA175C82][Warning] non-stream IO. system(CGF), filePath(objects/ui/grow_mark/guide_leaf_g.cgf)
<13:39:03> [CA175C82][Warning] non-stream IO. system(CGF), filePath(objects/ui/grow_mark/guide_leaf_g.cgf)
<13:39:10> [CA175C82][Warning] non-stream IO. system(CGF), filePath(objects/ui/grow_mark/guide_leaf_r.cgf)
<13:39:17> [CA175C82][Warning] non-stream IO. system(CGF), filePath(objects/ui/grow_mark/guide_leaf_y.cgf)
<13:39:23> [CA175C82][Warning] non-stream IO. system(CGF), filePath(objects/ui/grow_mark/guide_leaf_g.cgf)
<13:39:28> [CA175C82][Warning] non-stream IO. system(CGF), filePath(objects/ui/grow_mark/guide_leaf_g.cgf)
<13:39:33> [CA175C82][Warning] non-stream IO. system(CGF), filePath(objects/ui/grow_mark/guide_leaf_g.cgf)
<13:39:40> [CA175C82][Warning] non-stream IO. system(CGF), filePath(objects/ui/grow_mark/guide_leaf_r.cgf)
<13:39:45> [CA175C82][Warning] non-stream IO. system(CGF), filePath(objects/ui/grow_mark/guide_leaf_r.cgf)
<13:39:51> [CA175C82][Warning] non-stream IO. system(CGF), filePath(objects/ui/grow_mark/guide_leaf_r.cgf)
<13:39:57> [CA175C82][Warning] non-stream IO. system(CGF), filePath(objects/ui/grow_mark/guide_leaf_g.cgf)
<13:40:04> [CA175C82][Warning] non-stream IO. system(CGF), filePath(objects/ui/grow_mark/guide_leaf_r.cgf)
<13:40:09> [CA175C82][Warning] non-stream IO. system(CGF), filePath(objects/ui/grow_mark/guide_leaf_g.cgf)
<13:40:15> [CA175C82][Warning] non-stream IO. system(CGF), filePath(objects/ui/grow_mark/guide_leaf_r.cgf)
<13:40:26> [CA175C82][Warning] non-stream IO. system(CGF), filePath(objects/ui/grow_mark/guide_leaf_r.cgf)
<13:40:31> [CA175C82][Warning] non-stream IO. system(CGF), filePath(objects/ui/grow_mark/guide_leaf_g.cgf)
<13:40:36> [CA175C82][Warning] non-stream IO. system(CGF), filePath(objects/ui/grow_mark/guide_leaf_g.cgf)
<13:40:50> [CA175C82][Warning] non-stream IO. system(CGF), filePath(objects/ui/grow_mark/guide_leaf_r.cgf)
<13:40:57> [CA175C82][Warning] non-stream IO. system(CGF), filePath(objects/ui/grow_mark/guide_leaf_g.cgf)
<13:41:04> [CA175C82][Warning] non-stream IO. system(CGF), filePath(objects/ui/grow_mark/guide_leaf_g.cgf)
<13:41:11> [CA175C82][Warning] non-stream IO. system(CGF), filePath(objects/ui/grow_mark/guide_leaf_g.cgf)
<13:41:16> [CA175C82][Warning] non-stream IO. system(CGF), filePath(objects/ui/grow_mark/guide_leaf_r.cgf)
<13:41:23> [CA175C82][Warning] non-stream IO. system(CGF), filePath(objects/ui/grow_mark/guide_leaf_r.cgf)
<13:41:28> [CA175C82][Warning] non-stream IO. system(CGF), filePath(objects/ui/grow_mark/guide_leaf_g.cgf)
<13:41:34> [CA175C82][Warning] non-stream IO. system(CGF), filePath(objects/ui/grow_mark/guide_leaf_r.cgf)
<13:41:42> [CA175C82][Warning] non-stream IO. system(CGF), filePath(objects/ui/grow_mark/guide_leaf_r.cgf)
<13:41:48> [CA175C82][Warning] non-stream IO. system(CGF), filePath(objects/ui/grow_mark/guide_leaf_g.cgf)
<13:41:55> [CA175C82][Warning] non-stream IO. system(CGF), filePath(objects/ui/grow_mark/guide_leaf_r.cgf)
<13:42:11> [CA175C82][Warning] non-stream IO. system(CGF), filePath(objects/ui/grow_mark/guide_leaf_g.cgf)
<13:43:10> [BCCDC555][Warning] MakeSprite - too many sprite update (10). dropping.. (sprites : 93)
<13:44:06> [000004EE][Warning] [Lua] invalid style type...  / brown
<13:44:06> [B95EE41B][Error] invalid parent unit id(74780)
<13:44:06> [745BAE2F][Warning] failed to stream material xml(game/objects/characters/ferre/female/parts/all/metal/metal182/fe_f_hm_metal182_blan01.mtl)
<13:44:06> [23C0332B][Warning] Cannot load texture objects/characters/ferre/female/nude/fe_f_nude_fur_yel_sp.dds, file missing [File=objects/characters/ferre/female/nude/fe_f_nude_fur_yel_sp.dds]
<13:44:17> [A4D70365][Warning] rigid-body own-entity; prefab=prefabs/interaction_c.xml/furniture.kraken_prop_a node=AnimObject_144
<13:44:20> [745BAE2F][Warning] failed to stream material xml(game/objects/env/06_unit/06_glider/glider_wing_crystal/glider_wing_crystal_blan01.mtl)
<13:44:20> [000004EE][Warning] [CGF Error] game/objects/env/06_unit/06_glider/glider_wing_crystal/glider_wing_crystal_back.cgf [:] LOD1 of geometry  contains too many polygons comparing to the LOD0 [2720 against 4064] :
<13:44:20> [5132FEDE][Warning] invalid attached position(-20.97, -21.00, -2.77)
<13:44:20> [000004EE][Warning] I3DEngine::RegisterEntity: entity reports invalid position: Name: LightEntityName (), Class: LightEntityClass, Pos=(7304.4,943.9,5725.7), aabb center=(3337.9,4102.0,899.4)
<13:44:24> [A4D70365][Warning] rigid-body own-entity; prefab=prefabs/interaction_c.xml/toy.slotmachine_ca node=AnimObject_64
<13:44:24> [CC9C1C00][Warning] Cannot load texture game/objects/env/01_nuia/001_ndeco/ndeco_slotboard_a.dds, file missing [File=game/objects/env/01_nuia/001_ndeco/ndeco_slotboard_a.dds]
<13:44:27> [5132FEDE][Warning] invalid attached position(-20.13, 20.99, 0.89)
<13:44:27> [745BAE2F][Warning] failed to stream material xml(game/$picking.mtl)
<13:44:27> [FF6D52B4][Warning] Error: CShaderMan::mfCreateShaderResources: Couldn't find subsurface texture 'game/objects/characters/animals/cat_baby_cat/cat_baby_siamese_pet_df.dds' in path '' [File=game/objects/characters/animals/cat_baby_cat/cat_baby_siamese_pet_df.dds]
<13:44:27> [F724A392][Error] CryAnimation:: Trying to load animation with alias "fist_ba_relaxed_idle_rand_2" from file "animations/animals/welsh_corgi/fist/fist_ba_relaxed_idle_rand.caf" into the animation container. Such animation alias already exists and uses file "animations/animals/welsh_corgi/fist/fist_ba_relaxed_idle_rand_2.caf". Please use another animation alias.
<13:44:29> [000004EE][Warning] I3DEngine::RegisterEntity: entity reports invalid position: Name: LightEntityName (), Class: LightEntityClass, Pos=(7359.7,940.5,5743.1), aabb center=(3411.1,4112.7,911.4)
<13:44:30> [000004EE][Warning] [CGF Error] game/objects/item/interaction/dragon_statue/dragon_tree_statue.cgf [:] LOD1 of geometry  contains too many polygons comparing to the LOD0 [1622 against 2418] :
<13:44:31> [000004EE][Warning] Particle effect not found: 'game/abillity_skill_table_m.illusion.fear_form', from unknown 
<13:44:31> [B95EE41B][Error] invalid parent unit id(78748)
<13:44:31> [2363981C][Warning] chr material is not precached : game/objects/characters/hariharan/female/hair/ha_f_hair027/ha_f_hair027.mtl (chr: game/objects/characters/hariharan/female/hair/ha_f_hair027/ha_f_hair027.chr)
<13:44:31> [CA175C82][Warning] non-stream IO. system(Material), filePath(game/objects/characters/hariharan/female/hair/ha_f_hair027/ha_f_hair027.mtl)
<13:44:32> [745BAE2F][Warning] failed to stream material xml(game/objects/env/01_nuia/001_ndeco/02 - Default.mtl)
<13:44:33> [637AF710][Warning] missing chr material : game/objects/characters/nuian/female/parts/pt/obj/nu_f_pt_cloth150.mtl (chr: game/objects/characters/nuian/female/parts/pt/obj/nu_f_1pt601.chr)
<13:44:35> [F9376E0D][Warning] [flow] FG-0x8A8BABCC-Entity 'AnimObject_19' was destroyed with pending updates/activations. Report follows...
<13:44:35> [A8F1529E][Warning] [flow] Pending nodes:
<13:44:35> [A4D70365][Warning] rigid-body own-entity; prefab=Prefabs/interaction_c.xml/furniture.aquarium_c_fish node=AnimObject_38
<13:44:38> [DE20B351][Warning] Flow Graph Node targets unknown entity guid: 4849a9ff4b91ab69
<13:44:39> [000004EE][Warning] I3DEngine::RegisterEntity: entity reports invalid position: Name: LightEntityName (), Class: LightEntityClass, Pos=(7449.3,956.1,5735.1), aabb center=(3522.7,4145.4,896.6)
<13:44:39> [745BAE2F][Warning] failed to stream material xml(game/$picking.mtl)
<13:44:40> [A4D70365][Warning] rigid-body own-entity; prefab=prefabs/making_bee.xml/making_bee.bee02 node=AnimObject_2
<13:44:40> [B95EE41B][Error] invalid parent unit id(78748)
<13:44:41> [84229360][Warning] Cannot load texture game/objects/characters/monster/daru/daru_pilot/daru_pilot_ddn.dd, file missing [File=game/objects/characters/monster/daru/daru_pilot/daru_pilot_ddn.dd]
<13:44:46> [A4D70365][Warning] rigid-body own-entity; prefab=prefabs/interaction_c.xml/furniture.kraken_prop_a node=AnimObject_144
<13:44:46> [745BAE2F][Warning] failed to stream material xml(game/$picking.mtl)
<13:44:46> [2E1BA356][Warning] Cannot load texture game/objects/env/01_nuia/001_housing/housing_furniture/hs_fepee_moodlight_won_df.dds, file missing [File=game/objects/env/01_nuia/001_housing/housing_furniture/hs_fepee_moodlight_won_df.dds]
<13:44:51> [F9376E0D][Warning] [flow] FG-0x85A4BE9C-Entity 'AnimObject_19' was destroyed with pending updates/activations. Report follows...
<13:44:51> [A8F1529E][Warning] [flow] Pending nodes:
<13:44:51> [DE20B351][Warning] Flow Graph Node targets unknown entity guid: 4b2fb81ffe6b0dc9
<13:44:53> [745BAE2F][Warning] failed to stream material xml(game/objects/characters/ferre/female/face/fe_f_face00_grap03.mtl)
<13:44:53> [637AF710][Warning] missing chr material : game/objects/characters/ferre/female/parts/hm/obj/fe_f_hm_cloth027.mtl (chr: game/objects/characters/ferre/female/parts/hm/obj/fe_f_1hm118.chr)
<13:44:53> [A4D70365][Warning] rigid-body own-entity; prefab=prefabs/e_lokalokamountains.xml/cable_car.tram node=AnimObject_3
<13:44:54> [491B3718][Warning] Cannot load texture objects/characters/ferre/female/face/face01/fe_f_face01_fur_sss.dds, file missing [File=objects/characters/ferre/female/face/face01/fe_f_face01_fur_sss.dds]
<13:44:54> [5243B464][Warning] Error: CShaderMan::mfCreateShaderResources: Couldn't find subsurface texture 'objects/characters/ferre/female/face/face01/fe_f_face01_fur_sss.dds' in path '' [File=objects/characters/ferre/female/face/face01/fe_f_face01_fur_sss.dds]
<13:44:56> [CA175C82][Warning] non-stream IO. system(Material), filePath(game/objects/characters/warborn/female/horns/wa_f_horns006/wa_f_horns006_hc03.mtl)
<13:44:56> [F9376E0D][Warning] [flow] FG-0x99974004-Entity 'AnimObject_119' was destroyed with pending updates/activations. Report follows...
<13:44:56> [A8F1529E][Warning] [flow] Pending nodes:
<13:44:56> [CE0EF930][Warning] failed to stream cgf : default
<13:45:00> [745BAE2F][Warning] failed to stream material xml(game/objects/env/01_nuia/001_housing/housing_farm/ncom_pumpkin_streetlamp.mtl)
<13:45:01> [CFFE1C46][Error] Error streaming texture: Error 'Offset out of range', Texture: game/objects/characters/animals/cat_baby_pet/cat_baby_pet_df.dds
<13:45:02> [F9A4BDC6][Warning] Cannot load texture game/objects/env/01_nuia/001_housing/housing_furniture/hf_aliceset_light_a_ddn2.dds, file missing [File=game/objects/env/01_nuia/001_housing/housing_furniture/hf_aliceset_light_a_ddn2.dds]
<13:45:03> [A4D70365][Warning] rigid-body own-entity; prefab=prefabs/interaction_c.xml/toy.slotmachine_ca node=AnimObject_64
<13:45:03> [000004EE][Warning] I3DEngine::RegisterEntity: entity reports invalid position: Name: LightEntityName (), Class: LightEntityClass, Pos=(7623.1,806.0,5719.5), aabb center=(3750.5,4036.3,864.7)
<13:45:06> [CFFE1C46][Error] Error streaming texture: Error 'Offset out of range', Texture: game/objects/characters/animals/cat_baby_pet/cat_baby_pet_df.dds
<13:45:06> [73C0D09F][Warning] Not a normal map texture tried to be used as a normal map: game/objects/env/99_aac/001_ndeco/ndeco_backpack_kraken_p/primal_tent_df.dds [File=game/objects/env/99_aac/001_ndeco/ndeco_backpack_kraken_p/primal_tent_df.dds]
<13:45:10> [A4D70365][Warning] rigid-body own-entity; prefab=prefabs/interaction_c.xml/furniture.kraken_prop_a node=AnimObject_144
<13:45:10> [88A91B4F][Warning] Cannot load texture game/objects/env/03_origin_continent/001_odeco/ndeco_crystal_kraken_ddn.dds, file missing [File=game/objects/env/03_origin_continent/001_odeco/ndeco_crystal_kraken_ddn.dds]
<13:45:10> [000004EE][Warning] [CGF Error] game/objects/env/01_nuia/001_ndeco/ndeco_dboss.cgf [:] LOD1 of geometry  contains too many polygons comparing to the LOD0 [2373 against 3082] :
<13:45:10> [745BAE2F][Warning] failed to stream material xml(game/objects/env/01_nuia/001_housing/housing_house/housing_hari_2t.mtl)
<13:45:11> [CFFE1C46][Error] Error streaming texture: Error 'Offset out of range', Texture: game/objects/characters/animals/cat_baby_pet/cat_baby_pet_df.dds
<13:45:11> [0D01BD65] start to parse systm mail
<13:45:11> [BFBA8B5E] end to parse systm mail
<13:45:13> [0D01BD65] start to parse systm mail
<13:45:13> [BFBA8B5E] end to parse systm mail
<13:45:15> [C53E6FFE][Warning] non cached CDF material(objects/Characters/monster/snowlion/snowlion_blue/snowlion_blue.mtl, game/objects/characters/monster/snowlion/snowlion_blue/snowlion_blue.cdf)
<13:45:15> [CA175C82][Warning] non-stream IO. system(Material), filePath(game/objects/characters/monster/snowlion/snowlion_blue/snowlion_blue.mtl)
<13:45:15> [63ABB424][Warning] Facial sequence "fist_ac_whistle" not listed in CAL file for character "game/objects/characters/warborn/female/nude/wa_f_base.chr".
<13:45:16> [CFFE1C46][Error] Error streaming texture: Error 'Offset out of range', Texture: game/objects/characters/animals/cat_baby_pet/cat_baby_pet_df.dds
<13:45:17> [B95EE41B][Error] invalid parent unit id(54309)
<13:45:19> [F9376E0D][Warning] [flow] FG-0x978F9CE4-Entity 'AnimObject_119' was destroyed with pending updates/activations. Report follows...
<13:45:19> [A8F1529E][Warning] [flow] Pending nodes:
<13:45:19> [745BAE2F][Warning] failed to stream material xml(game/$picking.mtl)
<13:45:19> [4ABF8F2E][Warning] Cannot load texture game/objects/env/02_harihara/001_hdeco/quest/hdeco_quest_book_a_ddn.dds, file missing [File=game/objects/env/02_harihara/001_hdeco/quest/hdeco_quest_book_a_ddn.dds]
<13:45:20> [5132FEDE][Warning] invalid attached position(-20.13, 20.99, 0.89)
<13:45:20> [A4D70365][Warning] rigid-body own-entity; prefab=Prefabs/interaction_c.xml/furniture.aquarium_c_fish node=AnimObject_38
<13:45:21> [CFFE1C46][Error] Error streaming texture: Error 'Offset out of range', Texture: game/objects/characters/animals/cat_baby_pet/cat_baby_pet_df.dds
<13:45:22> [000004EE][Warning] [CGF Error] game/objects/env/01_nuia/001_housing/housing_house/housing_addon_roof_a.cgf [:] LOD1 of geometry  contains too many polygons comparing to the LOD0 [2104 against 3035] :
<13:45:22> [000004EE][Warning] I3DEngine::RegisterEntity: entity reports invalid position: Name: LightEntityName (), Class: LightEntityClass, Pos=(7517.2,831.8,5731.5), aabb center=(3687.6,4094.1,864.2)
<13:45:26> [745BAE2F][Warning] failed to stream material xml(game/objects/env/01_nuia/001_housing/housing_house/ndeco_mining_machinery_small.mtl)
<13:45:27> [5132FEDE][Warning] invalid attached position(-20.97, -21.00, -2.77)
<13:45:27> [000004EE][Warning] [CGF Error] game/objects/env/01_nuia/001_housing/housing_furniture/hs_f_safe_e.cgf [:] non-uniform scale(1.00, 1.03, 1.00) at node($lod1 hs_f_safe_e)
<13:45:27> [DE20B351][Warning] Flow Graph Node targets unknown entity guid: 4849a9ff4b91ab69
<13:45:28> [637AF710][Warning] missing chr material : game/objects/characters/nuian/female/parts/hm/obj/nu_f_hm_cloth495.mtl (chr: game/objects/characters/nuian/female/parts/hm/obj/nu_f_1hm134_n.chr)
<13:45:28> [A4D70365][Warning] rigid-body own-entity; prefab=prefabs/making_bee.xml/making_bee.bee02 node=AnimObject_2
<13:45:29> [F9376E0D][Warning] [flow] FG-0x85A4C10C-Entity 'AnimObject_19' was destroyed with pending updates/activations. Report follows...
<13:45:29> [A8F1529E][Warning] [flow] Pending nodes:
<13:45:30> [383B4859][Warning] Cannot load texture game/objects/characters/animals/cat_baby_cat/cat_baby_threecolors_pet_df.dds, file missing [File=game/objects/characters/animals/cat_baby_cat/cat_baby_threecolors_pet_df.dds]
<13:45:30> [5E1D008D][Warning] Error: CShaderMan::mfCreateShaderResources: Couldn't find subsurface texture 'game/objects/characters/animals/cat_baby_cat/cat_baby_threecolors_pet_df.dds' in path '' [File=game/objects/characters/animals/cat_baby_cat/cat_baby_threecolors_pet_df.dds]
<13:45:30> [73C0D09F][Warning] Not a normal map texture tried to be used as a normal map: game/objects/env/99_aac/001_ndeco/ndeco_backpack_kraken_p/primal_tent_df.dds [File=game/objects/env/99_aac/001_ndeco/ndeco_backpack_kraken_p/primal_tent_df.dds]
<13:45:33> [745BAE2F][Warning] failed to stream material xml(game/$picking.mtl)
<13:45:34> [A4D70365][Warning] rigid-body own-entity; prefab=prefabs/interaction_c.xml/furniture.kraken_prop_am node=AnimObject_144
<13:45:36> [000004EE][Warning] I3DEngine::RegisterEntity: entity reports invalid position: Name: LightEntityName (), Class: LightEntityClass, Pos=(7292.9,834.8,5769.2), aabb center=(3493.4,4119.4,893.3)
<13:45:36> [000004EE][Warning] Failed to load shader "Dynamiceffect_pul" in material "game/objects/characters/nuian/female/costume/nu_f_sk_tech001/nu_f_sk_tech_fx1"
<13:45:36> [2363981C][Warning] chr material is not precached : game/objects/characters/hariharan/female/hair/ha_f_hair027/ha_f_hair027.mtl (chr: game/objects/characters/hariharan/female/hair/ha_f_hair027/ha_f_hair027.chr)
<13:45:36> [CA175C82][Warning] non-stream IO. system(Material), filePath(game/objects/characters/hariharan/female/hair/ha_f_hair027/ha_f_hair027.mtl)
<13:45:36> [F9376E0D][Warning] [flow] FG-0x8A8B7FEC-Entity 'AnimObject_19' was destroyed with pending updates/activations. Report follows...
<13:45:36> [A8F1529E][Warning] [flow] Pending nodes:
<13:45:40> [DE20B351][Warning] Flow Graph Node targets unknown entity guid: 4849a9ff4b91ab69
<13:45:46> [73EB452A][Warning] Cannot load texture game/objects/env/01_nuia/06_mari/mari_city_templein_relic_a_ddn.dds, file missing [File=game/objects/env/01_nuia/06_mari/mari_city_templein_relic_a_ddn.dds]
<13:45:48> [F9376E0D][Warning] [flow] FG-0x99974004-Entity 'AnimObject_119' was destroyed with pending updates/activations. Report follows...
<13:45:48> [A8F1529E][Warning] [flow] Pending nodes:
<13:45:53> [B95EE41B][Error] invalid parent unit id(54309)
<13:49:00> [CE0EF930][Warning] failed to stream cgf : objects/effects/portal_gate.cgf
<13:49:00> [5F2B49C4][Warning] cell get sector zone : invalid sector pos (-5, 4)
<13:49:00> [BB790A81] origin change campos : -2398.49, 3345.057129
<13:49:00> [00000020]  
<13:49:00> [00000020]  
<13:49:00> [A581FA6D] -----------------------------------------------------------------------------
<13:49:00> [1DAA5677] SeamlessSystem::ChangeOrigin() : Here we go. Old(23,7) -> New(18,6)
<13:49:00> [A581FA6D] -----------------------------------------------------------------------------
<13:49:00> [00000020]  
<13:49:00> [00000020]  
<13:49:00> [B866A294] seamless unloading cell terrain(W30, 25), (L7, 2)
<13:49:00> [7AB931CE] seamless unloading cell object(W30, 25), (L7, 2)
<13:49:00> [4B1E8B22] unload cell object count : 0
<13:49:00> [B866A294] seamless unloading cell terrain(W30, 24), (L7, 1)
<13:49:00> [7AB931CE] seamless unloading cell object(W30, 24), (L7, 1)
<13:49:00> [4B1E8B22] unload cell object count : 0
<13:49:00> [B866A294] seamless unloading cell terrain(W30, 23), (L7, 0)
<13:49:00> [7AB931CE] seamless unloading cell object(W30, 23), (L7, 0)
<13:49:00> [4B1E8B22] unload cell object count : 0
<13:49:00> [B866A294] seamless unloading cell terrain(W29, 28), (L6, 5)
<13:49:00> [7AB931CE] seamless unloading cell object(W29, 28), (L6, 5)
<13:49:00> [4B1E8B22] unload cell object count : 0
<13:49:00> [B866A294] seamless unloading cell terrain(W29, 27), (L6, 4)
<13:49:00> [7AB931CE] seamless unloading cell object(W29, 27), (L6, 4)
<13:49:00> [4B1E8B22] unload cell object count : 0
<13:49:00> [B866A294] seamless unloading cell terrain(W29, 26), (L6, 3)
<13:49:00> [7AB931CE] seamless unloading cell object(W29, 26), (L6, 3)
<13:49:00> [4B1E8B22] unload cell object count : 0
<13:49:00> [B866A294] seamless unloading cell terrain(W29, 25), (L6, 2)
<13:49:00> [7AB931CE] seamless unloading cell object(W29, 25), (L6, 2)
<13:49:00> [4B1E8B22] unload cell object count : 3501
<13:49:00> [B866A294] seamless unloading cell terrain(W29, 24), (L6, 1)
<13:49:00> [7AB931CE] seamless unloading cell object(W29, 24), (L6, 1)
<13:49:00> [4B1E8B22] unload cell object count : 4990
<13:49:00> [B866A294] seamless unloading cell terrain(W29, 23), (L6, 0)
<13:49:00> [7AB931CE] seamless unloading cell object(W29, 23), (L6, 0)
<13:49:00> [4B1E8B22] unload cell object count : 4516
<13:49:00> [B866A294] seamless unloading cell terrain(W28, 30), (L5, 7)
<13:49:00> [B866A294] seamless unloading cell terrain(W28, 28), (L5, 5)
<13:49:00> [7AB931CE] seamless unloading cell object(W28, 28), (L5, 5)
<13:49:00> [4B1E8B22] unload cell object count : 0
<13:49:00> [B866A294] seamless unloading cell terrain(W28, 27), (L5, 4)
<13:49:00> [7AB931CE] seamless unloading cell object(W28, 27), (L5, 4)
<13:49:00> [4B1E8B22] unload cell object count : 9
<13:49:00> [B866A294] seamless unloading cell terrain(W28, 26), (L5, 3)
<13:49:00> [7AB931CE] seamless unloading cell object(W28, 26), (L5, 3)
<13:49:00> [4B1E8B22] unload cell object count : 574
<13:49:00> [B866A294] seamless unloading cell terrain(W28, 25), (L5, 2)
<13:49:00> [7AB931CE] seamless unloading cell object(W28, 25), (L5, 2)
<13:49:00> [4B1E8B22] unload cell object count : 6444
<13:49:00> [B866A294] seamless unloading cell terrain(W28, 24), (L5, 1)
<13:49:00> [7AB931CE] seamless unloading cell object(W28, 24), (L5, 1)
<13:49:00> [4B1E8B22] unload cell object count : 18022
<13:49:00> [B866A294] seamless unloading cell terrain(W28, 23), (L5, 0)
<13:49:00> [7AB931CE] seamless unloading cell object(W28, 23), (L5, 0)
<13:49:00> [4B1E8B22] unload cell object count : 15580
<13:49:00> [B866A294] seamless unloading cell terrain(W27, 30), (L4, 7)
<13:49:00> [B866A294] seamless unloading cell terrain(W27, 29), (L4, 6)
<13:49:00> [7AB931CE] seamless unloading cell object(W27, 29), (L4, 6)
<13:49:00> [4B1E8B22] unload cell object count : 0
<13:49:00> [B866A294] seamless unloading cell terrain(W27, 28), (L4, 5)
<13:49:00> [7AB931CE] seamless unloading cell object(W27, 28), (L4, 5)
<13:49:00> [4B1E8B22] unload cell object count : 0
<13:49:00> [B866A294] seamless unloading cell terrain(W27, 27), (L4, 4)
<13:49:00> [7AB931CE] seamless unloading cell object(W27, 27), (L4, 4)
<13:49:00> [4B1E8B22] unload cell object count : 3359
<13:49:00> [B866A294] seamless unloading cell terrain(W27, 26), (L4, 3)
<13:49:00> [7AB931CE] seamless unloading cell object(W27, 26), (L4, 3)
<13:49:00> [4B1E8B22] unload cell object count : 3349
<13:49:00> [B866A294] seamless unloading cell terrain(W27, 25), (L4, 2)
<13:49:00> [7AB931CE] seamless unloading cell object(W27, 25), (L4, 2)
<13:49:00> [4B1E8B22] unload cell object count : 3313
<13:49:00> [B866A294] seamless unloading cell terrain(W27, 24), (L4, 1)
<13:49:00> [7AB931CE] seamless unloading cell object(W27, 24), (L4, 1)
<13:49:00> [4B1E8B22] unload cell object count : 4020
<13:49:00> [B866A294] seamless unloading cell terrain(W27, 23), (L4, 0)
<13:49:00> [7AB931CE] seamless unloading cell object(W27, 23), (L4, 0)
<13:49:00> [4B1E8B22] unload cell object count : 7452
<13:49:00> [B866A294] seamless unloading cell terrain(W26, 30), (L3, 7)
<13:49:00> [B866A294] seamless unloading cell terrain(W26, 29), (L3, 6)
<13:49:00> [7AB931CE] seamless unloading cell object(W26, 29), (L3, 6)
<13:49:00> [4B1E8B22] unload cell object count : 0
<13:49:00> [B866A294] seamless unloading cell terrain(W26, 28), (L3, 5)
<13:49:00> [7AB931CE] seamless unloading cell object(W26, 28), (L3, 5)
<13:49:00> [4B1E8B22] unload cell object count : 0
<13:49:00> [B866A294] seamless unloading cell terrain(W26, 27), (L3, 4)
<13:49:00> [7AB931CE] seamless unloading cell object(W26, 27), (L3, 4)
<13:49:00> [4B1E8B22] unload cell object count : 2130
<13:49:00> [B866A294] seamless unloading cell terrain(W26, 26), (L3, 3)
<13:49:01> [7AB931CE] seamless unloading cell object(W26, 26), (L3, 3)
<13:49:01> [4B1E8B22] unload cell object count : 1794
<13:49:01> [B866A294] seamless unloading cell terrain(W26, 25), (L3, 2)
<13:49:01> [7AB931CE] seamless unloading cell object(W26, 25), (L3, 2)
<13:49:01> [4B1E8B22] unload cell object count : 0
<13:49:01> [B866A294] seamless unloading cell terrain(W26, 24), (L3, 1)
<13:49:01> [7AB931CE] seamless unloading cell object(W26, 24), (L3, 1)
<13:49:01> [4B1E8B22] unload cell object count : 2525
<13:49:01> [B866A294] seamless unloading cell terrain(W26, 23), (L3, 0)
<13:49:01> [7AB931CE] seamless unloading cell object(W26, 23), (L3, 0)
<13:49:01> [4B1E8B22] unload cell object count : 8551
<13:49:01> [B866A294] seamless unloading cell terrain(W25, 30), (L2, 7)
<13:49:01> [B866A294] seamless unloading cell terrain(W24, 30), (L1, 7)
<13:49:01> [B866A294] seamless unloading cell terrain(W23, 30), (L0, 7)
<13:49:01> [3623F74F] [Seamless] camera has been warped
<13:49:01> [9CAE9693] Starting In World Loading
<13:49:01> [7B1A973B] seamless loading cell terrain(W20, 10), (L2, 4)
<13:49:01> [7B1A973B] seamless loading cell terrain(W20, 9), (L2, 3)
<13:49:01> [7B1A973B] seamless loading cell terrain(W21, 10), (L3, 4)
<13:49:01> [7B1A973B] seamless loading cell terrain(W21, 9), (L3, 3)
<13:49:01> [7B1A973B] seamless loading cell terrain(W19, 10), (L1, 4)
<13:49:01> [7B1A973B] seamless loading cell terrain(W20, 11), (L2, 5)
<13:49:01> [7B1A973B] seamless loading cell terrain(W19, 9), (L1, 3)
<13:49:01> [7B1A973B] seamless loading cell terrain(W21, 11), (L3, 5)
<13:49:01> [7B1A973B] seamless loading cell terrain(W19, 11), (L1, 5)
<13:49:01> [7B1A973B] seamless loading cell terrain(W20, 8), (L2, 2)
<13:49:01> [7B1A973B] seamless loading cell terrain(W22, 10), (L4, 4)
<13:49:01> [7B1A973B] seamless loading cell terrain(W21, 8), (L3, 2)
<13:49:01> [7B1A973B] seamless loading cell terrain(W22, 9), (L4, 3)
<13:49:01> [7B1A973B] seamless loading cell terrain(W19, 8), (L1, 2)
<13:49:01> [7B1A973B] seamless loading cell terrain(W18, 10), (L0, 4)
<13:49:01> [7B1A973B] seamless loading cell terrain(W22, 11), (L4, 5)
<13:49:01> [7B1A973B] seamless loading cell terrain(W20, 12), (L2, 6)
<13:49:01> [7B1A973B] seamless loading cell terrain(W18, 9), (L0, 3)
<13:49:01> [7B1A973B] seamless loading cell terrain(W21, 12), (L3, 6)
<13:49:01> [7B1A973B] seamless loading cell terrain(W18, 11), (L0, 5)
<13:49:01> [7B1A973B] seamless loading cell terrain(W19, 12), (L1, 6)
<13:49:01> [7B1A973B] seamless loading cell terrain(W22, 8), (L4, 2)
<13:49:01> [7B1A973B] seamless loading cell terrain(W20, 7), (L2, 1)
<13:49:01> [7B1A973B] seamless loading cell terrain(W18, 8), (L0, 2)
<13:49:01> [7B1A973B] seamless loading cell terrain(W21, 7), (L3, 1)
<13:49:01> [7B1A973B] seamless loading cell terrain(W22, 12), (L4, 6)
<13:49:01> [7B1A973B] seamless loading cell terrain(W19, 7), (L1, 1)
<13:49:01> [7B1A973B] seamless loading cell terrain(W18, 12), (L0, 6)
<13:49:01> [7B1A973B] seamless loading cell terrain(W20, 13), (L2, 7)
<13:49:01> [7B1A973B] seamless loading cell terrain(W22, 7), (L4, 1)
<13:49:01> [7B1A973B] seamless loading cell terrain(W21, 13), (L3, 7)
<13:49:01> [7B1A973B] seamless loading cell terrain(W19, 13), (L1, 7)
<13:49:01> [7B1A973B] seamless loading cell terrain(W18, 7), (L0, 1)
<13:49:01> [7B1A973B] seamless loading cell terrain(W22, 13), (L4, 7)
<13:49:01> [7B1A973B] seamless loading cell terrain(W20, 6), (L2, 0)
<13:49:01> [7B1A973B] seamless loading cell terrain(W21, 6), (L3, 0)
<13:49:01> [7B1A973B] seamless loading cell terrain(W18, 13), (L0, 7)
<13:49:01> [7B1A973B] seamless loading cell terrain(W19, 6), (L1, 0)
<13:49:01> [7B1A973B] seamless loading cell terrain(W22, 6), (L4, 0)
<13:49:01> [7B1A973B] seamless loading cell terrain(W18, 6), (L0, 0)
<13:49:01> [7B1A973B] seamless loading cell terrain(W23, 6), (L5, 0)
<13:49:01> [7B1A973B] seamless loading cell terrain(W24, 6), (L6, 0)
<13:49:01> [7B1A973B] seamless loading cell terrain(W25, 6), (L7, 0)
<13:49:01> [3EF08C47] seamless loading cell object(W20, 10), (L2, 4)
<13:49:01> [3EF08C47] seamless loading cell object(W20, 9), (L2, 3)
<13:49:01> [3EF08C47] seamless loading cell object(W21, 10), (L3, 4)
<13:49:01> [3EF08C47] seamless loading cell object(W21, 9), (L3, 3)
<13:49:01> [3EF08C47] seamless loading cell object(W19, 10), (L1, 4)
<13:49:01> [3EF08C47] seamless loading cell object(W20, 11), (L2, 5)
<13:49:01> [3EF08C47] seamless loading cell object(W19, 9), (L1, 3)
<13:49:01> [3EF08C47] seamless loading cell object(W21, 11), (L3, 5)
<13:49:01> [3EF08C47] seamless loading cell object(W19, 11), (L1, 5)
<13:49:01> [3EF08C47] seamless loading cell object(W20, 8), (L2, 2)
<13:49:01> [3EF08C47] seamless loading cell object(W22, 10), (L4, 4)
<13:49:01> [3EF08C47] seamless loading cell object(W21, 8), (L3, 2)
<13:49:01> [3EF08C47] seamless loading cell object(W22, 9), (L4, 3)
<13:49:01> [3EF08C47] seamless loading cell object(W19, 8), (L1, 2)
<13:49:01> [3EF08C47] seamless loading cell object(W22, 11), (L4, 5)
<13:49:01> [3EF08C47] seamless loading cell object(W20, 12), (L2, 6)
<13:49:01> [3EF08C47] seamless loading cell object(W21, 12), (L3, 6)
<13:49:01> [3EF08C47] seamless loading cell object(W19, 12), (L1, 6)
<13:49:01> [3EF08C47] seamless loading cell object(W22, 8), (L4, 2)
<13:49:01> [3EF08C47] seamless loading cell object(W20, 7), (L2, 1)
<13:49:01> [3EF08C47] seamless loading cell object(W23, 10), (L5, 4)
<13:49:01> [3EF08C47] seamless loading cell object(W21, 7), (L3, 1)
<13:49:01> [3EF08C47] seamless loading cell object(W22, 12), (L4, 6)
<13:49:01> [3EF08C47] seamless loading cell object(W23, 9), (L5, 3)
<13:49:01> [3EF08C47] seamless loading cell object(W19, 7), (L1, 1)
<13:49:01> [3EF08C47] seamless loading cell object(W23, 11), (L5, 5)
<13:49:01> [3EF08C47] seamless loading cell object(W22, 7), (L4, 1)
<13:49:01> [3EF08C47] seamless loading cell object(W23, 8), (L5, 2)
<13:49:01> [3EF08C47] seamless loading cell object(W23, 12), (L5, 6)
<13:49:01> [3EF08C47] seamless loading cell object(W23, 7), (L5, 1)
<13:49:01> [3EF08C47] seamless loading cell object(W24, 7), (L6, 1)
<13:49:01> [BB89797D][Warning] Cannot load texture  , file missing [File= ]
<13:49:01> [745BAE2F][Warning] failed to stream material xml(Default.mtl)
<13:49:01> [A5DDEC33][Warning] Warning: CShaderMan::mfForName: NULL name
<13:49:01> [3C93550B][Warning] Error: CShaderMan::mfCreateShaderResources: Couldn't find custom texture 'objects/env/01_nuia/06_mari/mari_wood04_ddobjects/env/01_nuia/06_mari/mari_wood04_sp.dds' in path '' [File=objects/env/01_nuia/06_mari/mari_wood04_ddobjects/env/01_nuia/06_mari/mari_wood04_sp.dds]
<13:49:02> [000004EE][Warning] [CGF Error] game/objects/env/02_harihara/001_hdeco/quest/hdeco_qust_cocoon01.cgf [:] non-uniform scale(0.87, 0.87, 1.00) at node(hdeco_qust_cocoon01_proxy)
<13:49:02> [BB790A81] origin change campos : 2721.51, 4369.057129
<13:49:02> [00000020]  
<13:49:02> [00000020]  
<13:49:02> [A581FA6D] -----------------------------------------------------------------------------
<13:49:02> [1DAA5677] SeamlessSystem::ChangeOrigin() : Here we go. Old(18,6) -> New(17,6)
<13:49:02> [A581FA6D] -----------------------------------------------------------------------------
<13:49:02> [00000020]  
<13:49:02> [00000020]  
<13:49:02> [B866A294] seamless unloading cell terrain(W25, 18), (L7, 0)
<13:49:02> [B866A294] seamless unloading cell terrain(W25, 19), (L7, 1)
<13:49:02> [B866A294] seamless unloading cell terrain(W25, 20), (L7, 2)
<13:49:02> [7AB931CE] seamless unloading cell object(W25, 20), (L7, 2)
<13:49:02> [4B1E8B22] unload cell object count : 3784
<13:49:02> [B866A294] seamless unloading cell terrain(W25, 21), (L7, 3)
<13:49:02> [7AB931CE] seamless unloading cell object(W25, 21), (L7, 3)
<13:49:02> [4B1E8B22] unload cell object count : 3861
<13:49:02> [B866A294] seamless unloading cell terrain(W25, 22), (L7, 4)
<13:49:02> [7AB931CE] seamless unloading cell object(W25, 22), (L7, 4)
<13:49:02> [4B1E8B22] unload cell object count : 5379
<13:49:02> [B866A294] seamless unloading cell terrain(W25, 23), (L7, 5)
<13:49:02> [7AB931CE] seamless unloading cell object(W25, 23), (L7, 5)
<13:49:02> [4B1E8B22] unload cell object count : 133
<13:49:02> [B866A294] seamless unloading cell terrain(W25, 24), (L7, 6)
<13:49:02> [7AB931CE] seamless unloading cell object(W25, 24), (L7, 6)
<13:49:02> [4B1E8B22] unload cell object count : 0
<13:49:02> [B866A294] seamless unloading cell terrain(W25, 25), (L7, 7)
<13:49:02> [7AB931CE] seamless unloading cell object(W25, 25), (L7, 7)
<13:49:02> [4B1E8B22] unload cell object count : 0
<13:49:02> [7B1A973B] seamless loading cell terrain(W17, 10), (L0, 4)
<13:49:02> [3EF08C47] seamless loading cell object(W18, 10), (L1, 4)
<13:49:02> [7B1A973B] seamless loading cell terrain(W17, 9), (L0, 3)
<13:49:02> [3EF08C47] seamless loading cell object(W18, 9), (L1, 3)
<13:49:02> [7B1A973B] seamless loading cell terrain(W17, 11), (L0, 5)
<13:49:02> [3EF08C47] seamless loading cell object(W18, 11), (L1, 5)
<13:49:02> [7B1A973B] seamless loading cell terrain(W17, 8), (L0, 2)
<13:49:02> [3EF08C47] seamless loading cell object(W18, 8), (L1, 2)
<13:49:02> [7B1A973B] seamless loading cell terrain(W17, 12), (L0, 6)
<13:49:02> [3EF08C47] seamless loading cell object(W18, 12), (L1, 6)
<13:49:02> [7B1A973B] seamless loading cell terrain(W17, 7), (L0, 1)
<13:49:02> [3EF08C47] seamless loading cell object(W18, 7), (L1, 1)
<13:49:02> [7B1A973B] seamless loading cell terrain(W17, 13), (L0, 7)
<13:49:02> [7B1A973B] seamless loading cell terrain(W17, 6), (L0, 0)
<13:49:03> [000004EE][Warning] [CGF Error] game/objects/env/02_harihara/03_ti/ti_facroty_a.cga [:] LOD1 of geometry gear09 contains too many polygons comparing to the LOD0 [358 against 374] :
<13:49:05> [B42C333F] In World Loading Finished
<13:49:06> [82321C2B][Warning] [net 17:49:06.074] [time] remote time estimation restarted; estimate accumulator age was 5.167896
<13:49:06> [BCCDC555][Warning] MakeSprite - too many sprite update (10). dropping.. (sprites : 14)
<13:49:06> [000004EE][Warning] Particle effect not found: 'game/x2_effects.p_effect.st1000c', from unknown 
<13:49:06> [637AF710][Warning] missing chr material : game/objects/characters/hariharan/male/parts/ar/obj/ha_m_ar_metal225.mtl (chr: game/objects/characters/hariharan/male/parts/ar/obj/ha_m_1ar107_1arm001_3arm003_3bt002_3sh022_4ac001.chr)
<13:49:07> [392AF52E][Error] *** Memory allocation for 18128644 bytes failed ****
